 time            v(a)            v(na)           v(p)            v(q)            v(y)            v(fixed)       
 0.00000000e+00  1.00000000e+00  0.00000000e+00  1.00000000e+00  0.00000000e+00  1.00000000e+00  1.00000000e+00 
 2.00000000e-13  1.00000000e+00  0.00000000e+00  1.00000000e+00  0.00000000e+00  1.00000000e+00  1.00000000e+00 
 4.00000000e-13  1.00000000e+00  0.00000000e+00  1.00000000e+00  0.00000000e+00  1.00000000e+00  1.00000000e+00 
 8.00000000e-13  1.00000000e+00  0.00000000e+00  1.00000000e+00  0.00000000e+00  1.00000000e+00  1.00000000e+00 
 1.60000000e-12  1.00000000e+00  0.00000000e+00  1.00000000e+00  0.00000000e+00  1.00000000e+00  1.00000000e+00 
 3.20000000e-12  1.00000000e+00  0.00000000e+00  1.00000000e+00  0.00000000e+00  1.00000000e+00  1.00000000e+00 
 6.40000000e-12  1.00000000e+00  0.00000000e+00  1.00000000e+00  0.00000000e+00  1.00000000e+00  1.00000000e+00 
 1.28000000e-11  1.00000000e+00  0.00000000e+00  1.00000000e+00  0.00000000e+00  1.00000000e+00  1.00000000e+00 
 2.56000000e-11  1.00000000e+00  0.00000000e+00  1.00000000e+00  0.00000000e+00  1.00000000e+00  1.00000000e+00 
 4.56000000e-11  1.00000000e+00  0.00000000e+00  1.00000000e+00  0.00000000e+00  1.00000000e+00  1.00000000e+00 
 6.56000000e-11  1.00000000e+00  0.00000000e+00  1.00000000e+00  0.00000000e+00  1.00000000e+00  1.00000000e+00 
 8.56000000e-11  1.00000000e+00  0.00000000e+00  1.00000000e+00  0.00000000e+00  1.00000000e+00  1.00000000e+00 
 1.05600000e-10  1.00000000e+00  0.00000000e+00  1.00000000e+00  0.00000000e+00  1.00000000e+00  1.00000000e+00 
 1.25600000e-10  1.00000000e+00  0.00000000e+00  1.00000000e+00  0.00000000e+00  1.00000000e+00  1.00000000e+00 
 1.45600000e-10  1.00000000e+00  0.00000000e+00  1.00000000e+00  0.00000000e+00  1.00000000e+00  1.00000000e+00 
 1.65600000e-10  1.00000000e+00  0.00000000e+00  1.00000000e+00  0.00000000e+00  1.00000000e+00  1.00000000e+00 
 1.85600000e-10  1.00000000e+00  0.00000000e+00  1.00000000e+00  0.00000000e+00  1.00000000e+00  1.00000000e+00 
 2.05600000e-10  1.00000000e+00  0.00000000e+00  1.00000000e+00  0.00000000e+00  1.00000000e+00  1.00000000e+00 
 2.25600000e-10  1.00000000e+00  0.00000000e+00  1.00000000e+00  0.00000000e+00  1.00000000e+00  1.00000000e+00 
 2.45600000e-10  1.00000000e+00  0.00000000e+00  1.00000000e+00  0.00000000e+00  1.00000000e+00  1.00000000e+00 
 2.65600000e-10  1.00000000e+00  0.00000000e+00  1.00000000e+00  0.00000000e+00  1.00000000e+00  1.00000000e+00 
 2.85600000e-10  1.00000000e+00  0.00000000e+00  1.00000000e+00  0.00000000e+00  1.00000000e+00  1.00000000e+00 
 3.05600000e-10  1.00000000e+00  0.00000000e+00  1.00000000e+00  0.00000000e+00  1.00000000e+00  1.00000000e+00 
 3.25600000e-10  1.00000000e+00  0.00000000e+00  1.00000000e+00  0.00000000e+00  1.00000000e+00  1.00000000e+00 
 3.45600000e-10  1.00000000e+00  0.00000000e+00  1.00000000e+00  0.00000000e+00  1.00000000e+00  1.00000000e+00 
 3.65600000e-10  1.00000000e+00  0.00000000e+00  1.00000000e+00  0.00000000e+00  1.00000000e+00  1.00000000e+00 
 3.85600000e-10  1.00000000e+00  0.00000000e+00  1.00000000e+00  0.00000000e+00  1.00000000e+00  1.00000000e+00 
 4.05600000e-10  1.00000000e+00  0.00000000e+00  1.00000000e+00  0.00000000e+00  1.00000000e+00  1.00000000e+00 
 4.25600000e-10  1.00000000e+00  0.00000000e+00  1.00000000e+00  0.00000000e+00  1.00000000e+00  1.00000000e+00 
 4.45600000e-10  1.00000000e+00  0.00000000e+00  1.00000000e+00  0.00000000e+00  1.00000000e+00  1.00000000e+00 
 4.65600000e-10  1.00000000e+00  0.00000000e+00  1.00000000e+00  0.00000000e+00  1.00000000e+00  1.00000000e+00 
 4.85600000e-10  1.00000000e+00  0.00000000e+00  1.00000000e+00  0.00000000e+00  1.00000000e+00  1.00000000e+00 
 5.05600000e-10  1.00000000e+00  0.00000000e+00  1.00000000e+00  0.00000000e+00  1.00000000e+00  1.00000000e+00 
 5.25600000e-10  1.00000000e+00  0.00000000e+00  1.00000000e+00  0.00000000e+00  1.00000000e+00  1.00000000e+00 
 5.45600000e-10  1.00000000e+00  0.00000000e+00  1.00000000e+00  0.00000000e+00  1.00000000e+00  1.00000000e+00 
 5.65600000e-10  1.00000000e+00  0.00000000e+00  1.00000000e+00  0.00000000e+00  1.00000000e+00  1.00000000e+00 
 5.85600000e-10  1.00000000e+00  0.00000000e+00  1.00000000e+00  0.00000000e+00  1.00000000e+00  1.00000000e+00 
 6.05600000e-10  1.00000000e+00  0.00000000e+00  1.00000000e+00  0.00000000e+00  1.00000000e+00  1.00000000e+00 
 6.25600000e-10  1.00000000e+00  0.00000000e+00  1.00000000e+00  0.00000000e+00  1.00000000e+00  1.00000000e+00 
 6.45600000e-10  1.00000000e+00  0.00000000e+00  1.00000000e+00  0.00000000e+00  1.00000000e+00  1.00000000e+00 
 6.65600000e-10  1.00000000e+00  0.00000000e+00  1.00000000e+00  0.00000000e+00  1.00000000e+00  1.00000000e+00 
 6.85600000e-10  1.00000000e+00  0.00000000e+00  1.00000000e+00  0.00000000e+00  1.00000000e+00  1.00000000e+00 
 7.05600000e-10  1.00000000e+00  0.00000000e+00  1.00000000e+00  0.00000000e+00  1.00000000e+00  1.00000000e+00 
 7.25600000e-10  1.00000000e+00  0.00000000e+00  1.00000000e+00  0.00000000e+00  1.00000000e+00  1.00000000e+00 
 7.45600000e-10  1.00000000e+00  0.00000000e+00  1.00000000e+00  0.00000000e+00  1.00000000e+00  1.00000000e+00 
 7.65600000e-10  1.00000000e+00  0.00000000e+00  1.00000000e+00  0.00000000e+00  1.00000000e+00  1.00000000e+00 
 7.85600000e-10  1.00000000e+00  0.00000000e+00  1.00000000e+00  0.00000000e+00  1.00000000e+00  1.00000000e+00 
 8.05600000e-10  1.00000000e+00  0.00000000e+00  1.00000000e+00  0.00000000e+00  1.00000000e+00  1.00000000e+00 
 8.25600000e-10  1.00000000e+00  0.00000000e+00  1.00000000e+00  0.00000000e+00  1.00000000e+00  1.00000000e+00 
 8.45600000e-10  1.00000000e+00  0.00000000e+00  1.00000000e+00  0.00000000e+00  1.00000000e+00  1.00000000e+00 
 8.65600000e-10  1.00000000e+00  0.00000000e+00  1.00000000e+00  0.00000000e+00  1.00000000e+00  1.00000000e+00 
 8.85600000e-10  1.00000000e+00  0.00000000e+00  1.00000000e+00  0.00000000e+00  1.00000000e+00  1.00000000e+00 
 9.05600000e-10  1.00000000e+00  0.00000000e+00  1.00000000e+00  0.00000000e+00  1.00000000e+00  1.00000000e+00 
 9.25600000e-10  1.00000000e+00  0.00000000e+00  1.00000000e+00  0.00000000e+00  1.00000000e+00  1.00000000e+00 
 9.45600000e-10  1.00000000e+00  0.00000000e+00  1.00000000e+00  0.00000000e+00  1.00000000e+00  1.00000000e+00 
 9.65600000e-10  1.00000000e+00  0.00000000e+00  1.00000000e+00  0.00000000e+00  1.00000000e+00  1.00000000e+00 
 9.85600000e-10  1.00000000e+00  0.00000000e+00  1.00000000e+00  0.00000000e+00  1.00000000e+00  1.00000000e+00 
 1.00560000e-09  1.00000000e+00  0.00000000e+00  1.00000000e+00  0.00000000e+00  1.00000000e+00  1.00000000e+00 
 1.02560000e-09  1.00000000e+00  0.00000000e+00  1.00000000e+00  0.00000000e+00  1.00000000e+00  1.00000000e+00 
 1.04560000e-09  1.00000000e+00  0.00000000e+00  1.00000000e+00  0.00000000e+00  1.00000000e+00  1.00000000e+00 
 1.06560000e-09  1.00000000e+00  0.00000000e+00  1.00000000e+00  0.00000000e+00  1.00000000e+00  1.00000000e+00 
 1.08560000e-09  1.00000000e+00  0.00000000e+00  1.00000000e+00  0.00000000e+00  1.00000000e+00  1.00000000e+00 
 1.10560000e-09  1.00000000e+00  0.00000000e+00  1.00000000e+00  0.00000000e+00  1.00000000e+00  1.00000000e+00 
 1.12560000e-09  1.00000000e+00  0.00000000e+00  1.00000000e+00  0.00000000e+00  1.00000000e+00  1.00000000e+00 
 1.14560000e-09  1.00000000e+00  0.00000000e+00  1.00000000e+00  0.00000000e+00  1.00000000e+00  1.00000000e+00 
 1.16560000e-09  1.00000000e+00  0.00000000e+00  1.00000000e+00  0.00000000e+00  1.00000000e+00  1.00000000e+00 
 1.18560000e-09  1.00000000e+00  0.00000000e+00  1.00000000e+00  0.00000000e+00  1.00000000e+00  1.00000000e+00 
 1.20560000e-09  1.00000000e+00  0.00000000e+00  1.00000000e+00  0.00000000e+00  1.00000000e+00  1.00000000e+00 
 1.22560000e-09  1.00000000e+00  0.00000000e+00  1.00000000e+00  0.00000000e+00  1.00000000e+00  1.00000000e+00 
 1.24560000e-09  1.00000000e+00  0.00000000e+00  1.00000000e+00  0.00000000e+00  1.00000000e+00  1.00000000e+00 
 1.26560000e-09  1.00000000e+00  0.00000000e+00  1.00000000e+00  0.00000000e+00  1.00000000e+00  1.00000000e+00 
 1.28560000e-09  1.00000000e+00  0.00000000e+00  1.00000000e+00  0.00000000e+00  1.00000000e+00  1.00000000e+00 
 1.30560000e-09  1.00000000e+00  0.00000000e+00  1.00000000e+00  0.00000000e+00  1.00000000e+00  1.00000000e+00 
 1.32560000e-09  1.00000000e+00  0.00000000e+00  1.00000000e+00  0.00000000e+00  1.00000000e+00  1.00000000e+00 
 1.34560000e-09  1.00000000e+00  0.00000000e+00  1.00000000e+00  0.00000000e+00  1.00000000e+00  1.00000000e+00 
 1.36560000e-09  1.00000000e+00  0.00000000e+00  1.00000000e+00  0.00000000e+00  1.00000000e+00  1.00000000e+00 
 1.38560000e-09  1.00000000e+00  0.00000000e+00  1.00000000e+00  0.00000000e+00  1.00000000e+00  1.00000000e+00 
 1.40560000e-09  1.00000000e+00  0.00000000e+00  1.00000000e+00  0.00000000e+00  1.00000000e+00  1.00000000e+00 
 1.42560000e-09  1.00000000e+00  0.00000000e+00  1.00000000e+00  0.00000000e+00  1.00000000e+00  1.00000000e+00 
 1.44560000e-09  1.00000000e+00  0.00000000e+00  1.00000000e+00  0.00000000e+00  1.00000000e+00  1.00000000e+00 
 1.46560000e-09  1.00000000e+00  0.00000000e+00  1.00000000e+00  0.00000000e+00  1.00000000e+00  1.00000000e+00 
 1.48560000e-09  1.00000000e+00  0.00000000e+00  1.00000000e+00  0.00000000e+00  1.00000000e+00  1.00000000e+00 
 1.50560000e-09  1.00000000e+00  0.00000000e+00  1.00000000e+00  0.00000000e+00  1.00000000e+00  1.00000000e+00 
 1.52560000e-09  1.00000000e+00  0.00000000e+00  1.00000000e+00  0.00000000e+00  1.00000000e+00  1.00000000e+00 
 1.54560000e-09  1.00000000e+00  0.00000000e+00  1.00000000e+00  0.00000000e+00  1.00000000e+00  1.00000000e+00 
 1.56560000e-09  1.00000000e+00  0.00000000e+00  1.00000000e+00  0.00000000e+00  1.00000000e+00  1.00000000e+00 
 1.58560000e-09  1.00000000e+00  0.00000000e+00  1.00000000e+00  0.00000000e+00  1.00000000e+00  1.00000000e+00 
 1.60560000e-09  1.00000000e+00  0.00000000e+00  1.00000000e+00  0.00000000e+00  1.00000000e+00  1.00000000e+00 
 1.62560000e-09  1.00000000e+00  0.00000000e+00  1.00000000e+00  0.00000000e+00  1.00000000e+00  1.00000000e+00 
 1.64560000e-09  1.00000000e+00  0.00000000e+00  1.00000000e+00  0.00000000e+00  1.00000000e+00  1.00000000e+00 
 1.66560000e-09  1.00000000e+00  0.00000000e+00  1.00000000e+00  0.00000000e+00  1.00000000e+00  1.00000000e+00 
 1.68560000e-09  1.00000000e+00  0.00000000e+00  1.00000000e+00  0.00000000e+00  1.00000000e+00  1.00000000e+00 
 1.70560000e-09  1.00000000e+00  0.00000000e+00  1.00000000e+00  0.00000000e+00  1.00000000e+00  1.00000000e+00 
 1.72560000e-09  1.00000000e+00  0.00000000e+00  1.00000000e+00  0.00000000e+00  1.00000000e+00  1.00000000e+00 
 1.74560000e-09  1.00000000e+00  0.00000000e+00  1.00000000e+00  0.00000000e+00  1.00000000e+00  1.00000000e+00 
 1.76560000e-09  1.00000000e+00  0.00000000e+00  1.00000000e+00  0.00000000e+00  1.00000000e+00  1.00000000e+00 
 1.78560000e-09  1.00000000e+00  0.00000000e+00  1.00000000e+00  0.00000000e+00  1.00000000e+00  1.00000000e+00 
 1.80560000e-09  1.00000000e+00  0.00000000e+00  1.00000000e+00  0.00000000e+00  1.00000000e+00  1.00000000e+00 
 1.82560000e-09  1.00000000e+00  0.00000000e+00  1.00000000e+00  0.00000000e+00  1.00000000e+00  1.00000000e+00 
 1.84560000e-09  1.00000000e+00  0.00000000e+00  1.00000000e+00  0.00000000e+00  1.00000000e+00  1.00000000e+00 
 1.86560000e-09  1.00000000e+00  0.00000000e+00  1.00000000e+00  0.00000000e+00  1.00000000e+00  1.00000000e+00 
 1.88560000e-09  1.00000000e+00  0.00000000e+00  1.00000000e+00  0.00000000e+00  1.00000000e+00  1.00000000e+00 
 1.90560000e-09  1.00000000e+00  0.00000000e+00  1.00000000e+00  0.00000000e+00  1.00000000e+00  1.00000000e+00 
 1.92560000e-09  1.00000000e+00  0.00000000e+00  1.00000000e+00  0.00000000e+00  1.00000000e+00  1.00000000e+00 
 1.94560000e-09  1.00000000e+00  0.00000000e+00  1.00000000e+00  0.00000000e+00  1.00000000e+00  1.00000000e+00 
 1.96560000e-09  1.00000000e+00  0.00000000e+00  1.00000000e+00  0.00000000e+00  1.00000000e+00  1.00000000e+00 
 1.98560000e-09  1.00000000e+00  0.00000000e+00  1.00000000e+00  0.00000000e+00  1.00000000e+00  1.00000000e+00 
 2.00560000e-09  1.00000000e+00  0.00000000e+00  1.00000000e+00  0.00000000e+00  1.00000000e+00  1.00000000e+00 
 2.02560000e-09  1.00000000e+00  0.00000000e+00  1.00000000e+00  0.00000000e+00  1.00000000e+00  1.00000000e+00 
 2.04560000e-09  1.00000000e+00  0.00000000e+00  1.00000000e+00  0.00000000e+00  1.00000000e+00  1.00000000e+00 
 2.06560000e-09  1.00000000e+00  0.00000000e+00  1.00000000e+00  0.00000000e+00  1.00000000e+00  1.00000000e+00 
 2.08560000e-09  1.00000000e+00  0.00000000e+00  1.00000000e+00  0.00000000e+00  1.00000000e+00  1.00000000e+00 
 2.10560000e-09  1.00000000e+00  0.00000000e+00  1.00000000e+00  0.00000000e+00  1.00000000e+00  1.00000000e+00 
 2.12560000e-09  1.00000000e+00  0.00000000e+00  1.00000000e+00  0.00000000e+00  1.00000000e+00  1.00000000e+00 
 2.14560000e-09  1.00000000e+00  0.00000000e+00  1.00000000e+00  0.00000000e+00  1.00000000e+00  1.00000000e+00 
 2.16560000e-09  1.00000000e+00  0.00000000e+00  1.00000000e+00  0.00000000e+00  1.00000000e+00  1.00000000e+00 
 2.18560000e-09  1.00000000e+00  0.00000000e+00  1.00000000e+00  0.00000000e+00  1.00000000e+00  1.00000000e+00 
 2.20560000e-09  1.00000000e+00  0.00000000e+00  1.00000000e+00  0.00000000e+00  1.00000000e+00  1.00000000e+00 
 2.22560000e-09  1.00000000e+00  0.00000000e+00  1.00000000e+00  0.00000000e+00  1.00000000e+00  1.00000000e+00 
 2.24560000e-09  1.00000000e+00  0.00000000e+00  1.00000000e+00  0.00000000e+00  1.00000000e+00  1.00000000e+00 
 2.26560000e-09  1.00000000e+00  0.00000000e+00  1.00000000e+00  0.00000000e+00  1.00000000e+00  1.00000000e+00 
 2.28560000e-09  1.00000000e+00  0.00000000e+00  1.00000000e+00  0.00000000e+00  1.00000000e+00  1.00000000e+00 
 2.30560000e-09  1.00000000e+00  0.00000000e+00  1.00000000e+00  0.00000000e+00  1.00000000e+00  1.00000000e+00 
 2.32560000e-09  1.00000000e+00  0.00000000e+00  1.00000000e+00  0.00000000e+00  1.00000000e+00  1.00000000e+00 
 2.34560000e-09  1.00000000e+00  0.00000000e+00  1.00000000e+00  0.00000000e+00  1.00000000e+00  1.00000000e+00 
 2.36560000e-09  1.00000000e+00  0.00000000e+00  1.00000000e+00  0.00000000e+00  1.00000000e+00  1.00000000e+00 
 2.38560000e-09  1.00000000e+00  0.00000000e+00  1.00000000e+00  0.00000000e+00  1.00000000e+00  1.00000000e+00 
 2.40560000e-09  1.00000000e+00  0.00000000e+00  1.00000000e+00  0.00000000e+00  1.00000000e+00  1.00000000e+00 
 2.42560000e-09  1.00000000e+00  0.00000000e+00  1.00000000e+00  0.00000000e+00  1.00000000e+00  1.00000000e+00 
 2.44560000e-09  1.00000000e+00  0.00000000e+00  1.00000000e+00  0.00000000e+00  1.00000000e+00  1.00000000e+00 
 2.46560000e-09  1.00000000e+00  0.00000000e+00  1.00000000e+00  0.00000000e+00  1.00000000e+00  1.00000000e+00 
 2.48560000e-09  1.00000000e+00  0.00000000e+00  1.00000000e+00  0.00000000e+00  1.00000000e+00  1.00000000e+00 
 2.50560000e-09  1.00000000e+00  0.00000000e+00  1.00000000e+00  0.00000000e+00  1.00000000e+00  1.00000000e+00 
 2.52560000e-09  1.00000000e+00  0.00000000e+00  1.00000000e+00  0.00000000e+00  1.00000000e+00  1.00000000e+00 
 2.54560000e-09  1.00000000e+00  0.00000000e+00  1.00000000e+00  0.00000000e+00  1.00000000e+00  1.00000000e+00 
 2.56560000e-09  1.00000000e+00  0.00000000e+00  1.00000000e+00  0.00000000e+00  1.00000000e+00  1.00000000e+00 
 2.58560000e-09  1.00000000e+00  0.00000000e+00  1.00000000e+00  0.00000000e+00  1.00000000e+00  1.00000000e+00 
 2.60560000e-09  1.00000000e+00  0.00000000e+00  1.00000000e+00  0.00000000e+00  1.00000000e+00  1.00000000e+00 
 2.62560000e-09  1.00000000e+00  0.00000000e+00  1.00000000e+00  0.00000000e+00  1.00000000e+00  1.00000000e+00 
 2.64560000e-09  1.00000000e+00  0.00000000e+00  1.00000000e+00  0.00000000e+00  1.00000000e+00  1.00000000e+00 
 2.66560000e-09  1.00000000e+00  0.00000000e+00  1.00000000e+00  0.00000000e+00  1.00000000e+00  1.00000000e+00 
 2.68560000e-09  1.00000000e+00  0.00000000e+00  1.00000000e+00  0.00000000e+00  1.00000000e+00  1.00000000e+00 
 2.70560000e-09  1.00000000e+00  0.00000000e+00  1.00000000e+00  0.00000000e+00  1.00000000e+00  1.00000000e+00 
 2.72560000e-09  1.00000000e+00  0.00000000e+00  1.00000000e+00  0.00000000e+00  1.00000000e+00  1.00000000e+00 
 2.74560000e-09  1.00000000e+00  0.00000000e+00  1.00000000e+00  0.00000000e+00  1.00000000e+00  1.00000000e+00 
 2.76560000e-09  1.00000000e+00  0.00000000e+00  1.00000000e+00  0.00000000e+00  1.00000000e+00  1.00000000e+00 
 2.78560000e-09  1.00000000e+00  0.00000000e+00  1.00000000e+00  0.00000000e+00  1.00000000e+00  1.00000000e+00 
 2.80560000e-09  1.00000000e+00  0.00000000e+00  1.00000000e+00  0.00000000e+00  1.00000000e+00  1.00000000e+00 
 2.82560000e-09  1.00000000e+00  0.00000000e+00  1.00000000e+00  0.00000000e+00  1.00000000e+00  1.00000000e+00 
 2.84560000e-09  1.00000000e+00  0.00000000e+00  1.00000000e+00  0.00000000e+00  1.00000000e+00  1.00000000e+00 
 2.86560000e-09  1.00000000e+00  0.00000000e+00  1.00000000e+00  0.00000000e+00  1.00000000e+00  1.00000000e+00 
 2.88560000e-09  1.00000000e+00  0.00000000e+00  1.00000000e+00  0.00000000e+00  1.00000000e+00  1.00000000e+00 
 2.90560000e-09  1.00000000e+00  0.00000000e+00  1.00000000e+00  0.00000000e+00  1.00000000e+00  1.00000000e+00 
 2.92560000e-09  1.00000000e+00  0.00000000e+00  1.00000000e+00  0.00000000e+00  1.00000000e+00  1.00000000e+00 
 2.94560000e-09  1.00000000e+00  0.00000000e+00  1.00000000e+00  0.00000000e+00  1.00000000e+00  1.00000000e+00 
 2.96560000e-09  1.00000000e+00  0.00000000e+00  1.00000000e+00  0.00000000e+00  1.00000000e+00  1.00000000e+00 
 2.98560000e-09  1.00000000e+00  0.00000000e+00  1.00000000e+00  0.00000000e+00  1.00000000e+00  1.00000000e+00 
 3.00560000e-09  1.00000000e+00  0.00000000e+00  1.00000000e+00  0.00000000e+00  1.00000000e+00  1.00000000e+00 
 3.02560000e-09  1.00000000e+00  0.00000000e+00  1.00000000e+00  0.00000000e+00  1.00000000e+00  1.00000000e+00 
 3.04560000e-09  1.00000000e+00  0.00000000e+00  1.00000000e+00  0.00000000e+00  1.00000000e+00  1.00000000e+00 
 3.06560000e-09  1.00000000e+00  0.00000000e+00  1.00000000e+00  0.00000000e+00  1.00000000e+00  1.00000000e+00 
 3.08560000e-09  1.00000000e+00  0.00000000e+00  1.00000000e+00  0.00000000e+00  1.00000000e+00  1.00000000e+00 
 3.10560000e-09  1.00000000e+00  0.00000000e+00  1.00000000e+00  0.00000000e+00  1.00000000e+00  1.00000000e+00 
 3.12560000e-09  1.00000000e+00  0.00000000e+00  1.00000000e+00  0.00000000e+00  1.00000000e+00  1.00000000e+00 
 3.14560000e-09  1.00000000e+00  0.00000000e+00  1.00000000e+00  0.00000000e+00  1.00000000e+00  1.00000000e+00 
 3.16560000e-09  1.00000000e+00  0.00000000e+00  1.00000000e+00  0.00000000e+00  1.00000000e+00  1.00000000e+00 
 3.18560000e-09  1.00000000e+00  0.00000000e+00  1.00000000e+00  0.00000000e+00  1.00000000e+00  1.00000000e+00 
 3.20560000e-09  1.00000000e+00  0.00000000e+00  1.00000000e+00  0.00000000e+00  1.00000000e+00  1.00000000e+00 
 3.22560000e-09  1.00000000e+00  0.00000000e+00  1.00000000e+00  0.00000000e+00  1.00000000e+00  1.00000000e+00 
 3.24560000e-09  1.00000000e+00  0.00000000e+00  1.00000000e+00  0.00000000e+00  1.00000000e+00  1.00000000e+00 
 3.26560000e-09  1.00000000e+00  0.00000000e+00  1.00000000e+00  0.00000000e+00  1.00000000e+00  1.00000000e+00 
 3.28560000e-09  1.00000000e+00  0.00000000e+00  1.00000000e+00  0.00000000e+00  1.00000000e+00  1.00000000e+00 
 3.30560000e-09  1.00000000e+00  0.00000000e+00  1.00000000e+00  0.00000000e+00  1.00000000e+00  1.00000000e+00 
 3.32560000e-09  1.00000000e+00  0.00000000e+00  1.00000000e+00  0.00000000e+00  1.00000000e+00  1.00000000e+00 
 3.34560000e-09  1.00000000e+00  0.00000000e+00  1.00000000e+00  0.00000000e+00  1.00000000e+00  1.00000000e+00 
 3.36560000e-09  1.00000000e+00  0.00000000e+00  1.00000000e+00  0.00000000e+00  1.00000000e+00  1.00000000e+00 
 3.38560000e-09  1.00000000e+00  0.00000000e+00  1.00000000e+00  0.00000000e+00  1.00000000e+00  1.00000000e+00 
 3.40560000e-09  1.00000000e+00  0.00000000e+00  1.00000000e+00  0.00000000e+00  1.00000000e+00  1.00000000e+00 
 3.42560000e-09  1.00000000e+00  0.00000000e+00  1.00000000e+00  0.00000000e+00  1.00000000e+00  1.00000000e+00 
 3.44560000e-09  1.00000000e+00  0.00000000e+00  1.00000000e+00  0.00000000e+00  1.00000000e+00  1.00000000e+00 
 3.46560000e-09  1.00000000e+00  0.00000000e+00  1.00000000e+00  0.00000000e+00  1.00000000e+00  1.00000000e+00 
 3.48560000e-09  1.00000000e+00  0.00000000e+00  1.00000000e+00  0.00000000e+00  1.00000000e+00  1.00000000e+00 
 3.50560000e-09  1.00000000e+00  0.00000000e+00  1.00000000e+00  0.00000000e+00  1.00000000e+00  1.00000000e+00 
 3.52560000e-09  1.00000000e+00  0.00000000e+00  1.00000000e+00  0.00000000e+00  1.00000000e+00  1.00000000e+00 
 3.54560000e-09  1.00000000e+00  0.00000000e+00  1.00000000e+00  0.00000000e+00  1.00000000e+00  1.00000000e+00 
 3.56560000e-09  1.00000000e+00  0.00000000e+00  1.00000000e+00  0.00000000e+00  1.00000000e+00  1.00000000e+00 
 3.58560000e-09  1.00000000e+00  0.00000000e+00  1.00000000e+00  0.00000000e+00  1.00000000e+00  1.00000000e+00 
 3.60560000e-09  1.00000000e+00  0.00000000e+00  1.00000000e+00  0.00000000e+00  1.00000000e+00  1.00000000e+00 
 3.62560000e-09  1.00000000e+00  0.00000000e+00  1.00000000e+00  0.00000000e+00  1.00000000e+00  1.00000000e+00 
 3.64560000e-09  1.00000000e+00  0.00000000e+00  1.00000000e+00  0.00000000e+00  1.00000000e+00  1.00000000e+00 
 3.66560000e-09  1.00000000e+00  0.00000000e+00  1.00000000e+00  0.00000000e+00  1.00000000e+00  1.00000000e+00 
 3.68560000e-09  1.00000000e+00  0.00000000e+00  1.00000000e+00  0.00000000e+00  1.00000000e+00  1.00000000e+00 
 3.70560000e-09  1.00000000e+00  0.00000000e+00  1.00000000e+00  0.00000000e+00  1.00000000e+00  1.00000000e+00 
 3.72560000e-09  1.00000000e+00  0.00000000e+00  1.00000000e+00  0.00000000e+00  1.00000000e+00  1.00000000e+00 
 3.74560000e-09  1.00000000e+00  0.00000000e+00  1.00000000e+00  0.00000000e+00  1.00000000e+00  1.00000000e+00 
 3.76560000e-09  1.00000000e+00  0.00000000e+00  1.00000000e+00  0.00000000e+00  1.00000000e+00  1.00000000e+00 
 3.78560000e-09  1.00000000e+00  0.00000000e+00  1.00000000e+00  0.00000000e+00  1.00000000e+00  1.00000000e+00 
 3.80560000e-09  1.00000000e+00  0.00000000e+00  1.00000000e+00  0.00000000e+00  1.00000000e+00  1.00000000e+00 
 3.82560000e-09  1.00000000e+00  0.00000000e+00  1.00000000e+00  0.00000000e+00  1.00000000e+00  1.00000000e+00 
 3.84560000e-09  1.00000000e+00  0.00000000e+00  1.00000000e+00  0.00000000e+00  1.00000000e+00  1.00000000e+00 
 3.86560000e-09  1.00000000e+00  0.00000000e+00  1.00000000e+00  0.00000000e+00  1.00000000e+00  1.00000000e+00 
 3.88560000e-09  1.00000000e+00  0.00000000e+00  1.00000000e+00  0.00000000e+00  1.00000000e+00  1.00000000e+00 
 3.90560000e-09  1.00000000e+00  0.00000000e+00  1.00000000e+00  0.00000000e+00  1.00000000e+00  1.00000000e+00 
 3.92560000e-09  1.00000000e+00  0.00000000e+00  1.00000000e+00  0.00000000e+00  1.00000000e+00  1.00000000e+00 
 3.94560000e-09  1.00000000e+00  0.00000000e+00  1.00000000e+00  0.00000000e+00  1.00000000e+00  1.00000000e+00 
 3.96560000e-09  1.00000000e+00  0.00000000e+00  1.00000000e+00  0.00000000e+00  1.00000000e+00  1.00000000e+00 
 3.98560000e-09  1.00000000e+00  0.00000000e+00  1.00000000e+00  0.00000000e+00  1.00000000e+00  1.00000000e+00 
 4.00560000e-09  1.00000000e+00  0.00000000e+00  1.00000000e+00  0.00000000e+00  1.00000000e+00  1.00000000e+00 
 4.02560000e-09  1.00000000e+00  0.00000000e+00  1.00000000e+00  0.00000000e+00  1.00000000e+00  1.00000000e+00 
 4.04560000e-09  1.00000000e+00  0.00000000e+00  1.00000000e+00  0.00000000e+00  1.00000000e+00  1.00000000e+00 
 4.06560000e-09  1.00000000e+00  0.00000000e+00  1.00000000e+00  0.00000000e+00  1.00000000e+00  1.00000000e+00 
 4.08560000e-09  1.00000000e+00  0.00000000e+00  1.00000000e+00  0.00000000e+00  1.00000000e+00  1.00000000e+00 
 4.10560000e-09  1.00000000e+00  0.00000000e+00  1.00000000e+00  0.00000000e+00  1.00000000e+00  1.00000000e+00 
 4.12560000e-09  1.00000000e+00  0.00000000e+00  1.00000000e+00  0.00000000e+00  1.00000000e+00  1.00000000e+00 
 4.14560000e-09  1.00000000e+00  0.00000000e+00  1.00000000e+00  0.00000000e+00  1.00000000e+00  1.00000000e+00 
 4.16560000e-09  1.00000000e+00  0.00000000e+00  1.00000000e+00  0.00000000e+00  1.00000000e+00  1.00000000e+00 
 4.18560000e-09  1.00000000e+00  0.00000000e+00  1.00000000e+00  0.00000000e+00  1.00000000e+00  1.00000000e+00 
 4.20560000e-09  1.00000000e+00  0.00000000e+00  1.00000000e+00  0.00000000e+00  1.00000000e+00  1.00000000e+00 
 4.22560000e-09  1.00000000e+00  0.00000000e+00  1.00000000e+00  0.00000000e+00  1.00000000e+00  1.00000000e+00 
 4.24560000e-09  1.00000000e+00  0.00000000e+00  1.00000000e+00  0.00000000e+00  1.00000000e+00  1.00000000e+00 
 4.26560000e-09  1.00000000e+00  0.00000000e+00  1.00000000e+00  0.00000000e+00  1.00000000e+00  1.00000000e+00 
 4.28560000e-09  1.00000000e+00  0.00000000e+00  1.00000000e+00  0.00000000e+00  1.00000000e+00  1.00000000e+00 
 4.30560000e-09  1.00000000e+00  0.00000000e+00  1.00000000e+00  0.00000000e+00  1.00000000e+00  1.00000000e+00 
 4.32560000e-09  1.00000000e+00  0.00000000e+00  1.00000000e+00  0.00000000e+00  1.00000000e+00  1.00000000e+00 
 4.34560000e-09  1.00000000e+00  0.00000000e+00  1.00000000e+00  0.00000000e+00  1.00000000e+00  1.00000000e+00 
 4.36560000e-09  1.00000000e+00  0.00000000e+00  1.00000000e+00  0.00000000e+00  1.00000000e+00  1.00000000e+00 
 4.38560000e-09  1.00000000e+00  0.00000000e+00  1.00000000e+00  0.00000000e+00  1.00000000e+00  1.00000000e+00 
 4.40560000e-09  1.00000000e+00  0.00000000e+00  1.00000000e+00  0.00000000e+00  1.00000000e+00  1.00000000e+00 
 4.42560000e-09  1.00000000e+00  0.00000000e+00  1.00000000e+00  0.00000000e+00  1.00000000e+00  1.00000000e+00 
 4.44560000e-09  1.00000000e+00  0.00000000e+00  1.00000000e+00  0.00000000e+00  1.00000000e+00  1.00000000e+00 
 4.46560000e-09  1.00000000e+00  0.00000000e+00  1.00000000e+00  0.00000000e+00  1.00000000e+00  1.00000000e+00 
 4.48560000e-09  1.00000000e+00  0.00000000e+00  1.00000000e+00  0.00000000e+00  1.00000000e+00  1.00000000e+00 
 4.50560000e-09  1.00000000e+00  0.00000000e+00  1.00000000e+00  0.00000000e+00  1.00000000e+00  1.00000000e+00 
 4.52560000e-09  1.00000000e+00  0.00000000e+00  1.00000000e+00  0.00000000e+00  1.00000000e+00  1.00000000e+00 
 4.54560000e-09  1.00000000e+00  0.00000000e+00  1.00000000e+00  0.00000000e+00  1.00000000e+00  1.00000000e+00 
 4.56560000e-09  1.00000000e+00  0.00000000e+00  1.00000000e+00  0.00000000e+00  1.00000000e+00  1.00000000e+00 
 4.58560000e-09  1.00000000e+00  0.00000000e+00  1.00000000e+00  0.00000000e+00  1.00000000e+00  1.00000000e+00 
 4.60560000e-09  1.00000000e+00  0.00000000e+00  1.00000000e+00  0.00000000e+00  1.00000000e+00  1.00000000e+00 
 4.62560000e-09  1.00000000e+00  0.00000000e+00  1.00000000e+00  0.00000000e+00  1.00000000e+00  1.00000000e+00 
 4.64560000e-09  1.00000000e+00  0.00000000e+00  1.00000000e+00  0.00000000e+00  1.00000000e+00  1.00000000e+00 
 4.66560000e-09  1.00000000e+00  0.00000000e+00  1.00000000e+00  0.00000000e+00  1.00000000e+00  1.00000000e+00 
 4.68560000e-09  1.00000000e+00  0.00000000e+00  1.00000000e+00  0.00000000e+00  1.00000000e+00  1.00000000e+00 
 4.70560000e-09  1.00000000e+00  0.00000000e+00  1.00000000e+00  0.00000000e+00  1.00000000e+00  1.00000000e+00 
 4.72560000e-09  1.00000000e+00  0.00000000e+00  1.00000000e+00  0.00000000e+00  1.00000000e+00  1.00000000e+00 
 4.74560000e-09  1.00000000e+00  0.00000000e+00  1.00000000e+00  0.00000000e+00  1.00000000e+00  1.00000000e+00 
 4.76560000e-09  1.00000000e+00  0.00000000e+00  1.00000000e+00  0.00000000e+00  1.00000000e+00  1.00000000e+00 
 4.78560000e-09  1.00000000e+00  0.00000000e+00  1.00000000e+00  0.00000000e+00  1.00000000e+00  1.00000000e+00 
 4.80560000e-09  1.00000000e+00  0.00000000e+00  1.00000000e+00  0.00000000e+00  1.00000000e+00  1.00000000e+00 
 4.82560000e-09  1.00000000e+00  0.00000000e+00  1.00000000e+00  0.00000000e+00  1.00000000e+00  1.00000000e+00 
 4.84560000e-09  1.00000000e+00  0.00000000e+00  1.00000000e+00  0.00000000e+00  1.00000000e+00  1.00000000e+00 
 4.86560000e-09  1.00000000e+00  0.00000000e+00  1.00000000e+00  0.00000000e+00  1.00000000e+00  1.00000000e+00 
 4.88560000e-09  1.00000000e+00  0.00000000e+00  1.00000000e+00  0.00000000e+00  1.00000000e+00  1.00000000e+00 
 4.90560000e-09  1.00000000e+00  0.00000000e+00  1.00000000e+00  0.00000000e+00  1.00000000e+00  1.00000000e+00 
 4.92560000e-09  1.00000000e+00  0.00000000e+00  1.00000000e+00  0.00000000e+00  1.00000000e+00  1.00000000e+00 
 4.94560000e-09  1.00000000e+00  0.00000000e+00  1.00000000e+00  0.00000000e+00  1.00000000e+00  1.00000000e+00 
 4.96560000e-09  1.00000000e+00  0.00000000e+00  1.00000000e+00  0.00000000e+00  1.00000000e+00  1.00000000e+00 
 4.98560000e-09  1.00000000e+00  0.00000000e+00  1.00000000e+00  0.00000000e+00  1.00000000e+00  1.00000000e+00 
 5.00560000e-09  1.00000000e+00  0.00000000e+00  1.00000000e+00  0.00000000e+00  1.00000000e+00  1.00000000e+00 
 5.02560000e-09  1.00000000e+00  0.00000000e+00  1.00000000e+00  0.00000000e+00  1.00000000e+00  1.00000000e+00 
 5.04560000e-09  1.00000000e+00  0.00000000e+00  1.00000000e+00  0.00000000e+00  1.00000000e+00  1.00000000e+00 
 5.06560000e-09  1.00000000e+00  0.00000000e+00  1.00000000e+00  0.00000000e+00  1.00000000e+00  1.00000000e+00 
 5.08560000e-09  1.00000000e+00  0.00000000e+00  1.00000000e+00  0.00000000e+00  1.00000000e+00  1.00000000e+00 
 5.10560000e-09  1.00000000e+00  0.00000000e+00  1.00000000e+00  0.00000000e+00  1.00000000e+00  1.00000000e+00 
 5.12560000e-09  1.00000000e+00  0.00000000e+00  1.00000000e+00  0.00000000e+00  1.00000000e+00  1.00000000e+00 
 5.14560000e-09  1.00000000e+00  0.00000000e+00  1.00000000e+00  0.00000000e+00  1.00000000e+00  1.00000000e+00 
 5.16560000e-09  1.00000000e+00  0.00000000e+00  1.00000000e+00  0.00000000e+00  1.00000000e+00  1.00000000e+00 
 5.18560000e-09  1.00000000e+00  0.00000000e+00  1.00000000e+00  0.00000000e+00  1.00000000e+00  1.00000000e+00 
 5.20560000e-09  1.00000000e+00  0.00000000e+00  1.00000000e+00  0.00000000e+00  1.00000000e+00  1.00000000e+00 
 5.22560000e-09  1.00000000e+00  0.00000000e+00  1.00000000e+00  0.00000000e+00  1.00000000e+00  1.00000000e+00 
 5.24560000e-09  1.00000000e+00  0.00000000e+00  1.00000000e+00  0.00000000e+00  1.00000000e+00  1.00000000e+00 
 5.26560000e-09  1.00000000e+00  0.00000000e+00  1.00000000e+00  0.00000000e+00  1.00000000e+00  1.00000000e+00 
 5.28560000e-09  1.00000000e+00  0.00000000e+00  1.00000000e+00  0.00000000e+00  1.00000000e+00  1.00000000e+00 
 5.30560000e-09  1.00000000e+00  0.00000000e+00  1.00000000e+00  0.00000000e+00  1.00000000e+00  1.00000000e+00 
 5.32560000e-09  1.00000000e+00  0.00000000e+00  1.00000000e+00  0.00000000e+00  1.00000000e+00  1.00000000e+00 
 5.34560000e-09  1.00000000e+00  0.00000000e+00  1.00000000e+00  0.00000000e+00  1.00000000e+00  1.00000000e+00 
 5.36560000e-09  1.00000000e+00  0.00000000e+00  1.00000000e+00  0.00000000e+00  1.00000000e+00  1.00000000e+00 
 5.38560000e-09  1.00000000e+00  0.00000000e+00  1.00000000e+00  0.00000000e+00  1.00000000e+00  1.00000000e+00 
 5.40560000e-09  1.00000000e+00  0.00000000e+00  1.00000000e+00  0.00000000e+00  1.00000000e+00  1.00000000e+00 
 5.42560000e-09  1.00000000e+00  0.00000000e+00  1.00000000e+00  0.00000000e+00  1.00000000e+00  1.00000000e+00 
 5.44560000e-09  1.00000000e+00  0.00000000e+00  1.00000000e+00  0.00000000e+00  1.00000000e+00  1.00000000e+00 
 5.46560000e-09  1.00000000e+00  0.00000000e+00  1.00000000e+00  0.00000000e+00  1.00000000e+00  1.00000000e+00 
 5.48560000e-09  1.00000000e+00  0.00000000e+00  1.00000000e+00  0.00000000e+00  1.00000000e+00  1.00000000e+00 
 5.50560000e-09  1.00000000e+00  0.00000000e+00  1.00000000e+00  0.00000000e+00  1.00000000e+00  1.00000000e+00 
 5.52560000e-09  1.00000000e+00  0.00000000e+00  1.00000000e+00  0.00000000e+00  1.00000000e+00  1.00000000e+00 
 5.54560000e-09  1.00000000e+00  0.00000000e+00  1.00000000e+00  0.00000000e+00  1.00000000e+00  1.00000000e+00 
 5.56560000e-09  1.00000000e+00  0.00000000e+00  1.00000000e+00  0.00000000e+00  1.00000000e+00  1.00000000e+00 
 5.58560000e-09  1.00000000e+00  0.00000000e+00  1.00000000e+00  0.00000000e+00  1.00000000e+00  1.00000000e+00 
 5.60560000e-09  1.00000000e+00  0.00000000e+00  1.00000000e+00  0.00000000e+00  1.00000000e+00  1.00000000e+00 
 5.62560000e-09  1.00000000e+00  0.00000000e+00  1.00000000e+00  0.00000000e+00  1.00000000e+00  1.00000000e+00 
 5.64560000e-09  1.00000000e+00  0.00000000e+00  1.00000000e+00  0.00000000e+00  1.00000000e+00  1.00000000e+00 
 5.66560000e-09  1.00000000e+00  0.00000000e+00  1.00000000e+00  0.00000000e+00  1.00000000e+00  1.00000000e+00 
 5.68560000e-09  1.00000000e+00  0.00000000e+00  1.00000000e+00  0.00000000e+00  1.00000000e+00  1.00000000e+00 
 5.70560000e-09  1.00000000e+00  0.00000000e+00  1.00000000e+00  0.00000000e+00  1.00000000e+00  1.00000000e+00 
 5.72560000e-09  1.00000000e+00  0.00000000e+00  1.00000000e+00  0.00000000e+00  1.00000000e+00  1.00000000e+00 
 5.74560000e-09  1.00000000e+00  0.00000000e+00  1.00000000e+00  0.00000000e+00  1.00000000e+00  1.00000000e+00 
 5.76560000e-09  1.00000000e+00  0.00000000e+00  1.00000000e+00  0.00000000e+00  1.00000000e+00  1.00000000e+00 
 5.78560000e-09  1.00000000e+00  0.00000000e+00  1.00000000e+00  0.00000000e+00  1.00000000e+00  1.00000000e+00 
 5.80560000e-09  1.00000000e+00  0.00000000e+00  1.00000000e+00  0.00000000e+00  1.00000000e+00  1.00000000e+00 
 5.82560000e-09  1.00000000e+00  0.00000000e+00  1.00000000e+00  0.00000000e+00  1.00000000e+00  1.00000000e+00 
 5.84560000e-09  1.00000000e+00  0.00000000e+00  1.00000000e+00  0.00000000e+00  1.00000000e+00  1.00000000e+00 
 5.86560000e-09  1.00000000e+00  0.00000000e+00  1.00000000e+00  0.00000000e+00  1.00000000e+00  1.00000000e+00 
 5.88560000e-09  1.00000000e+00  0.00000000e+00  1.00000000e+00  0.00000000e+00  1.00000000e+00  1.00000000e+00 
 5.90560000e-09  1.00000000e+00  0.00000000e+00  1.00000000e+00  0.00000000e+00  1.00000000e+00  1.00000000e+00 
 5.92560000e-09  1.00000000e+00  0.00000000e+00  1.00000000e+00  0.00000000e+00  1.00000000e+00  1.00000000e+00 
 5.94560000e-09  1.00000000e+00  0.00000000e+00  1.00000000e+00  0.00000000e+00  1.00000000e+00  1.00000000e+00 
 5.96560000e-09  1.00000000e+00  0.00000000e+00  1.00000000e+00  0.00000000e+00  1.00000000e+00  1.00000000e+00 
 5.98560000e-09  1.00000000e+00  0.00000000e+00  1.00000000e+00  0.00000000e+00  1.00000000e+00  1.00000000e+00 
 6.00560000e-09  1.00000000e+00  0.00000000e+00  1.00000000e+00  0.00000000e+00  1.00000000e+00  1.00000000e+00 
 6.02560000e-09  1.00000000e+00  0.00000000e+00  1.00000000e+00  0.00000000e+00  1.00000000e+00  1.00000000e+00 
 6.04560000e-09  1.00000000e+00  0.00000000e+00  1.00000000e+00  0.00000000e+00  1.00000000e+00  1.00000000e+00 
 6.06560000e-09  1.00000000e+00  0.00000000e+00  1.00000000e+00  0.00000000e+00  1.00000000e+00  1.00000000e+00 
 6.08560000e-09  1.00000000e+00  0.00000000e+00  1.00000000e+00  0.00000000e+00  1.00000000e+00  1.00000000e+00 
 6.10560000e-09  1.00000000e+00  0.00000000e+00  1.00000000e+00  0.00000000e+00  1.00000000e+00  1.00000000e+00 
 6.12560000e-09  1.00000000e+00  0.00000000e+00  1.00000000e+00  0.00000000e+00  1.00000000e+00  1.00000000e+00 
 6.14560000e-09  1.00000000e+00  0.00000000e+00  1.00000000e+00  0.00000000e+00  1.00000000e+00  1.00000000e+00 
 6.16560000e-09  1.00000000e+00  0.00000000e+00  1.00000000e+00  0.00000000e+00  1.00000000e+00  1.00000000e+00 
 6.18560000e-09  1.00000000e+00  0.00000000e+00  1.00000000e+00  0.00000000e+00  1.00000000e+00  1.00000000e+00 
 6.20560000e-09  1.00000000e+00  0.00000000e+00  1.00000000e+00  0.00000000e+00  1.00000000e+00  1.00000000e+00 
 6.22560000e-09  1.00000000e+00  0.00000000e+00  1.00000000e+00  0.00000000e+00  1.00000000e+00  1.00000000e+00 
 6.24560000e-09  1.00000000e+00  0.00000000e+00  1.00000000e+00  0.00000000e+00  1.00000000e+00  1.00000000e+00 
 6.26560000e-09  1.00000000e+00  0.00000000e+00  1.00000000e+00  0.00000000e+00  1.00000000e+00  1.00000000e+00 
 6.28560000e-09  1.00000000e+00  0.00000000e+00  1.00000000e+00  0.00000000e+00  1.00000000e+00  1.00000000e+00 
 6.30560000e-09  1.00000000e+00  0.00000000e+00  1.00000000e+00  0.00000000e+00  1.00000000e+00  1.00000000e+00 
 6.32560000e-09  1.00000000e+00  0.00000000e+00  1.00000000e+00  0.00000000e+00  1.00000000e+00  1.00000000e+00 
 6.34560000e-09  1.00000000e+00  0.00000000e+00  1.00000000e+00  0.00000000e+00  1.00000000e+00  1.00000000e+00 
 6.36560000e-09  1.00000000e+00  0.00000000e+00  1.00000000e+00  0.00000000e+00  1.00000000e+00  1.00000000e+00 
 6.38560000e-09  1.00000000e+00  0.00000000e+00  1.00000000e+00  0.00000000e+00  1.00000000e+00  1.00000000e+00 
 6.40560000e-09  1.00000000e+00  0.00000000e+00  1.00000000e+00  0.00000000e+00  1.00000000e+00  1.00000000e+00 
 6.42560000e-09  1.00000000e+00  0.00000000e+00  1.00000000e+00  0.00000000e+00  1.00000000e+00  1.00000000e+00 
 6.44560000e-09  1.00000000e+00  0.00000000e+00  1.00000000e+00  0.00000000e+00  1.00000000e+00  1.00000000e+00 
 6.46560000e-09  1.00000000e+00  0.00000000e+00  1.00000000e+00  0.00000000e+00  1.00000000e+00  1.00000000e+00 
 6.48560000e-09  1.00000000e+00  0.00000000e+00  1.00000000e+00  0.00000000e+00  1.00000000e+00  1.00000000e+00 
 6.50560000e-09  1.00000000e+00  0.00000000e+00  1.00000000e+00  0.00000000e+00  1.00000000e+00  1.00000000e+00 
 6.52560000e-09  1.00000000e+00  0.00000000e+00  1.00000000e+00  0.00000000e+00  1.00000000e+00  1.00000000e+00 
 6.54560000e-09  1.00000000e+00  0.00000000e+00  1.00000000e+00  0.00000000e+00  1.00000000e+00  1.00000000e+00 
 6.56560000e-09  1.00000000e+00  0.00000000e+00  1.00000000e+00  0.00000000e+00  1.00000000e+00  1.00000000e+00 
 6.58560000e-09  1.00000000e+00  0.00000000e+00  1.00000000e+00  0.00000000e+00  1.00000000e+00  1.00000000e+00 
 6.60560000e-09  1.00000000e+00  0.00000000e+00  1.00000000e+00  0.00000000e+00  1.00000000e+00  1.00000000e+00 
 6.62560000e-09  1.00000000e+00  0.00000000e+00  1.00000000e+00  0.00000000e+00  1.00000000e+00  1.00000000e+00 
 6.64560000e-09  1.00000000e+00  0.00000000e+00  1.00000000e+00  0.00000000e+00  1.00000000e+00  1.00000000e+00 
 6.66560000e-09  1.00000000e+00  0.00000000e+00  1.00000000e+00  0.00000000e+00  1.00000000e+00  1.00000000e+00 
 6.68560000e-09  1.00000000e+00  0.00000000e+00  1.00000000e+00  0.00000000e+00  1.00000000e+00  1.00000000e+00 
 6.70560000e-09  1.00000000e+00  0.00000000e+00  1.00000000e+00  0.00000000e+00  1.00000000e+00  1.00000000e+00 
 6.72560000e-09  1.00000000e+00  0.00000000e+00  1.00000000e+00  0.00000000e+00  1.00000000e+00  1.00000000e+00 
 6.74560000e-09  1.00000000e+00  0.00000000e+00  1.00000000e+00  0.00000000e+00  1.00000000e+00  1.00000000e+00 
 6.76560000e-09  1.00000000e+00  0.00000000e+00  1.00000000e+00  0.00000000e+00  1.00000000e+00  1.00000000e+00 
 6.78560000e-09  1.00000000e+00  0.00000000e+00  1.00000000e+00  0.00000000e+00  1.00000000e+00  1.00000000e+00 
 6.80560000e-09  1.00000000e+00  0.00000000e+00  1.00000000e+00  0.00000000e+00  1.00000000e+00  1.00000000e+00 
 6.82560000e-09  1.00000000e+00  0.00000000e+00  1.00000000e+00  0.00000000e+00  1.00000000e+00  1.00000000e+00 
 6.84560000e-09  1.00000000e+00  0.00000000e+00  1.00000000e+00  0.00000000e+00  1.00000000e+00  1.00000000e+00 
 6.86560000e-09  1.00000000e+00  0.00000000e+00  1.00000000e+00  0.00000000e+00  1.00000000e+00  1.00000000e+00 
 6.88560000e-09  1.00000000e+00  0.00000000e+00  1.00000000e+00  0.00000000e+00  1.00000000e+00  1.00000000e+00 
 6.90560000e-09  1.00000000e+00  0.00000000e+00  1.00000000e+00  0.00000000e+00  1.00000000e+00  1.00000000e+00 
 6.92560000e-09  1.00000000e+00  0.00000000e+00  1.00000000e+00  0.00000000e+00  1.00000000e+00  1.00000000e+00 
 6.94560000e-09  1.00000000e+00  0.00000000e+00  1.00000000e+00  0.00000000e+00  1.00000000e+00  1.00000000e+00 
 6.96560000e-09  1.00000000e+00  0.00000000e+00  1.00000000e+00  0.00000000e+00  1.00000000e+00  1.00000000e+00 
 6.98560000e-09  1.00000000e+00  0.00000000e+00  1.00000000e+00  0.00000000e+00  1.00000000e+00  1.00000000e+00 
 7.00560000e-09  1.00000000e+00  0.00000000e+00  1.00000000e+00  0.00000000e+00  1.00000000e+00  1.00000000e+00 
 7.02560000e-09  1.00000000e+00  0.00000000e+00  1.00000000e+00  0.00000000e+00  1.00000000e+00  1.00000000e+00 
 7.04560000e-09  1.00000000e+00  0.00000000e+00  1.00000000e+00  0.00000000e+00  1.00000000e+00  1.00000000e+00 
 7.06560000e-09  1.00000000e+00  0.00000000e+00  1.00000000e+00  0.00000000e+00  1.00000000e+00  1.00000000e+00 
 7.08560000e-09  1.00000000e+00  0.00000000e+00  1.00000000e+00  0.00000000e+00  1.00000000e+00  1.00000000e+00 
 7.10560000e-09  1.00000000e+00  0.00000000e+00  1.00000000e+00  0.00000000e+00  1.00000000e+00  1.00000000e+00 
 7.12560000e-09  1.00000000e+00  0.00000000e+00  1.00000000e+00  0.00000000e+00  1.00000000e+00  1.00000000e+00 
 7.14560000e-09  1.00000000e+00  0.00000000e+00  1.00000000e+00  0.00000000e+00  1.00000000e+00  1.00000000e+00 
 7.16560000e-09  1.00000000e+00  0.00000000e+00  1.00000000e+00  0.00000000e+00  1.00000000e+00  1.00000000e+00 
 7.18560000e-09  1.00000000e+00  0.00000000e+00  1.00000000e+00  0.00000000e+00  1.00000000e+00  1.00000000e+00 
 7.20560000e-09  1.00000000e+00  0.00000000e+00  1.00000000e+00  0.00000000e+00  1.00000000e+00  1.00000000e+00 
 7.22560000e-09  1.00000000e+00  0.00000000e+00  1.00000000e+00  0.00000000e+00  1.00000000e+00  1.00000000e+00 
 7.24560000e-09  1.00000000e+00  0.00000000e+00  1.00000000e+00  0.00000000e+00  1.00000000e+00  1.00000000e+00 
 7.26560000e-09  1.00000000e+00  0.00000000e+00  1.00000000e+00  0.00000000e+00  1.00000000e+00  1.00000000e+00 
 7.28560000e-09  1.00000000e+00  0.00000000e+00  1.00000000e+00  0.00000000e+00  1.00000000e+00  1.00000000e+00 
 7.30560000e-09  1.00000000e+00  0.00000000e+00  1.00000000e+00  0.00000000e+00  1.00000000e+00  1.00000000e+00 
 7.32560000e-09  1.00000000e+00  0.00000000e+00  1.00000000e+00  0.00000000e+00  1.00000000e+00  1.00000000e+00 
 7.34560000e-09  1.00000000e+00  0.00000000e+00  1.00000000e+00  0.00000000e+00  1.00000000e+00  1.00000000e+00 
 7.36560000e-09  1.00000000e+00  0.00000000e+00  1.00000000e+00  0.00000000e+00  1.00000000e+00  1.00000000e+00 
 7.38560000e-09  1.00000000e+00  0.00000000e+00  1.00000000e+00  0.00000000e+00  1.00000000e+00  1.00000000e+00 
 7.40560000e-09  1.00000000e+00  0.00000000e+00  1.00000000e+00  0.00000000e+00  1.00000000e+00  1.00000000e+00 
 7.42560000e-09  1.00000000e+00  0.00000000e+00  1.00000000e+00  0.00000000e+00  1.00000000e+00  1.00000000e+00 
 7.44560000e-09  1.00000000e+00  0.00000000e+00  1.00000000e+00  0.00000000e+00  1.00000000e+00  1.00000000e+00 
 7.46560000e-09  1.00000000e+00  0.00000000e+00  1.00000000e+00  0.00000000e+00  1.00000000e+00  1.00000000e+00 
 7.48560000e-09  1.00000000e+00  0.00000000e+00  1.00000000e+00  0.00000000e+00  1.00000000e+00  1.00000000e+00 
 7.50560000e-09  1.00000000e+00  0.00000000e+00  1.00000000e+00  0.00000000e+00  1.00000000e+00  1.00000000e+00 
 7.52560000e-09  1.00000000e+00  0.00000000e+00  1.00000000e+00  0.00000000e+00  1.00000000e+00  1.00000000e+00 
 7.54560000e-09  1.00000000e+00  0.00000000e+00  1.00000000e+00  0.00000000e+00  1.00000000e+00  1.00000000e+00 
 7.56560000e-09  1.00000000e+00  0.00000000e+00  1.00000000e+00  0.00000000e+00  1.00000000e+00  1.00000000e+00 
 7.58560000e-09  1.00000000e+00  0.00000000e+00  1.00000000e+00  0.00000000e+00  1.00000000e+00  1.00000000e+00 
 7.60560000e-09  1.00000000e+00  0.00000000e+00  1.00000000e+00  0.00000000e+00  1.00000000e+00  1.00000000e+00 
 7.62560000e-09  1.00000000e+00  0.00000000e+00  1.00000000e+00  0.00000000e+00  1.00000000e+00  1.00000000e+00 
 7.64560000e-09  1.00000000e+00  0.00000000e+00  1.00000000e+00  0.00000000e+00  1.00000000e+00  1.00000000e+00 
 7.66560000e-09  1.00000000e+00  0.00000000e+00  1.00000000e+00  0.00000000e+00  1.00000000e+00  1.00000000e+00 
 7.68560000e-09  1.00000000e+00  0.00000000e+00  1.00000000e+00  0.00000000e+00  1.00000000e+00  1.00000000e+00 
 7.70560000e-09  1.00000000e+00  0.00000000e+00  1.00000000e+00  0.00000000e+00  1.00000000e+00  1.00000000e+00 
 7.72560000e-09  1.00000000e+00  0.00000000e+00  1.00000000e+00  0.00000000e+00  1.00000000e+00  1.00000000e+00 
 7.74560000e-09  1.00000000e+00  0.00000000e+00  1.00000000e+00  0.00000000e+00  1.00000000e+00  1.00000000e+00 
 7.76560000e-09  1.00000000e+00  0.00000000e+00  1.00000000e+00  0.00000000e+00  1.00000000e+00  1.00000000e+00 
 7.78560000e-09  1.00000000e+00  0.00000000e+00  1.00000000e+00  0.00000000e+00  1.00000000e+00  1.00000000e+00 
 7.80560000e-09  1.00000000e+00  0.00000000e+00  1.00000000e+00  0.00000000e+00  1.00000000e+00  1.00000000e+00 
 7.82560000e-09  1.00000000e+00  0.00000000e+00  1.00000000e+00  0.00000000e+00  1.00000000e+00  1.00000000e+00 
 7.84560000e-09  1.00000000e+00  0.00000000e+00  1.00000000e+00  0.00000000e+00  1.00000000e+00  1.00000000e+00 
 7.86560000e-09  1.00000000e+00  0.00000000e+00  1.00000000e+00  0.00000000e+00  1.00000000e+00  1.00000000e+00 
 7.88560000e-09  1.00000000e+00  0.00000000e+00  1.00000000e+00  0.00000000e+00  1.00000000e+00  1.00000000e+00 
 7.90560000e-09  1.00000000e+00  0.00000000e+00  1.00000000e+00  0.00000000e+00  1.00000000e+00  1.00000000e+00 
 7.92560000e-09  1.00000000e+00  0.00000000e+00  1.00000000e+00  0.00000000e+00  1.00000000e+00  1.00000000e+00 
 7.94560000e-09  1.00000000e+00  0.00000000e+00  1.00000000e+00  0.00000000e+00  1.00000000e+00  1.00000000e+00 
 7.96560000e-09  1.00000000e+00  0.00000000e+00  1.00000000e+00  0.00000000e+00  1.00000000e+00  1.00000000e+00 
 7.98560000e-09  1.00000000e+00  0.00000000e+00  1.00000000e+00  0.00000000e+00  1.00000000e+00  1.00000000e+00 
 8.00560000e-09  1.00000000e+00  0.00000000e+00  1.00000000e+00  0.00000000e+00  1.00000000e+00  1.00000000e+00 
 8.02560000e-09  1.00000000e+00  0.00000000e+00  1.00000000e+00  0.00000000e+00  1.00000000e+00  1.00000000e+00 
 8.04560000e-09  1.00000000e+00  0.00000000e+00  1.00000000e+00  0.00000000e+00  1.00000000e+00  1.00000000e+00 
 8.06560000e-09  1.00000000e+00  0.00000000e+00  1.00000000e+00  0.00000000e+00  1.00000000e+00  1.00000000e+00 
 8.08560000e-09  1.00000000e+00  0.00000000e+00  1.00000000e+00  0.00000000e+00  1.00000000e+00  1.00000000e+00 
 8.10560000e-09  1.00000000e+00  0.00000000e+00  1.00000000e+00  0.00000000e+00  1.00000000e+00  1.00000000e+00 
 8.12560000e-09  1.00000000e+00  0.00000000e+00  1.00000000e+00  0.00000000e+00  1.00000000e+00  1.00000000e+00 
 8.14560000e-09  1.00000000e+00  0.00000000e+00  1.00000000e+00  0.00000000e+00  1.00000000e+00  1.00000000e+00 
 8.16560000e-09  1.00000000e+00  0.00000000e+00  1.00000000e+00  0.00000000e+00  1.00000000e+00  1.00000000e+00 
 8.18560000e-09  1.00000000e+00  0.00000000e+00  1.00000000e+00  0.00000000e+00  1.00000000e+00  1.00000000e+00 
 8.20560000e-09  1.00000000e+00  0.00000000e+00  1.00000000e+00  0.00000000e+00  1.00000000e+00  1.00000000e+00 
 8.22560000e-09  1.00000000e+00  0.00000000e+00  1.00000000e+00  0.00000000e+00  1.00000000e+00  1.00000000e+00 
 8.24560000e-09  1.00000000e+00  0.00000000e+00  1.00000000e+00  0.00000000e+00  1.00000000e+00  1.00000000e+00 
 8.26560000e-09  1.00000000e+00  0.00000000e+00  1.00000000e+00  0.00000000e+00  1.00000000e+00  1.00000000e+00 
 8.28560000e-09  1.00000000e+00  0.00000000e+00  1.00000000e+00  0.00000000e+00  1.00000000e+00  1.00000000e+00 
 8.30560000e-09  1.00000000e+00  0.00000000e+00  1.00000000e+00  0.00000000e+00  1.00000000e+00  1.00000000e+00 
 8.32560000e-09  1.00000000e+00  0.00000000e+00  1.00000000e+00  0.00000000e+00  1.00000000e+00  1.00000000e+00 
 8.34560000e-09  1.00000000e+00  0.00000000e+00  1.00000000e+00  0.00000000e+00  1.00000000e+00  1.00000000e+00 
 8.36560000e-09  1.00000000e+00  0.00000000e+00  1.00000000e+00  0.00000000e+00  1.00000000e+00  1.00000000e+00 
 8.38560000e-09  1.00000000e+00  0.00000000e+00  1.00000000e+00  0.00000000e+00  1.00000000e+00  1.00000000e+00 
 8.40560000e-09  1.00000000e+00  0.00000000e+00  1.00000000e+00  0.00000000e+00  1.00000000e+00  1.00000000e+00 
 8.42560000e-09  1.00000000e+00  0.00000000e+00  1.00000000e+00  0.00000000e+00  1.00000000e+00  1.00000000e+00 
 8.44560000e-09  1.00000000e+00  0.00000000e+00  1.00000000e+00  0.00000000e+00  1.00000000e+00  1.00000000e+00 
 8.46560000e-09  1.00000000e+00  0.00000000e+00  1.00000000e+00  0.00000000e+00  1.00000000e+00  1.00000000e+00 
 8.48560000e-09  1.00000000e+00  0.00000000e+00  1.00000000e+00  0.00000000e+00  1.00000000e+00  1.00000000e+00 
 8.50560000e-09  1.00000000e+00  0.00000000e+00  1.00000000e+00  0.00000000e+00  1.00000000e+00  1.00000000e+00 
 8.52560000e-09  1.00000000e+00  0.00000000e+00  1.00000000e+00  0.00000000e+00  1.00000000e+00  1.00000000e+00 
 8.54560000e-09  1.00000000e+00  0.00000000e+00  1.00000000e+00  0.00000000e+00  1.00000000e+00  1.00000000e+00 
 8.56560000e-09  1.00000000e+00  0.00000000e+00  1.00000000e+00  0.00000000e+00  1.00000000e+00  1.00000000e+00 
 8.58560000e-09  1.00000000e+00  0.00000000e+00  1.00000000e+00  0.00000000e+00  1.00000000e+00  1.00000000e+00 
 8.60560000e-09  1.00000000e+00  0.00000000e+00  1.00000000e+00  0.00000000e+00  1.00000000e+00  1.00000000e+00 
 8.62560000e-09  1.00000000e+00  0.00000000e+00  1.00000000e+00  0.00000000e+00  1.00000000e+00  1.00000000e+00 
 8.64560000e-09  1.00000000e+00  0.00000000e+00  1.00000000e+00  0.00000000e+00  1.00000000e+00  1.00000000e+00 
 8.66560000e-09  1.00000000e+00  0.00000000e+00  1.00000000e+00  0.00000000e+00  1.00000000e+00  1.00000000e+00 
 8.68560000e-09  1.00000000e+00  0.00000000e+00  1.00000000e+00  0.00000000e+00  1.00000000e+00  1.00000000e+00 
 8.70560000e-09  1.00000000e+00  0.00000000e+00  1.00000000e+00  0.00000000e+00  1.00000000e+00  1.00000000e+00 
 8.72560000e-09  1.00000000e+00  0.00000000e+00  1.00000000e+00  0.00000000e+00  1.00000000e+00  1.00000000e+00 
 8.74560000e-09  1.00000000e+00  0.00000000e+00  1.00000000e+00  0.00000000e+00  1.00000000e+00  1.00000000e+00 
 8.76560000e-09  1.00000000e+00  0.00000000e+00  1.00000000e+00  0.00000000e+00  1.00000000e+00  1.00000000e+00 
 8.78560000e-09  1.00000000e+00  0.00000000e+00  1.00000000e+00  0.00000000e+00  1.00000000e+00  1.00000000e+00 
 8.80560000e-09  1.00000000e+00  0.00000000e+00  1.00000000e+00  0.00000000e+00  1.00000000e+00  1.00000000e+00 
 8.82560000e-09  1.00000000e+00  0.00000000e+00  1.00000000e+00  0.00000000e+00  1.00000000e+00  1.00000000e+00 
 8.84560000e-09  1.00000000e+00  0.00000000e+00  1.00000000e+00  0.00000000e+00  1.00000000e+00  1.00000000e+00 
 8.86560000e-09  1.00000000e+00  0.00000000e+00  1.00000000e+00  0.00000000e+00  1.00000000e+00  1.00000000e+00 
 8.88560000e-09  1.00000000e+00  0.00000000e+00  1.00000000e+00  0.00000000e+00  1.00000000e+00  1.00000000e+00 
 8.90560000e-09  1.00000000e+00  0.00000000e+00  1.00000000e+00  0.00000000e+00  1.00000000e+00  1.00000000e+00 
 8.92560000e-09  1.00000000e+00  0.00000000e+00  1.00000000e+00  0.00000000e+00  1.00000000e+00  1.00000000e+00 
 8.94560000e-09  1.00000000e+00  0.00000000e+00  1.00000000e+00  0.00000000e+00  1.00000000e+00  1.00000000e+00 
 8.96560000e-09  1.00000000e+00  0.00000000e+00  1.00000000e+00  0.00000000e+00  1.00000000e+00  1.00000000e+00 
 8.98560000e-09  1.00000000e+00  0.00000000e+00  1.00000000e+00  0.00000000e+00  1.00000000e+00  1.00000000e+00 
 9.00560000e-09  1.00000000e+00  0.00000000e+00  1.00000000e+00  0.00000000e+00  1.00000000e+00  1.00000000e+00 
 9.02560000e-09  1.00000000e+00  0.00000000e+00  1.00000000e+00  0.00000000e+00  1.00000000e+00  1.00000000e+00 
 9.04560000e-09  1.00000000e+00  0.00000000e+00  1.00000000e+00  0.00000000e+00  1.00000000e+00  1.00000000e+00 
 9.06560000e-09  1.00000000e+00  0.00000000e+00  1.00000000e+00  0.00000000e+00  1.00000000e+00  1.00000000e+00 
 9.08560000e-09  1.00000000e+00  0.00000000e+00  1.00000000e+00  0.00000000e+00  1.00000000e+00  1.00000000e+00 
 9.10560000e-09  1.00000000e+00  0.00000000e+00  1.00000000e+00  0.00000000e+00  1.00000000e+00  1.00000000e+00 
 9.12560000e-09  1.00000000e+00  0.00000000e+00  1.00000000e+00  0.00000000e+00  1.00000000e+00  1.00000000e+00 
 9.14560000e-09  1.00000000e+00  0.00000000e+00  1.00000000e+00  0.00000000e+00  1.00000000e+00  1.00000000e+00 
 9.16560000e-09  1.00000000e+00  0.00000000e+00  1.00000000e+00  0.00000000e+00  1.00000000e+00  1.00000000e+00 
 9.18560000e-09  1.00000000e+00  0.00000000e+00  1.00000000e+00  0.00000000e+00  1.00000000e+00  1.00000000e+00 
 9.20560000e-09  1.00000000e+00  0.00000000e+00  1.00000000e+00  0.00000000e+00  1.00000000e+00  1.00000000e+00 
 9.22560000e-09  1.00000000e+00  0.00000000e+00  1.00000000e+00  0.00000000e+00  1.00000000e+00  1.00000000e+00 
 9.24560000e-09  1.00000000e+00  0.00000000e+00  1.00000000e+00  0.00000000e+00  1.00000000e+00  1.00000000e+00 
 9.26560000e-09  1.00000000e+00  0.00000000e+00  1.00000000e+00  0.00000000e+00  1.00000000e+00  1.00000000e+00 
 9.28560000e-09  1.00000000e+00  0.00000000e+00  1.00000000e+00  0.00000000e+00  1.00000000e+00  1.00000000e+00 
 9.30560000e-09  1.00000000e+00  0.00000000e+00  1.00000000e+00  0.00000000e+00  1.00000000e+00  1.00000000e+00 
 9.32560000e-09  1.00000000e+00  0.00000000e+00  1.00000000e+00  0.00000000e+00  1.00000000e+00  1.00000000e+00 
 9.34560000e-09  1.00000000e+00  0.00000000e+00  1.00000000e+00  0.00000000e+00  1.00000000e+00  1.00000000e+00 
 9.36560000e-09  1.00000000e+00  0.00000000e+00  1.00000000e+00  0.00000000e+00  1.00000000e+00  1.00000000e+00 
 9.38560000e-09  1.00000000e+00  0.00000000e+00  1.00000000e+00  0.00000000e+00  1.00000000e+00  1.00000000e+00 
 9.40560000e-09  1.00000000e+00  0.00000000e+00  1.00000000e+00  0.00000000e+00  1.00000000e+00  1.00000000e+00 
 9.42560000e-09  1.00000000e+00  0.00000000e+00  1.00000000e+00  0.00000000e+00  1.00000000e+00  1.00000000e+00 
 9.44560000e-09  1.00000000e+00  0.00000000e+00  1.00000000e+00  0.00000000e+00  1.00000000e+00  1.00000000e+00 
 9.46560000e-09  1.00000000e+00  0.00000000e+00  1.00000000e+00  0.00000000e+00  1.00000000e+00  1.00000000e+00 
 9.48560000e-09  1.00000000e+00  0.00000000e+00  1.00000000e+00  0.00000000e+00  1.00000000e+00  1.00000000e+00 
 9.50560000e-09  1.00000000e+00  0.00000000e+00  1.00000000e+00  0.00000000e+00  1.00000000e+00  1.00000000e+00 
 9.52560000e-09  1.00000000e+00  0.00000000e+00  1.00000000e+00  0.00000000e+00  1.00000000e+00  1.00000000e+00 
 9.54560000e-09  1.00000000e+00  0.00000000e+00  1.00000000e+00  0.00000000e+00  1.00000000e+00  1.00000000e+00 
 9.56560000e-09  1.00000000e+00  0.00000000e+00  1.00000000e+00  0.00000000e+00  1.00000000e+00  1.00000000e+00 
 9.58560000e-09  1.00000000e+00  0.00000000e+00  1.00000000e+00  0.00000000e+00  1.00000000e+00  1.00000000e+00 
 9.60560000e-09  1.00000000e+00  0.00000000e+00  1.00000000e+00  0.00000000e+00  1.00000000e+00  1.00000000e+00 
 9.62560000e-09  1.00000000e+00  0.00000000e+00  1.00000000e+00  0.00000000e+00  1.00000000e+00  1.00000000e+00 
 9.64560000e-09  1.00000000e+00  0.00000000e+00  1.00000000e+00  0.00000000e+00  1.00000000e+00  1.00000000e+00 
 9.66560000e-09  1.00000000e+00  0.00000000e+00  1.00000000e+00  0.00000000e+00  1.00000000e+00  1.00000000e+00 
 9.68560000e-09  1.00000000e+00  0.00000000e+00  1.00000000e+00  0.00000000e+00  1.00000000e+00  1.00000000e+00 
 9.70560000e-09  1.00000000e+00  0.00000000e+00  1.00000000e+00  0.00000000e+00  1.00000000e+00  1.00000000e+00 
 9.72560000e-09  1.00000000e+00  0.00000000e+00  1.00000000e+00  0.00000000e+00  1.00000000e+00  1.00000000e+00 
 9.74560000e-09  1.00000000e+00  0.00000000e+00  1.00000000e+00  0.00000000e+00  1.00000000e+00  1.00000000e+00 
 9.76560000e-09  1.00000000e+00  0.00000000e+00  1.00000000e+00  0.00000000e+00  1.00000000e+00  1.00000000e+00 
 9.78560000e-09  1.00000000e+00  0.00000000e+00  1.00000000e+00  0.00000000e+00  1.00000000e+00  1.00000000e+00 
 9.80560000e-09  1.00000000e+00  0.00000000e+00  1.00000000e+00  0.00000000e+00  1.00000000e+00  1.00000000e+00 
 9.82560000e-09  1.00000000e+00  0.00000000e+00  1.00000000e+00  0.00000000e+00  1.00000000e+00  1.00000000e+00 
 9.84560000e-09  1.00000000e+00  0.00000000e+00  1.00000000e+00  0.00000000e+00  1.00000000e+00  1.00000000e+00 
 9.86560000e-09  1.00000000e+00  0.00000000e+00  1.00000000e+00  0.00000000e+00  1.00000000e+00  1.00000000e+00 
 9.88560000e-09  1.00000000e+00  0.00000000e+00  1.00000000e+00  0.00000000e+00  1.00000000e+00  1.00000000e+00 
 9.90560000e-09  1.00000000e+00  0.00000000e+00  1.00000000e+00  0.00000000e+00  1.00000000e+00  1.00000000e+00 
 9.92560000e-09  1.00000000e+00  0.00000000e+00  1.00000000e+00  0.00000000e+00  1.00000000e+00  1.00000000e+00 
 9.94560000e-09  1.00000000e+00  0.00000000e+00  1.00000000e+00  0.00000000e+00  1.00000000e+00  1.00000000e+00 
 9.96560000e-09  1.00000000e+00  0.00000000e+00  1.00000000e+00  0.00000000e+00  1.00000000e+00  1.00000000e+00 
 9.98560000e-09  1.00000000e+00  0.00000000e+00  1.00000000e+00  0.00000000e+00  1.00000000e+00  1.00000000e+00 
 1.00056000e-08  1.00000000e+00  0.00000000e+00  1.00000000e+00  0.00000000e+00  1.00000000e+00  1.00000000e+00 
 1.00256000e-08  1.00000000e+00  0.00000000e+00  1.00000000e+00  0.00000000e+00  1.00000000e+00  1.00000000e+00 
 1.00456000e-08  1.00000000e+00  0.00000000e+00  1.00000000e+00  0.00000000e+00  1.00000000e+00  1.00000000e+00 
 1.00656000e-08  1.00000000e+00  0.00000000e+00  1.00000000e+00  0.00000000e+00  1.00000000e+00  1.00000000e+00 
 1.00856000e-08  1.00000000e+00  0.00000000e+00  1.00000000e+00  0.00000000e+00  1.00000000e+00  1.00000000e+00 
 1.01056000e-08  1.00000000e+00  0.00000000e+00  1.00000000e+00  0.00000000e+00  1.00000000e+00  1.00000000e+00 
 1.01256000e-08  1.00000000e+00  0.00000000e+00  1.00000000e+00  0.00000000e+00  1.00000000e+00  1.00000000e+00 
 1.01456000e-08  1.00000000e+00  0.00000000e+00  1.00000000e+00  0.00000000e+00  1.00000000e+00  1.00000000e+00 
 1.01656000e-08  1.00000000e+00  0.00000000e+00  1.00000000e+00  0.00000000e+00  1.00000000e+00  1.00000000e+00 
 1.01856000e-08  1.00000000e+00  0.00000000e+00  1.00000000e+00  0.00000000e+00  1.00000000e+00  1.00000000e+00 
 1.02056000e-08  1.00000000e+00  0.00000000e+00  1.00000000e+00  0.00000000e+00  1.00000000e+00  1.00000000e+00 
 1.02256000e-08  1.00000000e+00  0.00000000e+00  1.00000000e+00  0.00000000e+00  1.00000000e+00  1.00000000e+00 
 1.02456000e-08  1.00000000e+00  0.00000000e+00  1.00000000e+00  0.00000000e+00  1.00000000e+00  1.00000000e+00 
 1.02656000e-08  1.00000000e+00  0.00000000e+00  1.00000000e+00  0.00000000e+00  1.00000000e+00  1.00000000e+00 
 1.02856000e-08  1.00000000e+00  0.00000000e+00  1.00000000e+00  0.00000000e+00  1.00000000e+00  1.00000000e+00 
 1.03056000e-08  1.00000000e+00  0.00000000e+00  1.00000000e+00  0.00000000e+00  1.00000000e+00  1.00000000e+00 
 1.03256000e-08  1.00000000e+00  0.00000000e+00  1.00000000e+00  0.00000000e+00  1.00000000e+00  1.00000000e+00 
 1.03456000e-08  1.00000000e+00  0.00000000e+00  1.00000000e+00  0.00000000e+00  1.00000000e+00  1.00000000e+00 
 1.03656000e-08  1.00000000e+00  0.00000000e+00  1.00000000e+00  0.00000000e+00  1.00000000e+00  1.00000000e+00 
 1.03856000e-08  1.00000000e+00  0.00000000e+00  1.00000000e+00  0.00000000e+00  1.00000000e+00  1.00000000e+00 
 1.04056000e-08  1.00000000e+00  0.00000000e+00  1.00000000e+00  0.00000000e+00  1.00000000e+00  1.00000000e+00 
 1.04256000e-08  1.00000000e+00  0.00000000e+00  1.00000000e+00  0.00000000e+00  1.00000000e+00  1.00000000e+00 
 1.04456000e-08  1.00000000e+00  0.00000000e+00  1.00000000e+00  0.00000000e+00  1.00000000e+00  1.00000000e+00 
 1.04656000e-08  1.00000000e+00  0.00000000e+00  1.00000000e+00  0.00000000e+00  1.00000000e+00  1.00000000e+00 
 1.04856000e-08  1.00000000e+00  0.00000000e+00  1.00000000e+00  0.00000000e+00  1.00000000e+00  1.00000000e+00 
 1.05056000e-08  1.00000000e+00  0.00000000e+00  1.00000000e+00  0.00000000e+00  1.00000000e+00  1.00000000e+00 
 1.05256000e-08  1.00000000e+00  0.00000000e+00  1.00000000e+00  0.00000000e+00  1.00000000e+00  1.00000000e+00 
 1.05456000e-08  1.00000000e+00  0.00000000e+00  1.00000000e+00  0.00000000e+00  1.00000000e+00  1.00000000e+00 
 1.05656000e-08  1.00000000e+00  0.00000000e+00  1.00000000e+00  0.00000000e+00  1.00000000e+00  1.00000000e+00 
 1.05856000e-08  1.00000000e+00  0.00000000e+00  1.00000000e+00  0.00000000e+00  1.00000000e+00  1.00000000e+00 
 1.06056000e-08  1.00000000e+00  0.00000000e+00  1.00000000e+00  0.00000000e+00  1.00000000e+00  1.00000000e+00 
 1.06256000e-08  1.00000000e+00  0.00000000e+00  1.00000000e+00  0.00000000e+00  1.00000000e+00  1.00000000e+00 
 1.06456000e-08  1.00000000e+00  0.00000000e+00  1.00000000e+00  0.00000000e+00  1.00000000e+00  1.00000000e+00 
 1.06656000e-08  1.00000000e+00  0.00000000e+00  1.00000000e+00  0.00000000e+00  1.00000000e+00  1.00000000e+00 
 1.06856000e-08  1.00000000e+00  0.00000000e+00  1.00000000e+00  0.00000000e+00  1.00000000e+00  1.00000000e+00 
 1.07056000e-08  1.00000000e+00  0.00000000e+00  1.00000000e+00  0.00000000e+00  1.00000000e+00  1.00000000e+00 
 1.07256000e-08  1.00000000e+00  0.00000000e+00  1.00000000e+00  0.00000000e+00  1.00000000e+00  1.00000000e+00 
 1.07456000e-08  1.00000000e+00  0.00000000e+00  1.00000000e+00  0.00000000e+00  1.00000000e+00  1.00000000e+00 
 1.07656000e-08  1.00000000e+00  0.00000000e+00  1.00000000e+00  0.00000000e+00  1.00000000e+00  1.00000000e+00 
 1.07856000e-08  1.00000000e+00  0.00000000e+00  1.00000000e+00  0.00000000e+00  1.00000000e+00  1.00000000e+00 
 1.08056000e-08  1.00000000e+00  0.00000000e+00  1.00000000e+00  0.00000000e+00  1.00000000e+00  1.00000000e+00 
 1.08256000e-08  1.00000000e+00  0.00000000e+00  1.00000000e+00  0.00000000e+00  1.00000000e+00  1.00000000e+00 
 1.08456000e-08  1.00000000e+00  0.00000000e+00  1.00000000e+00  0.00000000e+00  1.00000000e+00  1.00000000e+00 
 1.08656000e-08  1.00000000e+00  0.00000000e+00  1.00000000e+00  0.00000000e+00  1.00000000e+00  1.00000000e+00 
 1.08856000e-08  1.00000000e+00  0.00000000e+00  1.00000000e+00  0.00000000e+00  1.00000000e+00  1.00000000e+00 
 1.09056000e-08  1.00000000e+00  0.00000000e+00  1.00000000e+00  0.00000000e+00  1.00000000e+00  1.00000000e+00 
 1.09256000e-08  1.00000000e+00  0.00000000e+00  1.00000000e+00  0.00000000e+00  1.00000000e+00  1.00000000e+00 
 1.09456000e-08  1.00000000e+00  0.00000000e+00  1.00000000e+00  0.00000000e+00  1.00000000e+00  1.00000000e+00 
 1.09656000e-08  1.00000000e+00  0.00000000e+00  1.00000000e+00  0.00000000e+00  1.00000000e+00  1.00000000e+00 
 1.09856000e-08  1.00000000e+00  0.00000000e+00  1.00000000e+00  0.00000000e+00  1.00000000e+00  1.00000000e+00 
 1.10056000e-08  1.00000000e+00  0.00000000e+00  1.00000000e+00  0.00000000e+00  1.00000000e+00  1.00000000e+00 
 1.10256000e-08  1.00000000e+00  0.00000000e+00  1.00000000e+00  0.00000000e+00  1.00000000e+00  1.00000000e+00 
 1.10456000e-08  1.00000000e+00  0.00000000e+00  1.00000000e+00  0.00000000e+00  1.00000000e+00  1.00000000e+00 
 1.10656000e-08  1.00000000e+00  0.00000000e+00  1.00000000e+00  0.00000000e+00  1.00000000e+00  1.00000000e+00 
 1.10856000e-08  1.00000000e+00  0.00000000e+00  1.00000000e+00  0.00000000e+00  1.00000000e+00  1.00000000e+00 
 1.11056000e-08  1.00000000e+00  0.00000000e+00  1.00000000e+00  0.00000000e+00  1.00000000e+00  1.00000000e+00 
 1.11256000e-08  1.00000000e+00  0.00000000e+00  1.00000000e+00  0.00000000e+00  1.00000000e+00  1.00000000e+00 
 1.11456000e-08  1.00000000e+00  0.00000000e+00  1.00000000e+00  0.00000000e+00  1.00000000e+00  1.00000000e+00 
 1.11656000e-08  1.00000000e+00  0.00000000e+00  1.00000000e+00  0.00000000e+00  1.00000000e+00  1.00000000e+00 
 1.11856000e-08  1.00000000e+00  0.00000000e+00  1.00000000e+00  0.00000000e+00  1.00000000e+00  1.00000000e+00 
 1.12056000e-08  1.00000000e+00  0.00000000e+00  1.00000000e+00  0.00000000e+00  1.00000000e+00  1.00000000e+00 
 1.12256000e-08  1.00000000e+00  0.00000000e+00  1.00000000e+00  0.00000000e+00  1.00000000e+00  1.00000000e+00 
 1.12456000e-08  1.00000000e+00  0.00000000e+00  1.00000000e+00  0.00000000e+00  1.00000000e+00  1.00000000e+00 
 1.12656000e-08  1.00000000e+00  0.00000000e+00  1.00000000e+00  0.00000000e+00  1.00000000e+00  1.00000000e+00 
 1.12856000e-08  1.00000000e+00  0.00000000e+00  1.00000000e+00  0.00000000e+00  1.00000000e+00  1.00000000e+00 
 1.13056000e-08  1.00000000e+00  0.00000000e+00  1.00000000e+00  0.00000000e+00  1.00000000e+00  1.00000000e+00 
 1.13256000e-08  1.00000000e+00  0.00000000e+00  1.00000000e+00  0.00000000e+00  1.00000000e+00  1.00000000e+00 
 1.13456000e-08  1.00000000e+00  0.00000000e+00  1.00000000e+00  0.00000000e+00  1.00000000e+00  1.00000000e+00 
 1.13656000e-08  1.00000000e+00  0.00000000e+00  1.00000000e+00  0.00000000e+00  1.00000000e+00  1.00000000e+00 
 1.13856000e-08  1.00000000e+00  0.00000000e+00  1.00000000e+00  0.00000000e+00  1.00000000e+00  1.00000000e+00 
 1.14056000e-08  1.00000000e+00  0.00000000e+00  1.00000000e+00  0.00000000e+00  1.00000000e+00  1.00000000e+00 
 1.14256000e-08  1.00000000e+00  0.00000000e+00  1.00000000e+00  0.00000000e+00  1.00000000e+00  1.00000000e+00 
 1.14456000e-08  1.00000000e+00  0.00000000e+00  1.00000000e+00  0.00000000e+00  1.00000000e+00  1.00000000e+00 
 1.14656000e-08  1.00000000e+00  0.00000000e+00  1.00000000e+00  0.00000000e+00  1.00000000e+00  1.00000000e+00 
 1.14856000e-08  1.00000000e+00  0.00000000e+00  1.00000000e+00  0.00000000e+00  1.00000000e+00  1.00000000e+00 
 1.15056000e-08  1.00000000e+00  0.00000000e+00  1.00000000e+00  0.00000000e+00  1.00000000e+00  1.00000000e+00 
 1.15256000e-08  1.00000000e+00  0.00000000e+00  1.00000000e+00  0.00000000e+00  1.00000000e+00  1.00000000e+00 
 1.15456000e-08  1.00000000e+00  0.00000000e+00  1.00000000e+00  0.00000000e+00  1.00000000e+00  1.00000000e+00 
 1.15656000e-08  1.00000000e+00  0.00000000e+00  1.00000000e+00  0.00000000e+00  1.00000000e+00  1.00000000e+00 
 1.15856000e-08  1.00000000e+00  0.00000000e+00  1.00000000e+00  0.00000000e+00  1.00000000e+00  1.00000000e+00 
 1.16056000e-08  1.00000000e+00  0.00000000e+00  1.00000000e+00  0.00000000e+00  1.00000000e+00  1.00000000e+00 
 1.16256000e-08  1.00000000e+00  0.00000000e+00  1.00000000e+00  0.00000000e+00  1.00000000e+00  1.00000000e+00 
 1.16456000e-08  1.00000000e+00  0.00000000e+00  1.00000000e+00  0.00000000e+00  1.00000000e+00  1.00000000e+00 
 1.16656000e-08  1.00000000e+00  0.00000000e+00  1.00000000e+00  0.00000000e+00  1.00000000e+00  1.00000000e+00 
 1.16856000e-08  1.00000000e+00  0.00000000e+00  1.00000000e+00  0.00000000e+00  1.00000000e+00  1.00000000e+00 
 1.17056000e-08  1.00000000e+00  0.00000000e+00  1.00000000e+00  0.00000000e+00  1.00000000e+00  1.00000000e+00 
 1.17256000e-08  1.00000000e+00  0.00000000e+00  1.00000000e+00  0.00000000e+00  1.00000000e+00  1.00000000e+00 
 1.17456000e-08  1.00000000e+00  0.00000000e+00  1.00000000e+00  0.00000000e+00  1.00000000e+00  1.00000000e+00 
 1.17656000e-08  1.00000000e+00  0.00000000e+00  1.00000000e+00  0.00000000e+00  1.00000000e+00  1.00000000e+00 
 1.17856000e-08  1.00000000e+00  0.00000000e+00  1.00000000e+00  0.00000000e+00  1.00000000e+00  1.00000000e+00 
 1.18056000e-08  1.00000000e+00  0.00000000e+00  1.00000000e+00  0.00000000e+00  1.00000000e+00  1.00000000e+00 
 1.18256000e-08  1.00000000e+00  0.00000000e+00  1.00000000e+00  0.00000000e+00  1.00000000e+00  1.00000000e+00 
 1.18456000e-08  1.00000000e+00  0.00000000e+00  1.00000000e+00  0.00000000e+00  1.00000000e+00  1.00000000e+00 
 1.18656000e-08  1.00000000e+00  0.00000000e+00  1.00000000e+00  0.00000000e+00  1.00000000e+00  1.00000000e+00 
 1.18856000e-08  1.00000000e+00  0.00000000e+00  1.00000000e+00  0.00000000e+00  1.00000000e+00  1.00000000e+00 
 1.19056000e-08  1.00000000e+00  0.00000000e+00  1.00000000e+00  0.00000000e+00  1.00000000e+00  1.00000000e+00 
 1.19256000e-08  1.00000000e+00  0.00000000e+00  1.00000000e+00  0.00000000e+00  1.00000000e+00  1.00000000e+00 
 1.19456000e-08  1.00000000e+00  0.00000000e+00  1.00000000e+00  0.00000000e+00  1.00000000e+00  1.00000000e+00 
 1.19656000e-08  1.00000000e+00  0.00000000e+00  1.00000000e+00  0.00000000e+00  1.00000000e+00  1.00000000e+00 
 1.19856000e-08  1.00000000e+00  0.00000000e+00  1.00000000e+00  0.00000000e+00  1.00000000e+00  1.00000000e+00 
 1.20056000e-08  1.00000000e+00  0.00000000e+00  1.00000000e+00  0.00000000e+00  1.00000000e+00  1.00000000e+00 
 1.20256000e-08  1.00000000e+00  0.00000000e+00  1.00000000e+00  0.00000000e+00  1.00000000e+00  1.00000000e+00 
 1.20456000e-08  1.00000000e+00  0.00000000e+00  1.00000000e+00  0.00000000e+00  1.00000000e+00  1.00000000e+00 
 1.20656000e-08  1.00000000e+00  0.00000000e+00  1.00000000e+00  0.00000000e+00  1.00000000e+00  1.00000000e+00 
 1.20856000e-08  1.00000000e+00  0.00000000e+00  1.00000000e+00  0.00000000e+00  1.00000000e+00  1.00000000e+00 
 1.21056000e-08  1.00000000e+00  0.00000000e+00  1.00000000e+00  0.00000000e+00  1.00000000e+00  1.00000000e+00 
 1.21256000e-08  1.00000000e+00  0.00000000e+00  1.00000000e+00  0.00000000e+00  1.00000000e+00  1.00000000e+00 
 1.21456000e-08  1.00000000e+00  0.00000000e+00  1.00000000e+00  0.00000000e+00  1.00000000e+00  1.00000000e+00 
 1.21656000e-08  1.00000000e+00  0.00000000e+00  1.00000000e+00  0.00000000e+00  1.00000000e+00  1.00000000e+00 
 1.21856000e-08  1.00000000e+00  0.00000000e+00  1.00000000e+00  0.00000000e+00  1.00000000e+00  1.00000000e+00 
 1.22056000e-08  1.00000000e+00  0.00000000e+00  1.00000000e+00  0.00000000e+00  1.00000000e+00  1.00000000e+00 
 1.22256000e-08  1.00000000e+00  0.00000000e+00  1.00000000e+00  0.00000000e+00  1.00000000e+00  1.00000000e+00 
 1.22456000e-08  1.00000000e+00  0.00000000e+00  1.00000000e+00  0.00000000e+00  1.00000000e+00  1.00000000e+00 
 1.22656000e-08  1.00000000e+00  0.00000000e+00  1.00000000e+00  0.00000000e+00  1.00000000e+00  1.00000000e+00 
 1.22856000e-08  1.00000000e+00  0.00000000e+00  1.00000000e+00  0.00000000e+00  1.00000000e+00  1.00000000e+00 
 1.23056000e-08  1.00000000e+00  0.00000000e+00  1.00000000e+00  0.00000000e+00  1.00000000e+00  1.00000000e+00 
 1.23256000e-08  1.00000000e+00  0.00000000e+00  1.00000000e+00  0.00000000e+00  1.00000000e+00  1.00000000e+00 
 1.23456000e-08  1.00000000e+00  0.00000000e+00  1.00000000e+00  0.00000000e+00  1.00000000e+00  1.00000000e+00 
 1.23656000e-08  1.00000000e+00  0.00000000e+00  1.00000000e+00  0.00000000e+00  1.00000000e+00  1.00000000e+00 
 1.23856000e-08  1.00000000e+00  0.00000000e+00  1.00000000e+00  0.00000000e+00  1.00000000e+00  1.00000000e+00 
 1.24056000e-08  1.00000000e+00  0.00000000e+00  1.00000000e+00  0.00000000e+00  1.00000000e+00  1.00000000e+00 
 1.24256000e-08  1.00000000e+00  0.00000000e+00  1.00000000e+00  0.00000000e+00  1.00000000e+00  1.00000000e+00 
 1.24456000e-08  1.00000000e+00  0.00000000e+00  1.00000000e+00  0.00000000e+00  1.00000000e+00  1.00000000e+00 
 1.24656000e-08  1.00000000e+00  0.00000000e+00  1.00000000e+00  0.00000000e+00  1.00000000e+00  1.00000000e+00 
 1.24856000e-08  1.00000000e+00  0.00000000e+00  1.00000000e+00  0.00000000e+00  1.00000000e+00  1.00000000e+00 
 1.25056000e-08  1.00000000e+00  0.00000000e+00  1.00000000e+00  0.00000000e+00  1.00000000e+00  1.00000000e+00 
 1.25256000e-08  1.00000000e+00  0.00000000e+00  1.00000000e+00  0.00000000e+00  1.00000000e+00  1.00000000e+00 
 1.25456000e-08  1.00000000e+00  0.00000000e+00  1.00000000e+00  0.00000000e+00  1.00000000e+00  1.00000000e+00 
 1.25656000e-08  1.00000000e+00  0.00000000e+00  1.00000000e+00  0.00000000e+00  1.00000000e+00  1.00000000e+00 
 1.25856000e-08  1.00000000e+00  0.00000000e+00  1.00000000e+00  0.00000000e+00  1.00000000e+00  1.00000000e+00 
 1.26056000e-08  1.00000000e+00  0.00000000e+00  1.00000000e+00  0.00000000e+00  1.00000000e+00  1.00000000e+00 
 1.26256000e-08  1.00000000e+00  0.00000000e+00  1.00000000e+00  0.00000000e+00  1.00000000e+00  1.00000000e+00 
 1.26456000e-08  1.00000000e+00  0.00000000e+00  1.00000000e+00  0.00000000e+00  1.00000000e+00  1.00000000e+00 
 1.26656000e-08  1.00000000e+00  0.00000000e+00  1.00000000e+00  0.00000000e+00  1.00000000e+00  1.00000000e+00 
 1.26856000e-08  1.00000000e+00  0.00000000e+00  1.00000000e+00  0.00000000e+00  1.00000000e+00  1.00000000e+00 
 1.27056000e-08  1.00000000e+00  0.00000000e+00  1.00000000e+00  0.00000000e+00  1.00000000e+00  1.00000000e+00 
 1.27256000e-08  1.00000000e+00  0.00000000e+00  1.00000000e+00  0.00000000e+00  1.00000000e+00  1.00000000e+00 
 1.27456000e-08  1.00000000e+00  0.00000000e+00  1.00000000e+00  0.00000000e+00  1.00000000e+00  1.00000000e+00 
 1.27656000e-08  1.00000000e+00  0.00000000e+00  1.00000000e+00  0.00000000e+00  1.00000000e+00  1.00000000e+00 
 1.27856000e-08  1.00000000e+00  0.00000000e+00  1.00000000e+00  0.00000000e+00  1.00000000e+00  1.00000000e+00 
 1.28056000e-08  1.00000000e+00  0.00000000e+00  1.00000000e+00  0.00000000e+00  1.00000000e+00  1.00000000e+00 
 1.28256000e-08  1.00000000e+00  0.00000000e+00  1.00000000e+00  0.00000000e+00  1.00000000e+00  1.00000000e+00 
 1.28456000e-08  1.00000000e+00  0.00000000e+00  1.00000000e+00  0.00000000e+00  1.00000000e+00  1.00000000e+00 
 1.28656000e-08  1.00000000e+00  0.00000000e+00  1.00000000e+00  0.00000000e+00  1.00000000e+00  1.00000000e+00 
 1.28856000e-08  1.00000000e+00  0.00000000e+00  1.00000000e+00  0.00000000e+00  1.00000000e+00  1.00000000e+00 
 1.29056000e-08  1.00000000e+00  0.00000000e+00  1.00000000e+00  0.00000000e+00  1.00000000e+00  1.00000000e+00 
 1.29256000e-08  1.00000000e+00  0.00000000e+00  1.00000000e+00  0.00000000e+00  1.00000000e+00  1.00000000e+00 
 1.29456000e-08  1.00000000e+00  0.00000000e+00  1.00000000e+00  0.00000000e+00  1.00000000e+00  1.00000000e+00 
 1.29656000e-08  1.00000000e+00  0.00000000e+00  1.00000000e+00  0.00000000e+00  1.00000000e+00  1.00000000e+00 
 1.29856000e-08  1.00000000e+00  0.00000000e+00  1.00000000e+00  0.00000000e+00  1.00000000e+00  1.00000000e+00 
 1.30056000e-08  1.00000000e+00  0.00000000e+00  1.00000000e+00  0.00000000e+00  1.00000000e+00  1.00000000e+00 
 1.30256000e-08  1.00000000e+00  0.00000000e+00  1.00000000e+00  0.00000000e+00  1.00000000e+00  1.00000000e+00 
 1.30456000e-08  1.00000000e+00  0.00000000e+00  1.00000000e+00  0.00000000e+00  1.00000000e+00  1.00000000e+00 
 1.30656000e-08  1.00000000e+00  0.00000000e+00  1.00000000e+00  0.00000000e+00  1.00000000e+00  1.00000000e+00 
 1.30856000e-08  1.00000000e+00  0.00000000e+00  1.00000000e+00  0.00000000e+00  1.00000000e+00  1.00000000e+00 
 1.31056000e-08  1.00000000e+00  0.00000000e+00  1.00000000e+00  0.00000000e+00  1.00000000e+00  1.00000000e+00 
 1.31256000e-08  1.00000000e+00  0.00000000e+00  1.00000000e+00  0.00000000e+00  1.00000000e+00  1.00000000e+00 
 1.31456000e-08  1.00000000e+00  0.00000000e+00  1.00000000e+00  0.00000000e+00  1.00000000e+00  1.00000000e+00 
 1.31656000e-08  1.00000000e+00  0.00000000e+00  1.00000000e+00  0.00000000e+00  1.00000000e+00  1.00000000e+00 
 1.31856000e-08  1.00000000e+00  0.00000000e+00  1.00000000e+00  0.00000000e+00  1.00000000e+00  1.00000000e+00 
 1.32056000e-08  1.00000000e+00  0.00000000e+00  1.00000000e+00  0.00000000e+00  1.00000000e+00  1.00000000e+00 
 1.32256000e-08  1.00000000e+00  0.00000000e+00  1.00000000e+00  0.00000000e+00  1.00000000e+00  1.00000000e+00 
 1.32456000e-08  1.00000000e+00  0.00000000e+00  1.00000000e+00  0.00000000e+00  1.00000000e+00  1.00000000e+00 
 1.32656000e-08  1.00000000e+00  0.00000000e+00  1.00000000e+00  0.00000000e+00  1.00000000e+00  1.00000000e+00 
 1.32856000e-08  1.00000000e+00  0.00000000e+00  1.00000000e+00  0.00000000e+00  1.00000000e+00  1.00000000e+00 
 1.33056000e-08  1.00000000e+00  0.00000000e+00  1.00000000e+00  0.00000000e+00  1.00000000e+00  1.00000000e+00 
 1.33256000e-08  1.00000000e+00  0.00000000e+00  1.00000000e+00  0.00000000e+00  1.00000000e+00  1.00000000e+00 
 1.33456000e-08  1.00000000e+00  0.00000000e+00  1.00000000e+00  0.00000000e+00  1.00000000e+00  1.00000000e+00 
 1.33656000e-08  1.00000000e+00  0.00000000e+00  1.00000000e+00  0.00000000e+00  1.00000000e+00  1.00000000e+00 
 1.33856000e-08  1.00000000e+00  0.00000000e+00  1.00000000e+00  0.00000000e+00  1.00000000e+00  1.00000000e+00 
 1.34056000e-08  1.00000000e+00  0.00000000e+00  1.00000000e+00  0.00000000e+00  1.00000000e+00  1.00000000e+00 
 1.34256000e-08  1.00000000e+00  0.00000000e+00  1.00000000e+00  0.00000000e+00  1.00000000e+00  1.00000000e+00 
 1.34456000e-08  1.00000000e+00  0.00000000e+00  1.00000000e+00  0.00000000e+00  1.00000000e+00  1.00000000e+00 
 1.34656000e-08  1.00000000e+00  0.00000000e+00  1.00000000e+00  0.00000000e+00  1.00000000e+00  1.00000000e+00 
 1.34856000e-08  1.00000000e+00  0.00000000e+00  1.00000000e+00  0.00000000e+00  1.00000000e+00  1.00000000e+00 
 1.35056000e-08  1.00000000e+00  0.00000000e+00  1.00000000e+00  0.00000000e+00  1.00000000e+00  1.00000000e+00 
 1.35256000e-08  1.00000000e+00  0.00000000e+00  1.00000000e+00  0.00000000e+00  1.00000000e+00  1.00000000e+00 
 1.35456000e-08  1.00000000e+00  0.00000000e+00  1.00000000e+00  0.00000000e+00  1.00000000e+00  1.00000000e+00 
 1.35656000e-08  1.00000000e+00  0.00000000e+00  1.00000000e+00  0.00000000e+00  1.00000000e+00  1.00000000e+00 
 1.35856000e-08  1.00000000e+00  0.00000000e+00  1.00000000e+00  0.00000000e+00  1.00000000e+00  1.00000000e+00 
 1.36056000e-08  1.00000000e+00  0.00000000e+00  1.00000000e+00  0.00000000e+00  1.00000000e+00  1.00000000e+00 
 1.36256000e-08  1.00000000e+00  0.00000000e+00  1.00000000e+00  0.00000000e+00  1.00000000e+00  1.00000000e+00 
 1.36456000e-08  1.00000000e+00  0.00000000e+00  1.00000000e+00  0.00000000e+00  1.00000000e+00  1.00000000e+00 
 1.36656000e-08  1.00000000e+00  0.00000000e+00  1.00000000e+00  0.00000000e+00  1.00000000e+00  1.00000000e+00 
 1.36856000e-08  1.00000000e+00  0.00000000e+00  1.00000000e+00  0.00000000e+00  1.00000000e+00  1.00000000e+00 
 1.37056000e-08  1.00000000e+00  0.00000000e+00  1.00000000e+00  0.00000000e+00  1.00000000e+00  1.00000000e+00 
 1.37256000e-08  1.00000000e+00  0.00000000e+00  1.00000000e+00  0.00000000e+00  1.00000000e+00  1.00000000e+00 
 1.37456000e-08  1.00000000e+00  0.00000000e+00  1.00000000e+00  0.00000000e+00  1.00000000e+00  1.00000000e+00 
 1.37656000e-08  1.00000000e+00  0.00000000e+00  1.00000000e+00  0.00000000e+00  1.00000000e+00  1.00000000e+00 
 1.37856000e-08  1.00000000e+00  0.00000000e+00  1.00000000e+00  0.00000000e+00  1.00000000e+00  1.00000000e+00 
 1.38056000e-08  1.00000000e+00  0.00000000e+00  1.00000000e+00  0.00000000e+00  1.00000000e+00  1.00000000e+00 
 1.38256000e-08  1.00000000e+00  0.00000000e+00  1.00000000e+00  0.00000000e+00  1.00000000e+00  1.00000000e+00 
 1.38456000e-08  1.00000000e+00  0.00000000e+00  1.00000000e+00  0.00000000e+00  1.00000000e+00  1.00000000e+00 
 1.38656000e-08  1.00000000e+00  0.00000000e+00  1.00000000e+00  0.00000000e+00  1.00000000e+00  1.00000000e+00 
 1.38856000e-08  1.00000000e+00  0.00000000e+00  1.00000000e+00  0.00000000e+00  1.00000000e+00  1.00000000e+00 
 1.39056000e-08  1.00000000e+00  0.00000000e+00  1.00000000e+00  0.00000000e+00  1.00000000e+00  1.00000000e+00 
 1.39256000e-08  1.00000000e+00  0.00000000e+00  1.00000000e+00  0.00000000e+00  1.00000000e+00  1.00000000e+00 
 1.39456000e-08  1.00000000e+00  0.00000000e+00  1.00000000e+00  0.00000000e+00  1.00000000e+00  1.00000000e+00 
 1.39656000e-08  1.00000000e+00  0.00000000e+00  1.00000000e+00  0.00000000e+00  1.00000000e+00  1.00000000e+00 
 1.39856000e-08  1.00000000e+00  0.00000000e+00  1.00000000e+00  0.00000000e+00  1.00000000e+00  1.00000000e+00 
 1.40056000e-08  1.00000000e+00  0.00000000e+00  1.00000000e+00  0.00000000e+00  1.00000000e+00  1.00000000e+00 
 1.40256000e-08  1.00000000e+00  0.00000000e+00  1.00000000e+00  0.00000000e+00  1.00000000e+00  1.00000000e+00 
 1.40456000e-08  1.00000000e+00  0.00000000e+00  1.00000000e+00  0.00000000e+00  1.00000000e+00  1.00000000e+00 
 1.40656000e-08  1.00000000e+00  0.00000000e+00  1.00000000e+00  0.00000000e+00  1.00000000e+00  1.00000000e+00 
 1.40856000e-08  1.00000000e+00  0.00000000e+00  1.00000000e+00  0.00000000e+00  1.00000000e+00  1.00000000e+00 
 1.41056000e-08  1.00000000e+00  0.00000000e+00  1.00000000e+00  0.00000000e+00  1.00000000e+00  1.00000000e+00 
 1.41256000e-08  1.00000000e+00  0.00000000e+00  1.00000000e+00  0.00000000e+00  1.00000000e+00  1.00000000e+00 
 1.41456000e-08  1.00000000e+00  0.00000000e+00  1.00000000e+00  0.00000000e+00  1.00000000e+00  1.00000000e+00 
 1.41656000e-08  1.00000000e+00  0.00000000e+00  1.00000000e+00  0.00000000e+00  1.00000000e+00  1.00000000e+00 
 1.41856000e-08  1.00000000e+00  0.00000000e+00  1.00000000e+00  0.00000000e+00  1.00000000e+00  1.00000000e+00 
 1.42056000e-08  1.00000000e+00  0.00000000e+00  1.00000000e+00  0.00000000e+00  1.00000000e+00  1.00000000e+00 
 1.42256000e-08  1.00000000e+00  0.00000000e+00  1.00000000e+00  0.00000000e+00  1.00000000e+00  1.00000000e+00 
 1.42456000e-08  1.00000000e+00  0.00000000e+00  1.00000000e+00  0.00000000e+00  1.00000000e+00  1.00000000e+00 
 1.42656000e-08  1.00000000e+00  0.00000000e+00  1.00000000e+00  0.00000000e+00  1.00000000e+00  1.00000000e+00 
 1.42856000e-08  1.00000000e+00  0.00000000e+00  1.00000000e+00  0.00000000e+00  1.00000000e+00  1.00000000e+00 
 1.43056000e-08  1.00000000e+00  0.00000000e+00  1.00000000e+00  0.00000000e+00  1.00000000e+00  1.00000000e+00 
 1.43256000e-08  1.00000000e+00  0.00000000e+00  1.00000000e+00  0.00000000e+00  1.00000000e+00  1.00000000e+00 
 1.43456000e-08  1.00000000e+00  0.00000000e+00  1.00000000e+00  0.00000000e+00  1.00000000e+00  1.00000000e+00 
 1.43656000e-08  1.00000000e+00  0.00000000e+00  1.00000000e+00  0.00000000e+00  1.00000000e+00  1.00000000e+00 
 1.43856000e-08  1.00000000e+00  0.00000000e+00  1.00000000e+00  0.00000000e+00  1.00000000e+00  1.00000000e+00 
 1.44056000e-08  1.00000000e+00  0.00000000e+00  1.00000000e+00  0.00000000e+00  1.00000000e+00  1.00000000e+00 
 1.44256000e-08  1.00000000e+00  0.00000000e+00  1.00000000e+00  0.00000000e+00  1.00000000e+00  1.00000000e+00 
 1.44456000e-08  1.00000000e+00  0.00000000e+00  1.00000000e+00  0.00000000e+00  1.00000000e+00  1.00000000e+00 
 1.44656000e-08  1.00000000e+00  0.00000000e+00  1.00000000e+00  0.00000000e+00  1.00000000e+00  1.00000000e+00 
 1.44856000e-08  1.00000000e+00  0.00000000e+00  1.00000000e+00  0.00000000e+00  1.00000000e+00  1.00000000e+00 
 1.45056000e-08  1.00000000e+00  0.00000000e+00  1.00000000e+00  0.00000000e+00  1.00000000e+00  1.00000000e+00 
 1.45256000e-08  1.00000000e+00  0.00000000e+00  1.00000000e+00  0.00000000e+00  1.00000000e+00  1.00000000e+00 
 1.45456000e-08  1.00000000e+00  0.00000000e+00  1.00000000e+00  0.00000000e+00  1.00000000e+00  1.00000000e+00 
 1.45656000e-08  1.00000000e+00  0.00000000e+00  1.00000000e+00  0.00000000e+00  1.00000000e+00  1.00000000e+00 
 1.45856000e-08  1.00000000e+00  0.00000000e+00  1.00000000e+00  0.00000000e+00  1.00000000e+00  1.00000000e+00 
 1.46056000e-08  1.00000000e+00  0.00000000e+00  1.00000000e+00  0.00000000e+00  1.00000000e+00  1.00000000e+00 
 1.46256000e-08  1.00000000e+00  0.00000000e+00  1.00000000e+00  0.00000000e+00  1.00000000e+00  1.00000000e+00 
 1.46456000e-08  1.00000000e+00  0.00000000e+00  1.00000000e+00  0.00000000e+00  1.00000000e+00  1.00000000e+00 
 1.46656000e-08  1.00000000e+00  0.00000000e+00  1.00000000e+00  0.00000000e+00  1.00000000e+00  1.00000000e+00 
 1.46856000e-08  1.00000000e+00  0.00000000e+00  1.00000000e+00  0.00000000e+00  1.00000000e+00  1.00000000e+00 
 1.47056000e-08  1.00000000e+00  0.00000000e+00  1.00000000e+00  0.00000000e+00  1.00000000e+00  1.00000000e+00 
 1.47256000e-08  1.00000000e+00  0.00000000e+00  1.00000000e+00  0.00000000e+00  1.00000000e+00  1.00000000e+00 
 1.47456000e-08  1.00000000e+00  0.00000000e+00  1.00000000e+00  0.00000000e+00  1.00000000e+00  1.00000000e+00 
 1.47656000e-08  1.00000000e+00  0.00000000e+00  1.00000000e+00  0.00000000e+00  1.00000000e+00  1.00000000e+00 
 1.47856000e-08  1.00000000e+00  0.00000000e+00  1.00000000e+00  0.00000000e+00  1.00000000e+00  1.00000000e+00 
 1.48056000e-08  1.00000000e+00  0.00000000e+00  1.00000000e+00  0.00000000e+00  1.00000000e+00  1.00000000e+00 
 1.48256000e-08  1.00000000e+00  0.00000000e+00  1.00000000e+00  0.00000000e+00  1.00000000e+00  1.00000000e+00 
 1.48456000e-08  1.00000000e+00  0.00000000e+00  1.00000000e+00  0.00000000e+00  1.00000000e+00  1.00000000e+00 
 1.48656000e-08  1.00000000e+00  0.00000000e+00  1.00000000e+00  0.00000000e+00  1.00000000e+00  1.00000000e+00 
 1.48856000e-08  1.00000000e+00  0.00000000e+00  1.00000000e+00  0.00000000e+00  1.00000000e+00  1.00000000e+00 
 1.49056000e-08  1.00000000e+00  0.00000000e+00  1.00000000e+00  0.00000000e+00  1.00000000e+00  1.00000000e+00 
 1.49256000e-08  1.00000000e+00  0.00000000e+00  1.00000000e+00  0.00000000e+00  1.00000000e+00  1.00000000e+00 
 1.49456000e-08  1.00000000e+00  0.00000000e+00  1.00000000e+00  0.00000000e+00  1.00000000e+00  1.00000000e+00 
 1.49656000e-08  1.00000000e+00  0.00000000e+00  1.00000000e+00  0.00000000e+00  1.00000000e+00  1.00000000e+00 
 1.49856000e-08  1.00000000e+00  0.00000000e+00  1.00000000e+00  0.00000000e+00  1.00000000e+00  1.00000000e+00 
 1.50056000e-08  1.00000000e+00  0.00000000e+00  1.00000000e+00  0.00000000e+00  1.00000000e+00  1.00000000e+00 
 1.50256000e-08  1.00000000e+00  0.00000000e+00  1.00000000e+00  0.00000000e+00  1.00000000e+00  1.00000000e+00 
 1.50456000e-08  1.00000000e+00  0.00000000e+00  1.00000000e+00  0.00000000e+00  1.00000000e+00  1.00000000e+00 
 1.50656000e-08  1.00000000e+00  0.00000000e+00  1.00000000e+00  0.00000000e+00  1.00000000e+00  1.00000000e+00 
 1.50856000e-08  1.00000000e+00  0.00000000e+00  1.00000000e+00  0.00000000e+00  1.00000000e+00  1.00000000e+00 
 1.51056000e-08  1.00000000e+00  0.00000000e+00  1.00000000e+00  0.00000000e+00  1.00000000e+00  1.00000000e+00 
 1.51256000e-08  1.00000000e+00  0.00000000e+00  1.00000000e+00  0.00000000e+00  1.00000000e+00  1.00000000e+00 
 1.51456000e-08  1.00000000e+00  0.00000000e+00  1.00000000e+00  0.00000000e+00  1.00000000e+00  1.00000000e+00 
 1.51656000e-08  1.00000000e+00  0.00000000e+00  1.00000000e+00  0.00000000e+00  1.00000000e+00  1.00000000e+00 
 1.51856000e-08  1.00000000e+00  0.00000000e+00  1.00000000e+00  0.00000000e+00  1.00000000e+00  1.00000000e+00 
 1.52056000e-08  1.00000000e+00  0.00000000e+00  1.00000000e+00  0.00000000e+00  1.00000000e+00  1.00000000e+00 
 1.52256000e-08  1.00000000e+00  0.00000000e+00  1.00000000e+00  0.00000000e+00  1.00000000e+00  1.00000000e+00 
 1.52456000e-08  1.00000000e+00  0.00000000e+00  1.00000000e+00  0.00000000e+00  1.00000000e+00  1.00000000e+00 
 1.52656000e-08  1.00000000e+00  0.00000000e+00  1.00000000e+00  0.00000000e+00  1.00000000e+00  1.00000000e+00 
 1.52856000e-08  1.00000000e+00  0.00000000e+00  1.00000000e+00  0.00000000e+00  1.00000000e+00  1.00000000e+00 
 1.53056000e-08  1.00000000e+00  0.00000000e+00  1.00000000e+00  0.00000000e+00  1.00000000e+00  1.00000000e+00 
 1.53256000e-08  1.00000000e+00  0.00000000e+00  1.00000000e+00  0.00000000e+00  1.00000000e+00  1.00000000e+00 
 1.53456000e-08  1.00000000e+00  0.00000000e+00  1.00000000e+00  0.00000000e+00  1.00000000e+00  1.00000000e+00 
 1.53656000e-08  1.00000000e+00  0.00000000e+00  1.00000000e+00  0.00000000e+00  1.00000000e+00  1.00000000e+00 
 1.53856000e-08  1.00000000e+00  0.00000000e+00  1.00000000e+00  0.00000000e+00  1.00000000e+00  1.00000000e+00 
 1.54056000e-08  1.00000000e+00  0.00000000e+00  1.00000000e+00  0.00000000e+00  1.00000000e+00  1.00000000e+00 
 1.54256000e-08  1.00000000e+00  0.00000000e+00  1.00000000e+00  0.00000000e+00  1.00000000e+00  1.00000000e+00 
 1.54456000e-08  1.00000000e+00  0.00000000e+00  1.00000000e+00  0.00000000e+00  1.00000000e+00  1.00000000e+00 
 1.54656000e-08  1.00000000e+00  0.00000000e+00  1.00000000e+00  0.00000000e+00  1.00000000e+00  1.00000000e+00 
 1.54856000e-08  1.00000000e+00  0.00000000e+00  1.00000000e+00  0.00000000e+00  1.00000000e+00  1.00000000e+00 
 1.55056000e-08  1.00000000e+00  0.00000000e+00  1.00000000e+00  0.00000000e+00  1.00000000e+00  1.00000000e+00 
 1.55256000e-08  1.00000000e+00  0.00000000e+00  1.00000000e+00  0.00000000e+00  1.00000000e+00  1.00000000e+00 
 1.55456000e-08  1.00000000e+00  0.00000000e+00  1.00000000e+00  0.00000000e+00  1.00000000e+00  1.00000000e+00 
 1.55656000e-08  1.00000000e+00  0.00000000e+00  1.00000000e+00  0.00000000e+00  1.00000000e+00  1.00000000e+00 
 1.55856000e-08  1.00000000e+00  0.00000000e+00  1.00000000e+00  0.00000000e+00  1.00000000e+00  1.00000000e+00 
 1.56056000e-08  1.00000000e+00  0.00000000e+00  1.00000000e+00  0.00000000e+00  1.00000000e+00  1.00000000e+00 
 1.56256000e-08  1.00000000e+00  0.00000000e+00  1.00000000e+00  0.00000000e+00  1.00000000e+00  1.00000000e+00 
 1.56456000e-08  1.00000000e+00  0.00000000e+00  1.00000000e+00  0.00000000e+00  1.00000000e+00  1.00000000e+00 
 1.56656000e-08  1.00000000e+00  0.00000000e+00  1.00000000e+00  0.00000000e+00  1.00000000e+00  1.00000000e+00 
 1.56856000e-08  1.00000000e+00  0.00000000e+00  1.00000000e+00  0.00000000e+00  1.00000000e+00  1.00000000e+00 
 1.57056000e-08  1.00000000e+00  0.00000000e+00  1.00000000e+00  0.00000000e+00  1.00000000e+00  1.00000000e+00 
 1.57256000e-08  1.00000000e+00  0.00000000e+00  1.00000000e+00  0.00000000e+00  1.00000000e+00  1.00000000e+00 
 1.57456000e-08  1.00000000e+00  0.00000000e+00  1.00000000e+00  0.00000000e+00  1.00000000e+00  1.00000000e+00 
 1.57656000e-08  1.00000000e+00  0.00000000e+00  1.00000000e+00  0.00000000e+00  1.00000000e+00  1.00000000e+00 
 1.57856000e-08  1.00000000e+00  0.00000000e+00  1.00000000e+00  0.00000000e+00  1.00000000e+00  1.00000000e+00 
 1.58056000e-08  1.00000000e+00  0.00000000e+00  1.00000000e+00  0.00000000e+00  1.00000000e+00  1.00000000e+00 
 1.58256000e-08  1.00000000e+00  0.00000000e+00  1.00000000e+00  0.00000000e+00  1.00000000e+00  1.00000000e+00 
 1.58456000e-08  1.00000000e+00  0.00000000e+00  1.00000000e+00  0.00000000e+00  1.00000000e+00  1.00000000e+00 
 1.58656000e-08  1.00000000e+00  0.00000000e+00  1.00000000e+00  0.00000000e+00  1.00000000e+00  1.00000000e+00 
 1.58856000e-08  1.00000000e+00  0.00000000e+00  1.00000000e+00  0.00000000e+00  1.00000000e+00  1.00000000e+00 
 1.59056000e-08  1.00000000e+00  0.00000000e+00  1.00000000e+00  0.00000000e+00  1.00000000e+00  1.00000000e+00 
 1.59256000e-08  1.00000000e+00  0.00000000e+00  1.00000000e+00  0.00000000e+00  1.00000000e+00  1.00000000e+00 
 1.59456000e-08  1.00000000e+00  0.00000000e+00  1.00000000e+00  0.00000000e+00  1.00000000e+00  1.00000000e+00 
 1.59656000e-08  1.00000000e+00  0.00000000e+00  1.00000000e+00  0.00000000e+00  1.00000000e+00  1.00000000e+00 
 1.59856000e-08  1.00000000e+00  0.00000000e+00  1.00000000e+00  0.00000000e+00  1.00000000e+00  1.00000000e+00 
 1.60056000e-08  1.00000000e+00  0.00000000e+00  1.00000000e+00  0.00000000e+00  1.00000000e+00  1.00000000e+00 
 1.60256000e-08  1.00000000e+00  0.00000000e+00  1.00000000e+00  0.00000000e+00  1.00000000e+00  1.00000000e+00 
 1.60456000e-08  1.00000000e+00  0.00000000e+00  1.00000000e+00  0.00000000e+00  1.00000000e+00  1.00000000e+00 
 1.60656000e-08  1.00000000e+00  0.00000000e+00  1.00000000e+00  0.00000000e+00  1.00000000e+00  1.00000000e+00 
 1.60856000e-08  1.00000000e+00  0.00000000e+00  1.00000000e+00  0.00000000e+00  1.00000000e+00  1.00000000e+00 
 1.61056000e-08  1.00000000e+00  0.00000000e+00  1.00000000e+00  0.00000000e+00  1.00000000e+00  1.00000000e+00 
 1.61256000e-08  1.00000000e+00  0.00000000e+00  1.00000000e+00  0.00000000e+00  1.00000000e+00  1.00000000e+00 
 1.61456000e-08  1.00000000e+00  0.00000000e+00  1.00000000e+00  0.00000000e+00  1.00000000e+00  1.00000000e+00 
 1.61656000e-08  1.00000000e+00  0.00000000e+00  1.00000000e+00  0.00000000e+00  1.00000000e+00  1.00000000e+00 
 1.61856000e-08  1.00000000e+00  0.00000000e+00  1.00000000e+00  0.00000000e+00  1.00000000e+00  1.00000000e+00 
 1.62056000e-08  1.00000000e+00  0.00000000e+00  1.00000000e+00  0.00000000e+00  1.00000000e+00  1.00000000e+00 
 1.62256000e-08  1.00000000e+00  0.00000000e+00  1.00000000e+00  0.00000000e+00  1.00000000e+00  1.00000000e+00 
 1.62456000e-08  1.00000000e+00  0.00000000e+00  1.00000000e+00  0.00000000e+00  1.00000000e+00  1.00000000e+00 
 1.62656000e-08  1.00000000e+00  0.00000000e+00  1.00000000e+00  0.00000000e+00  1.00000000e+00  1.00000000e+00 
 1.62856000e-08  1.00000000e+00  0.00000000e+00  1.00000000e+00  0.00000000e+00  1.00000000e+00  1.00000000e+00 
 1.63056000e-08  1.00000000e+00  0.00000000e+00  1.00000000e+00  0.00000000e+00  1.00000000e+00  1.00000000e+00 
 1.63256000e-08  1.00000000e+00  0.00000000e+00  1.00000000e+00  0.00000000e+00  1.00000000e+00  1.00000000e+00 
 1.63456000e-08  1.00000000e+00  0.00000000e+00  1.00000000e+00  0.00000000e+00  1.00000000e+00  1.00000000e+00 
 1.63656000e-08  1.00000000e+00  0.00000000e+00  1.00000000e+00  0.00000000e+00  1.00000000e+00  1.00000000e+00 
 1.63856000e-08  1.00000000e+00  0.00000000e+00  1.00000000e+00  0.00000000e+00  1.00000000e+00  1.00000000e+00 
 1.64056000e-08  1.00000000e+00  0.00000000e+00  1.00000000e+00  0.00000000e+00  1.00000000e+00  1.00000000e+00 
 1.64256000e-08  1.00000000e+00  0.00000000e+00  1.00000000e+00  0.00000000e+00  1.00000000e+00  1.00000000e+00 
 1.64456000e-08  1.00000000e+00  0.00000000e+00  1.00000000e+00  0.00000000e+00  1.00000000e+00  1.00000000e+00 
 1.64656000e-08  1.00000000e+00  0.00000000e+00  1.00000000e+00  0.00000000e+00  1.00000000e+00  1.00000000e+00 
 1.64856000e-08  1.00000000e+00  0.00000000e+00  1.00000000e+00  0.00000000e+00  1.00000000e+00  1.00000000e+00 
 1.65056000e-08  1.00000000e+00  0.00000000e+00  1.00000000e+00  0.00000000e+00  1.00000000e+00  1.00000000e+00 
 1.65256000e-08  1.00000000e+00  0.00000000e+00  1.00000000e+00  0.00000000e+00  1.00000000e+00  1.00000000e+00 
 1.65456000e-08  1.00000000e+00  0.00000000e+00  1.00000000e+00  0.00000000e+00  1.00000000e+00  1.00000000e+00 
 1.65656000e-08  1.00000000e+00  0.00000000e+00  1.00000000e+00  0.00000000e+00  1.00000000e+00  1.00000000e+00 
 1.65856000e-08  1.00000000e+00  0.00000000e+00  1.00000000e+00  0.00000000e+00  1.00000000e+00  1.00000000e+00 
 1.66056000e-08  1.00000000e+00  0.00000000e+00  1.00000000e+00  0.00000000e+00  1.00000000e+00  1.00000000e+00 
 1.66256000e-08  1.00000000e+00  0.00000000e+00  1.00000000e+00  0.00000000e+00  1.00000000e+00  1.00000000e+00 
 1.66456000e-08  1.00000000e+00  0.00000000e+00  1.00000000e+00  0.00000000e+00  1.00000000e+00  1.00000000e+00 
 1.66656000e-08  1.00000000e+00  0.00000000e+00  1.00000000e+00  0.00000000e+00  1.00000000e+00  1.00000000e+00 
 1.66856000e-08  1.00000000e+00  0.00000000e+00  1.00000000e+00  0.00000000e+00  1.00000000e+00  1.00000000e+00 
 1.67056000e-08  1.00000000e+00  0.00000000e+00  1.00000000e+00  0.00000000e+00  1.00000000e+00  1.00000000e+00 
 1.67256000e-08  1.00000000e+00  0.00000000e+00  1.00000000e+00  0.00000000e+00  1.00000000e+00  1.00000000e+00 
 1.67456000e-08  1.00000000e+00  0.00000000e+00  1.00000000e+00  0.00000000e+00  1.00000000e+00  1.00000000e+00 
 1.67656000e-08  1.00000000e+00  0.00000000e+00  1.00000000e+00  0.00000000e+00  1.00000000e+00  1.00000000e+00 
 1.67856000e-08  1.00000000e+00  0.00000000e+00  1.00000000e+00  0.00000000e+00  1.00000000e+00  1.00000000e+00 
 1.68056000e-08  1.00000000e+00  0.00000000e+00  1.00000000e+00  0.00000000e+00  1.00000000e+00  1.00000000e+00 
 1.68256000e-08  1.00000000e+00  0.00000000e+00  1.00000000e+00  0.00000000e+00  1.00000000e+00  1.00000000e+00 
 1.68456000e-08  1.00000000e+00  0.00000000e+00  1.00000000e+00  0.00000000e+00  1.00000000e+00  1.00000000e+00 
 1.68656000e-08  1.00000000e+00  0.00000000e+00  1.00000000e+00  0.00000000e+00  1.00000000e+00  1.00000000e+00 
 1.68856000e-08  1.00000000e+00  0.00000000e+00  1.00000000e+00  0.00000000e+00  1.00000000e+00  1.00000000e+00 
 1.69056000e-08  1.00000000e+00  0.00000000e+00  1.00000000e+00  0.00000000e+00  1.00000000e+00  1.00000000e+00 
 1.69256000e-08  1.00000000e+00  0.00000000e+00  1.00000000e+00  0.00000000e+00  1.00000000e+00  1.00000000e+00 
 1.69456000e-08  1.00000000e+00  0.00000000e+00  1.00000000e+00  0.00000000e+00  1.00000000e+00  1.00000000e+00 
 1.69656000e-08  1.00000000e+00  0.00000000e+00  1.00000000e+00  0.00000000e+00  1.00000000e+00  1.00000000e+00 
 1.69856000e-08  1.00000000e+00  0.00000000e+00  1.00000000e+00  0.00000000e+00  1.00000000e+00  1.00000000e+00 
 1.70056000e-08  1.00000000e+00  0.00000000e+00  1.00000000e+00  0.00000000e+00  1.00000000e+00  1.00000000e+00 
 1.70256000e-08  1.00000000e+00  0.00000000e+00  1.00000000e+00  0.00000000e+00  1.00000000e+00  1.00000000e+00 
 1.70456000e-08  1.00000000e+00  0.00000000e+00  1.00000000e+00  0.00000000e+00  1.00000000e+00  1.00000000e+00 
 1.70656000e-08  1.00000000e+00  0.00000000e+00  1.00000000e+00  0.00000000e+00  1.00000000e+00  1.00000000e+00 
 1.70856000e-08  1.00000000e+00  0.00000000e+00  1.00000000e+00  0.00000000e+00  1.00000000e+00  1.00000000e+00 
 1.71056000e-08  1.00000000e+00  0.00000000e+00  1.00000000e+00  0.00000000e+00  1.00000000e+00  1.00000000e+00 
 1.71256000e-08  1.00000000e+00  0.00000000e+00  1.00000000e+00  0.00000000e+00  1.00000000e+00  1.00000000e+00 
 1.71456000e-08  1.00000000e+00  0.00000000e+00  1.00000000e+00  0.00000000e+00  1.00000000e+00  1.00000000e+00 
 1.71656000e-08  1.00000000e+00  0.00000000e+00  1.00000000e+00  0.00000000e+00  1.00000000e+00  1.00000000e+00 
 1.71856000e-08  1.00000000e+00  0.00000000e+00  1.00000000e+00  0.00000000e+00  1.00000000e+00  1.00000000e+00 
 1.72056000e-08  1.00000000e+00  0.00000000e+00  1.00000000e+00  0.00000000e+00  1.00000000e+00  1.00000000e+00 
 1.72256000e-08  1.00000000e+00  0.00000000e+00  1.00000000e+00  0.00000000e+00  1.00000000e+00  1.00000000e+00 
 1.72456000e-08  1.00000000e+00  0.00000000e+00  1.00000000e+00  0.00000000e+00  1.00000000e+00  1.00000000e+00 
 1.72656000e-08  1.00000000e+00  0.00000000e+00  1.00000000e+00  0.00000000e+00  1.00000000e+00  1.00000000e+00 
 1.72856000e-08  1.00000000e+00  0.00000000e+00  1.00000000e+00  0.00000000e+00  1.00000000e+00  1.00000000e+00 
 1.73056000e-08  1.00000000e+00  0.00000000e+00  1.00000000e+00  0.00000000e+00  1.00000000e+00  1.00000000e+00 
 1.73256000e-08  1.00000000e+00  0.00000000e+00  1.00000000e+00  0.00000000e+00  1.00000000e+00  1.00000000e+00 
 1.73456000e-08  1.00000000e+00  0.00000000e+00  1.00000000e+00  0.00000000e+00  1.00000000e+00  1.00000000e+00 
 1.73656000e-08  1.00000000e+00  0.00000000e+00  1.00000000e+00  0.00000000e+00  1.00000000e+00  1.00000000e+00 
 1.73856000e-08  1.00000000e+00  0.00000000e+00  1.00000000e+00  0.00000000e+00  1.00000000e+00  1.00000000e+00 
 1.74056000e-08  1.00000000e+00  0.00000000e+00  1.00000000e+00  0.00000000e+00  1.00000000e+00  1.00000000e+00 
 1.74256000e-08  1.00000000e+00  0.00000000e+00  1.00000000e+00  0.00000000e+00  1.00000000e+00  1.00000000e+00 
 1.74456000e-08  1.00000000e+00  0.00000000e+00  1.00000000e+00  0.00000000e+00  1.00000000e+00  1.00000000e+00 
 1.74656000e-08  1.00000000e+00  0.00000000e+00  1.00000000e+00  0.00000000e+00  1.00000000e+00  1.00000000e+00 
 1.74856000e-08  1.00000000e+00  0.00000000e+00  1.00000000e+00  0.00000000e+00  1.00000000e+00  1.00000000e+00 
 1.75056000e-08  1.00000000e+00  0.00000000e+00  1.00000000e+00  0.00000000e+00  1.00000000e+00  1.00000000e+00 
 1.75256000e-08  1.00000000e+00  0.00000000e+00  1.00000000e+00  0.00000000e+00  1.00000000e+00  1.00000000e+00 
 1.75456000e-08  1.00000000e+00  0.00000000e+00  1.00000000e+00  0.00000000e+00  1.00000000e+00  1.00000000e+00 
 1.75656000e-08  1.00000000e+00  0.00000000e+00  1.00000000e+00  0.00000000e+00  1.00000000e+00  1.00000000e+00 
 1.75856000e-08  1.00000000e+00  0.00000000e+00  1.00000000e+00  0.00000000e+00  1.00000000e+00  1.00000000e+00 
 1.76056000e-08  1.00000000e+00  0.00000000e+00  1.00000000e+00  0.00000000e+00  1.00000000e+00  1.00000000e+00 
 1.76256000e-08  1.00000000e+00  0.00000000e+00  1.00000000e+00  0.00000000e+00  1.00000000e+00  1.00000000e+00 
 1.76456000e-08  1.00000000e+00  0.00000000e+00  1.00000000e+00  0.00000000e+00  1.00000000e+00  1.00000000e+00 
 1.76656000e-08  1.00000000e+00  0.00000000e+00  1.00000000e+00  0.00000000e+00  1.00000000e+00  1.00000000e+00 
 1.76856000e-08  1.00000000e+00  0.00000000e+00  1.00000000e+00  0.00000000e+00  1.00000000e+00  1.00000000e+00 
 1.77056000e-08  1.00000000e+00  0.00000000e+00  1.00000000e+00  0.00000000e+00  1.00000000e+00  1.00000000e+00 
 1.77256000e-08  1.00000000e+00  0.00000000e+00  1.00000000e+00  0.00000000e+00  1.00000000e+00  1.00000000e+00 
 1.77456000e-08  1.00000000e+00  0.00000000e+00  1.00000000e+00  0.00000000e+00  1.00000000e+00  1.00000000e+00 
 1.77656000e-08  1.00000000e+00  0.00000000e+00  1.00000000e+00  0.00000000e+00  1.00000000e+00  1.00000000e+00 
 1.77856000e-08  1.00000000e+00  0.00000000e+00  1.00000000e+00  0.00000000e+00  1.00000000e+00  1.00000000e+00 
 1.78056000e-08  1.00000000e+00  0.00000000e+00  1.00000000e+00  0.00000000e+00  1.00000000e+00  1.00000000e+00 
 1.78256000e-08  1.00000000e+00  0.00000000e+00  1.00000000e+00  0.00000000e+00  1.00000000e+00  1.00000000e+00 
 1.78456000e-08  1.00000000e+00  0.00000000e+00  1.00000000e+00  0.00000000e+00  1.00000000e+00  1.00000000e+00 
 1.78656000e-08  1.00000000e+00  0.00000000e+00  1.00000000e+00  0.00000000e+00  1.00000000e+00  1.00000000e+00 
 1.78856000e-08  1.00000000e+00  0.00000000e+00  1.00000000e+00  0.00000000e+00  1.00000000e+00  1.00000000e+00 
 1.79056000e-08  1.00000000e+00  0.00000000e+00  1.00000000e+00  0.00000000e+00  1.00000000e+00  1.00000000e+00 
 1.79256000e-08  1.00000000e+00  0.00000000e+00  1.00000000e+00  0.00000000e+00  1.00000000e+00  1.00000000e+00 
 1.79456000e-08  1.00000000e+00  0.00000000e+00  1.00000000e+00  0.00000000e+00  1.00000000e+00  1.00000000e+00 
 1.79656000e-08  1.00000000e+00  0.00000000e+00  1.00000000e+00  0.00000000e+00  1.00000000e+00  1.00000000e+00 
 1.79856000e-08  1.00000000e+00  0.00000000e+00  1.00000000e+00  0.00000000e+00  1.00000000e+00  1.00000000e+00 
 1.80056000e-08  1.00000000e+00  0.00000000e+00  1.00000000e+00  0.00000000e+00  1.00000000e+00  1.00000000e+00 
 1.80256000e-08  1.00000000e+00  0.00000000e+00  1.00000000e+00  0.00000000e+00  1.00000000e+00  1.00000000e+00 
 1.80456000e-08  1.00000000e+00  0.00000000e+00  1.00000000e+00  0.00000000e+00  1.00000000e+00  1.00000000e+00 
 1.80656000e-08  1.00000000e+00  0.00000000e+00  1.00000000e+00  0.00000000e+00  1.00000000e+00  1.00000000e+00 
 1.80856000e-08  1.00000000e+00  0.00000000e+00  1.00000000e+00  0.00000000e+00  1.00000000e+00  1.00000000e+00 
 1.81056000e-08  1.00000000e+00  0.00000000e+00  1.00000000e+00  0.00000000e+00  1.00000000e+00  1.00000000e+00 
 1.81256000e-08  1.00000000e+00  0.00000000e+00  1.00000000e+00  0.00000000e+00  1.00000000e+00  1.00000000e+00 
 1.81456000e-08  1.00000000e+00  0.00000000e+00  1.00000000e+00  0.00000000e+00  1.00000000e+00  1.00000000e+00 
 1.81656000e-08  1.00000000e+00  0.00000000e+00  1.00000000e+00  0.00000000e+00  1.00000000e+00  1.00000000e+00 
 1.81856000e-08  1.00000000e+00  0.00000000e+00  1.00000000e+00  0.00000000e+00  1.00000000e+00  1.00000000e+00 
 1.82056000e-08  1.00000000e+00  0.00000000e+00  1.00000000e+00  0.00000000e+00  1.00000000e+00  1.00000000e+00 
 1.82256000e-08  1.00000000e+00  0.00000000e+00  1.00000000e+00  0.00000000e+00  1.00000000e+00  1.00000000e+00 
 1.82456000e-08  1.00000000e+00  0.00000000e+00  1.00000000e+00  0.00000000e+00  1.00000000e+00  1.00000000e+00 
 1.82656000e-08  1.00000000e+00  0.00000000e+00  1.00000000e+00  0.00000000e+00  1.00000000e+00  1.00000000e+00 
 1.82856000e-08  1.00000000e+00  0.00000000e+00  1.00000000e+00  0.00000000e+00  1.00000000e+00  1.00000000e+00 
 1.83056000e-08  1.00000000e+00  0.00000000e+00  1.00000000e+00  0.00000000e+00  1.00000000e+00  1.00000000e+00 
 1.83256000e-08  1.00000000e+00  0.00000000e+00  1.00000000e+00  0.00000000e+00  1.00000000e+00  1.00000000e+00 
 1.83456000e-08  1.00000000e+00  0.00000000e+00  1.00000000e+00  0.00000000e+00  1.00000000e+00  1.00000000e+00 
 1.83656000e-08  1.00000000e+00  0.00000000e+00  1.00000000e+00  0.00000000e+00  1.00000000e+00  1.00000000e+00 
 1.83856000e-08  1.00000000e+00  0.00000000e+00  1.00000000e+00  0.00000000e+00  1.00000000e+00  1.00000000e+00 
 1.84056000e-08  1.00000000e+00  0.00000000e+00  1.00000000e+00  0.00000000e+00  1.00000000e+00  1.00000000e+00 
 1.84256000e-08  1.00000000e+00  0.00000000e+00  1.00000000e+00  0.00000000e+00  1.00000000e+00  1.00000000e+00 
 1.84456000e-08  1.00000000e+00  0.00000000e+00  1.00000000e+00  0.00000000e+00  1.00000000e+00  1.00000000e+00 
 1.84656000e-08  1.00000000e+00  0.00000000e+00  1.00000000e+00  0.00000000e+00  1.00000000e+00  1.00000000e+00 
 1.84856000e-08  1.00000000e+00  0.00000000e+00  1.00000000e+00  0.00000000e+00  1.00000000e+00  1.00000000e+00 
 1.85056000e-08  1.00000000e+00  0.00000000e+00  1.00000000e+00  0.00000000e+00  1.00000000e+00  1.00000000e+00 
 1.85256000e-08  1.00000000e+00  0.00000000e+00  1.00000000e+00  0.00000000e+00  1.00000000e+00  1.00000000e+00 
 1.85456000e-08  1.00000000e+00  0.00000000e+00  1.00000000e+00  0.00000000e+00  1.00000000e+00  1.00000000e+00 
 1.85656000e-08  1.00000000e+00  0.00000000e+00  1.00000000e+00  0.00000000e+00  1.00000000e+00  1.00000000e+00 
 1.85856000e-08  1.00000000e+00  0.00000000e+00  1.00000000e+00  0.00000000e+00  1.00000000e+00  1.00000000e+00 
 1.86056000e-08  1.00000000e+00  0.00000000e+00  1.00000000e+00  0.00000000e+00  1.00000000e+00  1.00000000e+00 
 1.86256000e-08  1.00000000e+00  0.00000000e+00  1.00000000e+00  0.00000000e+00  1.00000000e+00  1.00000000e+00 
 1.86456000e-08  1.00000000e+00  0.00000000e+00  1.00000000e+00  0.00000000e+00  1.00000000e+00  1.00000000e+00 
 1.86656000e-08  1.00000000e+00  0.00000000e+00  1.00000000e+00  0.00000000e+00  1.00000000e+00  1.00000000e+00 
 1.86856000e-08  1.00000000e+00  0.00000000e+00  1.00000000e+00  0.00000000e+00  1.00000000e+00  1.00000000e+00 
 1.87056000e-08  1.00000000e+00  0.00000000e+00  1.00000000e+00  0.00000000e+00  1.00000000e+00  1.00000000e+00 
 1.87256000e-08  1.00000000e+00  0.00000000e+00  1.00000000e+00  0.00000000e+00  1.00000000e+00  1.00000000e+00 
 1.87456000e-08  1.00000000e+00  0.00000000e+00  1.00000000e+00  0.00000000e+00  1.00000000e+00  1.00000000e+00 
 1.87656000e-08  1.00000000e+00  0.00000000e+00  1.00000000e+00  0.00000000e+00  1.00000000e+00  1.00000000e+00 
 1.87856000e-08  1.00000000e+00  0.00000000e+00  1.00000000e+00  0.00000000e+00  1.00000000e+00  1.00000000e+00 
 1.88056000e-08  1.00000000e+00  0.00000000e+00  1.00000000e+00  0.00000000e+00  1.00000000e+00  1.00000000e+00 
 1.88256000e-08  1.00000000e+00  0.00000000e+00  1.00000000e+00  0.00000000e+00  1.00000000e+00  1.00000000e+00 
 1.88456000e-08  1.00000000e+00  0.00000000e+00  1.00000000e+00  0.00000000e+00  1.00000000e+00  1.00000000e+00 
 1.88656000e-08  1.00000000e+00  0.00000000e+00  1.00000000e+00  0.00000000e+00  1.00000000e+00  1.00000000e+00 
 1.88856000e-08  1.00000000e+00  0.00000000e+00  1.00000000e+00  0.00000000e+00  1.00000000e+00  1.00000000e+00 
 1.89056000e-08  1.00000000e+00  0.00000000e+00  1.00000000e+00  0.00000000e+00  1.00000000e+00  1.00000000e+00 
 1.89256000e-08  1.00000000e+00  0.00000000e+00  1.00000000e+00  0.00000000e+00  1.00000000e+00  1.00000000e+00 
 1.89456000e-08  1.00000000e+00  0.00000000e+00  1.00000000e+00  0.00000000e+00  1.00000000e+00  1.00000000e+00 
 1.89656000e-08  1.00000000e+00  0.00000000e+00  1.00000000e+00  0.00000000e+00  1.00000000e+00  1.00000000e+00 
 1.89856000e-08  1.00000000e+00  0.00000000e+00  1.00000000e+00  0.00000000e+00  1.00000000e+00  1.00000000e+00 
 1.90056000e-08  1.00000000e+00  0.00000000e+00  1.00000000e+00  0.00000000e+00  1.00000000e+00  1.00000000e+00 
 1.90256000e-08  1.00000000e+00  0.00000000e+00  1.00000000e+00  0.00000000e+00  1.00000000e+00  1.00000000e+00 
 1.90456000e-08  1.00000000e+00  0.00000000e+00  1.00000000e+00  0.00000000e+00  1.00000000e+00  1.00000000e+00 
 1.90656000e-08  1.00000000e+00  0.00000000e+00  1.00000000e+00  0.00000000e+00  1.00000000e+00  1.00000000e+00 
 1.90856000e-08  1.00000000e+00  0.00000000e+00  1.00000000e+00  0.00000000e+00  1.00000000e+00  1.00000000e+00 
 1.91056000e-08  1.00000000e+00  0.00000000e+00  1.00000000e+00  0.00000000e+00  1.00000000e+00  1.00000000e+00 
 1.91256000e-08  1.00000000e+00  0.00000000e+00  1.00000000e+00  0.00000000e+00  1.00000000e+00  1.00000000e+00 
 1.91456000e-08  1.00000000e+00  0.00000000e+00  1.00000000e+00  0.00000000e+00  1.00000000e+00  1.00000000e+00 
 1.91656000e-08  1.00000000e+00  0.00000000e+00  1.00000000e+00  0.00000000e+00  1.00000000e+00  1.00000000e+00 
 1.91856000e-08  1.00000000e+00  0.00000000e+00  1.00000000e+00  0.00000000e+00  1.00000000e+00  1.00000000e+00 
 1.92056000e-08  1.00000000e+00  0.00000000e+00  1.00000000e+00  0.00000000e+00  1.00000000e+00  1.00000000e+00 
 1.92256000e-08  1.00000000e+00  0.00000000e+00  1.00000000e+00  0.00000000e+00  1.00000000e+00  1.00000000e+00 
 1.92456000e-08  1.00000000e+00  0.00000000e+00  1.00000000e+00  0.00000000e+00  1.00000000e+00  1.00000000e+00 
 1.92656000e-08  1.00000000e+00  0.00000000e+00  1.00000000e+00  0.00000000e+00  1.00000000e+00  1.00000000e+00 
 1.92856000e-08  1.00000000e+00  0.00000000e+00  1.00000000e+00  0.00000000e+00  1.00000000e+00  1.00000000e+00 
 1.93056000e-08  1.00000000e+00  0.00000000e+00  1.00000000e+00  0.00000000e+00  1.00000000e+00  1.00000000e+00 
 1.93256000e-08  1.00000000e+00  0.00000000e+00  1.00000000e+00  0.00000000e+00  1.00000000e+00  1.00000000e+00 
 1.93456000e-08  1.00000000e+00  0.00000000e+00  1.00000000e+00  0.00000000e+00  1.00000000e+00  1.00000000e+00 
 1.93656000e-08  1.00000000e+00  0.00000000e+00  1.00000000e+00  0.00000000e+00  1.00000000e+00  1.00000000e+00 
 1.93856000e-08  1.00000000e+00  0.00000000e+00  1.00000000e+00  0.00000000e+00  1.00000000e+00  1.00000000e+00 
 1.94056000e-08  1.00000000e+00  0.00000000e+00  1.00000000e+00  0.00000000e+00  1.00000000e+00  1.00000000e+00 
 1.94256000e-08  1.00000000e+00  0.00000000e+00  1.00000000e+00  0.00000000e+00  1.00000000e+00  1.00000000e+00 
 1.94456000e-08  1.00000000e+00  0.00000000e+00  1.00000000e+00  0.00000000e+00  1.00000000e+00  1.00000000e+00 
 1.94656000e-08  1.00000000e+00  0.00000000e+00  1.00000000e+00  0.00000000e+00  1.00000000e+00  1.00000000e+00 
 1.94856000e-08  1.00000000e+00  0.00000000e+00  1.00000000e+00  0.00000000e+00  1.00000000e+00  1.00000000e+00 
 1.95056000e-08  1.00000000e+00  0.00000000e+00  1.00000000e+00  0.00000000e+00  1.00000000e+00  1.00000000e+00 
 1.95256000e-08  1.00000000e+00  0.00000000e+00  1.00000000e+00  0.00000000e+00  1.00000000e+00  1.00000000e+00 
 1.95456000e-08  1.00000000e+00  0.00000000e+00  1.00000000e+00  0.00000000e+00  1.00000000e+00  1.00000000e+00 
 1.95656000e-08  1.00000000e+00  0.00000000e+00  1.00000000e+00  0.00000000e+00  1.00000000e+00  1.00000000e+00 
 1.95856000e-08  1.00000000e+00  0.00000000e+00  1.00000000e+00  0.00000000e+00  1.00000000e+00  1.00000000e+00 
 1.96056000e-08  1.00000000e+00  0.00000000e+00  1.00000000e+00  0.00000000e+00  1.00000000e+00  1.00000000e+00 
 1.96256000e-08  1.00000000e+00  0.00000000e+00  1.00000000e+00  0.00000000e+00  1.00000000e+00  1.00000000e+00 
 1.96456000e-08  1.00000000e+00  0.00000000e+00  1.00000000e+00  0.00000000e+00  1.00000000e+00  1.00000000e+00 
 1.96656000e-08  1.00000000e+00  0.00000000e+00  1.00000000e+00  0.00000000e+00  1.00000000e+00  1.00000000e+00 
 1.96856000e-08  1.00000000e+00  0.00000000e+00  1.00000000e+00  0.00000000e+00  1.00000000e+00  1.00000000e+00 
 1.97056000e-08  1.00000000e+00  0.00000000e+00  1.00000000e+00  0.00000000e+00  1.00000000e+00  1.00000000e+00 
 1.97256000e-08  1.00000000e+00  0.00000000e+00  1.00000000e+00  0.00000000e+00  1.00000000e+00  1.00000000e+00 
 1.97456000e-08  1.00000000e+00  0.00000000e+00  1.00000000e+00  0.00000000e+00  1.00000000e+00  1.00000000e+00 
 1.97656000e-08  1.00000000e+00  0.00000000e+00  1.00000000e+00  0.00000000e+00  1.00000000e+00  1.00000000e+00 
 1.97856000e-08  1.00000000e+00  0.00000000e+00  1.00000000e+00  0.00000000e+00  1.00000000e+00  1.00000000e+00 
 1.98056000e-08  1.00000000e+00  0.00000000e+00  1.00000000e+00  0.00000000e+00  1.00000000e+00  1.00000000e+00 
 1.98256000e-08  1.00000000e+00  0.00000000e+00  1.00000000e+00  0.00000000e+00  1.00000000e+00  1.00000000e+00 
 1.98456000e-08  1.00000000e+00  0.00000000e+00  1.00000000e+00  0.00000000e+00  1.00000000e+00  1.00000000e+00 
 1.98656000e-08  1.00000000e+00  0.00000000e+00  1.00000000e+00  0.00000000e+00  1.00000000e+00  1.00000000e+00 
 1.98856000e-08  1.00000000e+00  0.00000000e+00  1.00000000e+00  0.00000000e+00  1.00000000e+00  1.00000000e+00 
 1.99056000e-08  1.00000000e+00  0.00000000e+00  1.00000000e+00  0.00000000e+00  1.00000000e+00  1.00000000e+00 
 1.99256000e-08  1.00000000e+00  0.00000000e+00  1.00000000e+00  0.00000000e+00  1.00000000e+00  1.00000000e+00 
 1.99456000e-08  1.00000000e+00  0.00000000e+00  1.00000000e+00  0.00000000e+00  1.00000000e+00  1.00000000e+00 
 1.99656000e-08  1.00000000e+00  0.00000000e+00  1.00000000e+00  0.00000000e+00  1.00000000e+00  1.00000000e+00 
 1.99828000e-08  1.00000000e+00  0.00000000e+00  1.00000000e+00  0.00000000e+00  1.00000000e+00  1.00000000e+00 
 2.00000000e-08  1.00000000e+00  0.00000000e+00  1.00000000e+00  0.00000000e+00  1.00000000e+00  1.00000000e+00 
 2.00020000e-08  9.80000000e-01  9.99500250e-06  1.00000000e+00  0.00000000e+00  1.00000000e+00  1.00000000e+00 
 2.00060000e-08  9.40000000e-01  4.99650225e-05  1.00000000e+00  0.00000000e+00  1.00000000e+00  1.00000000e+00 
 2.00140000e-08  8.60000000e-01  2.49665392e-04  1.00000000e+00  0.00000000e+00  1.00000000e+00  1.00000000e+00 
 2.00300000e-08  7.00000000e-01  1.12691224e-03  1.00000000e+00  0.00000000e+00  1.00000000e+00  1.00000000e+00 
 2.00500000e-08  5.00000000e-01  3.11630420e-03  9.80392157e-01  0.00000000e+00  1.00000000e+00  1.00000000e+00 
 2.00700000e-08  3.00000000e-01  6.09328023e-03  9.41945406e-01  0.00000000e+00  1.00000000e+00  1.00000000e+00 
 2.00850000e-08  1.50000000e-01  8.97128418e-03  9.14104655e-01  0.00000000e+00  1.00000000e+00  1.00000000e+00 
 2.01000000e-08  0.00000000e+00  1.23999631e-02  8.87086783e-01  0.00000000e+00  1.00000000e+00  1.00000000e+00 
 2.01020000e-08  0.00000000e+00  1.28935163e-02  8.83552573e-01  0.00000000e+00  1.00000000e+00  1.00000000e+00 
 2.01060000e-08  0.00000000e+00  1.38801295e-02  8.76512313e-01  0.00000000e+00  1.00000000e+00  1.00000000e+00 
 2.01140000e-08  0.00000000e+00  1.58503990e-02  8.62599419e-01  0.00000000e+00  1.00000000e+00  1.00000000e+00 
 2.01300000e-08  0.00000000e+00  1.97791399e-02  8.35430934e-01  0.00000000e+00  1.00000000e+00  1.00000000e+00 
 2.01500000e-08  0.00000000e+00  2.46680220e-02  8.02668936e-01  0.00000000e+00  1.00000000e+00  1.00000000e+00 
 2.01700000e-08  0.00000000e+00  2.95325206e-02  7.71191723e-01  0.00000000e+00  1.00000000e+00  1.00000000e+00 
 2.01900000e-08  0.00000000e+00  3.43727574e-02  7.40948911e-01  0.00000000e+00  1.00000000e+00  1.00000000e+00 
 2.02100000e-08  0.00000000e+00  3.91888534e-02  7.11892091e-01  0.00000000e+00  1.00000000e+00  1.00000000e+00 
 2.02300000e-08  0.00000000e+00  4.39809290e-02  6.83974754e-01  0.00000000e+00  1.00000000e+00  1.00000000e+00 
 2.02500000e-08  0.00000000e+00  4.87491039e-02  6.57152214e-01  0.00000000e+00  1.00000000e+00  1.00000000e+00 
 2.02700000e-08  0.00000000e+00  5.34934974e-02  6.31381539e-01  0.00000000e+00  1.00000000e+00  1.00000000e+00 
 2.02900000e-08  0.00000000e+00  5.82142281e-02  6.06621479e-01  0.00000000e+00  1.00000000e+00  1.00000000e+00 
 2.03100000e-08  0.00000000e+00  6.29114140e-02  5.82832401e-01  0.00000000e+00  1.00000000e+00  1.00000000e+00 
 2.03300000e-08  0.00000000e+00  6.75851725e-02  5.59976229e-01  0.00000000e+00  1.00000000e+00  1.00000000e+00 
 2.03500000e-08  0.00000000e+00  7.22356205e-02  5.38016377e-01  0.00000000e+00  1.00000000e+00  1.00000000e+00 
 2.03700000e-08  0.00000000e+00  7.68628743e-02  5.16917695e-01  0.00000000e+00  1.00000000e+00  1.00000000e+00 
 2.03900000e-08  0.00000000e+00  8.14670495e-02  4.96646413e-01  0.00000000e+00  9.80392157e-01  1.00000000e+00 
 2.04100000e-08  0.00000000e+00  8.60482612e-02  4.77170083e-01  0.00000000e+00  9.41945406e-01  1.00000000e+00 
 2.04300000e-08  0.00000000e+00  9.06066240e-02  4.58457531e-01  0.00000000e+00  9.05006370e-01  1.00000000e+00 
 2.04500000e-08  0.00000000e+00  9.51422518e-02  4.40478804e-01  0.00000000e+00  8.69515924e-01  1.00000000e+00 
 2.04700000e-08  0.00000000e+00  9.96552580e-02  4.23205125e-01  0.00000000e+00  8.35417261e-01  1.00000000e+00 
 2.04900000e-08  0.00000000e+00  1.04145755e-01  4.06608846e-01  0.00000000e+00  8.02655799e-01  1.00000000e+00 
 2.05100000e-08  0.00000000e+00  1.08613856e-01  3.90663401e-01  0.00000000e+00  7.71179101e-01  1.00000000e+00 
 2.05300000e-08  0.00000000e+00  1.13059673e-01  3.75343268e-01  0.00000000e+00  7.40936784e-01  1.00000000e+00 
 2.05500000e-08  0.00000000e+00  1.17483315e-01  3.60623924e-01  0.00000000e+00  7.11880439e-01  1.00000000e+00 
 2.05700000e-08  0.00000000e+00  1.21884895e-01  3.46481809e-01  0.00000000e+00  6.83963559e-01  1.00000000e+00 
 2.05900000e-08  0.00000000e+00  1.26264521e-01  3.32894287e-01  0.00000000e+00  6.57141459e-01  1.00000000e+00 
 2.06100000e-08  0.00000000e+00  1.30622304e-01  3.19839609e-01  0.00000000e+00  6.31371206e-01  1.00000000e+00 
 2.06300000e-08  0.00000000e+00  1.34958352e-01  3.07296880e-01  0.00000000e+00  6.06611550e-01  1.00000000e+00 
 2.06500000e-08  0.00000000e+00  1.39272775e-01  2.95246022e-01  0.00000000e+00  5.82822862e-01  1.00000000e+00 
 2.06700000e-08  0.00000000e+00  1.43565678e-01  2.83667746e-01  0.00000000e+00  5.59967064e-01  1.00000000e+00 
 2.06900000e-08  0.00000000e+00  1.47837171e-01  2.72543521e-01  0.00000000e+00  5.38007571e-01  1.00000000e+00 
 2.07100000e-08  0.00000000e+00  1.52087360e-01  2.61855540e-01  0.00000000e+00  5.16909235e-01  1.00000000e+00 
 2.07300000e-08  0.00000000e+00  1.56316351e-01  2.51586695e-01  0.00000000e+00  4.96638284e-01  1.00000000e+00 
 2.07500000e-08  0.00000000e+00  1.60524249e-01  2.41720550e-01  0.00000000e+00  4.77162273e-01  1.00000000e+00 
 2.07700000e-08  0.00000000e+00  1.64711161e-01  2.32241313e-01  0.00000000e+00  4.58450027e-01  1.00000000e+00 
 2.07900000e-08  0.00000000e+00  1.68877190e-01  2.23133810e-01  0.00000000e+00  4.40471595e-01  1.00000000e+00 
 2.08100000e-08  0.00000000e+00  1.73022441e-01  2.14383465e-01  0.00000000e+00  4.23198199e-01  1.00000000e+00 
 2.08300000e-08  0.00000000e+00  1.77147017e-01  2.05976270e-01  0.00000000e+00  4.06602191e-01  1.00000000e+00 
 2.08500000e-08  0.00000000e+00  1.81251022e-01  1.97898769e-01  0.00000000e+00  3.90657007e-01  1.00000000e+00 
 2.08700000e-08  0.00000000e+00  1.85334558e-01  1.90138033e-01  0.00000000e+00  3.75337125e-01  1.00000000e+00 
 2.08900000e-08  0.00000000e+00  1.89397727e-01  1.82681640e-01  0.00000000e+00  3.60618022e-01  1.00000000e+00 
 2.09100000e-08  0.00000000e+00  1.93440631e-01  1.75517654e-01  0.00000000e+00  3.46476138e-01  1.00000000e+00 
 2.09300000e-08  0.00000000e+00  1.97463371e-01  1.68634609e-01  0.00000000e+00  3.32888839e-01  1.00000000e+00 
 2.09500000e-08  0.00000000e+00  2.01466048e-01  1.62021487e-01  0.00000000e+00  3.19834375e-01  1.00000000e+00 
 2.09700000e-08  0.00000000e+00  2.05448761e-01  1.55667703e-01  0.00000000e+00  3.07291850e-01  1.00000000e+00 
 2.09900000e-08  0.00000000e+00  2.09411610e-01  1.49563087e-01  0.00000000e+00  2.95241189e-01  1.00000000e+00 
 2.10100000e-08  0.00000000e+00  2.13354694e-01  1.43697868e-01  0.00000000e+00  2.83663103e-01  1.00000000e+00 
 2.10300000e-08  0.00000000e+00  2.17278112e-01  1.38062658e-01  0.00000000e+00  2.72539060e-01  1.00000000e+00 
 2.10500000e-08  0.00000000e+00  2.21181962e-01  1.32648436e-01  0.00000000e+00  2.61851254e-01  1.00000000e+00 
 2.10700000e-08  0.00000000e+00  2.25066341e-01  1.27446536e-01  0.00000000e+00  2.51582577e-01  1.00000000e+00 
 2.10900000e-08  0.00000000e+00  2.28931347e-01  1.22448633e-01  0.00000000e+00  2.41716594e-01  1.00000000e+00 
 2.11100000e-08  0.00000000e+00  2.32777076e-01  1.17646726e-01  0.00000000e+00  2.32237512e-01  1.00000000e+00 
 2.11300000e-08  0.00000000e+00  2.36603624e-01  1.13033129e-01  0.00000000e+00  2.23130158e-01  1.00000000e+00 
 2.11500000e-08  0.00000000e+00  2.40411087e-01  1.08600457e-01  0.00000000e+00  2.14379956e-01  1.00000000e+00 
 2.11700000e-08  0.00000000e+00  2.44199561e-01  1.04341615e-01  0.00000000e+00  2.05972899e-01  1.00000000e+00 
 2.11900000e-08  0.00000000e+00  2.47969139e-01  1.00249787e-01  0.00000000e+00  1.97895530e-01  1.00000000e+00 
 2.12100000e-08  0.00000000e+00  2.51719916e-01  9.63184232e-02  0.00000000e+00  1.90134921e-01  1.00000000e+00 
 2.12300000e-08  0.00000000e+00  2.55451987e-01  9.25412301e-02  0.00000000e+00  1.82678650e-01  1.00000000e+00 
 2.12500000e-08  0.00000000e+00  2.59165443e-01  8.89121623e-02  0.00000000e+00  1.75514781e-01  1.00000000e+00 
 2.12700000e-08  0.00000000e+00  2.62860379e-01  8.54254108e-02  0.00000000e+00  1.68631849e-01  1.00000000e+00 
 2.12900000e-08  0.00000000e+00  2.66536885e-01  8.20753947e-02  0.00000000e+00  1.62018835e-01  1.00000000e+00 
 2.13100000e-08  0.00000000e+00  2.70195055e-01  7.88567518e-02  0.00000000e+00  1.55665155e-01  1.00000000e+00 
 2.13300000e-08  0.00000000e+00  2.73834980e-01  7.57643301e-02  0.00000000e+00  1.49560639e-01  1.00000000e+00 
 2.13500000e-08  0.00000000e+00  2.77456751e-01  7.27931799e-02  0.00000000e+00  1.43695516e-01  1.00000000e+00 
 2.13700000e-08  0.00000000e+00  2.81060458e-01  6.99385454e-02  0.00000000e+00  1.38060398e-01  1.00000000e+00 
 2.13900000e-08  0.00000000e+00  2.84646191e-01  6.71958574e-02  0.00000000e+00  1.32646265e-01  1.00000000e+00 
 2.14100000e-08  0.00000000e+00  2.88214041e-01  6.45607257e-02  0.00000000e+00  1.27444450e-01  1.00000000e+00 
 2.14300000e-08  0.00000000e+00  2.91764096e-01  6.20289325e-02  0.00000000e+00  1.22446629e-01  1.00000000e+00 
 2.14500000e-08  0.00000000e+00  2.95296444e-01  5.95964254e-02  0.00000000e+00  1.17644800e-01  1.00000000e+00 
 2.14700000e-08  0.00000000e+00  2.98811175e-01  5.72593107e-02  0.00000000e+00  1.13031279e-01  1.00000000e+00 
 2.14900000e-08  0.00000000e+00  3.02308376e-01  5.50138475e-02  0.00000000e+00  1.08598679e-01  1.00000000e+00 
 2.15100000e-08  0.00000000e+00  3.05788135e-01  5.28564417e-02  0.00000000e+00  1.04339908e-01  1.00000000e+00 
 2.15300000e-08  0.00000000e+00  3.09250538e-01  5.07836401e-02  0.00000000e+00  1.00248147e-01  1.00000000e+00 
 2.15500000e-08  0.00000000e+00  3.12695673e-01  4.87921248e-02  0.00000000e+00  9.63168468e-02  1.00000000e+00 
 2.15700000e-08  0.00000000e+00  3.16123624e-01  4.68787081e-02  0.00000000e+00  9.25397155e-02  1.00000000e+00 
 2.15900000e-08  0.00000000e+00  3.19534479e-01  4.50403274e-02  0.00000000e+00  8.89107071e-02  1.00000000e+00 
 2.16100000e-08  0.00000000e+00  3.22928322e-01  4.32740401e-02  0.00000000e+00  8.54240127e-02  1.00000000e+00 
 2.16300000e-08  0.00000000e+00  3.26305238e-01  4.15770189e-02  0.00000000e+00  8.20740514e-02  1.00000000e+00 
 2.16500000e-08  0.00000000e+00  3.29665312e-01  3.99465476e-02  0.00000000e+00  7.88554612e-02  1.00000000e+00 
 2.16700000e-08  0.00000000e+00  3.33008627e-01  3.83800163e-02  0.00000000e+00  7.57630901e-02  1.00000000e+00 
 2.16900000e-08  0.00000000e+00  3.36335267e-01  3.68749176e-02  0.00000000e+00  7.27919886e-02  1.00000000e+00 
 2.17100000e-08  0.00000000e+00  3.39645316e-01  3.54288424e-02  0.00000000e+00  6.99374008e-02  1.00000000e+00 
 2.17300000e-08  0.00000000e+00  3.42938855e-01  3.40394760e-02  0.00000000e+00  6.71947576e-02  1.00000000e+00 
 2.17500000e-08  0.00000000e+00  3.46215968e-01  3.27045946e-02  0.00000000e+00  6.45596691e-02  1.00000000e+00 
 2.17700000e-08  0.00000000e+00  3.49476737e-01  3.14220615e-02  0.00000000e+00  6.20279173e-02  1.00000000e+00 
 2.17900000e-08  0.00000000e+00  3.52721242e-01  3.01898238e-02  0.00000000e+00  5.95954500e-02  1.00000000e+00 
 2.18100000e-08  0.00000000e+00  3.55949565e-01  2.90059091e-02  0.00000000e+00  5.72583735e-02  1.00000000e+00 
 2.18300000e-08  0.00000000e+00  3.59161786e-01  2.78684225e-02  0.00000000e+00  5.50129471e-02  1.00000000e+00 
 2.18500000e-08  0.00000000e+00  3.62357987e-01  2.67755432e-02  0.00000000e+00  5.28555766e-02  1.00000000e+00 
 2.18700000e-08  0.00000000e+00  3.65538246e-01  2.57255219e-02  0.00000000e+00  5.07828089e-02  1.00000000e+00 
 2.18900000e-08  0.00000000e+00  3.68702644e-01  2.47166779e-02  0.00000000e+00  4.87913262e-02  1.00000000e+00 
 2.19100000e-08  0.00000000e+00  3.71851259e-01  2.37473964e-02  0.00000000e+00  4.68779409e-02  1.00000000e+00 
 2.19300000e-08  0.00000000e+00  3.74984171e-01  2.28161260e-02  0.00000000e+00  4.50395903e-02  1.00000000e+00 
 2.19500000e-08  0.00000000e+00  3.78101457e-01  2.19213759e-02  0.00000000e+00  4.32733318e-02  1.00000000e+00 
 2.19700000e-08  0.00000000e+00  3.81203195e-01  2.10617141e-02  0.00000000e+00  4.15763384e-02  1.00000000e+00 
 2.19900000e-08  0.00000000e+00  3.84289463e-01  2.02357645e-02  0.00000000e+00  3.99458938e-02  1.00000000e+00 
 2.20100000e-08  0.00000000e+00  3.87360339e-01  1.94422052e-02  0.00000000e+00  3.83793881e-02  1.00000000e+00 
 2.20300000e-08  0.00000000e+00  3.90415898e-01  1.86797657e-02  0.00000000e+00  3.68743141e-02  1.00000000e+00 
 2.20500000e-08  0.00000000e+00  3.93456218e-01  1.79472259e-02  0.00000000e+00  3.54282626e-02  1.00000000e+00 
 2.20700000e-08  0.00000000e+00  3.96481374e-01  1.72434131e-02  0.00000000e+00  3.40389189e-02  1.00000000e+00 
 2.20900000e-08  0.00000000e+00  3.99491442e-01  1.65672008e-02  0.00000000e+00  3.27040594e-02  1.00000000e+00 
 2.21100000e-08  0.00000000e+00  4.02486497e-01  1.59175067e-02  0.00000000e+00  3.14215472e-02  1.00000000e+00 
 2.21300000e-08  0.00000000e+00  4.05466614e-01  1.52932907e-02  0.00000000e+00  3.01893297e-02  1.00000000e+00 
 2.21500000e-08  0.00000000e+00  4.08431868e-01  1.46935539e-02  0.00000000e+00  2.90054344e-02  1.00000000e+00 
 2.21700000e-08  0.00000000e+00  4.11382333e-01  1.41173361e-02  0.00000000e+00  2.78679664e-02  1.00000000e+00 
 2.21900000e-08  0.00000000e+00  4.14318082e-01  1.35637150e-02  0.00000000e+00  2.67751050e-02  1.00000000e+00 
 2.22100000e-08  0.00000000e+00  4.17239188e-01  1.30318046e-02  0.00000000e+00  2.57251008e-02  1.00000000e+00 
 2.22300000e-08  0.00000000e+00  4.20145726e-01  1.25207535e-02  0.00000000e+00  2.47162734e-02  1.00000000e+00 
 2.22500000e-08  0.00000000e+00  4.23037767e-01  1.20297435e-02  0.00000000e+00  2.37470077e-02  1.00000000e+00 
 2.22700000e-08  0.00000000e+00  4.25915385e-01  1.15579889e-02  0.00000000e+00  2.28157525e-02  1.00000000e+00 
 2.22900000e-08  0.00000000e+00  4.28778649e-01  1.11047344e-02  0.00000000e+00  2.19210171e-02  1.00000000e+00 
 2.23100000e-08  0.00000000e+00  4.31627634e-01  1.06692546e-02  0.00000000e+00  2.10613694e-02  1.00000000e+00 
 2.23300000e-08  0.00000000e+00  4.34462409e-01  1.02508525e-02  0.00000000e+00  2.02354334e-02  1.00000000e+00 
 2.23500000e-08  0.00000000e+00  4.37283045e-01  9.84885828e-03  0.00000000e+00  1.94418869e-02  1.00000000e+00 
 2.23700000e-08  0.00000000e+00  4.40089613e-01  9.46262855e-03  0.00000000e+00  1.86794600e-02  1.00000000e+00 
 2.23900000e-08  0.00000000e+00  4.42882184e-01  9.09154507e-03  0.00000000e+00  1.79469322e-02  1.00000000e+00 
 2.24100000e-08  0.00000000e+00  4.45660826e-01  8.73501389e-03  0.00000000e+00  1.72431309e-02  1.00000000e+00 
 2.24300000e-08  0.00000000e+00  4.48425610e-01  8.39246433e-03  0.00000000e+00  1.65669297e-02  1.00000000e+00 
 2.24500000e-08  0.00000000e+00  4.51176605e-01  8.06334808e-03  0.00000000e+00  1.59172462e-02  1.00000000e+00 
 2.24700000e-08  0.00000000e+00  4.53913879e-01  7.74713835e-03  0.00000000e+00  1.52930404e-02  1.00000000e+00 
 2.24900000e-08  0.00000000e+00  4.56637500e-01  7.44332900e-03  0.00000000e+00  1.46933134e-02  1.00000000e+00 
 2.25100000e-08  0.00000000e+00  4.59347537e-01  7.15143375e-03  0.00000000e+00  1.41171050e-02  1.00000000e+00 
 2.25300000e-08  0.00000000e+00  4.62044058e-01  6.87098537e-03  0.00000000e+00  1.35634930e-02  1.00000000e+00 
 2.25500000e-08  0.00000000e+00  4.64727131e-01  6.60153496e-03  0.00000000e+00  1.30315914e-02  1.00000000e+00 
 2.25700000e-08  0.00000000e+00  4.67396821e-01  6.34265124e-03  0.00000000e+00  1.25205486e-02  1.00000000e+00 
 2.25900000e-08  0.00000000e+00  4.70053196e-01  6.09391982e-03  0.00000000e+00  1.20295466e-02  1.00000000e+00 
 2.26100000e-08  0.00000000e+00  4.72696322e-01  5.85494257e-03  0.00000000e+00  1.15577997e-02  1.00000000e+00 
 2.26300000e-08  0.00000000e+00  4.75326265e-01  5.62533698e-03  0.00000000e+00  1.11045527e-02  1.00000000e+00 
 2.26500000e-08  0.00000000e+00  4.77943092e-01  5.40473553e-03  0.00000000e+00  1.06690800e-02  1.00000000e+00 
 2.26700000e-08  0.00000000e+00  4.80546867e-01  5.19278511e-03  0.00000000e+00  1.02506847e-02  1.00000000e+00 
 2.26900000e-08  0.00000000e+00  4.83137656e-01  4.98914648e-03  0.00000000e+00  9.84869709e-03  1.00000000e+00 
 2.27100000e-08  0.00000000e+00  4.85715523e-01  4.79349368e-03  0.00000000e+00  9.46247367e-03  1.00000000e+00 
 2.27300000e-08  0.00000000e+00  4.88280533e-01  4.60551353e-03  0.00000000e+00  9.09139627e-03  1.00000000e+00 
 2.27500000e-08  0.00000000e+00  4.90832749e-01  4.42490516e-03  0.00000000e+00  8.73487093e-03  1.00000000e+00 
 2.27700000e-08  0.00000000e+00  4.93372237e-01  4.25137947e-03  0.00000000e+00  8.39232697e-03  1.00000000e+00 
 2.27900000e-08  0.00000000e+00  4.95899059e-01  4.08465870e-03  0.00000000e+00  8.06321611e-03  1.00000000e+00 
 2.28100000e-08  0.00000000e+00  4.98413278e-01  3.92447601e-03  0.00000000e+00  7.74701156e-03  1.00000000e+00 
 2.28300000e-08  0.00000000e+00  5.00914957e-01  3.77057499e-03  1.96078431e-02  7.44320718e-03  1.00000000e+00 
 2.28500000e-08  0.00000000e+00  5.03404160e-01  3.62270930e-03  5.80545944e-02  7.15131670e-03  1.00000000e+00 
 2.28700000e-08  0.00000000e+00  5.05880947e-01  3.48064227e-03  9.49936299e-02  6.87087291e-03  1.00000000e+00 
 2.28900000e-08  0.00000000e+00  5.08345381e-01  3.34414650e-03  1.30484076e-01  6.60142692e-03  1.00000000e+00 
 2.29100000e-08  0.00000000e+00  5.10797524e-01  3.21300350e-03  1.64582739e-01  6.34254743e-03  1.00000000e+00 
 2.29300000e-08  0.00000000e+00  5.13237436e-01  3.08700336e-03  1.97344201e-01  6.09382008e-03  1.00000000e+00 
 2.29500000e-08  0.00000000e+00  5.15665180e-01  2.96594441e-03  2.28820899e-01  5.85484674e-03  1.00000000e+00 
 2.29700000e-08  0.00000000e+00  5.18080815e-01  2.84963286e-03  2.59063216e-01  5.62524491e-03  1.00000000e+00 
 2.29900000e-08  0.00000000e+00  5.20484402e-01  2.73788255e-03  2.88119561e-01  5.40464707e-03  1.00000000e+00 
 2.30100000e-08  0.00000000e+00  5.22876001e-01  2.63051461e-03  3.16036441e-01  5.19270013e-03  1.00000000e+00 
 2.30300000e-08  0.00000000e+00  5.25255672e-01  2.52735717e-03  3.42858541e-01  4.98906483e-03  1.00000000e+00 
 2.30500000e-08  0.00000000e+00  5.27623474e-01  2.42824513e-03  3.68628794e-01  4.79341523e-03  1.00000000e+00 
 2.30700000e-08  0.00000000e+00  5.29979466e-01  2.33301983e-03  3.93388450e-01  4.60543816e-03  1.00000000e+00 
 2.30900000e-08  0.00000000e+00  5.32323708e-01  2.24152885e-03  4.17177138e-01  4.42483274e-03  1.00000000e+00 
 2.31100000e-08  0.00000000e+00  5.34656258e-01  2.15362576e-03  4.40032936e-01  4.25130989e-03  1.00000000e+00 
 2.31300000e-08  0.00000000e+00  5.36977175e-01  2.06916985e-03  4.61992429e-01  4.08459185e-03  1.00000000e+00 
 2.31500000e-08  0.00000000e+00  5.39286516e-01  1.98802593e-03  4.83090765e-01  3.92441178e-03  1.00000000e+00 
 2.31700000e-08  0.00000000e+00  5.41584339e-01  1.91006413e-03  5.03361716e-01  2.33783564e-02  1.00000000e+00 
 2.31900000e-08  0.00000000e+00  5.43870701e-01  1.83515966e-03  5.22837727e-01  6.16772444e-02  1.00000000e+00 
 2.32100000e-08  0.00000000e+00  5.46145660e-01  1.76319261e-03  5.41549973e-01  9.84742152e-02  1.00000000e+00 
 2.32300000e-08  0.00000000e+00  5.48409273e-01  1.69404780e-03  5.59528405e-01  1.33828168e-01  1.00000000e+00 
 2.32500000e-08  0.00000000e+00  5.50661596e-01  1.62761456e-03  5.76801801e-01  1.67795690e-01  1.00000000e+00 
 2.32700000e-08  0.00000000e+00  5.52902685e-01  1.56378653e-03  5.93397809e-01  2.00431154e-01  1.00000000e+00 
 2.32900000e-08  0.00000000e+00  5.55132597e-01  1.50246157e-03  6.09342993e-01  2.31786795e-01  1.00000000e+00 
 2.33100000e-08  0.00000000e+00  5.57351387e-01  1.44354151e-03  6.24662875e-01  2.61912803e-01  1.00000000e+00 
 2.33300000e-08  0.00000000e+00  5.59559110e-01  1.38693204e-03  6.39381978e-01  2.90857399e-01  1.00000000e+00 
 2.33500000e-08  0.00000000e+00  5.61755823e-01  1.33254255e-03  6.53523862e-01  3.18666912e-01  1.00000000e+00 
 2.33700000e-08  0.00000000e+00  5.63941580e-01  1.28028598e-03  6.67111161e-01  3.45385857e-01  1.00000000e+00 
 2.33900000e-08  0.00000000e+00  5.66116435e-01  1.23007868e-03  6.80165625e-01  3.71057000e-01  1.00000000e+00 
 2.34100000e-08  0.00000000e+00  5.68280442e-01  1.18184030e-03  6.92708150e-01  3.95721431e-01  1.00000000e+00 
 2.34300000e-08  0.00000000e+00  5.70433657e-01  1.13549363e-03  7.04758811e-01  4.19418630e-01  1.00000000e+00 
 2.34500000e-08  0.00000000e+00  5.72576133e-01  1.09096446e-03  7.16336897e-01  4.42186527e-01  1.00000000e+00 
 2.34700000e-08  0.00000000e+00  5.74707922e-01  1.04818154e-03  7.27460940e-01  4.64061565e-01  1.00000000e+00 
 2.34900000e-08  0.00000000e+00  5.76829080e-01  1.00707639e-03  7.38148746e-01  4.85078759e-01  1.00000000e+00 
 2.35100000e-08  0.00000000e+00  5.78939658e-01  9.67583194e-04  7.48417423e-01  5.05271748e-01  1.00000000e+00 
 2.35300000e-08  0.00000000e+00  5.81039710e-01  9.29638755e-04  7.58283406e-01  5.24672856e-01  1.00000000e+00 
 2.35500000e-08  0.00000000e+00  5.83129287e-01  8.93182333e-04  7.67762488e-01  5.43313136e-01  1.00000000e+00 
 2.35700000e-08  0.00000000e+00  5.85208443e-01  8.58155575e-04  7.76869842e-01  5.61222425e-01  1.00000000e+00 
 2.35900000e-08  0.00000000e+00  5.87277229e-01  8.24502415e-04  7.85620044e-01  5.78429389e-01  1.00000000e+00 
 2.36100000e-08  0.00000000e+00  5.89335696e-01  7.92168987e-04  7.94027101e-01  5.94961570e-01  1.00000000e+00 
 2.36300000e-08  0.00000000e+00  5.91383897e-01  7.61103536e-04  8.02104470e-01  6.10845430e-01  1.00000000e+00 
 2.36500000e-08  0.00000000e+00  5.93421883e-01  7.31256339e-04  8.09865079e-01  6.26106393e-01  1.00000000e+00 
 2.36700000e-08  0.00000000e+00  5.95449704e-01  7.02579620e-04  8.17321350e-01  6.40768888e-01  1.00000000e+00 
 2.36900000e-08  0.00000000e+00  5.97467411e-01  6.75027478e-04  8.24485219e-01  6.54856382e-01  1.00000000e+00 
 2.37100000e-08  0.00000000e+00  5.99475055e-01  6.48555812e-04  8.31368151e-01  6.68391426e-01  1.00000000e+00 
 2.37300000e-08  0.00000000e+00  6.01472686e-01  6.23122251e-04  8.37981165e-01  6.81395684e-01  1.00000000e+00 
 2.37500000e-08  0.00000000e+00  6.03460353e-01  5.98686084e-04  8.44334845e-01  6.93889971e-01  1.00000000e+00 
 2.37700000e-08  0.00000000e+00  6.05438107e-01  5.75208198e-04  8.50439361e-01  7.05894286e-01  1.00000000e+00 
 2.37900000e-08  0.00000000e+00  6.07405997e-01  5.52651014e-04  8.56304484e-01  7.17427843e-01  1.00000000e+00 
 2.38100000e-08  0.00000000e+00  6.09364072e-01  5.30978425e-04  8.61939602e-01  7.28509104e-01  1.00000000e+00 
 2.38300000e-08  0.00000000e+00  6.11312380e-01  5.10155742e-04  8.67353735e-01  7.39155806e-01  1.00000000e+00 
 2.38500000e-08  0.00000000e+00  6.13250972e-01  4.90149634e-04  8.72555550e-01  7.49384990e-01  1.00000000e+00 
 2.38700000e-08  0.00000000e+00  6.15179895e-01  4.70928080e-04  8.77553371e-01  7.59213030e-01  1.00000000e+00 
 2.38900000e-08  0.00000000e+00  6.17099197e-01  4.52460312e-04  8.82355200e-01  7.68655656e-01  1.00000000e+00 
 2.39100000e-08  0.00000000e+00  6.19008927e-01  4.34716771e-04  8.86968721e-01  7.77727983e-01  1.00000000e+00 
 2.39300000e-08  0.00000000e+00  6.20909132e-01  4.17669054e-04  8.91401321e-01  7.86444533e-01  1.00000000e+00 
 2.39500000e-08  0.00000000e+00  6.22799859e-01  4.01289876e-04  8.95660092e-01  7.94819257e-01  1.00000000e+00 
 2.39700000e-08  0.00000000e+00  6.24681157e-01  3.85553018e-04  8.99751853e-01  8.02865561e-01  1.00000000e+00 
 2.39900000e-08  0.00000000e+00  6.26553071e-01  3.70433292e-04  9.03683153e-01  8.10596323e-01  1.00000000e+00 
 2.40100000e-08  0.00000000e+00  6.28415649e-01  3.55906496e-04  9.07460284e-01  8.18023918e-01  1.00000000e+00 
 2.40300000e-08  0.00000000e+00  6.30268938e-01  3.41949378e-04  9.11089293e-01  8.25160235e-01  1.00000000e+00 
 2.40500000e-08  0.00000000e+00  6.32112983e-01  3.28539599e-04  9.14575987e-01  8.32016696e-01  1.00000000e+00 
 2.40700000e-08  0.00000000e+00  6.33947831e-01  3.15655693e-04  9.17925949e-01  8.38604277e-01  1.00000000e+00 
 2.40900000e-08  0.00000000e+00  6.35773528e-01  3.03277038e-04  9.21144539e-01  8.44933521e-01  1.00000000e+00 
 2.41100000e-08  0.00000000e+00  6.37590118e-01  2.91383821e-04  9.24236910e-01  8.51014559e-01  1.00000000e+00 
 2.41300000e-08  0.00000000e+00  6.39397649e-01  2.79957005e-04  9.27208011e-01  8.56857126e-01  1.00000000e+00 
 2.41500000e-08  0.00000000e+00  6.41196164e-01  2.68978299e-04  9.30062599e-01  8.62470572e-01  1.00000000e+00 
 2.41700000e-08  0.00000000e+00  6.42985710e-01  2.58430130e-04  9.32805242e-01  8.67863883e-01  1.00000000e+00 
 2.41900000e-08  0.00000000e+00  6.44766330e-01  2.48295615e-04  9.35440331e-01  8.73045691e-01  1.00000000e+00 
 2.42100000e-08  0.00000000e+00  6.46538069e-01  2.38558532e-04  9.37972083e-01  8.78024292e-01  1.00000000e+00 
 2.42300000e-08  0.00000000e+00  6.48300971e-01  2.29203296e-04  9.40404550e-01  8.82807653e-01  1.00000000e+00 
 2.42500000e-08  0.00000000e+00  6.50055081e-01  2.20214931e-04  9.42741626e-01  8.87403431e-01  1.00000000e+00 
 2.42700000e-08  0.00000000e+00  6.51800442e-01  2.11579051e-04  9.44987053e-01  8.91818983e-01  1.00000000e+00 
 2.42900000e-08  0.00000000e+00  6.53537098e-01  2.03281834e-04  9.47144423e-01  8.96061376e-01  1.00000000e+00 
 2.43100000e-08  0.00000000e+00  6.55265093e-01  1.95309997e-04  9.49217191e-01  9.00137400e-01  1.00000000e+00 
 2.43300000e-08  0.00000000e+00  6.56984469e-01  1.87650781e-04  9.51208674e-01  9.04053580e-01  1.00000000e+00 
 2.43500000e-08  0.00000000e+00  6.58695270e-01  1.80291927e-04  9.53122059e-01  9.07816185e-01  1.00000000e+00 
 2.43700000e-08  0.00000000e+00  6.60397538e-01  1.73221656e-04  9.54960410e-01  9.11431237e-01  1.00000000e+00 
 2.43900000e-08  0.00000000e+00  6.62091315e-01  1.66428650e-04  9.56726668e-01  9.14904522e-01  1.00000000e+00 
 2.44100000e-08  0.00000000e+00  6.63776646e-01  1.59902036e-04  9.58423662e-01  9.18241599e-01  1.00000000e+00 
 2.44300000e-08  0.00000000e+00  6.65453570e-01  1.53631368e-04  9.60054106e-01  9.21447811e-01  1.00000000e+00 
 2.44500000e-08  0.00000000e+00  6.67122131e-01  1.47606608e-04  9.61620612e-01  9.24528289e-01  1.00000000e+00 
 2.44700000e-08  0.00000000e+00  6.68782369e-01  1.41818114e-04  9.63125686e-01  9.27487964e-01  1.00000000e+00 
 2.44900000e-08  0.00000000e+00  6.70434328e-01  1.36256619e-04  9.64571737e-01  9.30331573e-01  1.00000000e+00 
 2.45100000e-08  0.00000000e+00  6.72078047e-01  1.30913222e-04  9.65961081e-01  9.33063668e-01  1.00000000e+00 
 2.45300000e-08  0.00000000e+00  6.73713568e-01  1.25779370e-04  9.67295941e-01  9.35688622e-01  1.00000000e+00 
 2.45500000e-08  0.00000000e+00  6.75340932e-01  1.20846846e-04  9.68578453e-01  9.38210637e-01  1.00000000e+00 
 2.45700000e-08  0.00000000e+00  6.76960179e-01  1.16107754e-04  9.69810670e-01  9.40633750e-01  1.00000000e+00 
 2.45900000e-08  0.00000000e+00  6.78571350e-01  1.11554509e-04  9.70994566e-01  9.42961838e-01  1.00000000e+00 
 2.46100000e-08  0.00000000e+00  6.80174485e-01  1.07179822e-04  9.72132034e-01  9.45198628e-01  1.00000000e+00 
 2.46300000e-08  0.00000000e+00  6.81769625e-01  1.02976692e-04  9.73224895e-01  9.47347702e-01  1.00000000e+00 
 2.46500000e-08  0.00000000e+00  6.83356809e-01  9.89383903e-05  9.74274899e-01  9.49412498e-01  1.00000000e+00 
 2.46700000e-08  0.00000000e+00  6.84936077e-01  9.50584534e-05  9.75283727e-01  9.51396321e-01  1.00000000e+00 
 2.46900000e-08  0.00000000e+00  6.86507468e-01  9.13306710e-05  9.76252992e-01  9.53302348e-01  1.00000000e+00 
 2.47100000e-08  0.00000000e+00  6.88071022e-01  8.77490760e-05  9.77184247e-01  9.55133629e-01  1.00000000e+00 
 2.47300000e-08  0.00000000e+00  6.89626777e-01  8.43079358e-05  9.78078983e-01  9.56893094e-01  1.00000000e+00 
 2.47500000e-08  0.00000000e+00  6.91174773e-01  8.10017422e-05  9.78938631e-01  9.58583561e-01  1.00000000e+00 
 2.47700000e-08  0.00000000e+00  6.92715049e-01  7.78252033e-05  9.79764567e-01  9.60207735e-01  1.00000000e+00 
 2.47900000e-08  0.00000000e+00  6.94247642e-01  7.47732346e-05  9.80558113e-01  9.61768216e-01  1.00000000e+00 
 2.48100000e-08  0.00000000e+00  6.95772591e-01  7.18409508e-05  9.81320540e-01  9.63267502e-01  1.00000000e+00 
 2.48300000e-08  0.00000000e+00  6.97289935e-01  6.90236587e-05  9.82053068e-01  9.64707992e-01  1.00000000e+00 
 2.48500000e-08  0.00000000e+00  6.98799711e-01  6.63168485e-05  9.82756869e-01  9.66091992e-01  1.00000000e+00 
 2.48700000e-08  0.00000000e+00  7.00301957e-01  6.37161878e-05  9.83433070e-01  9.67421718e-01  1.00000000e+00 
 2.48900000e-08  0.00000000e+00  7.01796710e-01  6.12175138e-05  9.84082754e-01  9.68699298e-01  1.00000000e+00 
 2.49100000e-08  0.00000000e+00  7.03284008e-01  5.88168269e-05  9.84706960e-01  9.69926776e-01  1.00000000e+00 
 2.49300000e-08  0.00000000e+00  7.04763889e-01  5.65102847e-05  9.85306687e-01  9.71106118e-01  1.00000000e+00 
 2.49500000e-08  0.00000000e+00  7.06236388e-01  5.42941951e-05  9.85882895e-01  9.72239212e-01  1.00000000e+00 
 2.49700000e-08  0.00000000e+00  7.07701543e-01  5.21650110e-05  9.86436507e-01  9.73327870e-01  1.00000000e+00 
 2.49900000e-08  0.00000000e+00  7.09159391e-01  5.01193243e-05  9.86968409e-01  9.74373836e-01  1.00000000e+00 
 2.50100000e-08  0.00000000e+00  7.10609967e-01  4.81538606e-05  9.87479451e-01  9.75378784e-01  1.00000000e+00 
 2.50300000e-08  0.00000000e+00  7.12053309e-01  4.62654739e-05  9.87970453e-01  9.76344321e-01  1.00000000e+00 
 2.50500000e-08  0.00000000e+00  7.13489452e-01  4.44511416e-05  9.88442200e-01  9.77271995e-01  1.00000000e+00 
 2.50700000e-08  0.00000000e+00  7.14918433e-01  4.27079596e-05  9.88895447e-01  9.78163289e-01  1.00000000e+00 
 2.50900000e-08  0.00000000e+00  7.16340286e-01  4.10331376e-05  9.89330920e-01  9.79019631e-01  1.00000000e+00 
 2.51100000e-08  0.00000000e+00  7.17755047e-01  3.94239950e-05  9.89749315e-01  9.79842391e-01  1.00000000e+00 
 2.51300000e-08  0.00000000e+00  7.19162753e-01  3.78779559e-05  9.90151303e-01  9.80632885e-01  1.00000000e+00 
 2.51500000e-08  0.00000000e+00  7.20563437e-01  3.63925459e-05  9.90537526e-01  9.81392380e-01  1.00000000e+00 
 2.51700000e-08  0.00000000e+00  7.21957136e-01  3.49653872e-05  9.90908604e-01  9.82122090e-01  1.00000000e+00 
 2.51900000e-08  0.00000000e+00  7.23343883e-01  3.35941956e-05  9.91265129e-01  9.82823185e-01  1.00000000e+00 
 2.52100000e-08  0.00000000e+00  7.24723714e-01  3.22767762e-05  9.91607673e-01  9.83496785e-01  1.00000000e+00 
 2.52300000e-08  0.00000000e+00  7.26096664e-01  3.10110202e-05  9.91936784e-01  9.84143970e-01  1.00000000e+00 
 2.52500000e-08  0.00000000e+00  7.27462765e-01  2.97949018e-05  9.92252988e-01  9.84765775e-01  1.00000000e+00 
 2.52700000e-08  0.00000000e+00  7.28822053e-01  2.86264743e-05  9.92556793e-01  9.85363196e-01  1.00000000e+00 
 2.52900000e-08  0.00000000e+00  7.30174561e-01  2.75038674e-05  9.92848683e-01  9.85937188e-01  1.00000000e+00 
 2.53100000e-08  0.00000000e+00  7.31520324e-01  2.64252844e-05  9.93129127e-01  9.86488671e-01  1.00000000e+00 
 2.53300000e-08  0.00000000e+00  7.32859375e-01  2.53889987e-05  9.93398573e-01  9.87018527e-01  1.00000000e+00 
 2.53500000e-08  0.00000000e+00  7.34191747e-01  2.43933517e-05  9.93657453e-01  9.87527605e-01  1.00000000e+00 
 2.53700000e-08  0.00000000e+00  7.35517474e-01  2.34367497e-05  9.93906180e-01  9.88016718e-01  1.00000000e+00 
 2.53900000e-08  0.00000000e+00  7.36836589e-01  2.25176615e-05  9.94145153e-01  9.88486651e-01  1.00000000e+00 
 2.54100000e-08  0.00000000e+00  7.38149125e-01  2.16346159e-05  9.94374755e-01  9.88938155e-01  1.00000000e+00 
 2.54300000e-08  0.00000000e+00  7.39455114e-01  2.07861996e-05  9.94595353e-01  9.89371952e-01  1.00000000e+00 
 2.54500000e-08  0.00000000e+00  7.40754590e-01  1.99710545e-05  9.94807300e-01  9.89788739e-01  1.00000000e+00 
 2.54700000e-08  0.00000000e+00  7.42047584e-01  1.91878759e-05  9.95010935e-01  9.90189180e-01  1.00000000e+00 
 2.54900000e-08  0.00000000e+00  7.43334130e-01  1.84354102e-05  9.95206585e-01  9.90573918e-01  1.00000000e+00 
 2.55100000e-08  0.00000000e+00  7.44614259e-01  1.77124529e-05  9.95394562e-01  9.90943569e-01  1.00000000e+00 
 2.55300000e-08  0.00000000e+00  7.45888003e-01  1.70178469e-05  9.95575167e-01  9.91298723e-01  1.00000000e+00 
 2.55500000e-08  0.00000000e+00  7.47155395e-01  1.63504804e-05  9.95748690e-01  9.91639949e-01  1.00000000e+00 
 2.55700000e-08  0.00000000e+00  7.48416465e-01  1.57092851e-05  9.95915408e-01  9.91967794e-01  1.00000000e+00 
 2.55900000e-08  0.00000000e+00  7.49671246e-01  1.50932347e-05  9.96075588e-01  9.92282783e-01  1.00000000e+00 
 2.56100000e-08  0.00000000e+00  7.50919768e-01  1.45013431e-05  9.96229487e-01  9.92585419e-01  1.00000000e+00 
 2.56300000e-08  0.00000000e+00  7.52162064e-01  1.39326630e-05  9.96377350e-01  9.92876187e-01  1.00000000e+00 
 2.56500000e-08  0.00000000e+00  7.53398163e-01  1.33862841e-05  9.96519415e-01  9.93155552e-01  1.00000000e+00 
 2.56700000e-08  0.00000000e+00  7.54628098e-01  1.28613318e-05  9.96655908e-01  9.93423962e-01  1.00000000e+00 
 2.56900000e-08  0.00000000e+00  7.55851898e-01  1.23569658e-05  9.96787049e-01  9.93681846e-01  1.00000000e+00 
 2.57100000e-08  0.00000000e+00  7.57069594e-01  1.18723789e-05  9.96913047e-01  9.93929616e-01  1.00000000e+00 
 2.57300000e-08  0.00000000e+00  7.58281217e-01  1.14067954e-05  9.97034104e-01  9.94167671e-01  1.00000000e+00 
 2.57500000e-08  0.00000000e+00  7.59486797e-01  1.09594701e-05  9.97150414e-01  9.94396389e-01  1.00000000e+00 
 2.57700000e-08  0.00000000e+00  7.60686364e-01  1.05296870e-05  9.97262162e-01  9.94616139e-01  1.00000000e+00 
 2.57900000e-08  0.00000000e+00  7.61879948e-01  1.01167581e-05  9.97369528e-01  9.94827271e-01  1.00000000e+00 
 2.58100000e-08  0.00000000e+00  7.63067579e-01  9.72002246e-06  9.97472684e-01  9.95030123e-01  1.00000000e+00 
 2.58300000e-08  0.00000000e+00  7.64249287e-01  9.33884511e-06  9.97571795e-01  9.95225020e-01  1.00000000e+00 
 2.58500000e-08  0.00000000e+00  7.65425101e-01  8.97261589e-06  9.97667018e-01  9.95412274e-01  1.00000000e+00 
 2.58700000e-08  0.00000000e+00  7.66595051e-01  8.62074860e-06  9.97758508e-01  9.95592185e-01  1.00000000e+00 
 2.58900000e-08  0.00000000e+00  7.67759165e-01  8.28268002e-06  9.97846409e-01  9.95765040e-01  1.00000000e+00 
 2.59100000e-08  0.00000000e+00  7.68917474e-01  7.95786904e-06  9.97930864e-01  9.95931117e-01  1.00000000e+00 
 2.59300000e-08  0.00000000e+00  7.70070005e-01  7.64579575e-06  9.98012007e-01  9.96090681e-01  1.00000000e+00 
 2.59500000e-08  0.00000000e+00  7.71216788e-01  7.34596062e-06  9.98089967e-01  9.96243988e-01  1.00000000e+00 
 2.59700000e-08  0.00000000e+00  7.72357851e-01  7.05788373e-06  9.98164870e-01  9.96391282e-01  1.00000000e+00 
 2.59900000e-08  0.00000000e+00  7.73493224e-01  6.78110398e-06  9.98236836e-01  9.96532801e-01  1.00000000e+00 
 2.60100000e-08  0.00000000e+00  7.74622933e-01  6.51517833e-06  9.98305980e-01  9.96668769e-01  1.00000000e+00 
 2.60300000e-08  0.00000000e+00  7.75747009e-01  6.25968114e-06  9.98372412e-01  9.96799406e-01  1.00000000e+00 
 2.60500000e-08  0.00000000e+00  7.76865477e-01  6.01420345e-06  9.98436239e-01  9.96924919e-01  1.00000000e+00 
 2.60700000e-08  0.00000000e+00  7.77978368e-01  5.77835233e-06  9.98497563e-01  9.97045511e-01  1.00000000e+00 
 2.60900000e-08  0.00000000e+00  7.79085708e-01  5.55175028e-06  9.98556482e-01  9.97161373e-01  1.00000000e+00 
 2.61100000e-08  0.00000000e+00  7.80187524e-01  5.33403458e-06  9.98613091e-01  9.97272692e-01  1.00000000e+00 
 2.61300000e-08  0.00000000e+00  7.81283846e-01  5.12485676e-06  9.98667479e-01  9.97379645e-01  1.00000000e+00 
 2.61500000e-08  0.00000000e+00  7.82374700e-01  4.92388198e-06  9.98719735e-01  9.97482404e-01  1.00000000e+00 
 2.61700000e-08  0.00000000e+00  7.83460113e-01  4.73078857e-06  9.98769941e-01  9.97581133e-01  1.00000000e+00 
 2.61900000e-08  0.00000000e+00  7.84540112e-01  4.54526745e-06  9.98818179e-01  9.97675991e-01  1.00000000e+00 
 2.62100000e-08  0.00000000e+00  7.85614725e-01  4.36702167e-06  9.98864525e-01  9.97767128e-01  1.00000000e+00 
 2.62300000e-08  0.00000000e+00  7.86683978e-01  4.19576592e-06  9.98909053e-01  9.97854692e-01  1.00000000e+00 
 2.62500000e-08  0.00000000e+00  7.87747898e-01  4.03122608e-06  9.98951836e-01  9.97938822e-01  1.00000000e+00 
 2.62700000e-08  0.00000000e+00  7.88806512e-01  3.87313878e-06  9.98992940e-01  9.98019652e-01  1.00000000e+00 
 2.62900000e-08  0.00000000e+00  7.89859847e-01  3.72125099e-06  9.99032433e-01  9.98097313e-01  1.00000000e+00 
 2.63100000e-08  0.00000000e+00  7.90907927e-01  3.57531957e-06  9.99070376e-01  9.98171928e-01  1.00000000e+00 
 2.63300000e-08  0.00000000e+00  7.91950780e-01  3.43511096e-06  9.99106832e-01  9.98243617e-01  1.00000000e+00 
 2.63500000e-08  0.00000000e+00  7.92988432e-01  3.30040073e-06  9.99141858e-01  9.98312495e-01  1.00000000e+00 
 2.63700000e-08  0.00000000e+00  7.94020909e-01  3.17097325e-06  9.99175511e-01  9.98378672e-01  1.00000000e+00 
 2.63900000e-08  0.00000000e+00  7.95048236e-01  3.04662136e-06  9.99207844e-01  9.98442253e-01  1.00000000e+00 
 2.64100000e-08  0.00000000e+00  7.96070439e-01  2.92714601e-06  9.99238909e-01  9.98503341e-01  1.00000000e+00 
 2.64300000e-08  0.00000000e+00  7.97087544e-01  2.81235597e-06  9.99268756e-01  9.98562034e-01  1.00000000e+00 
 2.64500000e-08  0.00000000e+00  7.98099577e-01  2.70206750e-06  9.99297432e-01  9.98618425e-01  1.00000000e+00 
 2.64700000e-08  0.00000000e+00  7.99106561e-01  2.59610407e-06  9.99324984e-01  9.98672604e-01  1.00000000e+00 
 2.64900000e-08  0.00000000e+00  8.00108524e-01  2.49429607e-06  9.99351455e-01  9.98724659e-01  1.00000000e+00 
 2.65100000e-08  0.00000000e+00  8.01105489e-01  2.39648053e-06  9.99376888e-01  9.98774672e-01  1.00000000e+00 
 2.65300000e-08  0.00000000e+00  8.02097481e-01  2.30250091e-06  9.99401324e-01  9.98822724e-01  1.00000000e+00 
 2.65500000e-08  0.00000000e+00  8.03084526e-01  2.21220675e-06  9.99424801e-01  9.98868892e-01  1.00000000e+00 
 2.65700000e-08  0.00000000e+00  8.04066648e-01  2.12545355e-06  9.99447358e-01  9.98913249e-01  1.00000000e+00 
 2.65900000e-08  0.00000000e+00  8.05043872e-01  2.04210243e-06  9.99469030e-01  9.98955867e-01  1.00000000e+00 
 2.66100000e-08  0.00000000e+00  8.06016222e-01  1.96201998e-06  9.99489853e-01  9.98996813e-01  1.00000000e+00 
 2.66300000e-08  0.00000000e+00  8.06983722e-01  1.88507802e-06  9.99509858e-01  9.99036154e-01  1.00000000e+00 
 2.66500000e-08  0.00000000e+00  8.07946397e-01  1.81115339e-06  9.99529080e-01  9.99073952e-01  1.00000000e+00 
 2.66700000e-08  0.00000000e+00  8.08904270e-01  1.74012777e-06  9.99547547e-01  9.99110267e-01  1.00000000e+00 
 2.66900000e-08  0.00000000e+00  8.09857366e-01  1.67188746e-06  9.99565290e-01  9.99145159e-01  1.00000000e+00 
 2.67100000e-08  0.00000000e+00  8.10805708e-01  1.60632325e-06  9.99582338e-01  9.99178682e-01  1.00000000e+00 
 2.67300000e-08  0.00000000e+00  8.11749321e-01  1.54333018e-06  9.99598717e-01  9.99210891e-01  1.00000000e+00 
 2.67500000e-08  0.00000000e+00  8.12688227e-01  1.48280743e-06  9.99614453e-01  9.99241836e-01  1.00000000e+00 
 2.67700000e-08  0.00000000e+00  8.13622450e-01  1.42465812e-06  9.99629573e-01  9.99271568e-01  1.00000000e+00 
 2.67900000e-08  0.00000000e+00  8.14552014e-01  1.36878917e-06  9.99644099e-01  9.99300134e-01  1.00000000e+00 
 2.68100000e-08  0.00000000e+00  8.15476941e-01  1.31511116e-06  9.99658056e-01  9.99327580e-01  1.00000000e+00 
 2.68300000e-08  0.00000000e+00  8.16397256e-01  1.26353818e-06  9.99671466e-01  9.99353949e-01  1.00000000e+00 
 2.68500000e-08  0.00000000e+00  8.17312980e-01  1.21398766e-06  9.99684349e-01  9.99379284e-01  1.00000000e+00 
 2.68700000e-08  0.00000000e+00  8.18224138e-01  1.16638030e-06  9.99696728e-01  9.99403626e-01  1.00000000e+00 
 2.68900000e-08  0.00000000e+00  8.19130750e-01  1.12063990e-06  9.99708621e-01  9.99427013e-01  1.00000000e+00 
 2.69100000e-08  0.00000000e+00  8.20032841e-01  1.07669324e-06  9.99720048e-01  9.99449483e-01  1.00000000e+00 
 2.69300000e-08  0.00000000e+00  8.20930433e-01  1.03446997e-06  9.99731026e-01  9.99471072e-01  1.00000000e+00 
 2.69500000e-08  0.00000000e+00  8.21823548e-01  9.93902521e-07  9.99741574e-01  9.99491815e-01  1.00000000e+00 
 2.69700000e-08  0.00000000e+00  8.22712209e-01  9.54925952e-07  9.99751708e-01  9.99511743e-01  1.00000000e+00 
 2.69900000e-08  0.00000000e+00  8.23596437e-01  9.17477875e-07  9.99761445e-01  9.99530891e-01  1.00000000e+00 
 2.70100000e-08  0.00000000e+00  8.24476255e-01  8.81498351e-07  9.99770800e-01  9.99549287e-01  1.00000000e+00 
 2.70300000e-08  0.00000000e+00  8.25351686e-01  8.46929788e-07  9.99779789e-01  9.99566962e-01  1.00000000e+00 
 2.70500000e-08  0.00000000e+00  8.26222750e-01  8.13716855e-07  9.99788424e-01  9.99583944e-01  1.00000000e+00 
 2.70700000e-08  0.00000000e+00  8.27089469e-01  7.81806390e-07  9.99796721e-01  9.99600260e-01  1.00000000e+00 
 2.70900000e-08  0.00000000e+00  8.27951866e-01  7.51147316e-07  9.99804693e-01  9.99615936e-01  1.00000000e+00 
 2.71100000e-08  0.00000000e+00  8.28809961e-01  7.21690559e-07  9.99812352e-01  9.99630997e-01  1.00000000e+00 
 2.71300000e-08  0.00000000e+00  8.29663777e-01  6.93388968e-07  9.99819711e-01  9.99645468e-01  1.00000000e+00 
 2.71500000e-08  0.00000000e+00  8.30513334e-01  6.66197244e-07  9.99826781e-01  9.99659371e-01  1.00000000e+00 
 2.71700000e-08  0.00000000e+00  8.31358654e-01  6.40071862e-07  9.99833574e-01  9.99672729e-01  1.00000000e+00 
 2.71900000e-08  0.00000000e+00  8.32199758e-01  6.14971004e-07  9.99840101e-01  9.99685563e-01  1.00000000e+00 
 2.72100000e-08  0.00000000e+00  8.33036667e-01  5.90854494e-07  9.99846371e-01  9.99697894e-01  1.00000000e+00 
 2.72300000e-08  0.00000000e+00  8.33869402e-01  5.67683730e-07  9.99852396e-01  9.99709742e-01  1.00000000e+00 
 2.72500000e-08  0.00000000e+00  8.34697983e-01  5.45421623e-07  9.99858184e-01  9.99721124e-01  1.00000000e+00 
 2.72700000e-08  0.00000000e+00  8.35522432e-01  5.24032540e-07  9.99863746e-01  9.99732061e-01  1.00000000e+00 
 2.72900000e-08  0.00000000e+00  8.36342769e-01  5.03482244e-07  9.99869089e-01  9.99742568e-01  1.00000000e+00 
 2.73100000e-08  0.00000000e+00  8.37159015e-01  4.83737842e-07  9.99874223e-01  9.99752663e-01  1.00000000e+00 
 2.73300000e-08  0.00000000e+00  8.37971189e-01  4.64767731e-07  9.99879155e-01  9.99762363e-01  1.00000000e+00 
 2.73500000e-08  0.00000000e+00  8.38779313e-01  4.46541545e-07  9.99883894e-01  9.99771682e-01  1.00000000e+00 
 2.73700000e-08  0.00000000e+00  8.39583406e-01  4.29030112e-07  9.99888447e-01  9.99780636e-01  1.00000000e+00 
 2.73900000e-08  0.00000000e+00  8.40383489e-01  4.12205402e-07  9.99892822e-01  9.99789238e-01  1.00000000e+00 
 2.74100000e-08  0.00000000e+00  8.41179581e-01  3.96040484e-07  9.99897025e-01  9.99797503e-01  1.00000000e+00 
 2.74300000e-08  0.00000000e+00  8.41971703e-01  3.80509485e-07  9.99901063e-01  9.99805444e-01  1.00000000e+00 
 2.74500000e-08  0.00000000e+00  8.42759874e-01  3.65587544e-07  9.99904943e-01  9.99813074e-01  1.00000000e+00 
 2.74700000e-08  0.00000000e+00  8.43544114e-01  3.51250778e-07  9.99908671e-01  9.99820404e-01  1.00000000e+00 
 2.74900000e-08  0.00000000e+00  8.44324443e-01  3.37476237e-07  9.99912252e-01  9.99827447e-01  1.00000000e+00 
 2.75100000e-08  0.00000000e+00  8.45100879e-01  3.24241875e-07  9.99915693e-01  9.99834214e-01  1.00000000e+00 
 2.75300000e-08  0.00000000e+00  8.45873444e-01  3.11526508e-07  9.99919000e-01  9.99840716e-01  1.00000000e+00 
 2.75500000e-08  0.00000000e+00  8.46642155e-01  2.99309782e-07  9.99922176e-01  9.99846962e-01  1.00000000e+00 
 2.75700000e-08  0.00000000e+00  8.47407032e-01  2.87572143e-07  9.99925228e-01  9.99852963e-01  1.00000000e+00 
 2.75900000e-08  0.00000000e+00  8.48168094e-01  2.76294804e-07  9.99928160e-01  9.99858730e-01  1.00000000e+00 
 2.76100000e-08  0.00000000e+00  8.48925360e-01  2.65459714e-07  9.99930977e-01  9.99864270e-01  1.00000000e+00 
 2.76300000e-08  0.00000000e+00  8.49678850e-01  2.55049529e-07  9.99933684e-01  9.99869592e-01  1.00000000e+00 
 2.76500000e-08  0.00000000e+00  8.50428581e-01  2.45047587e-07  9.99936285e-01  9.99874706e-01  1.00000000e+00 
 2.76700000e-08  0.00000000e+00  8.51174573e-01  2.35437877e-07  9.99938783e-01  9.99879620e-01  1.00000000e+00 
 2.76900000e-08  0.00000000e+00  8.51916845e-01  2.26205020e-07  9.99941184e-01  9.99884341e-01  1.00000000e+00 
 2.77100000e-08  0.00000000e+00  8.52655414e-01  2.17334234e-07  9.99943491e-01  9.99888876e-01  1.00000000e+00 
 2.77300000e-08  0.00000000e+00  8.53390300e-01  2.08811323e-07  9.99945707e-01  9.99893234e-01  1.00000000e+00 
 2.77500000e-08  0.00000000e+00  8.54121520e-01  2.00622644e-07  9.99947836e-01  9.99897421e-01  1.00000000e+00 
 2.77700000e-08  0.00000000e+00  8.54849094e-01  1.92755089e-07  9.99949881e-01  9.99901444e-01  1.00000000e+00 
 2.77900000e-08  0.00000000e+00  8.55573038e-01  1.85196066e-07  9.99951847e-01  9.99905309e-01  1.00000000e+00 
 2.78100000e-08  0.00000000e+00  8.56293372e-01  1.77933475e-07  9.99953735e-01  9.99909022e-01  1.00000000e+00 
 2.78300000e-08  0.00000000e+00  8.57010114e-01  1.70955692e-07  9.99955550e-01  9.99912590e-01  1.00000000e+00 
 2.78500000e-08  0.00000000e+00  8.57723280e-01  1.64251547e-07  9.99957293e-01  9.99916018e-01  1.00000000e+00 
 2.78700000e-08  0.00000000e+00  8.58432890e-01  1.57810310e-07  9.99958968e-01  9.99919311e-01  1.00000000e+00 
 2.78900000e-08  0.00000000e+00  8.59138960e-01  1.51621670e-07  9.99960577e-01  9.99922475e-01  1.00000000e+00 
 2.79100000e-08  0.00000000e+00  8.59841509e-01  1.45675723e-07  9.99962123e-01  9.99925516e-01  1.00000000e+00 
 2.79300000e-08  0.00000000e+00  8.60540554e-01  1.39962949e-07  9.99963608e-01  9.99928437e-01  1.00000000e+00 
 2.79500000e-08  0.00000000e+00  8.61236112e-01  1.34474206e-07  9.99965035e-01  9.99931243e-01  1.00000000e+00 
 2.79700000e-08  0.00000000e+00  8.61928201e-01  1.29200708e-07  9.99966406e-01  9.99933939e-01  1.00000000e+00 
 2.79900000e-08  0.00000000e+00  8.62616839e-01  1.24134013e-07  9.99967724e-01  9.99936530e-01  1.00000000e+00 
 2.80100000e-08  0.00000000e+00  8.63302041e-01  1.19266013e-07  9.99968989e-01  9.99939019e-01  1.00000000e+00 
 2.80300000e-08  0.00000000e+00  8.63983827e-01  1.14588914e-07  9.99970206e-01  9.99941410e-01  1.00000000e+00 
 2.80500000e-08  0.00000000e+00  8.64662212e-01  1.10095231e-07  9.99971374e-01  9.99943708e-01  1.00000000e+00 
 2.80700000e-08  0.00000000e+00  8.65337213e-01  1.05777771e-07  9.99972497e-01  9.99945916e-01  1.00000000e+00 
 2.80900000e-08  0.00000000e+00  8.66008848e-01  1.01629623e-07  9.99973575e-01  9.99948036e-01  1.00000000e+00 
 2.81100000e-08  0.00000000e+00  8.66677133e-01  9.76441480e-08  9.99974611e-01  9.99950074e-01  1.00000000e+00 
 2.81300000e-08  0.00000000e+00  8.67342085e-01  9.38149657e-08  9.99975607e-01  9.99952032e-01  1.00000000e+00 
 2.81500000e-08  0.00000000e+00  8.68003720e-01  9.01359475e-08  9.99976564e-01  9.99953913e-01  1.00000000e+00 
 2.81700000e-08  0.00000000e+00  8.68662056e-01  8.66012044e-08  9.99977483e-01  9.99955721e-01  1.00000000e+00 
 2.81900000e-08  0.00000000e+00  8.69317108e-01  8.32050788e-08  9.99978366e-01  9.99957457e-01  1.00000000e+00 
 2.82100000e-08  0.00000000e+00  8.69968893e-01  7.99421345e-08  9.99979214e-01  9.99959125e-01  1.00000000e+00 
 2.82300000e-08  0.00000000e+00  8.70617427e-01  7.68071488e-08  9.99980029e-01  9.99960728e-01  1.00000000e+00 
 2.82500000e-08  0.00000000e+00  8.71262727e-01  7.37951038e-08  9.99980812e-01  9.99962268e-01  1.00000000e+00 
 2.82700000e-08  0.00000000e+00  8.71904808e-01  7.09011781e-08  9.99981565e-01  9.99963748e-01  1.00000000e+00 
 2.82900000e-08  0.00000000e+00  8.72543687e-01  6.81207398e-08  9.99982288e-01  9.99965170e-01  1.00000000e+00 
 2.83100000e-08  0.00000000e+00  8.73179379e-01  6.54493382e-08  9.99982982e-01  9.99966536e-01  1.00000000e+00 
 2.83300000e-08  0.00000000e+00  8.73811901e-01  6.28826975e-08  9.99983650e-01  9.99967848e-01  1.00000000e+00 
 2.83500000e-08  0.00000000e+00  8.74441268e-01  6.04167094e-08  9.99984291e-01  9.99969109e-01  1.00000000e+00 
 2.83700000e-08  0.00000000e+00  8.75067496e-01  5.80474266e-08  9.99984907e-01  9.99970320e-01  1.00000000e+00 
 2.83900000e-08  0.00000000e+00  8.75690601e-01  5.57710570e-08  9.99985499e-01  9.99971484e-01  1.00000000e+00 
 2.84100000e-08  0.00000000e+00  8.76310598e-01  5.35839567e-08  9.99986068e-01  9.99972602e-01  1.00000000e+00 
 2.84300000e-08  0.00000000e+00  8.76927503e-01  5.14826251e-08  9.99986614e-01  9.99973677e-01  1.00000000e+00 
 2.84500000e-08  0.00000000e+00  8.77541331e-01  4.94636986e-08  9.99987139e-01  9.99974709e-01  1.00000000e+00 
 2.84700000e-08  0.00000000e+00  8.78152097e-01  4.75239457e-08  9.99987643e-01  9.99975701e-01  1.00000000e+00 
 2.84900000e-08  0.00000000e+00  8.78759817e-01  4.56602616e-08  9.99988128e-01  9.99976654e-01  1.00000000e+00 
 2.85100000e-08  0.00000000e+00  8.79364506e-01  4.38696631e-08  9.99988593e-01  9.99977569e-01  1.00000000e+00 
 2.85300000e-08  0.00000000e+00  8.79966180e-01  4.21492841e-08  9.99989041e-01  9.99978449e-01  1.00000000e+00 
 2.85500000e-08  0.00000000e+00  8.80564852e-01  4.04963710e-08  9.99989470e-01  9.99979294e-01  1.00000000e+00 
 2.85700000e-08  0.00000000e+00  8.81160539e-01  3.89082780e-08  9.99989883e-01  9.99980106e-01  1.00000000e+00 
 2.85900000e-08  0.00000000e+00  8.81753254e-01  3.73824632e-08  9.99990280e-01  9.99980886e-01  1.00000000e+00 
 2.86100000e-08  0.00000000e+00  8.82343014e-01  3.59164843e-08  9.99990661e-01  9.99981636e-01  1.00000000e+00 
 2.86300000e-08  0.00000000e+00  8.82929831e-01  3.45079947e-08  9.99991028e-01  9.99982356e-01  1.00000000e+00 
 2.86500000e-08  0.00000000e+00  8.83513723e-01  3.31547400e-08  9.99991379e-01  9.99983048e-01  1.00000000e+00 
 2.86700000e-08  0.00000000e+00  8.84094701e-01  3.18545541e-08  9.99991717e-01  9.99983713e-01  1.00000000e+00 
 2.86900000e-08  0.00000000e+00  8.84672783e-01  3.06053559e-08  9.99992042e-01  9.99984351e-01  1.00000000e+00 
 2.87100000e-08  0.00000000e+00  8.85247981e-01  2.94051459e-08  9.99992354e-01  9.99984965e-01  1.00000000e+00 
 2.87300000e-08  0.00000000e+00  8.85820310e-01  2.82520029e-08  9.99992654e-01  9.99985555e-01  1.00000000e+00 
 2.87500000e-08  0.00000000e+00  8.86389785e-01  2.71440812e-08  9.99992942e-01  9.99986121e-01  1.00000000e+00 
 2.87700000e-08  0.00000000e+00  8.86956419e-01  2.60796074e-08  9.99993219e-01  9.99986665e-01  1.00000000e+00 
 2.87900000e-08  0.00000000e+00  8.87520228e-01  2.50568777e-08  9.99993485e-01  9.99987188e-01  1.00000000e+00 
 2.88100000e-08  0.00000000e+00  8.88081224e-01  2.40742551e-08  9.99993740e-01  9.99987691e-01  1.00000000e+00 
 2.88300000e-08  0.00000000e+00  8.88639423e-01  2.31301666e-08  9.99993986e-01  9.99988173e-01  1.00000000e+00 
 2.88500000e-08  0.00000000e+00  8.89194837e-01  2.22231013e-08  9.99994222e-01  9.99988637e-01  1.00000000e+00 
 2.88700000e-08  0.00000000e+00  8.89747481e-01  2.13516071e-08  9.99994448e-01  9.99989083e-01  1.00000000e+00 
 2.88900000e-08  0.00000000e+00  8.90297369e-01  2.05142892e-08  9.99994666e-01  9.99989511e-01  1.00000000e+00 
 2.89100000e-08  0.00000000e+00  8.90844514e-01  1.97098073e-08  9.99994875e-01  9.99989922e-01  1.00000000e+00 
 2.89300000e-08  0.00000000e+00  8.91388931e-01  1.89368736e-08  9.99995076e-01  9.99990318e-01  1.00000000e+00 
 2.89500000e-08  0.00000000e+00  8.91930632e-01  1.81942512e-08  9.99995269e-01  9.99990697e-01  1.00000000e+00 
 2.89700000e-08  0.00000000e+00  8.92469631e-01  1.74807511e-08  9.99995455e-01  9.99991062e-01  1.00000000e+00 
 2.89900000e-08  0.00000000e+00  8.93005942e-01  1.67952315e-08  9.99995633e-01  9.99991413e-01  1.00000000e+00 
 2.90100000e-08  0.00000000e+00  8.93539578e-01  1.61365949e-08  9.99995804e-01  9.99991749e-01  1.00000000e+00 
 2.90300000e-08  0.00000000e+00  8.94070553e-01  1.55037873e-08  9.99995969e-01  9.99992073e-01  1.00000000e+00 
 2.90500000e-08  0.00000000e+00  8.94598879e-01  1.48957956e-08  9.99996127e-01  9.99992384e-01  1.00000000e+00 
 2.90700000e-08  0.00000000e+00  8.95124571e-01  1.43116468e-08  9.99996279e-01  9.99992682e-01  1.00000000e+00 
 2.90900000e-08  0.00000000e+00  8.95647640e-01  1.37504057e-08  9.99996425e-01  9.99992969e-01  1.00000000e+00 
 2.91100000e-08  0.00000000e+00  8.96168101e-01  1.32111741e-08  9.99996565e-01  9.99993245e-01  1.00000000e+00 
 2.91300000e-08  0.00000000e+00  8.96685966e-01  1.26930889e-08  9.99996700e-01  9.99993510e-01  1.00000000e+00 
 2.91500000e-08  0.00000000e+00  8.97201248e-01  1.21953207e-08  9.99996829e-01  9.99993764e-01  1.00000000e+00 
 2.91700000e-08  0.00000000e+00  8.97713960e-01  1.17170728e-08  9.99996953e-01  9.99994009e-01  1.00000000e+00 
 2.91900000e-08  0.00000000e+00  8.98224114e-01  1.12575798e-08  9.99997073e-01  9.99994244e-01  1.00000000e+00 
 2.92100000e-08  0.00000000e+00  8.98731725e-01  1.08161060e-08  9.99997188e-01  9.99994470e-01  1.00000000e+00 
 2.92300000e-08  0.00000000e+00  8.99236804e-01  1.03919450e-08  9.99997298e-01  9.99994687e-01  1.00000000e+00 
 2.92500000e-08  0.00000000e+00  8.99739363e-01  9.98441777e-09  9.99997404e-01  9.99994895e-01  1.00000000e+00 
 2.92700000e-08  0.00000000e+00  9.00239416e-01  9.59287197e-09  9.99997506e-01  9.99995095e-01  1.00000000e+00 
 2.92900000e-08  0.00000000e+00  9.00736975e-01  9.21668091e-09  9.99997604e-01  9.99995287e-01  1.00000000e+00 
 2.93100000e-08  0.00000000e+00  9.01232053e-01  8.85524245e-09  9.99997698e-01  9.99995472e-01  1.00000000e+00 
 2.93300000e-08  0.00000000e+00  9.01724661e-01  8.50797804e-09  9.99997788e-01  9.99995650e-01  1.00000000e+00 
 2.93500000e-08  0.00000000e+00  9.02214812e-01  8.17433184e-09  9.99997875e-01  9.99995820e-01  1.00000000e+00 
 2.93700000e-08  0.00000000e+00  9.02702519e-01  7.85376981e-09  9.99997958e-01  9.99995984e-01  1.00000000e+00 
 2.93900000e-08  0.00000000e+00  9.03187793e-01  7.54577883e-09  9.99998038e-01  9.99996142e-01  1.00000000e+00 
 2.94100000e-08  0.00000000e+00  9.03670647e-01  7.24986594e-09  9.99998115e-01  9.99996293e-01  1.00000000e+00 
 2.94300000e-08  0.00000000e+00  9.04151093e-01  6.96555747e-09  9.99998189e-01  9.99996438e-01  1.00000000e+00 
 2.94500000e-08  0.00000000e+00  9.04629142e-01  6.69239835e-09  9.99998260e-01  9.99996578e-01  1.00000000e+00 
 2.94700000e-08  0.00000000e+00  9.05104807e-01  6.42995136e-09  9.99998328e-01  9.99996712e-01  1.00000000e+00 
 2.94900000e-08  0.00000000e+00  9.05578100e-01  6.17779640e-09  9.99998394e-01  9.99996841e-01  1.00000000e+00 
 2.95100000e-08  0.00000000e+00  9.06049032e-01  5.93552988e-09  9.99998457e-01  9.99996965e-01  1.00000000e+00 
 2.95300000e-08  0.00000000e+00  9.06517615e-01  5.70276400e-09  9.99998517e-01  9.99997084e-01  1.00000000e+00 
 2.95500000e-08  0.00000000e+00  9.06983862e-01  5.47912620e-09  9.99998575e-01  9.99997199e-01  1.00000000e+00 
 2.95700000e-08  0.00000000e+00  9.07447783e-01  5.26425850e-09  9.99998631e-01  9.99997308e-01  1.00000000e+00 
 2.95900000e-08  0.00000000e+00  9.07909390e-01  5.05781699e-09  9.99998685e-01  9.99997414e-01  1.00000000e+00 
 2.96100000e-08  0.00000000e+00  9.08368695e-01  4.85947123e-09  9.99998736e-01  9.99997515e-01  1.00000000e+00 
 2.96300000e-08  0.00000000e+00  9.08825709e-01  4.66890373e-09  9.99998786e-01  9.99997613e-01  1.00000000e+00 
 2.96500000e-08  0.00000000e+00  9.09280443e-01  4.48580946e-09  9.99998834e-01  9.99997706e-01  1.00000000e+00 
 2.96700000e-08  0.00000000e+00  9.09732910e-01  4.30989537e-09  9.99998879e-01  9.99997796e-01  1.00000000e+00 
 2.96900000e-08  0.00000000e+00  9.10183120e-01  4.14087986e-09  9.99998923e-01  9.99997883e-01  1.00000000e+00 
 2.97100000e-08  0.00000000e+00  9.10631084e-01  3.97849242e-09  9.99998966e-01  9.99997966e-01  1.00000000e+00 
 2.97300000e-08  0.00000000e+00  9.11076814e-01  3.82247311e-09  9.99999006e-01  9.99998046e-01  1.00000000e+00 
 2.97500000e-08  0.00000000e+00  9.11520322e-01  3.67257220e-09  9.99999045e-01  9.99998122e-01  1.00000000e+00 
 2.97700000e-08  0.00000000e+00  9.11961617e-01  3.52854976e-09  9.99999083e-01  9.99998196e-01  1.00000000e+00 
 2.97900000e-08  0.00000000e+00  9.12400711e-01  3.39017526e-09  9.99999119e-01  9.99998267e-01  1.00000000e+00 
 2.98100000e-08  0.00000000e+00  9.12837615e-01  3.25722721e-09  9.99999153e-01  9.99998335e-01  1.00000000e+00 
 2.98300000e-08  0.00000000e+00  9.13272340e-01  3.12949281e-09  9.99999186e-01  9.99998400e-01  1.00000000e+00 
 2.98500000e-08  0.00000000e+00  9.13704897e-01  3.00676760e-09  9.99999218e-01  9.99998463e-01  1.00000000e+00 
 2.98700000e-08  0.00000000e+00  9.14135297e-01  2.88885515e-09  9.99999249e-01  9.99998523e-01  1.00000000e+00 
 2.98900000e-08  0.00000000e+00  9.14563550e-01  2.77556671e-09  9.99999278e-01  9.99998581e-01  1.00000000e+00 
 2.99100000e-08  0.00000000e+00  9.14989666e-01  2.66672096e-09  9.99999307e-01  9.99998636e-01  1.00000000e+00 
 2.99300000e-08  0.00000000e+00  9.15413658e-01  2.56214367e-09  9.99999334e-01  9.99998690e-01  1.00000000e+00 
 2.99500000e-08  0.00000000e+00  9.15835535e-01  2.46166744e-09  9.99999360e-01  9.99998741e-01  1.00000000e+00 
 2.99700000e-08  0.00000000e+00  9.16255308e-01  2.36513146e-09  9.99999385e-01  9.99998791e-01  1.00000000e+00 
 2.99900000e-08  0.00000000e+00  9.16672987e-01  2.27238121e-09  9.99999409e-01  9.99998838e-01  1.00000000e+00 
 3.00100000e-08  0.00000000e+00  9.17088583e-01  2.18326822e-09  9.99999432e-01  9.99998884e-01  1.00000000e+00 
 3.00300000e-08  0.00000000e+00  9.17502107e-01  2.09764986e-09  9.99999455e-01  9.99998927e-01  1.00000000e+00 
 3.00500000e-08  0.00000000e+00  9.17913567e-01  2.01538908e-09  9.99999476e-01  9.99998970e-01  1.00000000e+00 
 3.00700000e-08  0.00000000e+00  9.18322976e-01  1.93635422e-09  9.99999497e-01  9.99999010e-01  1.00000000e+00 
 3.00900000e-08  0.00000000e+00  9.18730343e-01  1.86041876e-09  9.99999516e-01  9.99999049e-01  1.00000000e+00 
 3.01100000e-08  0.00000000e+00  9.19135678e-01  1.78746116e-09  9.99999535e-01  9.99999086e-01  1.00000000e+00 
 3.01300000e-08  0.00000000e+00  9.19538991e-01  1.71736464e-09  9.99999553e-01  9.99999122e-01  1.00000000e+00 
 3.01500000e-08  0.00000000e+00  9.19940293e-01  1.65001701e-09  9.99999571e-01  9.99999156e-01  1.00000000e+00 
 3.01700000e-08  0.00000000e+00  9.20339593e-01  1.58531046e-09  9.99999588e-01  9.99999189e-01  1.00000000e+00 
 3.01900000e-08  0.00000000e+00  9.20736902e-01  1.52314142e-09  9.99999604e-01  9.99999221e-01  1.00000000e+00 
 3.02100000e-08  0.00000000e+00  9.21132229e-01  1.46341039e-09  9.99999619e-01  9.99999252e-01  1.00000000e+00 
 3.02300000e-08  0.00000000e+00  9.21525585e-01  1.40602174e-09  9.99999634e-01  9.99999281e-01  1.00000000e+00 
 3.02500000e-08  0.00000000e+00  9.21916978e-01  1.35088364e-09  9.99999649e-01  9.99999309e-01  1.00000000e+00 
 3.02700000e-08  0.00000000e+00  9.22306420e-01  1.29790781e-09  9.99999663e-01  9.99999336e-01  1.00000000e+00 
 3.02900000e-08  0.00000000e+00  9.22693919e-01  1.24700946e-09  9.99999676e-01  9.99999362e-01  1.00000000e+00 
 3.03100000e-08  0.00000000e+00  9.23079485e-01  1.19810713e-09  9.99999688e-01  9.99999387e-01  1.00000000e+00 
 3.03300000e-08  0.00000000e+00  9.23463129e-01  1.15112254e-09  9.99999701e-01  9.99999411e-01  1.00000000e+00 
 3.03500000e-08  0.00000000e+00  9.23844859e-01  1.10598048e-09  9.99999712e-01  9.99999435e-01  1.00000000e+00 
 3.03700000e-08  0.00000000e+00  9.24224685e-01  1.06260869e-09  9.99999724e-01  9.99999457e-01  1.00000000e+00 
 3.03900000e-08  0.00000000e+00  9.24602617e-01  1.02093776e-09  9.99999735e-01  9.99999478e-01  1.00000000e+00 
 3.04100000e-08  0.00000000e+00  9.24978664e-01  9.80900989e-10  9.99999745e-01  9.99999498e-01  1.00000000e+00 
 3.04300000e-08  0.00000000e+00  9.25352835e-01  9.42434283e-10  9.99999755e-01  9.99999518e-01  1.00000000e+00 
 3.04500000e-08  0.00000000e+00  9.25725140e-01  9.05476076e-10  9.99999765e-01  9.99999537e-01  1.00000000e+00 
 3.04700000e-08  0.00000000e+00  9.26095588e-01  8.69967210e-10  9.99999774e-01  9.99999555e-01  1.00000000e+00 
 3.04900000e-08  0.00000000e+00  9.26464189e-01  8.35850849e-10  9.99999783e-01  9.99999573e-01  1.00000000e+00 
 3.05100000e-08  0.00000000e+00  9.26830951e-01  8.03072385e-10  9.99999791e-01  9.99999589e-01  1.00000000e+00 
 3.05300000e-08  0.00000000e+00  9.27195884e-01  7.71579350e-10  9.99999799e-01  9.99999605e-01  1.00000000e+00 
 3.05500000e-08  0.00000000e+00  9.27558996e-01  7.41321336e-10  9.99999807e-01  9.99999621e-01  1.00000000e+00 
 3.05700000e-08  0.00000000e+00  9.27920298e-01  7.12249911e-10  9.99999815e-01  9.99999636e-01  1.00000000e+00 
 3.05900000e-08  0.00000000e+00  9.28279798e-01  6.84318542e-10  9.99999822e-01  9.99999650e-01  1.00000000e+00 
 3.06100000e-08  0.00000000e+00  9.28637505e-01  6.57482521e-10  9.99999829e-01  9.99999664e-01  1.00000000e+00 
 3.06300000e-08  0.00000000e+00  9.28993427e-01  6.31698893e-10  9.99999836e-01  9.99999677e-01  1.00000000e+00 
 3.06500000e-08  0.00000000e+00  9.29347575e-01  6.06926387e-10  9.99999842e-01  9.99999690e-01  1.00000000e+00 
 3.06700000e-08  0.00000000e+00  9.29699956e-01  5.83125352e-10  9.99999848e-01  9.99999702e-01  1.00000000e+00 
 3.06900000e-08  0.00000000e+00  9.30050580e-01  5.60257691e-10  9.99999854e-01  9.99999714e-01  1.00000000e+00 
 3.07100000e-08  0.00000000e+00  9.30399455e-01  5.38286801e-10  9.99999860e-01  9.99999725e-01  1.00000000e+00 
 3.07300000e-08  0.00000000e+00  9.30746590e-01  5.17177515e-10  9.99999866e-01  9.99999736e-01  1.00000000e+00 
 3.07500000e-08  0.00000000e+00  9.31091993e-01  4.96896044e-10  9.99999871e-01  9.99999746e-01  1.00000000e+00 
 3.07700000e-08  0.00000000e+00  9.31435674e-01  4.77409925e-10  9.99999876e-01  9.99999756e-01  1.00000000e+00 
 3.07900000e-08  0.00000000e+00  9.31777641e-01  4.58687967e-10  9.99999881e-01  9.99999765e-01  1.00000000e+00 
 3.08100000e-08  0.00000000e+00  9.32117902e-01  4.40700203e-10  9.99999885e-01  9.99999775e-01  1.00000000e+00 
 3.08300000e-08  0.00000000e+00  9.32456466e-01  4.23417842e-10  9.99999890e-01  9.99999784e-01  1.00000000e+00 
 3.08500000e-08  0.00000000e+00  9.32793341e-01  4.06813221e-10  9.99999894e-01  9.99999792e-01  1.00000000e+00 
 3.08700000e-08  0.00000000e+00  9.33128537e-01  3.90859762e-10  9.99999898e-01  9.99999800e-01  1.00000000e+00 
 3.08900000e-08  0.00000000e+00  9.33462060e-01  3.75531928e-10  9.99999902e-01  9.99999808e-01  1.00000000e+00 
 3.09100000e-08  0.00000000e+00  9.33793920e-01  3.60805185e-10  9.99999906e-01  9.99999816e-01  1.00000000e+00 
 3.09300000e-08  0.00000000e+00  9.34124125e-01  3.46655963e-10  9.99999910e-01  9.99999823e-01  1.00000000e+00 
 3.09500000e-08  0.00000000e+00  9.34452683e-01  3.33061611e-10  9.99999913e-01  9.99999830e-01  1.00000000e+00 
 3.09700000e-08  0.00000000e+00  9.34779602e-01  3.20000371e-10  9.99999917e-01  9.99999836e-01  1.00000000e+00 
 3.09900000e-08  0.00000000e+00  9.35104891e-01  3.07451337e-10  9.99999920e-01  9.99999843e-01  1.00000000e+00 
 3.10100000e-08  0.00000000e+00  9.35428557e-01  2.95394422e-10  9.99999923e-01  9.99999849e-01  1.00000000e+00 
 3.10300000e-08  0.00000000e+00  9.35750610e-01  2.83810327e-10  9.99999926e-01  9.99999855e-01  1.00000000e+00 
 3.10500000e-08  0.00000000e+00  9.36071055e-01  2.72680510e-10  9.99999929e-01  9.99999861e-01  1.00000000e+00 
 3.10700000e-08  0.00000000e+00  9.36389903e-01  2.61987157e-10  9.99999932e-01  9.99999866e-01  1.00000000e+00 
 3.10900000e-08  0.00000000e+00  9.36707160e-01  2.51713151e-10  9.99999935e-01  9.99999871e-01  1.00000000e+00 
 3.11100000e-08  0.00000000e+00  9.37022835e-01  2.41842047e-10  9.99999937e-01  9.99999876e-01  1.00000000e+00 
 3.11300000e-08  0.00000000e+00  9.37336936e-01  2.32358045e-10  9.99999940e-01  9.99999881e-01  1.00000000e+00 
 3.11500000e-08  0.00000000e+00  9.37649470e-01  2.23245965e-10  9.99999942e-01  9.99999886e-01  1.00000000e+00 
 3.11700000e-08  0.00000000e+00  9.37960445e-01  2.14491221e-10  9.99999944e-01  9.99999890e-01  1.00000000e+00 
 3.11900000e-08  0.00000000e+00  9.38269869e-01  2.06079801e-10  9.99999946e-01  9.99999895e-01  1.00000000e+00 
 3.12100000e-08  0.00000000e+00  9.38577750e-01  1.97998240e-10  9.99999949e-01  9.99999899e-01  1.00000000e+00 
 3.12300000e-08  0.00000000e+00  9.38884096e-01  1.90233603e-10  9.99999951e-01  9.99999903e-01  1.00000000e+00 
 3.12500000e-08  0.00000000e+00  9.39188913e-01  1.82773462e-10  9.99999952e-01  9.99999907e-01  1.00000000e+00 
 3.12700000e-08  0.00000000e+00  9.39492210e-01  1.75605875e-10  9.99999954e-01  9.99999910e-01  1.00000000e+00 
 3.12900000e-08  0.00000000e+00  9.39793995e-01  1.68719370e-10  9.99999956e-01  9.99999914e-01  1.00000000e+00 
 3.13100000e-08  0.00000000e+00  9.40094274e-01  1.62102924e-10  9.99999958e-01  9.99999917e-01  1.00000000e+00 
 3.13300000e-08  0.00000000e+00  9.40393056e-01  1.55745947e-10  9.99999960e-01  9.99999920e-01  1.00000000e+00 
 3.13500000e-08  0.00000000e+00  9.40690347e-01  1.49638263e-10  9.99999961e-01  9.99999923e-01  1.00000000e+00 
 3.13700000e-08  0.00000000e+00  9.40986156e-01  1.43770095e-10  9.99999963e-01  9.99999926e-01  1.00000000e+00 
 3.13900000e-08  0.00000000e+00  9.41280489e-01  1.38132052e-10  9.99999964e-01  9.99999929e-01  1.00000000e+00 
 3.14100000e-08  0.00000000e+00  9.41573355e-01  1.32715109e-10  9.99999965e-01  9.99999932e-01  1.00000000e+00 
 3.14300000e-08  0.00000000e+00  9.41864760e-01  1.27510595e-10  9.99999967e-01  9.99999935e-01  1.00000000e+00 
 3.14500000e-08  0.00000000e+00  9.42154711e-01  1.22510180e-10  9.99999968e-01  9.99999937e-01  1.00000000e+00 
 3.14700000e-08  0.00000000e+00  9.42443216e-01  1.17705859e-10  9.99999969e-01  9.99999940e-01  1.00000000e+00 
 3.14900000e-08  0.00000000e+00  9.42730282e-01  1.13089943e-10  9.99999971e-01  9.99999942e-01  1.00000000e+00 
 3.15100000e-08  0.00000000e+00  9.43015917e-01  1.08655043e-10  9.99999972e-01  9.99999944e-01  1.00000000e+00 
 3.15300000e-08  0.00000000e+00  9.43300127e-01  1.04394061e-10  9.99999973e-01  9.99999947e-01  1.00000000e+00 
 3.15500000e-08  0.00000000e+00  9.43582919e-01  1.00300176e-10  9.99999974e-01  9.99999949e-01  1.00000000e+00 
 3.15700000e-08  0.00000000e+00  9.43864301e-01  9.63668360e-11  9.99999975e-01  9.99999951e-01  1.00000000e+00 
 3.15900000e-08  0.00000000e+00  9.44144280e-01  9.25877444e-11  9.99999976e-01  9.99999953e-01  1.00000000e+00 
 3.16100000e-08  0.00000000e+00  9.44422862e-01  8.89568525e-11  9.99999977e-01  9.99999955e-01  1.00000000e+00 
 3.16300000e-08  0.00000000e+00  9.44700054e-01  8.54683485e-11  9.99999978e-01  9.99999956e-01  1.00000000e+00 
 3.16500000e-08  0.00000000e+00  9.44975865e-01  8.21166485e-11  9.99999979e-01  9.99999958e-01  1.00000000e+00 
 3.16700000e-08  0.00000000e+00  9.45250299e-01  7.88963878e-11  9.99999979e-01  9.99999960e-01  1.00000000e+00 
 3.16900000e-08  0.00000000e+00  9.45523365e-01  7.58024118e-11  9.99999980e-01  9.99999961e-01  1.00000000e+00 
 3.17100000e-08  0.00000000e+00  9.45795069e-01  7.28297682e-11  9.99999981e-01  9.99999963e-01  1.00000000e+00 
 3.17300000e-08  0.00000000e+00  9.46065418e-01  6.99736989e-11  9.99999982e-01  9.99999964e-01  1.00000000e+00 
 3.17500000e-08  0.00000000e+00  9.46334418e-01  6.72296323e-11  9.99999983e-01  9.99999966e-01  1.00000000e+00 
 3.17700000e-08  0.00000000e+00  9.46602077e-01  6.45931761e-11  9.99999983e-01  9.99999967e-01  1.00000000e+00 
 3.17900000e-08  0.00000000e+00  9.46868401e-01  6.20601104e-11  9.99999984e-01  9.99999968e-01  1.00000000e+00 
 3.18100000e-08  0.00000000e+00  9.47133396e-01  5.96263805e-11  9.99999984e-01  9.99999970e-01  1.00000000e+00 
 3.18300000e-08  0.00000000e+00  9.47397070e-01  5.72880911e-11  9.99999985e-01  9.99999971e-01  1.00000000e+00 
 3.18500000e-08  0.00000000e+00  9.47659429e-01  5.50414993e-11  9.99999986e-01  9.99999972e-01  1.00000000e+00 
 3.18700000e-08  0.00000000e+00  9.47920479e-01  5.28830091e-11  9.99999986e-01  9.99999973e-01  1.00000000e+00 
 3.18900000e-08  0.00000000e+00  9.48180227e-01  5.08091656e-11  9.99999987e-01  9.99999974e-01  1.00000000e+00 
 3.19100000e-08  0.00000000e+00  9.48438680e-01  4.88166493e-11  9.99999987e-01  9.99999975e-01  1.00000000e+00 
 3.19300000e-08  0.00000000e+00  9.48695844e-01  4.69022709e-11  9.99999988e-01  9.99999976e-01  1.00000000e+00 
 3.19500000e-08  0.00000000e+00  9.48951725e-01  4.50629662e-11  9.99999988e-01  9.99999977e-01  1.00000000e+00 
 3.19700000e-08  0.00000000e+00  9.49206330e-01  4.32957910e-11  9.99999989e-01  9.99999978e-01  1.00000000e+00 
 3.19900000e-08  0.00000000e+00  9.49459665e-01  4.15979169e-11  9.99999989e-01  9.99999979e-01  1.00000000e+00 
 3.20100000e-08  0.00000000e+00  9.49711736e-01  3.99666260e-11  9.99999990e-01  9.99999980e-01  1.00000000e+00 
 3.20300000e-08  0.00000000e+00  9.49962550e-01  3.83993074e-11  9.99999990e-01  9.99999980e-01  1.00000000e+00 
 3.20500000e-08  0.00000000e+00  9.50212114e-01  3.68934522e-11  9.99999990e-01  9.99999981e-01  1.00000000e+00 
 3.20700000e-08  0.00000000e+00  9.50460432e-01  3.54466501e-11  9.99999991e-01  9.99999982e-01  1.00000000e+00 
 3.20900000e-08  0.00000000e+00  9.50707513e-01  3.40565854e-11  9.99999991e-01  9.99999983e-01  1.00000000e+00 
 3.21100000e-08  0.00000000e+00  9.50953360e-01  3.27210330e-11  9.99999991e-01  9.99999983e-01  1.00000000e+00 
 3.21300000e-08  0.00000000e+00  9.51197982e-01  3.14378553e-11  9.99999992e-01  9.99999984e-01  1.00000000e+00 
 3.21500000e-08  0.00000000e+00  9.51441384e-01  3.02049982e-11  9.99999992e-01  9.99999985e-01  1.00000000e+00 
 3.21700000e-08  0.00000000e+00  9.51683571e-01  2.90204885e-11  9.99999992e-01  9.99999985e-01  1.00000000e+00 
 3.21900000e-08  0.00000000e+00  9.51924551e-01  2.78824301e-11  9.99999993e-01  9.99999986e-01  1.00000000e+00 
 3.22100000e-08  0.00000000e+00  9.52164329e-01  2.67890015e-11  9.99999993e-01  9.99999986e-01  1.00000000e+00 
 3.22300000e-08  0.00000000e+00  9.52402911e-01  2.57384524e-11  9.99999993e-01  9.99999987e-01  1.00000000e+00 
 3.22500000e-08  0.00000000e+00  9.52640303e-01  2.47291013e-11  9.99999994e-01  9.99999987e-01  1.00000000e+00 
 3.22700000e-08  0.00000000e+00  9.52876511e-01  2.37593326e-11  9.99999994e-01  9.99999988e-01  1.00000000e+00 
 3.22900000e-08  0.00000000e+00  9.53111540e-01  2.28275941e-11  9.99999994e-01  9.99999988e-01  1.00000000e+00 
 3.23100000e-08  0.00000000e+00  9.53345398e-01  2.19323943e-11  9.99999994e-01  9.99999989e-01  1.00000000e+00 
 3.23300000e-08  0.00000000e+00  9.53578089e-01  2.10723004e-11  9.99999995e-01  9.99999989e-01  1.00000000e+00 
 3.23500000e-08  0.00000000e+00  9.53809620e-01  2.02459357e-11  9.99999995e-01  9.99999990e-01  1.00000000e+00 
 3.23700000e-08  0.00000000e+00  9.54039996e-01  1.94519775e-11  9.99999995e-01  9.99999990e-01  1.00000000e+00 
 3.23900000e-08  0.00000000e+00  9.54269223e-01  1.86891548e-11  9.99999995e-01  9.99999990e-01  1.00000000e+00 
 3.24100000e-08  0.00000000e+00  9.54497307e-01  1.79562468e-11  9.99999995e-01  9.99999991e-01  1.00000000e+00 
 3.24300000e-08  0.00000000e+00  9.54724253e-01  1.72520802e-11  9.99999996e-01  9.99999991e-01  1.00000000e+00 
 3.24500000e-08  0.00000000e+00  9.54950067e-01  1.65755281e-11  9.99999996e-01  9.99999992e-01  1.00000000e+00 
 3.24700000e-08  0.00000000e+00  9.55174755e-01  1.59255074e-11  9.99999996e-01  9.99999992e-01  1.00000000e+00 
 3.24900000e-08  0.00000000e+00  9.55398322e-01  1.53009777e-11  9.99999996e-01  9.99999992e-01  1.00000000e+00 
 3.25100000e-08  0.00000000e+00  9.55620775e-01  1.47009393e-11  9.99999996e-01  9.99999992e-01  1.00000000e+00 
 3.25300000e-08  0.00000000e+00  9.55842117e-01  1.41244319e-11  9.99999996e-01  9.99999993e-01  1.00000000e+00 
 3.25500000e-08  0.00000000e+00  9.56062356e-01  1.35705326e-11  9.99999996e-01  9.99999993e-01  1.00000000e+00 
 3.25700000e-08  0.00000000e+00  9.56281496e-01  1.30383549e-11  9.99999997e-01  9.99999993e-01  1.00000000e+00 
 3.25900000e-08  0.00000000e+00  9.56499544e-01  1.25270468e-11  9.99999997e-01  9.99999994e-01  1.00000000e+00 
 3.26100000e-08  0.00000000e+00  9.56716504e-01  1.20357901e-11  9.99999997e-01  9.99999994e-01  1.00000000e+00 
 3.26300000e-08  0.00000000e+00  9.56932382e-01  1.15637983e-11  9.99999997e-01  9.99999994e-01  1.00000000e+00 
 3.26500000e-08  0.00000000e+00  9.57147183e-01  1.11103160e-11  9.99999997e-01  9.99999994e-01  1.00000000e+00 
 3.26700000e-08  0.00000000e+00  9.57360912e-01  1.06746174e-11  9.99999997e-01  9.99999995e-01  1.00000000e+00 
 3.26900000e-08  0.00000000e+00  9.57573576e-01  1.02560049e-11  9.99999997e-01  9.99999995e-01  1.00000000e+00 
 3.27100000e-08  0.00000000e+00  9.57785179e-01  9.85380865e-12  9.99999997e-01  9.99999995e-01  1.00000000e+00 
 3.27300000e-08  0.00000000e+00  9.57995727e-01  9.46738478e-12  9.99999998e-01  9.99999995e-01  1.00000000e+00 
 3.27500000e-08  0.00000000e+00  9.58205225e-01  9.09611479e-12  9.99999998e-01  9.99999995e-01  1.00000000e+00 
 3.27700000e-08  0.00000000e+00  9.58413677e-01  8.73940440e-12  9.99999998e-01  9.99999996e-01  1.00000000e+00 
 3.27900000e-08  0.00000000e+00  9.58621090e-01  8.39668266e-12  9.99999998e-01  9.99999996e-01  1.00000000e+00 
 3.28100000e-08  0.00000000e+00  9.58827469e-01  8.06740099e-12  9.99999998e-01  9.99999996e-01  1.00000000e+00 
 3.28300000e-08  0.00000000e+00  9.59032818e-01  7.75103232e-12  9.99999998e-01  9.99999996e-01  1.00000000e+00 
 3.28500000e-08  0.00000000e+00  9.59237143e-01  7.44707027e-12  9.99999998e-01  9.99999996e-01  1.00000000e+00 
 3.28700000e-08  0.00000000e+00  9.59440449e-01  7.15502830e-12  9.99999998e-01  9.99999996e-01  1.00000000e+00 
 3.28900000e-08  0.00000000e+00  9.59642741e-01  6.87443895e-12  9.99999998e-01  9.99999996e-01  1.00000000e+00 
 3.29100000e-08  0.00000000e+00  9.59844025e-01  6.60485311e-12  9.99999998e-01  9.99999997e-01  1.00000000e+00 
 3.29300000e-08  0.00000000e+00  9.60044304e-01  6.34583926e-12  9.99999998e-01  9.99999997e-01  1.00000000e+00 
 3.29500000e-08  0.00000000e+00  9.60243584e-01  6.09698282e-12  9.99999998e-01  9.99999997e-01  1.00000000e+00 
 3.29700000e-08  0.00000000e+00  9.60441870e-01  5.85788546e-12  9.99999998e-01  9.99999997e-01  1.00000000e+00 
 3.29900000e-08  0.00000000e+00  9.60639168e-01  5.62816446e-12  9.99999999e-01  9.99999997e-01  1.00000000e+00 
 3.30100000e-08  0.00000000e+00  9.60835481e-01  5.40745213e-12  9.99999999e-01  9.99999997e-01  1.00000000e+00 
 3.30300000e-08  0.00000000e+00  9.61030815e-01  5.19539518e-12  9.99999999e-01  9.99999997e-01  1.00000000e+00 
 3.30500000e-08  0.00000000e+00  9.61225175e-01  4.99165419e-12  9.99999999e-01  9.99999997e-01  1.00000000e+00 
 3.30700000e-08  0.00000000e+00  9.61418566e-01  4.79590305e-12  9.99999999e-01  9.99999998e-01  1.00000000e+00 
 3.30900000e-08  0.00000000e+00  9.61610992e-01  4.60782842e-12  9.99999999e-01  9.99999998e-01  1.00000000e+00 
 3.31100000e-08  0.00000000e+00  9.61802459e-01  4.42712927e-12  9.99999999e-01  9.99999998e-01  1.00000000e+00 
 3.31300000e-08  0.00000000e+00  9.61992970e-01  4.25351635e-12  9.99999999e-01  9.99999998e-01  1.00000000e+00 
 3.31500000e-08  0.00000000e+00  9.62182531e-01  4.08671179e-12  9.99999999e-01  9.99999998e-01  1.00000000e+00 
 3.31700000e-08  0.00000000e+00  9.62371147e-01  3.92644858e-12  9.99999999e-01  9.99999998e-01  1.00000000e+00 
 3.31900000e-08  0.00000000e+00  9.62558822e-01  3.77247021e-12  9.99999999e-01  9.99999998e-01  1.00000000e+00 
 3.32100000e-08  0.00000000e+00  9.62745561e-01  3.62453020e-12  9.99999999e-01  9.99999998e-01  1.00000000e+00 
 3.32300000e-08  0.00000000e+00  9.62931369e-01  3.48239176e-12  9.99999999e-01  9.99999998e-01  1.00000000e+00 
 3.32500000e-08  0.00000000e+00  9.63116250e-01  3.34582738e-12  9.99999999e-01  9.99999998e-01  1.00000000e+00 
 3.32700000e-08  0.00000000e+00  9.63300209e-01  3.21461846e-12  9.99999999e-01  9.99999998e-01  1.00000000e+00 
 3.32900000e-08  0.00000000e+00  9.63483250e-01  3.08855499e-12  9.99999999e-01  9.99999998e-01  1.00000000e+00 
 3.33100000e-08  0.00000000e+00  9.63665378e-01  2.96743519e-12  9.99999999e-01  9.99999998e-01  1.00000000e+00 
 3.33300000e-08  0.00000000e+00  9.63846598e-01  2.85106518e-12  9.99999999e-01  9.99999999e-01  1.00000000e+00 
 3.33500000e-08  0.00000000e+00  9.64026915e-01  2.73925870e-12  9.99999999e-01  9.99999999e-01  1.00000000e+00 
 3.33700000e-08  0.00000000e+00  9.64206332e-01  2.63183679e-12  9.99999999e-01  9.99999999e-01  1.00000000e+00 
 3.33900000e-08  0.00000000e+00  9.64384854e-01  2.52862751e-12  9.99999999e-01  9.99999999e-01  1.00000000e+00 
 3.34100000e-08  0.00000000e+00  9.64562485e-01  2.42946564e-12  9.99999999e-01  9.99999999e-01  1.00000000e+00 
 3.34300000e-08  0.00000000e+00  9.64739231e-01  2.33419248e-12  9.99999999e-01  9.99999999e-01  1.00000000e+00 
 3.34500000e-08  0.00000000e+00  9.64915095e-01  2.24265552e-12  9.99999999e-01  9.99999999e-01  1.00000000e+00 
 3.34700000e-08  0.00000000e+00  9.65090082e-01  2.15470825e-12  9.99999999e-01  9.99999999e-01  1.00000000e+00 
 3.34900000e-08  0.00000000e+00  9.65264197e-01  2.07020988e-12  9.99999999e-01  9.99999999e-01  1.00000000e+00 
 3.35100000e-08  0.00000000e+00  9.65437442e-01  1.98902518e-12  9.99999999e-01  9.99999999e-01  1.00000000e+00 
 3.35300000e-08  0.00000000e+00  9.65609824e-01  1.91102419e-12  1.00000000e+00  9.99999999e-01  1.00000000e+00 
 3.35500000e-08  0.00000000e+00  9.65781346e-01  1.83608207e-12  1.00000000e+00  9.99999999e-01  1.00000000e+00 
 3.35700000e-08  0.00000000e+00  9.65952013e-01  1.76407885e-12  1.00000000e+00  9.99999999e-01  1.00000000e+00 
 3.35900000e-08  0.00000000e+00  9.66121828e-01  1.69489929e-12  1.00000000e+00  9.99999999e-01  1.00000000e+00 
 3.36100000e-08  0.00000000e+00  9.66290797e-01  1.62843265e-12  1.00000000e+00  9.99999999e-01  1.00000000e+00 
 3.36300000e-08  0.00000000e+00  9.66458922e-01  1.56457255e-12  1.00000000e+00  9.99999999e-01  1.00000000e+00 
 3.36500000e-08  0.00000000e+00  9.66626210e-01  1.50321676e-12  1.00000000e+00  9.99999999e-01  1.00000000e+00 
 3.36700000e-08  0.00000000e+00  9.66792662e-01  1.44426708e-12  1.00000000e+00  9.99999999e-01  1.00000000e+00 
 3.36900000e-08  0.00000000e+00  9.66958285e-01  1.38762916e-12  1.00000000e+00  9.99999999e-01  1.00000000e+00 
 3.37100000e-08  0.00000000e+00  9.67123082e-01  1.33321233e-12  1.00000000e+00  9.99999999e-01  1.00000000e+00 
 3.37300000e-08  0.00000000e+00  9.67287056e-01  1.28092949e-12  1.00000000e+00  9.99999999e-01  1.00000000e+00 
 3.37500000e-08  0.00000000e+00  9.67450213e-01  1.23069696e-12  1.00000000e+00  9.99999999e-01  1.00000000e+00 
 3.37700000e-08  0.00000000e+00  9.67612556e-01  1.18243434e-12  1.00000000e+00  9.99999999e-01  1.00000000e+00 
 3.37900000e-08  0.00000000e+00  9.67774090e-01  1.13606436e-12  1.00000000e+00  9.99999999e-01  1.00000000e+00 
 3.38100000e-08  0.00000000e+00  9.67934817e-01  1.09151282e-12  1.00000000e+00  9.99999999e-01  1.00000000e+00 
 3.38300000e-08  0.00000000e+00  9.68094743e-01  1.04870839e-12  1.00000000e+00  9.99999999e-01  1.00000000e+00 
 3.38500000e-08  0.00000000e+00  9.68253872e-01  1.00758258e-12  1.00000000e+00  9.99999999e-01  1.00000000e+00 
 3.38700000e-08  0.00000000e+00  9.68412207e-01  9.68069533e-13  1.00000000e+00  1.00000000e+00  1.00000000e+00 
 3.38900000e-08  0.00000000e+00  9.68569752e-01  9.30106022e-13  1.00000000e+00  1.00000000e+00  1.00000000e+00 
 3.39100000e-08  0.00000000e+00  9.68726511e-01  8.93631276e-13  1.00000000e+00  1.00000000e+00  1.00000000e+00 
 3.39300000e-08  0.00000000e+00  9.68882489e-01  8.58586912e-13  1.00000000e+00  1.00000000e+00  1.00000000e+00 
 3.39500000e-08  0.00000000e+00  9.69037688e-01  8.24916837e-13  1.00000000e+00  1.00000000e+00  1.00000000e+00 
 3.39700000e-08  0.00000000e+00  9.69192114e-01  7.92567157e-13  1.00000000e+00  1.00000000e+00  1.00000000e+00 
 3.39900000e-08  0.00000000e+00  9.69345769e-01  7.61486092e-13  1.00000000e+00  1.00000000e+00  1.00000000e+00 
 3.40100000e-08  0.00000000e+00  9.69498658e-01  7.31623893e-13  1.00000000e+00  1.00000000e+00  1.00000000e+00 
 3.40300000e-08  0.00000000e+00  9.69650784e-01  7.02932760e-13  1.00000000e+00  1.00000000e+00  1.00000000e+00 
 3.40500000e-08  0.00000000e+00  9.69802152e-01  6.75366769e-13  1.00000000e+00  1.00000000e+00  1.00000000e+00 
 3.40700000e-08  0.00000000e+00  9.69952765e-01  6.48881798e-13  1.00000000e+00  1.00000000e+00  1.00000000e+00 
 3.40900000e-08  0.00000000e+00  9.70102626e-01  6.23435453e-13  1.00000000e+00  1.00000000e+00  1.00000000e+00 
 3.41100000e-08  0.00000000e+00  9.70251740e-01  5.98987004e-13  1.00000000e+00  1.00000000e+00  1.00000000e+00 
 3.41300000e-08  0.00000000e+00  9.70400111e-01  5.75497317e-13  1.00000000e+00  1.00000000e+00  1.00000000e+00 
 3.41500000e-08  0.00000000e+00  9.70547741e-01  5.52928795e-13  1.00000000e+00  1.00000000e+00  1.00000000e+00 
 3.41700000e-08  0.00000000e+00  9.70694635e-01  5.31245313e-13  1.00000000e+00  1.00000000e+00  1.00000000e+00 
 3.41900000e-08  0.00000000e+00  9.70840797e-01  5.10412163e-13  1.00000000e+00  1.00000000e+00  1.00000000e+00 
 3.42100000e-08  0.00000000e+00  9.70986229e-01  4.90396000e-13  1.00000000e+00  1.00000000e+00  1.00000000e+00 
 3.42300000e-08  0.00000000e+00  9.71130936e-01  4.71164784e-13  1.00000000e+00  1.00000000e+00  1.00000000e+00 
 3.42500000e-08  0.00000000e+00  9.71274921e-01  4.52687734e-13  1.00000000e+00  1.00000000e+00  1.00000000e+00 
 3.42700000e-08  0.00000000e+00  9.71418189e-01  4.34935274e-13  1.00000000e+00  1.00000000e+00  1.00000000e+00 
 3.42900000e-08  0.00000000e+00  9.71560741e-01  4.17878989e-13  1.00000000e+00  1.00000000e+00  1.00000000e+00 
 3.43100000e-08  0.00000000e+00  9.71702583e-01  4.01491577e-13  1.00000000e+00  1.00000000e+00  1.00000000e+00 
 3.43300000e-08  0.00000000e+00  9.71843717e-01  3.85746809e-13  1.00000000e+00  1.00000000e+00  1.00000000e+00 
 3.43500000e-08  0.00000000e+00  9.71984148e-01  3.70619484e-13  1.00000000e+00  1.00000000e+00  1.00000000e+00 
 3.43700000e-08  0.00000000e+00  9.72123878e-01  3.56085386e-13  1.00000000e+00  1.00000000e+00  1.00000000e+00 
 3.43900000e-08  0.00000000e+00  9.72262911e-01  3.42121253e-13  1.00000000e+00  1.00000000e+00  1.00000000e+00 
 3.44100000e-08  0.00000000e+00  9.72401250e-01  3.28704734e-13  1.00000000e+00  1.00000000e+00  1.00000000e+00 
 3.44300000e-08  0.00000000e+00  9.72538900e-01  3.15814352e-13  1.00000000e+00  1.00000000e+00  1.00000000e+00 
 3.44500000e-08  0.00000000e+00  9.72675863e-01  3.03429475e-13  1.00000000e+00  1.00000000e+00  1.00000000e+00 
 3.44700000e-08  0.00000000e+00  9.72812143e-01  2.91530280e-13  1.00000000e+00  1.00000000e+00  1.00000000e+00 
 3.44900000e-08  0.00000000e+00  9.72947743e-01  2.80097720e-13  1.00000000e+00  1.00000000e+00  1.00000000e+00 
 3.45100000e-08  0.00000000e+00  9.73082667e-01  2.69113496e-13  1.00000000e+00  1.00000000e+00  1.00000000e+00 
 3.45300000e-08  0.00000000e+00  9.73216918e-01  2.58560026e-13  1.00000000e+00  1.00000000e+00  1.00000000e+00 
 3.45500000e-08  0.00000000e+00  9.73350500e-01  2.48420417e-13  1.00000000e+00  1.00000000e+00  1.00000000e+00 
 3.45700000e-08  0.00000000e+00  9.73483415e-01  2.38678440e-13  1.00000000e+00  1.00000000e+00  1.00000000e+00 
 3.45900000e-08  0.00000000e+00  9.73615667e-01  2.29318501e-13  1.00000000e+00  1.00000000e+00  1.00000000e+00 
 3.46100000e-08  0.00000000e+00  9.73747260e-01  2.20325618e-13  1.00000000e+00  1.00000000e+00  1.00000000e+00 
 3.46300000e-08  0.00000000e+00  9.73878196e-01  2.11685398e-13  1.00000000e+00  1.00000000e+00  1.00000000e+00 
 3.46500000e-08  0.00000000e+00  9.74008479e-01  2.03384010e-13  1.00000000e+00  1.00000000e+00  1.00000000e+00 
 3.46700000e-08  0.00000000e+00  9.74138113e-01  1.95408166e-13  1.00000000e+00  1.00000000e+00  1.00000000e+00 
 3.46900000e-08  0.00000000e+00  9.74267100e-01  1.87745101e-13  1.00000000e+00  1.00000000e+00  1.00000000e+00 
 3.47100000e-08  0.00000000e+00  9.74395444e-01  1.80382548e-13  1.00000000e+00  1.00000000e+00  1.00000000e+00 
 3.47300000e-08  0.00000000e+00  9.74523147e-01  1.73308723e-13  1.00000000e+00  1.00000000e+00  1.00000000e+00 
 3.47500000e-08  0.00000000e+00  9.74650214e-01  1.66512302e-13  1.00000000e+00  1.00000000e+00  1.00000000e+00 
 3.47700000e-08  0.00000000e+00  9.74776647e-01  1.59982408e-13  1.00000000e+00  1.00000000e+00  1.00000000e+00 
 3.47900000e-08  0.00000000e+00  9.74902449e-01  1.53708588e-13  1.00000000e+00  1.00000000e+00  1.00000000e+00 
 3.48100000e-08  0.00000000e+00  9.75027624e-01  1.47680800e-13  1.00000000e+00  1.00000000e+00  1.00000000e+00 
 3.48300000e-08  0.00000000e+00  9.75152174e-01  1.41889396e-13  1.00000000e+00  1.00000000e+00  1.00000000e+00 
 3.48500000e-08  0.00000000e+00  9.75276103e-01  1.36325106e-13  1.00000000e+00  1.00000000e+00  1.00000000e+00 
 3.48700000e-08  0.00000000e+00  9.75399415e-01  1.30979024e-13  1.00000000e+00  1.00000000e+00  1.00000000e+00 
 3.48900000e-08  0.00000000e+00  9.75522111e-01  1.25842591e-13  1.00000000e+00  1.00000000e+00  1.00000000e+00 
 3.49100000e-08  0.00000000e+00  9.75644195e-01  1.20907588e-13  1.00000000e+00  1.00000000e+00  1.00000000e+00 
 3.49300000e-08  0.00000000e+00  9.75765670e-01  1.16166114e-13  1.00000000e+00  1.00000000e+00  1.00000000e+00 
 3.49500000e-08  0.00000000e+00  9.75886540e-01  1.11610580e-13  1.00000000e+00  1.00000000e+00  1.00000000e+00 
 3.49700000e-08  0.00000000e+00  9.76006807e-01  1.07233694e-13  1.00000000e+00  1.00000000e+00  1.00000000e+00 
 3.49900000e-08  0.00000000e+00  9.76126473e-01  1.03028451e-13  1.00000000e+00  1.00000000e+00  1.00000000e+00 
 3.50100000e-08  0.00000000e+00  9.76245543e-01  9.89881200e-14  1.00000000e+00  1.00000000e+00  1.00000000e+00 
 3.50300000e-08  0.00000000e+00  9.76364019e-01  9.51062330e-14  1.00000000e+00  1.00000000e+00  1.00000000e+00 
 3.50500000e-08  0.00000000e+00  9.76481905e-01  9.13765768e-14  1.00000000e+00  1.00000000e+00  1.00000000e+00 
 3.50700000e-08  0.00000000e+00  9.76599202e-01  8.77931816e-14  1.00000000e+00  1.00000000e+00  1.00000000e+00 
 3.50900000e-08  0.00000000e+00  9.76715914e-01  8.43503118e-14  1.00000000e+00  1.00000000e+00  1.00000000e+00 
 3.51100000e-08  0.00000000e+00  9.76832044e-01  8.10424564e-14  1.00000000e+00  1.00000000e+00  1.00000000e+00 
 3.51300000e-08  0.00000000e+00  9.76947595e-01  7.78643208e-14  1.00000000e+00  1.00000000e+00  1.00000000e+00 
 3.51500000e-08  0.00000000e+00  9.77062570e-01  7.48108181e-14  1.00000000e+00  1.00000000e+00  1.00000000e+00 
 3.51700000e-08  0.00000000e+00  9.77176971e-01  7.18770605e-14  1.00000000e+00  1.00000000e+00  1.00000000e+00 
 3.51900000e-08  0.00000000e+00  9.77290801e-01  6.90583522e-14  1.00000000e+00  1.00000000e+00  1.00000000e+00 
 3.52100000e-08  0.00000000e+00  9.77404064e-01  6.63501816e-14  1.00000000e+00  1.00000000e+00  1.00000000e+00 
 3.52300000e-08  0.00000000e+00  9.77516762e-01  6.37482137e-14  1.00000000e+00  1.00000000e+00  1.00000000e+00 
 3.52500000e-08  0.00000000e+00  9.77628898e-01  6.12482837e-14  1.00000000e+00  1.00000000e+00  1.00000000e+00 
 3.52700000e-08  0.00000000e+00  9.77740475e-01  5.88463902e-14  1.00000000e+00  1.00000000e+00  1.00000000e+00 
 3.52900000e-08  0.00000000e+00  9.77851495e-01  5.65386887e-14  1.00000000e+00  1.00000000e+00  1.00000000e+00 
 3.53100000e-08  0.00000000e+00  9.77961961e-01  5.43214852e-14  1.00000000e+00  1.00000000e+00  1.00000000e+00 
 3.53300000e-08  0.00000000e+00  9.78071876e-01  5.21912309e-14  1.00000000e+00  1.00000000e+00  1.00000000e+00 
 3.53500000e-08  0.00000000e+00  9.78181244e-01  5.01445159e-14  1.00000000e+00  1.00000000e+00  1.00000000e+00 
 3.53700000e-08  0.00000000e+00  9.78290065e-01  4.81780643e-14  1.00000000e+00  1.00000000e+00  1.00000000e+00 
 3.53900000e-08  0.00000000e+00  9.78398344e-01  4.62887285e-14  1.00000000e+00  1.00000000e+00  1.00000000e+00 
 3.54100000e-08  0.00000000e+00  9.78506083e-01  4.44734842e-14  1.00000000e+00  1.00000000e+00  1.00000000e+00 
 3.54300000e-08  0.00000000e+00  9.78613285e-01  4.27294260e-14  1.00000000e+00  1.00000000e+00  1.00000000e+00 
 3.54500000e-08  0.00000000e+00  9.78719952e-01  4.10537622e-14  1.00000000e+00  1.00000000e+00  1.00000000e+00 
 3.54700000e-08  0.00000000e+00  9.78826087e-01  3.94438108e-14  1.00000000e+00  1.00000000e+00  1.00000000e+00 
 3.54900000e-08  0.00000000e+00  9.78931692e-01  3.78969947e-14  1.00000000e+00  1.00000000e+00  1.00000000e+00 
 3.55100000e-08  0.00000000e+00  9.79036771e-01  3.64108380e-14  1.00000000e+00  1.00000000e+00  1.00000000e+00 
 3.55300000e-08  0.00000000e+00  9.79141326e-01  3.49829620e-14  1.00000000e+00  1.00000000e+00  1.00000000e+00 
 3.55500000e-08  0.00000000e+00  9.79245359e-01  3.36110812e-14  1.00000000e+00  1.00000000e+00  1.00000000e+00 
 3.55700000e-08  0.00000000e+00  9.79348873e-01  3.22929995e-14  1.00000000e+00  1.00000000e+00  1.00000000e+00 
 3.55900000e-08  0.00000000e+00  9.79451872e-01  3.10266074e-14  1.00000000e+00  1.00000000e+00  1.00000000e+00 
 3.56100000e-08  0.00000000e+00  9.79554356e-01  2.98098777e-14  1.00000000e+00  1.00000000e+00  1.00000000e+00 
 3.56300000e-08  0.00000000e+00  9.79656329e-01  2.86408629e-14  1.00000000e+00  1.00000000e+00  1.00000000e+00 
 3.56500000e-08  0.00000000e+00  9.79757794e-01  2.75176918e-14  1.00000000e+00  1.00000000e+00  1.00000000e+00 
 3.56700000e-08  0.00000000e+00  9.79858753e-01  2.64385666e-14  1.00000000e+00  1.00000000e+00  1.00000000e+00 
 3.56900000e-08  0.00000000e+00  9.79959208e-01  2.54017601e-14  1.00000000e+00  1.00000000e+00  1.00000000e+00 
 3.57100000e-08  0.00000000e+00  9.80059162e-01  2.44056126e-14  1.00000000e+00  1.00000000e+00  1.00000000e+00 
 3.57300000e-08  0.00000000e+00  9.80158617e-01  2.34485298e-14  1.00000000e+00  1.00000000e+00  1.00000000e+00 
 3.57500000e-08  0.00000000e+00  9.80257577e-01  2.25289796e-14  1.00000000e+00  1.00000000e+00  1.00000000e+00 
 3.57700000e-08  0.00000000e+00  9.80356043e-01  2.16454902e-14  1.00000000e+00  1.00000000e+00  1.00000000e+00 
 3.57900000e-08  0.00000000e+00  9.80454018e-01  2.07966475e-14  1.00000000e+00  1.00000000e+00  1.00000000e+00 
 3.58100000e-08  0.00000000e+00  9.80551504e-01  1.99810926e-14  1.00000000e+00  1.00000000e+00  1.00000000e+00 
 3.58300000e-08  0.00000000e+00  9.80648504e-01  1.91975204e-14  1.00000000e+00  1.00000000e+00  1.00000000e+00 
 3.58500000e-08  0.00000000e+00  9.80745020e-01  1.84446765e-14  1.00000000e+00  1.00000000e+00  1.00000000e+00 
 3.58700000e-08  0.00000000e+00  9.80841055e-01  1.77213558e-14  1.00000000e+00  1.00000000e+00  1.00000000e+00 
 3.58900000e-08  0.00000000e+00  9.80936611e-01  1.70264007e-14  1.00000000e+00  1.00000000e+00  1.00000000e+00 
 3.59100000e-08  0.00000000e+00  9.81031690e-01  1.63586987e-14  1.00000000e+00  1.00000000e+00  1.00000000e+00 
 3.59300000e-08  0.00000000e+00  9.81126295e-01  1.57171811e-14  1.00000000e+00  1.00000000e+00  1.00000000e+00 
 3.59500000e-08  0.00000000e+00  9.81220428e-01  1.51008211e-14  1.00000000e+00  1.00000000e+00  1.00000000e+00 
 3.59700000e-08  0.00000000e+00  9.81314092e-01  1.45086320e-14  1.00000000e+00  1.00000000e+00  1.00000000e+00 
 3.59900000e-08  0.00000000e+00  9.81407288e-01  1.39396660e-14  1.00000000e+00  1.00000000e+00  1.00000000e+00 
 3.60100000e-08  0.00000000e+00  9.81500020e-01  1.33930125e-14  1.00000000e+00  1.00000000e+00  1.00000000e+00 
 3.60300000e-08  0.00000000e+00  9.81592289e-01  1.28677963e-14  1.00000000e+00  1.00000000e+00  1.00000000e+00 
 3.60500000e-08  0.00000000e+00  9.81684098e-01  1.23631768e-14  1.00000000e+00  1.00000000e+00  1.00000000e+00 
 3.60700000e-08  0.00000000e+00  9.81775450e-01  1.18783464e-14  1.00000000e+00  1.00000000e+00  1.00000000e+00 
 3.60900000e-08  0.00000000e+00  9.81866345e-01  1.14125289e-14  1.00000000e+00  1.00000000e+00  1.00000000e+00 
 3.61100000e-08  0.00000000e+00  9.81956787e-01  1.09649787e-14  1.00000000e+00  1.00000000e+00  1.00000000e+00 
 3.61300000e-08  0.00000000e+00  9.82046778e-01  1.05349795e-14  1.00000000e+00  1.00000000e+00  1.00000000e+00 
 3.61500000e-08  0.00000000e+00  9.82136321e-01  1.01218431e-14  1.00000000e+00  1.00000000e+00  1.00000000e+00 
 3.61700000e-08  0.00000000e+00  9.82225416e-01  9.72490806e-15  1.00000000e+00  1.00000000e+00  1.00000000e+00 
 3.61900000e-08  0.00000000e+00  9.82314068e-01  9.34353912e-15  1.00000000e+00  1.00000000e+00  1.00000000e+00 
 3.62100000e-08  0.00000000e+00  9.82402277e-01  8.97712582e-15  1.00000000e+00  1.00000000e+00  1.00000000e+00 
 3.62300000e-08  0.00000000e+00  9.82490046e-01  8.62508167e-15  1.00000000e+00  1.00000000e+00  1.00000000e+00 
 3.62500000e-08  0.00000000e+00  9.82577377e-01  8.28684317e-15  1.00000000e+00  1.00000000e+00  1.00000000e+00 
 3.62700000e-08  0.00000000e+00  9.82664273e-01  7.96186893e-15  1.00000000e+00  1.00000000e+00  1.00000000e+00 
 3.62900000e-08  0.00000000e+00  9.82750736e-01  7.64963878e-15  1.00000000e+00  1.00000000e+00  1.00000000e+00 
 3.63100000e-08  0.00000000e+00  9.82836767e-01  7.34965294e-15  1.00000000e+00  1.00000000e+00  1.00000000e+00 
 3.63300000e-08  0.00000000e+00  9.82922369e-01  7.06143126e-15  1.00000000e+00  1.00000000e+00  1.00000000e+00 
 3.63500000e-08  0.00000000e+00  9.83007544e-01  6.78451239e-15  1.00000000e+00  1.00000000e+00  1.00000000e+00 
 3.63700000e-08  0.00000000e+00  9.83092295e-01  6.51845308e-15  1.00000000e+00  1.00000000e+00  1.00000000e+00 
 3.63900000e-08  0.00000000e+00  9.83176622e-01  6.26282747e-15  1.00000000e+00  1.00000000e+00  1.00000000e+00 
 3.64100000e-08  0.00000000e+00  9.83260529e-01  6.01722639e-15  1.00000000e+00  1.00000000e+00  1.00000000e+00 
 3.64300000e-08  0.00000000e+00  9.83344018e-01  5.78125673e-15  1.00000000e+00  1.00000000e+00  1.00000000e+00 
 3.64500000e-08  0.00000000e+00  9.83427090e-01  5.55454078e-15  1.00000000e+00  1.00000000e+00  1.00000000e+00 
 3.64700000e-08  0.00000000e+00  9.83509748e-01  5.33671565e-15  1.00000000e+00  1.00000000e+00  1.00000000e+00 
 3.64900000e-08  0.00000000e+00  9.83591994e-01  5.12743268e-15  1.00000000e+00  1.00000000e+00  1.00000000e+00 
 3.65100000e-08  0.00000000e+00  9.83673829e-01  4.92635689e-15  1.00000000e+00  1.00000000e+00  1.00000000e+00 
 3.65300000e-08  0.00000000e+00  9.83755257e-01  4.73316642e-15  1.00000000e+00  1.00000000e+00  1.00000000e+00 
 3.65500000e-08  0.00000000e+00  9.83836278e-01  4.54755205e-15  1.00000000e+00  1.00000000e+00  1.00000000e+00 
 3.65700000e-08  0.00000000e+00  9.83916895e-01  4.36921668e-15  1.00000000e+00  1.00000000e+00  1.00000000e+00 
 3.65900000e-08  0.00000000e+00  9.83997110e-01  4.19787485e-15  1.00000000e+00  1.00000000e+00  1.00000000e+00 
 3.66100000e-08  0.00000000e+00  9.84076925e-01  4.03325231e-15  1.00000000e+00  1.00000000e+00  1.00000000e+00 
 3.66300000e-08  0.00000000e+00  9.84156342e-01  3.87508555e-15  1.00000000e+00  1.00000000e+00  1.00000000e+00 
 3.66500000e-08  0.00000000e+00  9.84235362e-01  3.72312141e-15  1.00000000e+00  1.00000000e+00  1.00000000e+00 
 3.66700000e-08  0.00000000e+00  9.84313989e-01  3.57711665e-15  1.00000000e+00  1.00000000e+00  1.00000000e+00 
 3.66900000e-08  0.00000000e+00  9.84392223e-01  3.43683756e-15  1.00000000e+00  1.00000000e+00  1.00000000e+00 
 3.67100000e-08  0.00000000e+00  9.84470068e-01  3.30205962e-15  1.00000000e+00  1.00000000e+00  1.00000000e+00 
 3.67300000e-08  0.00000000e+00  9.84547524e-01  3.17256709e-15  1.00000000e+00  1.00000000e+00  1.00000000e+00 
 3.67500000e-08  0.00000000e+00  9.84624593e-01  3.04815269e-15  1.00000000e+00  1.00000000e+00  1.00000000e+00 
 3.67700000e-08  0.00000000e+00  9.84701279e-01  2.92861729e-15  1.00000000e+00  1.00000000e+00  1.00000000e+00 
 3.67900000e-08  0.00000000e+00  9.84777582e-01  2.81376955e-15  1.00000000e+00  1.00000000e+00  1.00000000e+00 
 3.68100000e-08  0.00000000e+00  9.84853504e-01  2.70342565e-15  1.00000000e+00  1.00000000e+00  1.00000000e+00 
 3.68300000e-08  0.00000000e+00  9.84929047e-01  2.59740896e-15  1.00000000e+00  1.00000000e+00  1.00000000e+00 
 3.68500000e-08  0.00000000e+00  9.85004214e-01  2.49554978e-15  1.00000000e+00  1.00000000e+00  1.00000000e+00 
 3.68700000e-08  0.00000000e+00  9.85079006e-01  2.39768509e-15  1.00000000e+00  1.00000000e+00  1.00000000e+00 
 3.68900000e-08  0.00000000e+00  9.85153425e-01  2.30365822e-15  1.00000000e+00  1.00000000e+00  1.00000000e+00 
 3.69100000e-08  0.00000000e+00  9.85227473e-01  2.21331868e-15  1.00000000e+00  1.00000000e+00  1.00000000e+00 
 3.69300000e-08  0.00000000e+00  9.85301151e-01  2.12652187e-15  1.00000000e+00  1.00000000e+00  1.00000000e+00 
 3.69500000e-08  0.00000000e+00  9.85374462e-01  2.04312886e-15  1.00000000e+00  1.00000000e+00  1.00000000e+00 
 3.69700000e-08  0.00000000e+00  9.85447408e-01  1.96300616e-15  1.00000000e+00  1.00000000e+00  1.00000000e+00 
 3.69900000e-08  0.00000000e+00  9.85519989e-01  1.88602552e-15  1.00000000e+00  1.00000000e+00  1.00000000e+00 
 3.70100000e-08  0.00000000e+00  9.85592209e-01  1.81206374e-15  1.00000000e+00  1.00000000e+00  1.00000000e+00 
 3.70300000e-08  0.00000000e+00  9.85664068e-01  1.74100241e-15  1.00000000e+00  1.00000000e+00  1.00000000e+00 
 3.70500000e-08  0.00000000e+00  9.85735569e-01  1.67272781e-15  1.00000000e+00  1.00000000e+00  1.00000000e+00 
 3.70700000e-08  0.00000000e+00  9.85806713e-01  1.60713064e-15  1.00000000e+00  1.00000000e+00  1.00000000e+00 
 3.70900000e-08  0.00000000e+00  9.85877503e-01  1.54410591e-15  1.00000000e+00  1.00000000e+00  1.00000000e+00 
 3.71100000e-08  0.00000000e+00  9.85947939e-01  1.48355274e-15  1.00000000e+00  1.00000000e+00  1.00000000e+00 
 3.71300000e-08  0.00000000e+00  9.86018024e-01  1.42537420e-15  1.00000000e+00  1.00000000e+00  1.00000000e+00 
 3.71500000e-08  0.00000000e+00  9.86087760e-01  1.36947717e-15  1.00000000e+00  1.00000000e+00  1.00000000e+00 
 3.71700000e-08  0.00000000e+00  9.86157147e-01  1.31577218e-15  1.00000000e+00  1.00000000e+00  1.00000000e+00 
 3.71900000e-08  0.00000000e+00  9.86226189e-01  1.26417327e-15  1.00000000e+00  1.00000000e+00  1.00000000e+00 
 3.72100000e-08  0.00000000e+00  9.86294886e-01  1.21459785e-15  1.00000000e+00  1.00000000e+00  1.00000000e+00 
 3.72300000e-08  0.00000000e+00  9.86363241e-01  1.16696656e-15  1.00000000e+00  1.00000000e+00  1.00000000e+00 
 3.72500000e-08  0.00000000e+00  9.86431255e-01  1.12120317e-15  1.00000000e+00  1.00000000e+00  1.00000000e+00 
 3.72700000e-08  0.00000000e+00  9.86498929e-01  1.07723442e-15  1.00000000e+00  1.00000000e+00  1.00000000e+00 
 3.72900000e-08  0.00000000e+00  9.86566266e-01  1.03498993e-15  1.00000000e+00  1.00000000e+00  1.00000000e+00 
 3.73100000e-08  0.00000000e+00  9.86633268e-01  9.94402090e-16  1.00000000e+00  1.00000000e+00  1.00000000e+00 
 3.73300000e-08  0.00000000e+00  9.86699935e-01  9.55405929e-16  1.00000000e+00  1.00000000e+00  1.00000000e+00 
 3.73500000e-08  0.00000000e+00  9.86766269e-01  9.17939030e-16  1.00000000e+00  1.00000000e+00  1.00000000e+00 
 3.73700000e-08  0.00000000e+00  9.86832273e-01  8.81941421e-16  1.00000000e+00  1.00000000e+00  1.00000000e+00 
 3.73900000e-08  0.00000000e+00  9.86897947e-01  8.47355483e-16  1.00000000e+00  1.00000000e+00  1.00000000e+00 
 3.74100000e-08  0.00000000e+00  9.86963294e-01  8.14125856e-16  1.00000000e+00  1.00000000e+00  1.00000000e+00 
 3.74300000e-08  0.00000000e+00  9.87028315e-01  7.82199352e-16  1.00000000e+00  1.00000000e+00  1.00000000e+00 
 3.74500000e-08  0.00000000e+00  9.87093012e-01  7.51524868e-16  1.00000000e+00  1.00000000e+00  1.00000000e+00 
 3.74700000e-08  0.00000000e+00  9.87157386e-01  7.22053304e-16  1.00000000e+00  1.00000000e+00  1.00000000e+00 
 3.74900000e-08  0.00000000e+00  9.87221439e-01  6.93737489e-16  1.00000000e+00  1.00000000e+00  1.00000000e+00 
 3.75100000e-08  0.00000000e+00  9.87285172e-01  6.66532097e-16  1.00000000e+00  1.00000000e+00  1.00000000e+00 
 3.75300000e-08  0.00000000e+00  9.87348588e-01  6.40393583e-16  1.00000000e+00  1.00000000e+00  1.00000000e+00 
 3.75500000e-08  0.00000000e+00  9.87411687e-01  6.15280109e-16  1.00000000e+00  1.00000000e+00  1.00000000e+00 
 3.75700000e-08  0.00000000e+00  9.87474472e-01  5.91151478e-16  1.00000000e+00  1.00000000e+00  1.00000000e+00 
 3.75900000e-08  0.00000000e+00  9.87536943e-01  5.67969067e-16  1.00000000e+00  1.00000000e+00  1.00000000e+00 
 3.76100000e-08  0.00000000e+00  9.87599103e-01  5.45695770e-16  1.00000000e+00  1.00000000e+00  1.00000000e+00 
 3.76300000e-08  0.00000000e+00  9.87660953e-01  5.24295936e-16  1.00000000e+00  1.00000000e+00  1.00000000e+00 
 3.76500000e-08  0.00000000e+00  9.87722494e-01  5.03735311e-16  1.00000000e+00  1.00000000e+00  1.00000000e+00 
 3.76700000e-08  0.00000000e+00  9.87783729e-01  4.83980985e-16  1.00000000e+00  1.00000000e+00  1.00000000e+00 
 3.76900000e-08  0.00000000e+00  9.87844658e-01  4.65001339e-16  1.00000000e+00  1.00000000e+00  1.00000000e+00 
 3.77100000e-08  0.00000000e+00  9.87905283e-01  4.46765992e-16  1.00000000e+00  1.00000000e+00  1.00000000e+00 
 3.77300000e-08  0.00000000e+00  9.87965606e-01  4.29245757e-16  1.00000000e+00  1.00000000e+00  1.00000000e+00 
 3.77500000e-08  0.00000000e+00  9.88025628e-01  4.12412590e-16  1.00000000e+00  1.00000000e+00  1.00000000e+00 
 3.77700000e-08  0.00000000e+00  9.88085350e-01  3.96239547e-16  1.00000000e+00  1.00000000e+00  1.00000000e+00 
 3.77900000e-08  0.00000000e+00  9.88144775e-01  3.80700741e-16  1.00000000e+00  1.00000000e+00  1.00000000e+00 
 3.78100000e-08  0.00000000e+00  9.88203903e-01  3.65771301e-16  1.00000000e+00  1.00000000e+00  1.00000000e+00 
 3.78300000e-08  0.00000000e+00  9.88262737e-01  3.51427328e-16  1.00000000e+00  1.00000000e+00  1.00000000e+00 
 3.78500000e-08  0.00000000e+00  9.88321276e-01  3.37645864e-16  1.00000000e+00  1.00000000e+00  1.00000000e+00 
 3.78700000e-08  0.00000000e+00  9.88379524e-01  3.24404850e-16  1.00000000e+00  1.00000000e+00  1.00000000e+00 
 3.78900000e-08  0.00000000e+00  9.88437482e-01  3.11683091e-16  1.00000000e+00  1.00000000e+00  1.00000000e+00 
 3.79100000e-08  0.00000000e+00  9.88495150e-01  2.99460225e-16  1.00000000e+00  1.00000000e+00  1.00000000e+00 
 3.79300000e-08  0.00000000e+00  9.88552531e-01  2.87716687e-16  1.00000000e+00  1.00000000e+00  1.00000000e+00 
 3.79500000e-08  0.00000000e+00  9.88609626e-01  2.76433679e-16  1.00000000e+00  1.00000000e+00  1.00000000e+00 
 3.79700000e-08  0.00000000e+00  9.88666436e-01  2.65593143e-16  1.00000000e+00  1.00000000e+00  1.00000000e+00 
 3.79900000e-08  0.00000000e+00  9.88722962e-01  2.55177725e-16  1.00000000e+00  1.00000000e+00  1.00000000e+00 
 3.80100000e-08  0.00000000e+00  9.88779207e-01  2.45170756e-16  1.00000000e+00  1.00000000e+00  1.00000000e+00 
 3.80300000e-08  0.00000000e+00  9.88835171e-01  2.35556216e-16  1.00000000e+00  1.00000000e+00  1.00000000e+00 
 3.80500000e-08  0.00000000e+00  9.88890856e-01  2.26318718e-16  1.00000000e+00  1.00000000e+00  1.00000000e+00 
 3.80700000e-08  0.00000000e+00  9.88946263e-01  2.17443474e-16  1.00000000e+00  1.00000000e+00  1.00000000e+00 
 3.80900000e-08  0.00000000e+00  9.89001394e-01  2.08916279e-16  1.00000000e+00  1.00000000e+00  1.00000000e+00 
 3.81100000e-08  0.00000000e+00  9.89056250e-01  2.00723484e-16  1.00000000e+00  1.00000000e+00  1.00000000e+00 
 3.81300000e-08  0.00000000e+00  9.89110832e-01  1.92851974e-16  1.00000000e+00  1.00000000e+00  1.00000000e+00 
 3.81500000e-08  0.00000000e+00  9.89165142e-01  1.85289152e-16  1.00000000e+00  1.00000000e+00  1.00000000e+00 
 3.81700000e-08  0.00000000e+00  9.89219181e-01  1.78022911e-16  1.00000000e+00  1.00000000e+00  1.00000000e+00 
 3.81900000e-08  0.00000000e+00  9.89272951e-01  1.71041620e-16  1.00000000e+00  1.00000000e+00  1.00000000e+00 
 3.82100000e-08  0.00000000e+00  9.89326452e-01  1.64334106e-16  1.00000000e+00  1.00000000e+00  1.00000000e+00 
 3.82300000e-08  0.00000000e+00  9.89379687e-01  1.57889631e-16  1.00000000e+00  1.00000000e+00  1.00000000e+00 
 3.82500000e-08  0.00000000e+00  9.89432656e-01  1.51697881e-16  1.00000000e+00  1.00000000e+00  1.00000000e+00 
 3.82700000e-08  0.00000000e+00  9.89485361e-01  1.45748944e-16  1.00000000e+00  1.00000000e+00  1.00000000e+00 
 3.82900000e-08  0.00000000e+00  9.89537803e-01  1.40033299e-16  1.00000000e+00  1.00000000e+00  1.00000000e+00 
 3.83100000e-08  0.00000000e+00  9.89589984e-01  1.34541797e-16  1.00000000e+00  1.00000000e+00  1.00000000e+00 
 3.83300000e-08  0.00000000e+00  9.89641904e-01  1.29265648e-16  1.00000000e+00  1.00000000e+00  1.00000000e+00 
 3.83500000e-08  0.00000000e+00  9.89693565e-01  1.24196407e-16  1.00000000e+00  1.00000000e+00  1.00000000e+00 
 3.83700000e-08  0.00000000e+00  9.89744969e-01  1.19325960e-16  1.00000000e+00  1.00000000e+00  1.00000000e+00 
 3.83900000e-08  0.00000000e+00  9.89796116e-01  1.14646510e-16  1.00000000e+00  1.00000000e+00  1.00000000e+00 
 3.84100000e-08  0.00000000e+00  9.89847008e-01  1.10150569e-16  1.00000000e+00  1.00000000e+00  1.00000000e+00 
 3.84300000e-08  0.00000000e+00  9.89897647e-01  1.05830939e-16  1.00000000e+00  1.00000000e+00  1.00000000e+00 
 3.84500000e-08  0.00000000e+00  9.89948033e-01  1.01680706e-16  1.00000000e+00  1.00000000e+00  1.00000000e+00 
 3.84700000e-08  0.00000000e+00  9.89998167e-01  9.76932272e-17  1.00000000e+00  1.00000000e+00  1.00000000e+00 
 3.84900000e-08  0.00000000e+00  9.90048052e-01  9.38621203e-17  1.00000000e+00  1.00000000e+00  1.00000000e+00 
 3.85100000e-08  0.00000000e+00  9.90097687e-01  9.01812528e-17  1.00000000e+00  1.00000000e+00  1.00000000e+00 
 3.85300000e-08  0.00000000e+00  9.90147075e-01  8.66447331e-17  1.00000000e+00  1.00000000e+00  1.00000000e+00 
 3.85500000e-08  0.00000000e+00  9.90196217e-01  8.32469004e-17  1.00000000e+00  1.00000000e+00  1.00000000e+00 
 3.85700000e-08  0.00000000e+00  9.90245114e-01  7.99823161e-17  1.00000000e+00  1.00000000e+00  1.00000000e+00 
 3.85900000e-08  0.00000000e+00  9.90293767e-01  7.68457547e-17  1.00000000e+00  1.00000000e+00  1.00000000e+00 
 3.86100000e-08  0.00000000e+00  9.90342177e-01  7.38321957e-17  1.00000000e+00  1.00000000e+00  1.00000000e+00 
 3.86300000e-08  0.00000000e+00  9.90390345e-01  7.09368154e-17  1.00000000e+00  1.00000000e+00  1.00000000e+00 
 3.86500000e-08  0.00000000e+00  9.90438274e-01  6.81549795e-17  1.00000000e+00  1.00000000e+00  1.00000000e+00 
 3.86700000e-08  0.00000000e+00  9.90485963e-01  6.54822352e-17  1.00000000e+00  1.00000000e+00  1.00000000e+00 
 3.86900000e-08  0.00000000e+00  9.90533415e-01  6.29143044e-17  1.00000000e+00  1.00000000e+00  1.00000000e+00 
 3.87100000e-08  0.00000000e+00  9.90580630e-01  6.04470768e-17  1.00000000e+00  1.00000000e+00  1.00000000e+00 
 3.87300000e-08  0.00000000e+00  9.90627609e-01  5.80766032e-17  1.00000000e+00  1.00000000e+00  1.00000000e+00 
 3.87500000e-08  0.00000000e+00  9.90674354e-01  5.57990894e-17  1.00000000e+00  1.00000000e+00  1.00000000e+00 
 3.87700000e-08  0.00000000e+00  9.90720866e-01  5.36108898e-17  1.00000000e+00  1.00000000e+00  1.00000000e+00 
 3.87900000e-08  0.00000000e+00  9.90767146e-01  5.15085019e-17  1.00000000e+00  1.00000000e+00  1.00000000e+00 
 3.88100000e-08  0.00000000e+00  9.90813195e-01  4.94885607e-17  1.00000000e+00  1.00000000e+00  1.00000000e+00 
 3.88300000e-08  0.00000000e+00  9.90859015e-01  4.75478328e-17  1.00000000e+00  1.00000000e+00  1.00000000e+00 
 3.88500000e-08  0.00000000e+00  9.90904606e-01  4.56832119e-17  1.00000000e+00  1.00000000e+00  1.00000000e+00 
 3.88700000e-08  0.00000000e+00  9.90949969e-01  4.38917134e-17  1.00000000e+00  1.00000000e+00  1.00000000e+00 
 3.88900000e-08  0.00000000e+00  9.90995107e-01  4.21704698e-17  1.00000000e+00  1.00000000e+00  1.00000000e+00 
 3.89100000e-08  0.00000000e+00  9.91040019e-01  4.05167258e-17  1.00000000e+00  1.00000000e+00  1.00000000e+00 
 3.89300000e-08  0.00000000e+00  9.91084707e-01  3.89278346e-17  1.00000000e+00  1.00000000e+00  1.00000000e+00 
 3.89500000e-08  0.00000000e+00  9.91129172e-01  3.74012529e-17  1.00000000e+00  1.00000000e+00  1.00000000e+00 
 3.89700000e-08  0.00000000e+00  9.91173416e-01  3.59345371e-17  1.00000000e+00  1.00000000e+00  1.00000000e+00 
 3.89900000e-08  0.00000000e+00  9.91217439e-01  3.45253396e-17  1.00000000e+00  1.00000000e+00  1.00000000e+00 
 3.90100000e-08  0.00000000e+00  9.91261242e-01  3.31714047e-17  1.00000000e+00  1.00000000e+00  1.00000000e+00 
 3.90300000e-08  0.00000000e+00  9.91304827e-01  3.18705653e-17  1.00000000e+00  1.00000000e+00  1.00000000e+00 
 3.90500000e-08  0.00000000e+00  9.91348194e-01  3.06207392e-17  1.00000000e+00  1.00000000e+00  1.00000000e+00 
 3.90700000e-08  0.00000000e+00  9.91391345e-01  2.94199259e-17  1.00000000e+00  1.00000000e+00  1.00000000e+00 
 3.90900000e-08  0.00000000e+00  9.91434281e-01  2.82662033e-17  1.00000000e+00  1.00000000e+00  1.00000000e+00 
 3.91100000e-08  0.00000000e+00  9.91477003e-01  2.71577247e-17  1.00000000e+00  1.00000000e+00  1.00000000e+00 
 3.91300000e-08  0.00000000e+00  9.91519512e-01  2.60927159e-17  1.00000000e+00  1.00000000e+00  1.00000000e+00 
 3.91500000e-08  0.00000000e+00  9.91561809e-01  2.50694722e-17  1.00000000e+00  1.00000000e+00  1.00000000e+00 
 3.91700000e-08  0.00000000e+00  9.91603894e-01  2.40863556e-17  1.00000000e+00  1.00000000e+00  1.00000000e+00 
 3.91900000e-08  0.00000000e+00  9.91645770e-01  2.31417926e-17  1.00000000e+00  1.00000000e+00  1.00000000e+00 
 3.92100000e-08  0.00000000e+00  9.91687437e-01  2.22342714e-17  1.00000000e+00  1.00000000e+00  1.00000000e+00 
 3.92300000e-08  0.00000000e+00  9.91728896e-01  2.13623392e-17  1.00000000e+00  1.00000000e+00  1.00000000e+00 
 3.92500000e-08  0.00000000e+00  9.91770149e-01  2.05246004e-17  1.00000000e+00  1.00000000e+00  1.00000000e+00 
 3.92700000e-08  0.00000000e+00  9.91811195e-01  1.97197141e-17  1.00000000e+00  1.00000000e+00  1.00000000e+00 
 3.92900000e-08  0.00000000e+00  9.91852037e-01  1.89463920e-17  1.00000000e+00  1.00000000e+00  1.00000000e+00 
 3.93100000e-08  0.00000000e+00  9.91892675e-01  1.82033962e-17  1.00000000e+00  1.00000000e+00  1.00000000e+00 
 3.93300000e-08  0.00000000e+00  9.91933111e-01  1.74895375e-17  1.00000000e+00  1.00000000e+00  1.00000000e+00 
 3.93500000e-08  0.00000000e+00  9.91973345e-01  1.68036733e-17  1.00000000e+00  1.00000000e+00  1.00000000e+00 
 3.93700000e-08  0.00000000e+00  9.92013378e-01  1.61447057e-17  1.00000000e+00  1.00000000e+00  1.00000000e+00 
 3.93900000e-08  0.00000000e+00  9.92053212e-01  1.55115800e-17  1.00000000e+00  1.00000000e+00  1.00000000e+00 
 3.94100000e-08  0.00000000e+00  9.92092846e-01  1.49032827e-17  1.00000000e+00  1.00000000e+00  1.00000000e+00 
 3.94300000e-08  0.00000000e+00  9.92132284e-01  1.43188403e-17  1.00000000e+00  1.00000000e+00  1.00000000e+00 
 3.94500000e-08  0.00000000e+00  9.92171524e-01  1.37573171e-17  1.00000000e+00  1.00000000e+00  1.00000000e+00 
 3.94700000e-08  0.00000000e+00  9.92210569e-01  1.32178145e-17  1.00000000e+00  1.00000000e+00  1.00000000e+00 
 3.94900000e-08  0.00000000e+00  9.92249419e-01  1.26994688e-17  1.00000000e+00  1.00000000e+00  1.00000000e+00 
 3.95100000e-08  0.00000000e+00  9.92288075e-01  1.22014505e-17  1.00000000e+00  1.00000000e+00  1.00000000e+00 
 3.95300000e-08  0.00000000e+00  9.92326539e-01  1.17229622e-17  1.00000000e+00  1.00000000e+00  1.00000000e+00 
 3.95500000e-08  0.00000000e+00  9.92364810e-01  1.12632382e-17  1.00000000e+00  1.00000000e+00  1.00000000e+00 
 3.95700000e-08  0.00000000e+00  9.92402891e-01  1.08215426e-17  1.00000000e+00  1.00000000e+00  1.00000000e+00 
 3.95900000e-08  0.00000000e+00  9.92440782e-01  1.03971684e-17  1.00000000e+00  1.00000000e+00  1.00000000e+00 
 3.96100000e-08  0.00000000e+00  9.92478484e-01  9.98943627e-18  1.00000000e+00  1.00000000e+00  1.00000000e+00 
 3.96300000e-08  0.00000000e+00  9.92515997e-01  9.59769367e-18  1.00000000e+00  1.00000000e+00  1.00000000e+00 
 3.96500000e-08  0.00000000e+00  9.92553324e-01  9.22131352e-18  1.00000000e+00  1.00000000e+00  1.00000000e+00 
 3.96700000e-08  0.00000000e+00  9.92590465e-01  8.85969339e-18  1.00000000e+00  1.00000000e+00  1.00000000e+00 
 3.96900000e-08  0.00000000e+00  9.92627420e-01  8.51225443e-18  1.00000000e+00  1.00000000e+00  1.00000000e+00 
 3.97100000e-08  0.00000000e+00  9.92664191e-01  8.17844053e-18  1.00000000e+00  1.00000000e+00  1.00000000e+00 
 3.97300000e-08  0.00000000e+00  9.92700778e-01  7.85771737e-18  1.00000000e+00  1.00000000e+00  1.00000000e+00 
 3.97500000e-08  0.00000000e+00  9.92737184e-01  7.54957159e-18  1.00000000e+00  1.00000000e+00  1.00000000e+00 
 3.97700000e-08  0.00000000e+00  9.92773407e-01  7.25350996e-18  1.00000000e+00  1.00000000e+00  1.00000000e+00 
 3.97900000e-08  0.00000000e+00  9.92809450e-01  6.96905859e-18  1.00000000e+00  1.00000000e+00  1.00000000e+00 
 3.98100000e-08  0.00000000e+00  9.92845313e-01  6.69576218e-18  1.00000000e+00  1.00000000e+00  1.00000000e+00 
 3.98300000e-08  0.00000000e+00  9.92880997e-01  6.43318327e-18  1.00000000e+00  1.00000000e+00  1.00000000e+00 
 3.98500000e-08  0.00000000e+00  9.92916503e-01  6.18090157e-18  1.00000000e+00  1.00000000e+00  1.00000000e+00 
 3.98700000e-08  0.00000000e+00  9.92951833e-01  5.93851327e-18  1.00000000e+00  1.00000000e+00  1.00000000e+00 
 3.98900000e-08  0.00000000e+00  9.92986986e-01  5.70563040e-18  1.00000000e+00  1.00000000e+00  1.00000000e+00 
 3.99100000e-08  0.00000000e+00  9.93021963e-01  5.48188019e-18  1.00000000e+00  1.00000000e+00  1.00000000e+00 
 3.99300000e-08  0.00000000e+00  9.93056766e-01  5.26690449e-18  1.00000000e+00  1.00000000e+00  1.00000000e+00 
 3.99500000e-08  0.00000000e+00  9.93091396e-01  5.06035922e-18  1.00000000e+00  1.00000000e+00  1.00000000e+00 
 3.99700000e-08  0.00000000e+00  9.93125853e-01  4.86191376e-18  1.00000000e+00  1.00000000e+00  1.00000000e+00 
 3.99900000e-08  0.00000000e+00  9.93160138e-01  4.67125048e-18  1.00000000e+00  1.00000000e+00  1.00000000e+00 
 4.00100000e-08  0.00000000e+00  9.93194252e-01  4.48806418e-18  1.00000000e+00  1.00000000e+00  1.00000000e+00 
 4.00300000e-08  0.00000000e+00  9.93228196e-01  4.31206167e-18  1.00000000e+00  1.00000000e+00  1.00000000e+00 
 4.00500000e-08  0.00000000e+00  9.93261970e-01  4.14296121e-18  1.00000000e+00  1.00000000e+00  1.00000000e+00 
 4.00700000e-08  0.00000000e+00  9.93295577e-01  3.98049214e-18  1.00000000e+00  1.00000000e+00  1.00000000e+00 
 4.00900000e-08  0.00000000e+00  9.93329015e-01  3.82439441e-18  1.00000000e+00  1.00000000e+00  1.00000000e+00 
 4.01100000e-08  0.00000000e+00  9.93362287e-01  3.67441816e-18  1.00000000e+00  1.00000000e+00  1.00000000e+00 
 4.01300000e-08  0.00000000e+00  9.93395393e-01  3.53032333e-18  1.00000000e+00  1.00000000e+00  1.00000000e+00 
 4.01500000e-08  0.00000000e+00  9.93428333e-01  3.39187928e-18  1.00000000e+00  1.00000000e+00  1.00000000e+00 
 4.01700000e-08  0.00000000e+00  9.93461110e-01  3.25886440e-18  1.00000000e+00  1.00000000e+00  1.00000000e+00 
 4.01900000e-08  0.00000000e+00  9.93493723e-01  3.13106580e-18  1.00000000e+00  1.00000000e+00  1.00000000e+00 
 4.02100000e-08  0.00000000e+00  9.93526173e-01  3.00827890e-18  1.00000000e+00  1.00000000e+00  1.00000000e+00 
 4.02300000e-08  0.00000000e+00  9.93558461e-01  2.89030718e-18  1.00000000e+00  1.00000000e+00  1.00000000e+00 
 4.02500000e-08  0.00000000e+00  9.93590589e-01  2.77696180e-18  1.00000000e+00  1.00000000e+00  1.00000000e+00 
 4.02700000e-08  0.00000000e+00  9.93622556e-01  2.66806134e-18  1.00000000e+00  1.00000000e+00  1.00000000e+00 
 4.02900000e-08  0.00000000e+00  9.93654363e-01  2.56343148e-18  1.00000000e+00  1.00000000e+00  1.00000000e+00 
 4.03100000e-08  0.00000000e+00  9.93686013e-01  2.46290476e-18  1.00000000e+00  1.00000000e+00  1.00000000e+00 
 4.03300000e-08  0.00000000e+00  9.93717504e-01  2.36632026e-18  1.00000000e+00  1.00000000e+00  1.00000000e+00 
 4.03500000e-08  0.00000000e+00  9.93748838e-01  2.27352339e-18  1.00000000e+00  1.00000000e+00  1.00000000e+00 
 4.03700000e-08  0.00000000e+00  9.93780016e-01  2.18436561e-18  1.00000000e+00  1.00000000e+00  1.00000000e+00 
 4.03900000e-08  0.00000000e+00  9.93811038e-01  2.09870421e-18  1.00000000e+00  1.00000000e+00  1.00000000e+00 
 4.04100000e-08  0.00000000e+00  9.93841906e-01  2.01640208e-18  1.00000000e+00  1.00000000e+00  1.00000000e+00 
 4.04300000e-08  0.00000000e+00  9.93872619e-01  1.93732749e-18  1.00000000e+00  1.00000000e+00  1.00000000e+00 
 4.04500000e-08  0.00000000e+00  9.93903180e-01  1.86135387e-18  1.00000000e+00  1.00000000e+00  1.00000000e+00 
 4.04700000e-08  0.00000000e+00  9.93933588e-01  1.78835960e-18  1.00000000e+00  1.00000000e+00  1.00000000e+00 
 4.04900000e-08  0.00000000e+00  9.93963844e-01  1.71822785e-18  1.00000000e+00  1.00000000e+00  1.00000000e+00 
 4.05100000e-08  0.00000000e+00  9.93993950e-01  1.65084636e-18  1.00000000e+00  1.00000000e+00  1.00000000e+00 
 4.05300000e-08  0.00000000e+00  9.94023905e-01  1.58610729e-18  1.00000000e+00  1.00000000e+00  1.00000000e+00 
 4.05500000e-08  0.00000000e+00  9.94053711e-01  1.52390700e-18  1.00000000e+00  1.00000000e+00  1.00000000e+00 
 4.05700000e-08  0.00000000e+00  9.94083369e-01  1.46414595e-18  1.00000000e+00  1.00000000e+00  1.00000000e+00 
 4.05900000e-08  0.00000000e+00  9.94112878e-01  1.40672846e-18  1.00000000e+00  1.00000000e+00  1.00000000e+00 
 4.06100000e-08  0.00000000e+00  9.94142240e-01  1.35156264e-18  1.00000000e+00  1.00000000e+00  1.00000000e+00 
 4.06300000e-08  0.00000000e+00  9.94171456e-01  1.29856018e-18  1.00000000e+00  1.00000000e+00  1.00000000e+00 
 4.06500000e-08  0.00000000e+00  9.94200526e-01  1.24763625e-18  1.00000000e+00  1.00000000e+00  1.00000000e+00 
 4.06700000e-08  0.00000000e+00  9.94229451e-01  1.19870934e-18  1.00000000e+00  1.00000000e+00  1.00000000e+00 
 4.06900000e-08  0.00000000e+00  9.94258232e-01  1.15170113e-18  1.00000000e+00  1.00000000e+00  1.00000000e+00 
 4.07100000e-08  0.00000000e+00  9.94286869e-01  1.10653638e-18  1.00000000e+00  1.00000000e+00  1.00000000e+00 
 4.07300000e-08  0.00000000e+00  9.94315364e-01  1.06314280e-18  1.00000000e+00  1.00000000e+00  1.00000000e+00 
 4.07500000e-08  0.00000000e+00  9.94343716e-01  1.02145092e-18  1.00000000e+00  1.00000000e+00  1.00000000e+00 
 4.07700000e-08  0.00000000e+00  9.94371927e-01  9.81394022e-19  1.00000000e+00  1.00000000e+00  1.00000000e+00 
 4.07900000e-08  0.00000000e+00  9.94399997e-01  9.42907982e-19  1.00000000e+00  1.00000000e+00  1.00000000e+00 
 4.08100000e-08  0.00000000e+00  9.94427927e-01  9.05931199e-19  1.00000000e+00  1.00000000e+00  1.00000000e+00 
 4.08300000e-08  0.00000000e+00  9.94455718e-01  8.70404485e-19  1.00000000e+00  1.00000000e+00  1.00000000e+00 
 4.08500000e-08  0.00000000e+00  9.94483370e-01  8.36270976e-19  1.00000000e+00  1.00000000e+00  1.00000000e+00 
 4.08700000e-08  0.00000000e+00  9.94510885e-01  8.03476035e-19  1.00000000e+00  1.00000000e+00  1.00000000e+00 
 4.08900000e-08  0.00000000e+00  9.94538262e-01  7.71967171e-19  1.00000000e+00  1.00000000e+00  1.00000000e+00 
 4.09100000e-08  0.00000000e+00  9.94565502e-01  7.41693949e-19  1.00000000e+00  1.00000000e+00  1.00000000e+00 
 4.09300000e-08  0.00000000e+00  9.94592607e-01  7.12607912e-19  1.00000000e+00  1.00000000e+00  1.00000000e+00 
 4.09500000e-08  0.00000000e+00  9.94619577e-01  6.84662503e-19  1.00000000e+00  1.00000000e+00  1.00000000e+00 
 4.09700000e-08  0.00000000e+00  9.94646412e-01  6.57812993e-19  1.00000000e+00  1.00000000e+00  1.00000000e+00 
 4.09900000e-08  0.00000000e+00  9.94673113e-01  6.32016406e-19  1.00000000e+00  1.00000000e+00  1.00000000e+00 
 4.10100000e-08  0.00000000e+00  9.94699681e-01  6.07231448e-19  1.00000000e+00  1.00000000e+00  1.00000000e+00 
 4.10300000e-08  0.00000000e+00  9.94726116e-01  5.83418450e-19  1.00000000e+00  1.00000000e+00  1.00000000e+00 
 4.10500000e-08  0.00000000e+00  9.94752420e-01  5.60539296e-19  1.00000000e+00  1.00000000e+00  1.00000000e+00 
 4.10700000e-08  0.00000000e+00  9.94778592e-01  5.38557362e-19  1.00000000e+00  1.00000000e+00  1.00000000e+00 
 4.10900000e-08  0.00000000e+00  9.94804634e-01  5.17437466e-19  1.00000000e+00  1.00000000e+00  1.00000000e+00 
 4.11100000e-08  0.00000000e+00  9.94830546e-01  4.97145800e-19  1.00000000e+00  1.00000000e+00  1.00000000e+00 
 4.11300000e-08  0.00000000e+00  9.94856329e-01  4.77649887e-19  1.00000000e+00  1.00000000e+00  1.00000000e+00 
 4.11500000e-08  0.00000000e+00  9.94881983e-01  4.58918519e-19  1.00000000e+00  1.00000000e+00  1.00000000e+00 
 4.11700000e-08  0.00000000e+00  9.94907510e-01  4.40921714e-19  1.00000000e+00  1.00000000e+00  1.00000000e+00 
 4.11900000e-08  0.00000000e+00  9.94932909e-01  4.23630666e-19  1.00000000e+00  1.00000000e+00  1.00000000e+00 
 4.12100000e-08  0.00000000e+00  9.94958181e-01  4.07017699e-19  1.00000000e+00  1.00000000e+00  1.00000000e+00 
 4.12300000e-08  0.00000000e+00  9.94983327e-01  3.91056221e-19  1.00000000e+00  1.00000000e+00  1.00000000e+00 
 4.12500000e-08  0.00000000e+00  9.95008348e-01  3.75720683e-19  1.00000000e+00  1.00000000e+00  1.00000000e+00 
 4.12700000e-08  0.00000000e+00  9.95033244e-01  3.60986538e-19  1.00000000e+00  1.00000000e+00  1.00000000e+00 
 4.12900000e-08  0.00000000e+00  9.95058016e-01  3.46830203e-19  1.00000000e+00  1.00000000e+00  1.00000000e+00 
 4.13100000e-08  0.00000000e+00  9.95082664e-01  3.33229019e-19  1.00000000e+00  1.00000000e+00  1.00000000e+00 
 4.13300000e-08  0.00000000e+00  9.95107190e-01  3.20161214e-19  1.00000000e+00  1.00000000e+00  1.00000000e+00 
 4.13500000e-08  0.00000000e+00  9.95131593e-01  3.07605873e-19  1.00000000e+00  1.00000000e+00  1.00000000e+00 
 4.13700000e-08  0.00000000e+00  9.95155874e-01  2.95542897e-19  1.00000000e+00  1.00000000e+00  1.00000000e+00 
 4.13900000e-08  0.00000000e+00  9.95180034e-01  2.83952980e-19  1.00000000e+00  1.00000000e+00  1.00000000e+00 
 4.14100000e-08  0.00000000e+00  9.95204074e-01  2.72817569e-19  1.00000000e+00  1.00000000e+00  1.00000000e+00 
 4.14300000e-08  0.00000000e+00  9.95227994e-01  2.62118840e-19  1.00000000e+00  1.00000000e+00  1.00000000e+00 
 4.14500000e-08  0.00000000e+00  9.95251794e-01  2.51839670e-19  1.00000000e+00  1.00000000e+00  1.00000000e+00 
 4.14700000e-08  0.00000000e+00  9.95275476e-01  2.41963605e-19  1.00000000e+00  1.00000000e+00  1.00000000e+00 
 4.14900000e-08  0.00000000e+00  9.95299040e-01  2.32474836e-19  1.00000000e+00  1.00000000e+00  1.00000000e+00 
 4.15100000e-08  0.00000000e+00  9.95322486e-01  2.23358176e-19  1.00000000e+00  1.00000000e+00  1.00000000e+00 
 4.15300000e-08  0.00000000e+00  9.95345815e-01  2.14599032e-19  1.00000000e+00  1.00000000e+00  1.00000000e+00 
 4.15500000e-08  0.00000000e+00  9.95369028e-01  2.06183383e-19  1.00000000e+00  1.00000000e+00  1.00000000e+00 
 4.15700000e-08  0.00000000e+00  9.95392125e-01  1.98097760e-19  1.00000000e+00  1.00000000e+00  1.00000000e+00 
 4.15900000e-08  0.00000000e+00  9.95415107e-01  1.90329221e-19  1.00000000e+00  1.00000000e+00  1.00000000e+00 
 4.16100000e-08  0.00000000e+00  9.95437974e-01  1.82865330e-19  1.00000000e+00  1.00000000e+00  1.00000000e+00 
 4.16300000e-08  0.00000000e+00  9.95460728e-01  1.75694140e-19  1.00000000e+00  1.00000000e+00  1.00000000e+00 
 4.16500000e-08  0.00000000e+00  9.95483367e-01  1.68804174e-19  1.00000000e+00  1.00000000e+00  1.00000000e+00 
 4.16700000e-08  0.00000000e+00  9.95505894e-01  1.62184403e-19  1.00000000e+00  1.00000000e+00  1.00000000e+00 
 4.16900000e-08  0.00000000e+00  9.95528309e-01  1.55824230e-19  1.00000000e+00  1.00000000e+00  1.00000000e+00 
 4.17100000e-08  0.00000000e+00  9.95550611e-01  1.49713476e-19  1.00000000e+00  1.00000000e+00  1.00000000e+00 
 4.17300000e-08  0.00000000e+00  9.95572803e-01  1.43842359e-19  1.00000000e+00  1.00000000e+00  1.00000000e+00 
 4.17500000e-08  0.00000000e+00  9.95594884e-01  1.38201482e-19  1.00000000e+00  1.00000000e+00  1.00000000e+00 
 4.17700000e-08  0.00000000e+00  9.95616854e-01  1.32781816e-19  1.00000000e+00  1.00000000e+00  1.00000000e+00 
 4.17900000e-08  0.00000000e+00  9.95638715e-01  1.27574686e-19  1.00000000e+00  1.00000000e+00  1.00000000e+00 
 4.18100000e-08  0.00000000e+00  9.95660468e-01  1.22571757e-19  1.00000000e+00  1.00000000e+00  1.00000000e+00 
 4.18300000e-08  0.00000000e+00  9.95682111e-01  1.17765022e-19  1.00000000e+00  1.00000000e+00  1.00000000e+00 
 4.18500000e-08  0.00000000e+00  9.95703647e-01  1.13146786e-19  1.00000000e+00  1.00000000e+00  1.00000000e+00 
 4.18700000e-08  0.00000000e+00  9.95725075e-01  1.08709657e-19  1.00000000e+00  1.00000000e+00  1.00000000e+00 
 4.18900000e-08  0.00000000e+00  9.95746396e-01  1.04446533e-19  1.00000000e+00  1.00000000e+00  1.00000000e+00 
 4.19100000e-08  0.00000000e+00  9.95767611e-01  1.00350591e-19  1.00000000e+00  1.00000000e+00  1.00000000e+00 
 4.19300000e-08  0.00000000e+00  9.95788720e-01  9.64152732e-20  1.00000000e+00  1.00000000e+00  1.00000000e+00 
 4.19500000e-08  0.00000000e+00  9.95809724e-01  9.26342821e-20  1.00000000e+00  1.00000000e+00  1.00000000e+00 
 4.19700000e-08  0.00000000e+00  9.95830623e-01  8.90015652e-20  1.00000000e+00  1.00000000e+00  1.00000000e+00 
 4.19900000e-08  0.00000000e+00  9.95851418e-01  8.55113077e-20  1.00000000e+00  1.00000000e+00  1.00000000e+00 
 4.20100000e-08  0.00000000e+00  9.95872109e-01  8.21579231e-20  1.00000000e+00  1.00000000e+00  1.00000000e+00 
 4.20300000e-08  0.00000000e+00  9.95892697e-01  7.89360438e-20  1.00000000e+00  1.00000000e+00  1.00000000e+00 
 4.20500000e-08  0.00000000e+00  9.95913183e-01  7.58405126e-20  1.00000000e+00  1.00000000e+00  1.00000000e+00 
 4.20700000e-08  0.00000000e+00  9.95933566e-01  7.28663749e-20  1.00000000e+00  1.00000000e+00  1.00000000e+00 
 4.20900000e-08  0.00000000e+00  9.95953847e-01  7.00088700e-20  1.00000000e+00  1.00000000e+00  1.00000000e+00 
 4.21100000e-08  0.00000000e+00  9.95974028e-01  6.72634241e-20  1.00000000e+00  1.00000000e+00  1.00000000e+00 
 4.21300000e-08  0.00000000e+00  9.95994107e-01  6.46256428e-20  1.00000000e+00  1.00000000e+00  1.00000000e+00 
 4.21500000e-08  0.00000000e+00  9.96014087e-01  6.20913038e-20  1.00000000e+00  1.00000000e+00  1.00000000e+00 
 4.21700000e-08  0.00000000e+00  9.96033967e-01  5.96563507e-20  1.00000000e+00  1.00000000e+00  1.00000000e+00 
 4.21900000e-08  0.00000000e+00  9.96053747e-01  5.73168860e-20  1.00000000e+00  1.00000000e+00  1.00000000e+00 
 4.22100000e-08  0.00000000e+00  9.96073429e-01  5.50691650e-20  1.00000000e+00  1.00000000e+00  1.00000000e+00 
 4.22300000e-08  0.00000000e+00  9.96093013e-01  5.29095899e-20  1.00000000e+00  1.00000000e+00  1.00000000e+00 
 4.22500000e-08  0.00000000e+00  9.96112500e-01  5.08347040e-20  1.00000000e+00  1.00000000e+00  1.00000000e+00 
 4.22700000e-08  0.00000000e+00  9.96131889e-01  4.88411862e-20  1.00000000e+00  1.00000000e+00  1.00000000e+00 
 4.22900000e-08  0.00000000e+00  9.96151181e-01  4.69258456e-20  1.00000000e+00  1.00000000e+00  1.00000000e+00 
 4.23100000e-08  0.00000000e+00  9.96170377e-01  4.50856163e-20  1.00000000e+00  1.00000000e+00  1.00000000e+00 
 4.23300000e-08  0.00000000e+00  9.96189477e-01  4.33175530e-20  1.00000000e+00  1.00000000e+00  1.00000000e+00 
 4.23500000e-08  0.00000000e+00  9.96208482e-01  4.16188254e-20  1.00000000e+00  1.00000000e+00  1.00000000e+00 
 4.23700000e-08  0.00000000e+00  9.96227393e-01  3.99867146e-20  1.00000000e+00  1.00000000e+00  1.00000000e+00 
 4.23900000e-08  0.00000000e+00  9.96246209e-01  3.84186081e-20  1.00000000e+00  1.00000000e+00  1.00000000e+00 
 4.24100000e-08  0.00000000e+00  9.96264931e-01  3.69119960e-20  1.00000000e+00  1.00000000e+00  1.00000000e+00 
 4.24300000e-08  0.00000000e+00  9.96283560e-01  3.54644668e-20  1.00000000e+00  1.00000000e+00  1.00000000e+00 
 4.24500000e-08  0.00000000e+00  9.96302096e-01  3.40737034e-20  1.00000000e+00  1.00000000e+00  1.00000000e+00 
 4.24700000e-08  0.00000000e+00  9.96320539e-01  3.27374797e-20  1.00000000e+00  1.00000000e+00  1.00000000e+00 
 4.24900000e-08  0.00000000e+00  9.96338890e-01  3.14536570e-20  1.00000000e+00  1.00000000e+00  1.00000000e+00 
 4.25100000e-08  0.00000000e+00  9.96357150e-01  3.02201802e-20  1.00000000e+00  1.00000000e+00  1.00000000e+00 
 4.25300000e-08  0.00000000e+00  9.96375319e-01  2.90350751e-20  1.00000000e+00  1.00000000e+00  1.00000000e+00 
 4.25500000e-08  0.00000000e+00  9.96393397e-01  2.78964447e-20  1.00000000e+00  1.00000000e+00  1.00000000e+00 
 4.25700000e-08  0.00000000e+00  9.96411385e-01  2.68024665e-20  1.00000000e+00  1.00000000e+00  1.00000000e+00 
 4.25900000e-08  0.00000000e+00  9.96429284e-01  2.57513894e-20  1.00000000e+00  1.00000000e+00  1.00000000e+00 
 4.26100000e-08  0.00000000e+00  9.96447093e-01  2.47415310e-20  1.00000000e+00  1.00000000e+00  1.00000000e+00 
 4.26300000e-08  0.00000000e+00  9.96464813e-01  2.37712749e-20  1.00000000e+00  1.00000000e+00  1.00000000e+00 
 4.26500000e-08  0.00000000e+00  9.96482445e-01  2.28390680e-20  1.00000000e+00  1.00000000e+00  1.00000000e+00 
 4.26700000e-08  0.00000000e+00  9.96499989e-01  2.19434183e-20  1.00000000e+00  1.00000000e+00  1.00000000e+00 
 4.26900000e-08  0.00000000e+00  9.96517445e-01  2.10828921e-20  1.00000000e+00  1.00000000e+00  1.00000000e+00 
 4.27100000e-08  0.00000000e+00  9.96534815e-01  2.02561120e-20  1.00000000e+00  1.00000000e+00  1.00000000e+00 
 4.27300000e-08  0.00000000e+00  9.96552097e-01  1.94617547e-20  1.00000000e+00  1.00000000e+00  1.00000000e+00 
 4.27500000e-08  0.00000000e+00  9.96569294e-01  1.86985486e-20  1.00000000e+00  1.00000000e+00  1.00000000e+00 
 4.27700000e-08  0.00000000e+00  9.96586405e-01  1.79652722e-20  1.00000000e+00  1.00000000e+00  1.00000000e+00 
 4.27900000e-08  0.00000000e+00  9.96603430e-01  1.72607517e-20  1.00000000e+00  1.00000000e+00  1.00000000e+00 
 4.28100000e-08  0.00000000e+00  9.96620370e-01  1.65838595e-20  1.00000000e+00  1.00000000e+00  1.00000000e+00 
 4.28300000e-08  0.00000000e+00  9.96637226e-01  1.59335121e-20  1.00000000e+00  1.00000000e+00  1.00000000e+00 
 4.28500000e-08  0.00000000e+00  9.96653998e-01  1.53086684e-20  1.00000000e+00  1.00000000e+00  1.00000000e+00 
 4.28700000e-08  0.00000000e+00  9.96670687e-01  1.47083285e-20  1.00000000e+00  1.00000000e+00  1.00000000e+00 
 4.28900000e-08  0.00000000e+00  9.96687292e-01  1.41315313e-20  1.00000000e+00  1.00000000e+00  1.00000000e+00 
 4.29100000e-08  0.00000000e+00  9.96703814e-01  1.35773536e-20  1.00000000e+00  1.00000000e+00  1.00000000e+00 
 4.29300000e-08  0.00000000e+00  9.96720254e-01  1.30449084e-20  1.00000000e+00  1.00000000e+00  1.00000000e+00 
 4.29500000e-08  0.00000000e+00  9.96736612e-01  1.25333433e-20  1.00000000e+00  1.00000000e+00  1.00000000e+00 
 4.29700000e-08  0.00000000e+00  9.96752888e-01  1.20418397e-20  1.00000000e+00  1.00000000e+00  1.00000000e+00 
 4.29900000e-08  0.00000000e+00  9.96769083e-01  1.15696107e-20  1.00000000e+00  1.00000000e+00  1.00000000e+00 
 4.30100000e-08  0.00000000e+00  9.96785197e-01  1.11159004e-20  1.00000000e+00  1.00000000e+00  1.00000000e+00 
 4.30300000e-08  0.00000000e+00  9.96801231e-01  1.06799828e-20  1.00000000e+00  1.00000000e+00  1.00000000e+00 
 4.30500000e-08  0.00000000e+00  9.96817185e-01  1.02611599e-20  1.00000000e+00  1.00000000e+00  1.00000000e+00 
 4.30700000e-08  0.00000000e+00  9.96833060e-01  9.85876150e-21  1.00000000e+00  1.00000000e+00  1.00000000e+00 
 4.30900000e-08  0.00000000e+00  9.96848855e-01  9.47214340e-21  1.00000000e+00  1.00000000e+00  1.00000000e+00 
 4.31100000e-08  0.00000000e+00  9.96864571e-01  9.10068680e-21  1.00000000e+00  1.00000000e+00  1.00000000e+00 
 4.31300000e-08  0.00000000e+00  9.96880209e-01  8.74379712e-21  1.00000000e+00  1.00000000e+00  1.00000000e+00 
 4.31500000e-08  0.00000000e+00  9.96895769e-01  8.40090311e-21  1.00000000e+00  1.00000000e+00  1.00000000e+00 
 4.31700000e-08  0.00000000e+00  9.96911252e-01  8.07145593e-21  1.00000000e+00  1.00000000e+00  1.00000000e+00 
 4.31900000e-08  0.00000000e+00  9.96926657e-01  7.75492825e-21  1.00000000e+00  1.00000000e+00  1.00000000e+00 
 4.32100000e-08  0.00000000e+00  9.96941985e-01  7.45081342e-21  1.00000000e+00  1.00000000e+00  1.00000000e+00 
 4.32300000e-08  0.00000000e+00  9.96957237e-01  7.15862465e-21  1.00000000e+00  1.00000000e+00  1.00000000e+00 
 4.32500000e-08  0.00000000e+00  9.96972413e-01  6.87789428e-21  1.00000000e+00  1.00000000e+00  1.00000000e+00 
 4.32700000e-08  0.00000000e+00  9.96987513e-01  6.60817293e-21  1.00000000e+00  1.00000000e+00  1.00000000e+00 
 4.32900000e-08  0.00000000e+00  9.97002538e-01  6.34902890e-21  1.00000000e+00  1.00000000e+00  1.00000000e+00 
 4.33100000e-08  0.00000000e+00  9.97017488e-01  6.10004737e-21  1.00000000e+00  1.00000000e+00  1.00000000e+00 
 4.33300000e-08  0.00000000e+00  9.97032364e-01  5.86082983e-21  1.00000000e+00  1.00000000e+00  1.00000000e+00 
 4.33500000e-08  0.00000000e+00  9.97047165e-01  5.63099336e-21  1.00000000e+00  1.00000000e+00  1.00000000e+00 
 4.33700000e-08  0.00000000e+00  9.97061892e-01  5.41017009e-21  1.00000000e+00  1.00000000e+00  1.00000000e+00 
 4.33900000e-08  0.00000000e+00  9.97076546e-01  5.19800656e-21  1.00000000e+00  1.00000000e+00  1.00000000e+00 
 4.34100000e-08  0.00000000e+00  9.97091127e-01  4.99416317e-21  1.00000000e+00  1.00000000e+00  1.00000000e+00 
 4.34300000e-08  0.00000000e+00  9.97105635e-01  4.79831363e-21  1.00000000e+00  1.00000000e+00  1.00000000e+00 
 4.34500000e-08  0.00000000e+00  9.97120071e-01  4.61014447e-21  1.00000000e+00  1.00000000e+00  1.00000000e+00 
 4.34700000e-08  0.00000000e+00  9.97134434e-01  4.42935449e-21  1.00000000e+00  1.00000000e+00  1.00000000e+00 
 4.34900000e-08  0.00000000e+00  9.97148726e-01  4.25565431e-21  1.00000000e+00  1.00000000e+00  1.00000000e+00 
 4.35100000e-08  0.00000000e+00  9.97162947e-01  4.08876591e-21  1.00000000e+00  1.00000000e+00  1.00000000e+00 
 4.35300000e-08  0.00000000e+00  9.97177097e-01  3.92842215e-21  1.00000000e+00  1.00000000e+00  1.00000000e+00 
 4.35500000e-08  0.00000000e+00  9.97191176e-01  3.77436638e-21  1.00000000e+00  1.00000000e+00  1.00000000e+00 
 4.35700000e-08  0.00000000e+00  9.97205186e-01  3.62635201e-21  1.00000000e+00  1.00000000e+00  1.00000000e+00 
 4.35900000e-08  0.00000000e+00  9.97219125e-01  3.48414213e-21  1.00000000e+00  1.00000000e+00  1.00000000e+00 
 4.36100000e-08  0.00000000e+00  9.97232995e-01  3.34750910e-21  1.00000000e+00  1.00000000e+00  1.00000000e+00 
 4.36300000e-08  0.00000000e+00  9.97246795e-01  3.21623423e-21  1.00000000e+00  1.00000000e+00  1.00000000e+00 
 4.36500000e-08  0.00000000e+00  9.97260527e-01  3.09010740e-21  1.00000000e+00  1.00000000e+00  1.00000000e+00 
 4.36700000e-08  0.00000000e+00  9.97274190e-01  2.96892672e-21  1.00000000e+00  1.00000000e+00  1.00000000e+00 
 4.36900000e-08  0.00000000e+00  9.97287785e-01  2.85249822e-21  1.00000000e+00  1.00000000e+00  1.00000000e+00 
 4.37100000e-08  0.00000000e+00  9.97301312e-01  2.74063555e-21  1.00000000e+00  1.00000000e+00  1.00000000e+00 
 4.37300000e-08  0.00000000e+00  9.97314772e-01  2.63315964e-21  1.00000000e+00  1.00000000e+00  1.00000000e+00 
 4.37500000e-08  0.00000000e+00  9.97328165e-01  2.52989848e-21  1.00000000e+00  1.00000000e+00  1.00000000e+00 
 4.37700000e-08  0.00000000e+00  9.97341491e-01  2.43068677e-21  1.00000000e+00  1.00000000e+00  1.00000000e+00 
 4.37900000e-08  0.00000000e+00  9.97354750e-01  2.33536572e-21  1.00000000e+00  1.00000000e+00  1.00000000e+00 
 4.38100000e-08  0.00000000e+00  9.97367943e-01  2.24378275e-21  1.00000000e+00  1.00000000e+00  1.00000000e+00 
 4.38300000e-08  0.00000000e+00  9.97381071e-01  2.15579127e-21  1.00000000e+00  1.00000000e+00  1.00000000e+00 
 4.38500000e-08  0.00000000e+00  9.97394133e-01  2.07125044e-21  1.00000000e+00  1.00000000e+00  1.00000000e+00 
 4.38700000e-08  0.00000000e+00  9.97407130e-01  1.99002493e-21  1.00000000e+00  1.00000000e+00  1.00000000e+00 
 4.38900000e-08  0.00000000e+00  9.97420062e-01  1.91198474e-21  1.00000000e+00  1.00000000e+00  1.00000000e+00 
 4.39100000e-08  0.00000000e+00  9.97432929e-01  1.83700495e-21  1.00000000e+00  1.00000000e+00  1.00000000e+00 
 4.39300000e-08  0.00000000e+00  9.97445732e-01  1.76496554e-21  1.00000000e+00  1.00000000e+00  1.00000000e+00 
 4.39500000e-08  0.00000000e+00  9.97458472e-01  1.69575120e-21  1.00000000e+00  1.00000000e+00  1.00000000e+00 
 4.39700000e-08  0.00000000e+00  9.97471148e-01  1.62925115e-21  1.00000000e+00  1.00000000e+00  1.00000000e+00 
 4.39900000e-08  0.00000000e+00  9.97483761e-01  1.56535895e-21  1.00000000e+00  1.00000000e+00  1.00000000e+00 
 4.40100000e-08  0.00000000e+00  9.97496310e-01  1.50397233e-21  1.00000000e+00  1.00000000e+00  1.00000000e+00 
 4.40300000e-08  0.00000000e+00  9.97508798e-01  1.44499302e-21  1.00000000e+00  1.00000000e+00  1.00000000e+00 
 4.40500000e-08  0.00000000e+00  9.97521223e-01  1.38832663e-21  1.00000000e+00  1.00000000e+00  1.00000000e+00 
 4.40700000e-08  0.00000000e+00  9.97533586e-01  1.33388244e-21  1.00000000e+00  1.00000000e+00  1.00000000e+00 
 4.40900000e-08  0.00000000e+00  9.97545887e-01  1.28157333e-21  1.00000000e+00  1.00000000e+00  1.00000000e+00 
 4.41100000e-08  0.00000000e+00  9.97558127e-01  1.23131555e-21  1.00000000e+00  1.00000000e+00  1.00000000e+00 
 4.41300000e-08  0.00000000e+00  9.97570306e-01  1.18302867e-21  1.00000000e+00  1.00000000e+00  1.00000000e+00 
 4.41500000e-08  0.00000000e+00  9.97582424e-01  1.13663539e-21  1.00000000e+00  1.00000000e+00  1.00000000e+00 
 4.41700000e-08  0.00000000e+00  9.97594482e-01  1.09206145e-21  1.00000000e+00  1.00000000e+00  1.00000000e+00 
 4.41900000e-08  0.00000000e+00  9.97606479e-01  1.04923551e-21  1.00000000e+00  1.00000000e+00  1.00000000e+00 
 4.42100000e-08  0.00000000e+00  9.97618417e-01  1.00808902e-21  1.00000000e+00  1.00000000e+00  1.00000000e+00 
 4.42300000e-08  0.00000000e+00  9.97630295e-01  9.68556117e-22  1.00000000e+00  1.00000000e+00  1.00000000e+00 
 4.42500000e-08  0.00000000e+00  9.97642114e-01  9.30573524e-22  1.00000000e+00  1.00000000e+00  1.00000000e+00 
 4.42700000e-08  0.00000000e+00  9.97653874e-01  8.94080445e-22  1.00000000e+00  1.00000000e+00  1.00000000e+00 
 4.42900000e-08  0.00000000e+00  9.97665576e-01  8.59018467e-22  1.00000000e+00  1.00000000e+00  1.00000000e+00 
 4.43100000e-08  0.00000000e+00  9.97677219e-01  8.25331468e-22  1.00000000e+00  1.00000000e+00  1.00000000e+00 
 4.43300000e-08  0.00000000e+00  9.97688804e-01  7.92965528e-22  1.00000000e+00  1.00000000e+00  1.00000000e+00 
 4.43500000e-08  0.00000000e+00  9.97700331e-01  7.61868841e-22  1.00000000e+00  1.00000000e+00  1.00000000e+00 
 4.43700000e-08  0.00000000e+00  9.97711800e-01  7.31991631e-22  1.00000000e+00  1.00000000e+00  1.00000000e+00 
 4.43900000e-08  0.00000000e+00  9.97723213e-01  7.03286077e-22  1.00000000e+00  1.00000000e+00  1.00000000e+00 
 4.44100000e-08  0.00000000e+00  9.97734568e-01  6.75706231e-22  1.00000000e+00  1.00000000e+00  1.00000000e+00 
 4.44300000e-08  0.00000000e+00  9.97745867e-01  6.49207947e-22  1.00000000e+00  1.00000000e+00  1.00000000e+00 
 4.44500000e-08  0.00000000e+00  9.97757110e-01  6.23748812e-22  1.00000000e+00  1.00000000e+00  1.00000000e+00 
 4.44700000e-08  0.00000000e+00  9.97768296e-01  5.99288074e-22  1.00000000e+00  1.00000000e+00  1.00000000e+00 
 4.44900000e-08  0.00000000e+00  9.97779427e-01  5.75786581e-22  1.00000000e+00  1.00000000e+00  1.00000000e+00 
 4.45100000e-08  0.00000000e+00  9.97790502e-01  5.53206715e-22  1.00000000e+00  1.00000000e+00  1.00000000e+00 
 4.45300000e-08  0.00000000e+00  9.97801522e-01  5.31512334e-22  1.00000000e+00  1.00000000e+00  1.00000000e+00 
 4.45500000e-08  0.00000000e+00  9.97812487e-01  5.10668713e-22  1.00000000e+00  1.00000000e+00  1.00000000e+00 
 4.45700000e-08  0.00000000e+00  9.97823397e-01  4.90642489e-22  1.00000000e+00  1.00000000e+00  1.00000000e+00 
 4.45900000e-08  0.00000000e+00  9.97834253e-01  4.71401607e-22  1.00000000e+00  1.00000000e+00  1.00000000e+00 
 4.46100000e-08  0.00000000e+00  9.97845055e-01  4.52915270e-22  1.00000000e+00  1.00000000e+00  1.00000000e+00 
 4.46300000e-08  0.00000000e+00  9.97855803e-01  4.35153887e-22  1.00000000e+00  1.00000000e+00  1.00000000e+00 
 4.46500000e-08  0.00000000e+00  9.97866497e-01  4.18089028e-22  1.00000000e+00  1.00000000e+00  1.00000000e+00 
 4.46700000e-08  0.00000000e+00  9.97877138e-01  4.01693380e-22  1.00000000e+00  1.00000000e+00  1.00000000e+00 
 4.46900000e-08  0.00000000e+00  9.97887726e-01  3.85940699e-22  1.00000000e+00  1.00000000e+00  1.00000000e+00 
 4.47100000e-08  0.00000000e+00  9.97898261e-01  3.70805769e-22  1.00000000e+00  1.00000000e+00  1.00000000e+00 
 4.47300000e-08  0.00000000e+00  9.97908743e-01  3.56264367e-22  1.00000000e+00  1.00000000e+00  1.00000000e+00 
 4.47500000e-08  0.00000000e+00  9.97919174e-01  3.42293215e-22  1.00000000e+00  1.00000000e+00  1.00000000e+00 
 4.47700000e-08  0.00000000e+00  9.97929552e-01  3.28869952e-22  1.00000000e+00  1.00000000e+00  1.00000000e+00 
 4.47900000e-08  0.00000000e+00  9.97939878e-01  3.15973091e-22  1.00000000e+00  1.00000000e+00  1.00000000e+00 
 4.48100000e-08  0.00000000e+00  9.97950153e-01  3.03581989e-22  1.00000000e+00  1.00000000e+00  1.00000000e+00 
 4.48300000e-08  0.00000000e+00  9.97960377e-01  2.91676813e-22  1.00000000e+00  1.00000000e+00  1.00000000e+00 
 4.48500000e-08  0.00000000e+00  9.97970550e-01  2.80238507e-22  1.00000000e+00  1.00000000e+00  1.00000000e+00 
 4.48700000e-08  0.00000000e+00  9.97980672e-01  2.69248761e-22  1.00000000e+00  1.00000000e+00  1.00000000e+00 
 4.48900000e-08  0.00000000e+00  9.97990743e-01  2.58689986e-22  1.00000000e+00  1.00000000e+00  1.00000000e+00 
 4.49100000e-08  0.00000000e+00  9.98000764e-01  2.48545281e-22  1.00000000e+00  1.00000000e+00  1.00000000e+00 
 4.49300000e-08  0.00000000e+00  9.98010735e-01  2.38798407e-22  1.00000000e+00  1.00000000e+00  1.00000000e+00 
 4.49500000e-08  0.00000000e+00  9.98020657e-01  2.29433764e-22  1.00000000e+00  1.00000000e+00  1.00000000e+00 
 4.49700000e-08  0.00000000e+00  9.98030529e-01  2.20436361e-22  1.00000000e+00  1.00000000e+00  1.00000000e+00 
 4.49850000e-08  0.00000000e+00  9.98037901e-01  2.13921001e-22  1.00000000e+00  1.00000000e+00  1.00000000e+00 
 4.50000000e-08  0.00000000e+00  9.98045245e-01  2.07598213e-22  1.00000000e+00  1.00000000e+00  1.00000000e+00 
