 time            v(in)           v(out)          i(V1)          
 0.00000000e+00  0.00000000e+00  0.00000000e+00  0.00000000e+00 
 1.00000000e-07  0.00000000e+00  0.00000000e+00  0.00000000e+00 
 2.00000000e-07  0.00000000e+00  0.00000000e+00  0.00000000e+00 
 4.00000000e-07  0.00000000e+00  0.00000000e+00  0.00000000e+00 
 8.00000000e-07  0.00000000e+00  0.00000000e+00  0.00000000e+00 
 1.60000000e-06  0.00000000e+00  0.00000000e+00  0.00000000e+00 
 3.20000000e-06  0.00000000e+00  0.00000000e+00  0.00000000e+00 
 6.40000000e-06  0.00000000e+00  0.00000000e+00  0.00000000e+00 
 1.28000000e-05  0.00000000e+00  0.00000000e+00  0.00000000e+00 
 2.28000000e-05  0.00000000e+00  0.00000000e+00  0.00000000e+00 
 3.28000000e-05  0.00000000e+00  0.00000000e+00  0.00000000e+00 
 4.28000000e-05  0.00000000e+00  0.00000000e+00  0.00000000e+00 
 5.28000000e-05  0.00000000e+00  0.00000000e+00  0.00000000e+00 
 6.28000000e-05  0.00000000e+00  0.00000000e+00  0.00000000e+00 
 7.28000000e-05  0.00000000e+00  0.00000000e+00  0.00000000e+00 
 8.28000000e-05  0.00000000e+00  0.00000000e+00  0.00000000e+00 
 9.28000000e-05  0.00000000e+00  0.00000000e+00  0.00000000e+00 
 1.02800000e-04  0.00000000e+00  0.00000000e+00  0.00000000e+00 
 1.12800000e-04  0.00000000e+00  0.00000000e+00  0.00000000e+00 
 1.22800000e-04  0.00000000e+00  0.00000000e+00  0.00000000e+00 
 1.32800000e-04  0.00000000e+00  0.00000000e+00  0.00000000e+00 
 1.42800000e-04  0.00000000e+00  0.00000000e+00  0.00000000e+00 
 1.52800000e-04  0.00000000e+00  0.00000000e+00  0.00000000e+00 
 1.62800000e-04  0.00000000e+00  0.00000000e+00  0.00000000e+00 
 1.72800000e-04  0.00000000e+00  0.00000000e+00  0.00000000e+00 
 1.82800000e-04  0.00000000e+00  0.00000000e+00  0.00000000e+00 
 1.92800000e-04  0.00000000e+00  0.00000000e+00  0.00000000e+00 
 2.02800000e-04  0.00000000e+00  0.00000000e+00  0.00000000e+00 
 2.12800000e-04  0.00000000e+00  0.00000000e+00  0.00000000e+00 
 2.22800000e-04  0.00000000e+00  0.00000000e+00  0.00000000e+00 
 2.32800000e-04  0.00000000e+00  0.00000000e+00  0.00000000e+00 
 2.42800000e-04  0.00000000e+00  0.00000000e+00  0.00000000e+00 
 2.52800000e-04  0.00000000e+00  0.00000000e+00  0.00000000e+00 
 2.62800000e-04  0.00000000e+00  0.00000000e+00  0.00000000e+00 
 2.72800000e-04  0.00000000e+00  0.00000000e+00  0.00000000e+00 
 2.82800000e-04  0.00000000e+00  0.00000000e+00  0.00000000e+00 
 2.92800000e-04  0.00000000e+00  0.00000000e+00  0.00000000e+00 
 3.02800000e-04  0.00000000e+00  0.00000000e+00  0.00000000e+00 
 3.12800000e-04  0.00000000e+00  0.00000000e+00  0.00000000e+00 
 3.22800000e-04  0.00000000e+00  0.00000000e+00  0.00000000e+00 
 3.32800000e-04  0.00000000e+00  0.00000000e+00  0.00000000e+00 
 3.42800000e-04  0.00000000e+00  0.00000000e+00  0.00000000e+00 
 3.52800000e-04  0.00000000e+00  0.00000000e+00  0.00000000e+00 
 3.62800000e-04  0.00000000e+00  0.00000000e+00  0.00000000e+00 
 3.72800000e-04  0.00000000e+00  0.00000000e+00  0.00000000e+00 
 3.82800000e-04  0.00000000e+00  0.00000000e+00  0.00000000e+00 
 3.92800000e-04  0.00000000e+00  0.00000000e+00  0.00000000e+00 
 4.02800000e-04  0.00000000e+00  0.00000000e+00  0.00000000e+00 
 4.12800000e-04  0.00000000e+00  0.00000000e+00  0.00000000e+00 
 4.22800000e-04  0.00000000e+00  0.00000000e+00  0.00000000e+00 
 4.32800000e-04  0.00000000e+00  0.00000000e+00  0.00000000e+00 
 4.42800000e-04  0.00000000e+00  0.00000000e+00  0.00000000e+00 
 4.52800000e-04  0.00000000e+00  0.00000000e+00  0.00000000e+00 
 4.62800000e-04  0.00000000e+00  0.00000000e+00  0.00000000e+00 
 4.72800000e-04  0.00000000e+00  0.00000000e+00  0.00000000e+00 
 4.82800000e-04  0.00000000e+00  0.00000000e+00  0.00000000e+00 
 4.92800000e-04  0.00000000e+00  0.00000000e+00  0.00000000e+00 
 5.02800000e-04  0.00000000e+00  0.00000000e+00  0.00000000e+00 
 5.12800000e-04  0.00000000e+00  0.00000000e+00  0.00000000e+00 
 5.22800000e-04  0.00000000e+00  0.00000000e+00  0.00000000e+00 
 5.32800000e-04  0.00000000e+00  0.00000000e+00  0.00000000e+00 
 5.42800000e-04  0.00000000e+00  0.00000000e+00  0.00000000e+00 
 5.52800000e-04  0.00000000e+00  0.00000000e+00  0.00000000e+00 
 5.62800000e-04  0.00000000e+00  0.00000000e+00  0.00000000e+00 
 5.72800000e-04  0.00000000e+00  0.00000000e+00  0.00000000e+00 
 5.82800000e-04  0.00000000e+00  0.00000000e+00  0.00000000e+00 
 5.92800000e-04  0.00000000e+00  0.00000000e+00  0.00000000e+00 
 6.02800000e-04  0.00000000e+00  0.00000000e+00  0.00000000e+00 
 6.12800000e-04  0.00000000e+00  0.00000000e+00  0.00000000e+00 
 6.22800000e-04  0.00000000e+00  0.00000000e+00  0.00000000e+00 
 6.32800000e-04  0.00000000e+00  0.00000000e+00  0.00000000e+00 
 6.42800000e-04  0.00000000e+00  0.00000000e+00  0.00000000e+00 
 6.52800000e-04  0.00000000e+00  0.00000000e+00  0.00000000e+00 
 6.62800000e-04  0.00000000e+00  0.00000000e+00  0.00000000e+00 
 6.72800000e-04  0.00000000e+00  0.00000000e+00  0.00000000e+00 
 6.82800000e-04  0.00000000e+00  0.00000000e+00  0.00000000e+00 
 6.92800000e-04  0.00000000e+00  0.00000000e+00  0.00000000e+00 
 7.02800000e-04  0.00000000e+00  0.00000000e+00  0.00000000e+00 
 7.12800000e-04  0.00000000e+00  0.00000000e+00  0.00000000e+00 
 7.22800000e-04  0.00000000e+00  0.00000000e+00  0.00000000e+00 
 7.32800000e-04  0.00000000e+00  0.00000000e+00  0.00000000e+00 
 7.42800000e-04  0.00000000e+00  0.00000000e+00  0.00000000e+00 
 7.52800000e-04  0.00000000e+00  0.00000000e+00  0.00000000e+00 
 7.62800000e-04  0.00000000e+00  0.00000000e+00  0.00000000e+00 
 7.72800000e-04  0.00000000e+00  0.00000000e+00  0.00000000e+00 
 7.82800000e-04  0.00000000e+00  0.00000000e+00  0.00000000e+00 
 7.92800000e-04  0.00000000e+00  0.00000000e+00  0.00000000e+00 
 8.02800000e-04  0.00000000e+00  0.00000000e+00  0.00000000e+00 
 8.12800000e-04  0.00000000e+00  0.00000000e+00  0.00000000e+00 
 8.22800000e-04  0.00000000e+00  0.00000000e+00  0.00000000e+00 
 8.32800000e-04  0.00000000e+00  0.00000000e+00  0.00000000e+00 
 8.42800000e-04  0.00000000e+00  0.00000000e+00  0.00000000e+00 
 8.52800000e-04  0.00000000e+00  0.00000000e+00  0.00000000e+00 
 8.62800000e-04  0.00000000e+00  0.00000000e+00  0.00000000e+00 
 8.72800000e-04  0.00000000e+00  0.00000000e+00  0.00000000e+00 
 8.82800000e-04  0.00000000e+00  0.00000000e+00  0.00000000e+00 
 8.92800000e-04  0.00000000e+00  0.00000000e+00  0.00000000e+00 
 9.02800000e-04  0.00000000e+00  0.00000000e+00  0.00000000e+00 
 9.12800000e-04  0.00000000e+00  0.00000000e+00  0.00000000e+00 
 9.22800000e-04  0.00000000e+00  0.00000000e+00  0.00000000e+00 
 9.32800000e-04  0.00000000e+00  0.00000000e+00  0.00000000e+00 
 9.42800000e-04  0.00000000e+00  0.00000000e+00  0.00000000e+00 
 9.52800000e-04  0.00000000e+00  0.00000000e+00  0.00000000e+00 
 9.62800000e-04  0.00000000e+00  0.00000000e+00  0.00000000e+00 
 9.72800000e-04  0.00000000e+00  0.00000000e+00  0.00000000e+00 
 9.82800000e-04  0.00000000e+00  0.00000000e+00  0.00000000e+00 
 9.91400000e-04  0.00000000e+00  0.00000000e+00  0.00000000e+00 
 1.00000000e-03  0.00000000e+00  0.00000000e+00  0.00000000e+00 
 1.00010000e-03  5.00000000e-01  4.99950005e-01 -4.99950005e-04 
 1.00030000e-03  1.50000000e+00  1.49975003e+00 -1.49975003e-03 
 1.00065000e-03  3.25000000e+00  3.24891902e+00 -3.24891902e-03 
 1.00100000e-03  5.00000000e+00  4.99747590e+00 -4.99747590e-03 
 1.00104615e-03  5.00000000e+00  4.99724525e+00 -4.99724525e-03 
 1.00113846e-03  5.00000000e+00  4.99678398e+00 -4.99678398e-03 
 1.00132308e-03  5.00000000e+00  4.99586157e+00 -4.99586157e-03 
 1.00169232e-03  5.00000000e+00  4.99401726e+00 -4.99401726e-03 
 1.00243079e-03  5.00000000e+00  4.99033068e+00 -4.99033068e-03 
 1.00390773e-03  5.00000000e+00  4.98296569e+00 -4.98296569e-03 
 1.00686162e-03  5.00000000e+00  4.96826828e+00 -4.96826828e-03 
 1.01276939e-03  5.00000000e+00  4.93900332e+00 -4.93900332e-03 
 1.02276939e-03  5.00000000e+00  4.88985900e+00 -4.88985900e-03 
 1.03276939e-03  5.00000000e+00  4.84120369e+00 -4.84120369e-03 
 1.04276939e-03  5.00000000e+00  4.79303251e+00 -4.79303251e-03 
 1.05276939e-03  5.00000000e+00  4.74534064e+00 -4.74534064e-03 
 1.06276939e-03  5.00000000e+00  4.69812332e+00 -4.69812332e-03 
 1.07276939e-03  5.00000000e+00  4.65137583e+00 -4.65137583e-03 
 1.08276939e-03  5.00000000e+00  4.60509348e+00 -4.60509348e-03 
 1.09276939e-03  5.00000000e+00  4.55927166e+00 -4.55927166e-03 
 1.10276939e-03  5.00000000e+00  4.51390577e+00 -4.51390577e-03 
 1.11276939e-03  5.00000000e+00  4.46899128e+00 -4.46899128e-03 
 1.12276939e-03  5.00000000e+00  4.42452371e+00 -4.42452371e-03 
 1.13276939e-03  5.00000000e+00  4.38049860e+00 -4.38049860e-03 
 1.14276939e-03  5.00000000e+00  4.33691155e+00 -4.33691155e-03 
 1.15276939e-03  5.00000000e+00  4.29375820e+00 -4.29375820e-03 
 1.16276939e-03  5.00000000e+00  4.25103424e+00 -4.25103424e-03 
 1.17276939e-03  5.00000000e+00  4.20873539e+00 -4.20873539e-03 
 1.18276939e-03  5.00000000e+00  4.16685742e+00 -4.16685742e-03 
 1.19276939e-03  5.00000000e+00  4.12539616e+00 -4.12539616e-03 
 1.20276939e-03  5.00000000e+00  4.08434744e+00 -4.08434744e-03 
 1.21276939e-03  5.00000000e+00  4.04370716e+00 -4.04370716e-03 
 1.22276939e-03  5.00000000e+00  4.00347127e+00 -4.00347127e-03 
 1.23276939e-03  5.00000000e+00  3.96363574e+00 -3.96363574e-03 
 1.24276939e-03  5.00000000e+00  3.92419658e+00 -3.92419658e-03 
 1.25276939e-03  5.00000000e+00  3.88514984e+00 -3.88514984e-03 
 1.26276939e-03  5.00000000e+00  3.84649164e+00 -3.84649164e-03 
 1.27276939e-03  5.00000000e+00  3.80821809e+00 -3.80821809e-03 
 1.28276939e-03  5.00000000e+00  3.77032537e+00 -3.77032537e-03 
 1.29276939e-03  5.00000000e+00  3.73280970e+00 -3.73280970e-03 
 1.30276939e-03  5.00000000e+00  3.69566731e+00 -3.69566731e-03 
 1.31276939e-03  5.00000000e+00  3.65889450e+00 -3.65889450e-03 
 1.32276939e-03  5.00000000e+00  3.62248759e+00 -3.62248759e-03 
 1.33276939e-03  5.00000000e+00  3.58644294e+00 -3.58644294e-03 
 1.34276939e-03  5.00000000e+00  3.55075694e+00 -3.55075694e-03 
 1.35276939e-03  5.00000000e+00  3.51542602e+00 -3.51542602e-03 
 1.36276939e-03  5.00000000e+00  3.48044666e+00 -3.48044666e-03 
 1.37276939e-03  5.00000000e+00  3.44581535e+00 -3.44581535e-03 
 1.38276939e-03  5.00000000e+00  3.41152863e+00 -3.41152863e-03 
 1.39276939e-03  5.00000000e+00  3.37758307e+00 -3.37758307e-03 
 1.40276939e-03  5.00000000e+00  3.34397528e+00 -3.34397528e-03 
 1.41276939e-03  5.00000000e+00  3.31070189e+00 -3.31070189e-03 
 1.42276939e-03  5.00000000e+00  3.27775959e+00 -3.27775959e-03 
 1.43276939e-03  5.00000000e+00  3.24514506e+00 -3.24514506e-03 
 1.44276939e-03  5.00000000e+00  3.21285506e+00 -3.21285506e-03 
 1.45276939e-03  5.00000000e+00  3.18088636e+00 -3.18088636e-03 
 1.46276939e-03  5.00000000e+00  3.14923575e+00 -3.14923575e-03 
 1.47276939e-03  5.00000000e+00  3.11790007e+00 -3.11790007e-03 
 1.48276939e-03  5.00000000e+00  3.08687618e+00 -3.08687618e-03 
 1.49276939e-03  5.00000000e+00  3.05616100e+00 -3.05616100e-03 
 1.50276939e-03  5.00000000e+00  3.02575144e+00 -3.02575144e-03 
 1.51276939e-03  5.00000000e+00  2.99564446e+00 -2.99564446e-03 
 1.52276939e-03  5.00000000e+00  2.96583705e+00 -2.96583705e-03 
 1.53276939e-03  5.00000000e+00  2.93632623e+00 -2.93632623e-03 
 1.54276939e-03  5.00000000e+00  2.90710906e+00 -2.90710906e-03 
 1.55276939e-03  5.00000000e+00  2.87818260e+00 -2.87818260e-03 
 1.56276939e-03  5.00000000e+00  2.84954397e+00 -2.84954397e-03 
 1.57276939e-03  5.00000000e+00  2.82119029e+00 -2.82119029e-03 
 1.58276939e-03  5.00000000e+00  2.79311875e+00 -2.79311875e-03 
 1.59276939e-03  5.00000000e+00  2.76532652e+00 -2.76532652e-03 
 1.60276939e-03  5.00000000e+00  2.73781084e+00 -2.73781084e-03 
 1.61276939e-03  5.00000000e+00  2.71056894e+00 -2.71056894e-03 
 1.62276939e-03  5.00000000e+00  2.68359810e+00 -2.68359810e-03 
 1.63276939e-03  5.00000000e+00  2.65689563e+00 -2.65689563e-03 
 1.64276939e-03  5.00000000e+00  2.63045886e+00 -2.63045886e-03 
 1.65276939e-03  5.00000000e+00  2.60428514e+00 -2.60428514e-03 
 1.66276939e-03  5.00000000e+00  2.57837186e+00 -2.57837186e-03 
 1.67276939e-03  5.00000000e+00  2.55271641e+00 -2.55271641e-03 
 1.68276939e-03  5.00000000e+00  2.52731625e+00 -2.52731625e-03 
 1.69276939e-03  5.00000000e+00  2.50216883e+00 -2.50216883e-03 
 1.70276939e-03  5.00000000e+00  2.47727162e+00 -2.47727162e-03 
 1.71276939e-03  5.00000000e+00  2.45262215e+00 -2.45262215e-03 
 1.72276939e-03  5.00000000e+00  2.42821795e+00 -2.42821795e-03 
 1.73276939e-03  5.00000000e+00  2.40405658e+00 -2.40405658e-03 
 1.74276939e-03  5.00000000e+00  2.38013562e+00 -2.38013562e-03 
 1.75276939e-03  5.00000000e+00  2.35645268e+00 -2.35645268e-03 
 1.76276939e-03  5.00000000e+00  2.33300539e+00 -2.33300539e-03 
 1.77276939e-03  5.00000000e+00  2.30979140e+00 -2.30979140e-03 
 1.78276939e-03  5.00000000e+00  2.28680841e+00 -2.28680841e-03 
 1.79276939e-03  5.00000000e+00  2.26405409e+00 -2.26405409e-03 
 1.80276939e-03  5.00000000e+00  2.24152619e+00 -2.24152619e-03 
 1.81276939e-03  5.00000000e+00  2.21922245e+00 -2.21922245e-03 
 1.82276939e-03  5.00000000e+00  2.19714063e+00 -2.19714063e-03 
 1.83276939e-03  5.00000000e+00  2.17527854e+00 -2.17527854e-03 
 1.84276939e-03  5.00000000e+00  2.15363397e+00 -2.15363397e-03 
 1.85276939e-03  5.00000000e+00  2.13220478e+00 -2.13220478e-03 
 1.86276939e-03  5.00000000e+00  2.11098881e+00 -2.11098881e-03 
 1.87276939e-03  5.00000000e+00  2.08998395e+00 -2.08998395e-03 
 1.88276939e-03  5.00000000e+00  2.06918809e+00 -2.06918809e-03 
 1.89276939e-03  5.00000000e+00  2.04859915e+00 -2.04859915e-03 
 1.90276939e-03  5.00000000e+00  2.02821508e+00 -2.02821508e-03 
 1.91276939e-03  5.00000000e+00  2.00803384e+00 -2.00803384e-03 
 1.92276939e-03  5.00000000e+00  1.98805340e+00 -1.98805340e-03 
 1.93276939e-03  5.00000000e+00  1.96827177e+00 -1.96827177e-03 
 1.94276939e-03  5.00000000e+00  1.94868698e+00 -1.94868698e-03 
 1.95276939e-03  5.00000000e+00  1.92929706e+00 -1.92929706e-03 
 1.96276939e-03  5.00000000e+00  1.91010008e+00 -1.91010008e-03 
 1.97276939e-03  5.00000000e+00  1.89109410e+00 -1.89109410e-03 
 1.98276939e-03  5.00000000e+00  1.87227725e+00 -1.87227725e-03 
 1.99276939e-03  5.00000000e+00  1.85364762e+00 -1.85364762e-03 
 2.00276939e-03  5.00000000e+00  1.83520337e+00 -1.83520337e-03 
 2.01276939e-03  5.00000000e+00  1.81694264e+00 -1.81694264e-03 
 2.02276939e-03  5.00000000e+00  1.79886361e+00 -1.79886361e-03 
 2.03276939e-03  5.00000000e+00  1.78096447e+00 -1.78096447e-03 
 2.04276939e-03  5.00000000e+00  1.76324343e+00 -1.76324343e-03 
 2.05276939e-03  5.00000000e+00  1.74569872e+00 -1.74569872e-03 
 2.06276939e-03  5.00000000e+00  1.72832858e+00 -1.72832858e-03 
 2.07276939e-03  5.00000000e+00  1.71113128e+00 -1.71113128e-03 
 2.08276939e-03  5.00000000e+00  1.69410510e+00 -1.69410510e-03 
 2.09276939e-03  5.00000000e+00  1.67724833e+00 -1.67724833e-03 
 2.10276939e-03  5.00000000e+00  1.66055929e+00 -1.66055929e-03 
 2.11276939e-03  5.00000000e+00  1.64403632e+00 -1.64403632e-03 
 2.12276939e-03  5.00000000e+00  1.62767775e+00 -1.62767775e-03 
 2.13276939e-03  5.00000000e+00  1.61148195e+00 -1.61148195e-03 
 2.14276939e-03  5.00000000e+00  1.59544730e+00 -1.59544730e-03 
 2.15276939e-03  5.00000000e+00  1.57957220e+00 -1.57957220e-03 
 2.16276939e-03  5.00000000e+00  1.56385507e+00 -1.56385507e-03 
 2.17276939e-03  5.00000000e+00  1.54829432e+00 -1.54829432e-03 
 2.18276939e-03  5.00000000e+00  1.53288841e+00 -1.53288841e-03 
 2.19276939e-03  5.00000000e+00  1.51763579e+00 -1.51763579e-03 
 2.20276939e-03  5.00000000e+00  1.50253493e+00 -1.50253493e-03 
 2.21276939e-03  5.00000000e+00  1.48758434e+00 -1.48758434e-03 
 2.22276939e-03  5.00000000e+00  1.47278250e+00 -1.47278250e-03 
 2.23276939e-03  5.00000000e+00  1.45812795e+00 -1.45812795e-03 
 2.24276939e-03  5.00000000e+00  1.44361921e+00 -1.44361921e-03 
 2.25276939e-03  5.00000000e+00  1.42925484e+00 -1.42925484e-03 
 2.26276939e-03  5.00000000e+00  1.41503340e+00 -1.41503340e-03 
 2.27276939e-03  5.00000000e+00  1.40095347e+00 -1.40095347e-03 
 2.28276939e-03  5.00000000e+00  1.38701363e+00 -1.38701363e-03 
 2.29276939e-03  5.00000000e+00  1.37321250e+00 -1.37321250e-03 
 2.30276939e-03  5.00000000e+00  1.35954869e+00 -1.35954869e-03 
 2.31276939e-03  5.00000000e+00  1.34602085e+00 -1.34602085e-03 
 2.32276939e-03  5.00000000e+00  1.33262760e+00 -1.33262760e-03 
 2.33276939e-03  5.00000000e+00  1.31936763e+00 -1.31936763e-03 
 2.34276939e-03  5.00000000e+00  1.30623959e+00 -1.30623959e-03 
 2.35276939e-03  5.00000000e+00  1.29324218e+00 -1.29324218e-03 
 2.36276939e-03  5.00000000e+00  1.28037410e+00 -1.28037410e-03 
 2.37276939e-03  5.00000000e+00  1.26763406e+00 -1.26763406e-03 
 2.38276939e-03  5.00000000e+00  1.25502079e+00 -1.25502079e-03 
 2.39276939e-03  5.00000000e+00  1.24253302e+00 -1.24253302e-03 
 2.40276939e-03  5.00000000e+00  1.23016951e+00 -1.23016951e-03 
 2.41276939e-03  5.00000000e+00  1.21792901e+00 -1.21792901e-03 
 2.42276939e-03  5.00000000e+00  1.20581032e+00 -1.20581032e-03 
 2.43276939e-03  5.00000000e+00  1.19381220e+00 -1.19381220e-03 
 2.44276939e-03  5.00000000e+00  1.18193348e+00 -1.18193348e-03 
 2.45276939e-03  5.00000000e+00  1.17017294e+00 -1.17017294e-03 
 2.46276939e-03  5.00000000e+00  1.15852943e+00 -1.15852943e-03 
 2.47276939e-03  5.00000000e+00  1.14700178e+00 -1.14700178e-03 
 2.48276939e-03  5.00000000e+00  1.13558882e+00 -1.13558882e-03 
 2.49276939e-03  5.00000000e+00  1.12428943e+00 -1.12428943e-03 
 2.50276939e-03  5.00000000e+00  1.11310247e+00 -1.11310247e-03 
 2.51276939e-03  5.00000000e+00  1.10202683e+00 -1.10202683e-03 
 2.52276939e-03  5.00000000e+00  1.09106138e+00 -1.09106138e-03 
 2.53276939e-03  5.00000000e+00  1.08020505e+00 -1.08020505e-03 
 2.54276939e-03  5.00000000e+00  1.06945674e+00 -1.06945674e-03 
 2.55276939e-03  5.00000000e+00  1.05881538e+00 -1.05881538e-03 
 2.56276939e-03  5.00000000e+00  1.04827991e+00 -1.04827991e-03 
 2.57276939e-03  5.00000000e+00  1.03784926e+00 -1.03784926e-03 
 2.58276939e-03  5.00000000e+00  1.02752240e+00 -1.02752240e-03 
 2.59276939e-03  5.00000000e+00  1.01729830e+00 -1.01729830e-03 
 2.60276939e-03  5.00000000e+00  1.00717593e+00 -1.00717593e-03 
 2.61276939e-03  5.00000000e+00  9.97154276e-01 -9.97154276e-04 
 2.62276939e-03  5.00000000e+00  9.87232343e-01 -9.87232343e-04 
 2.63276939e-03  5.00000000e+00  9.77409136e-01 -9.77409136e-04 
 2.64276939e-03  5.00000000e+00  9.67683672e-01 -9.67683672e-04 
 2.65276939e-03  5.00000000e+00  9.58054978e-01 -9.58054978e-04 
 2.66276939e-03  5.00000000e+00  9.48522093e-01 -9.48522093e-04 
 2.67276939e-03  5.00000000e+00  9.39084062e-01 -9.39084062e-04 
 2.68276939e-03  5.00000000e+00  9.29739942e-01 -9.29739942e-04 
 2.69276939e-03  5.00000000e+00  9.20488799e-01 -9.20488799e-04 
 2.70276939e-03  5.00000000e+00  9.11329706e-01 -9.11329706e-04 
 2.71276939e-03  5.00000000e+00  9.02261749e-01 -9.02261749e-04 
 2.72276939e-03  5.00000000e+00  8.93284020e-01 -8.93284020e-04 
 2.73276939e-03  5.00000000e+00  8.84395622e-01 -8.84395622e-04 
 2.74276939e-03  5.00000000e+00  8.75595665e-01 -8.75595665e-04 
 2.75276939e-03  5.00000000e+00  8.66883271e-01 -8.66883271e-04 
 2.76276939e-03  5.00000000e+00  8.58257566e-01 -8.58257566e-04 
 2.77276939e-03  5.00000000e+00  8.49717690e-01 -8.49717690e-04 
 2.78276939e-03  5.00000000e+00  8.41262788e-01 -8.41262788e-04 
 2.79276939e-03  5.00000000e+00  8.32892014e-01 -8.32892014e-04 
 2.80276939e-03  5.00000000e+00  8.24604531e-01 -8.24604531e-04 
 2.81276939e-03  5.00000000e+00  8.16399511e-01 -8.16399511e-04 
 2.82276939e-03  5.00000000e+00  8.08276133e-01 -8.08276133e-04 
 2.83276939e-03  5.00000000e+00  8.00233584e-01 -8.00233584e-04 
 2.84276939e-03  5.00000000e+00  7.92271061e-01 -7.92271061e-04 
 2.85276939e-03  5.00000000e+00  7.84387767e-01 -7.84387767e-04 
 2.86276939e-03  5.00000000e+00  7.76582913e-01 -7.76582913e-04 
 2.87276939e-03  5.00000000e+00  7.68855720e-01 -7.68855720e-04 
 2.88276939e-03  5.00000000e+00  7.61205414e-01 -7.61205414e-04 
 2.89276939e-03  5.00000000e+00  7.53631231e-01 -7.53631231e-04 
 2.90276939e-03  5.00000000e+00  7.46132413e-01 -7.46132413e-04 
 2.91276939e-03  5.00000000e+00  7.38708210e-01 -7.38708210e-04 
 2.92276939e-03  5.00000000e+00  7.31357879e-01 -7.31357879e-04 
 2.93276939e-03  5.00000000e+00  7.24080687e-01 -7.24080687e-04 
 2.94276939e-03  5.00000000e+00  7.16875904e-01 -7.16875904e-04 
 2.95276939e-03  5.00000000e+00  7.09742810e-01 -7.09742810e-04 
 2.96276939e-03  5.00000000e+00  7.02680692e-01 -7.02680692e-04 
 2.97276939e-03  5.00000000e+00  6.95688845e-01 -6.95688845e-04 
 2.98276939e-03  5.00000000e+00  6.88766568e-01 -6.88766568e-04 
 2.99276939e-03  5.00000000e+00  6.81913169e-01 -6.81913169e-04 
 3.00276939e-03  5.00000000e+00  6.75127963e-01 -6.75127963e-04 
 3.01276939e-03  5.00000000e+00  6.68410272e-01 -6.68410272e-04 
 3.02276939e-03  5.00000000e+00  6.61759424e-01 -6.61759424e-04 
 3.03276939e-03  5.00000000e+00  6.55174753e-01 -6.55174753e-04 
 3.04276939e-03  5.00000000e+00  6.48655601e-01 -6.48655601e-04 
 3.05276939e-03  5.00000000e+00  6.42201316e-01 -6.42201316e-04 
 3.06276939e-03  5.00000000e+00  6.35811254e-01 -6.35811254e-04 
 3.07276939e-03  5.00000000e+00  6.29484774e-01 -6.29484774e-04 
 3.08276939e-03  5.00000000e+00  6.23221243e-01 -6.23221243e-04 
 3.09276939e-03  5.00000000e+00  6.17020037e-01 -6.17020037e-04 
 3.10276939e-03  5.00000000e+00  6.10880534e-01 -6.10880534e-04 
 3.11276939e-03  5.00000000e+00  6.04802121e-01 -6.04802121e-04 
 3.12276939e-03  5.00000000e+00  5.98784189e-01 -5.98784189e-04 
 3.13276939e-03  5.00000000e+00  5.92826138e-01 -5.92826138e-04 
 3.14276939e-03  5.00000000e+00  5.86927370e-01 -5.86927370e-04 
 3.15276939e-03  5.00000000e+00  5.81087297e-01 -5.81087297e-04 
 3.16276939e-03  5.00000000e+00  5.75305334e-01 -5.75305334e-04 
 3.17276939e-03  5.00000000e+00  5.69580902e-01 -5.69580902e-04 
 3.18276939e-03  5.00000000e+00  5.63913431e-01 -5.63913431e-04 
 3.19276939e-03  5.00000000e+00  5.58302352e-01 -5.58302352e-04 
 3.20276939e-03  5.00000000e+00  5.52747105e-01 -5.52747105e-04 
 3.21276939e-03  5.00000000e+00  5.47247133e-01 -5.47247133e-04 
 3.22276939e-03  5.00000000e+00  5.41801888e-01 -5.41801888e-04 
 3.23276939e-03  5.00000000e+00  5.36410825e-01 -5.36410825e-04 
 3.24276939e-03  5.00000000e+00  5.31073404e-01 -5.31073404e-04 
 3.25276939e-03  5.00000000e+00  5.25789091e-01 -5.25789091e-04 
 3.26276939e-03  5.00000000e+00  5.20557359e-01 -5.20557359e-04 
 3.27276939e-03  5.00000000e+00  5.15377684e-01 -5.15377684e-04 
 3.28276939e-03  5.00000000e+00  5.10249548e-01 -5.10249548e-04 
 3.29276939e-03  5.00000000e+00  5.05172438e-01 -5.05172438e-04 
 3.30276939e-03  5.00000000e+00  5.00145846e-01 -5.00145846e-04 
 3.31276939e-03  5.00000000e+00  4.95169271e-01 -4.95169271e-04 
 3.32276939e-03  5.00000000e+00  4.90242213e-01 -4.90242213e-04 
 3.33276939e-03  5.00000000e+00  4.85364181e-01 -4.85364181e-04 
 3.34276939e-03  5.00000000e+00  4.80534687e-01 -4.80534687e-04 
 3.35276939e-03  5.00000000e+00  4.75753247e-01 -4.75753247e-04 
 3.36276939e-03  5.00000000e+00  4.71019384e-01 -4.71019384e-04 
 3.37276939e-03  5.00000000e+00  4.66332624e-01 -4.66332624e-04 
 3.38276939e-03  5.00000000e+00  4.61692498e-01 -4.61692498e-04 
 3.39276939e-03  5.00000000e+00  4.57098543e-01 -4.57098543e-04 
 3.40276939e-03  5.00000000e+00  4.52550299e-01 -4.52550299e-04 
 3.41276939e-03  5.00000000e+00  4.48047311e-01 -4.48047311e-04 
 3.42276939e-03  5.00000000e+00  4.43589129e-01 -4.43589129e-04 
 3.43276939e-03  5.00000000e+00  4.39175307e-01 -4.39175307e-04 
 3.44276939e-03  5.00000000e+00  4.34805403e-01 -4.34805403e-04 
 3.45276939e-03  5.00000000e+00  4.30478981e-01 -4.30478981e-04 
 3.46276939e-03  5.00000000e+00  4.26195608e-01 -4.26195608e-04 
 3.47276939e-03  5.00000000e+00  4.21954856e-01 -4.21954856e-04 
 3.48276939e-03  5.00000000e+00  4.17756300e-01 -4.17756300e-04 
 3.49276939e-03  5.00000000e+00  4.13599521e-01 -4.13599521e-04 
 3.50276939e-03  5.00000000e+00  4.09484103e-01 -4.09484103e-04 
 3.51276939e-03  5.00000000e+00  4.05409634e-01 -4.05409634e-04 
 3.52276939e-03  5.00000000e+00  4.01375707e-01 -4.01375707e-04 
 3.53276939e-03  5.00000000e+00  3.97381919e-01 -3.97381919e-04 
 3.54276939e-03  5.00000000e+00  3.93427870e-01 -3.93427870e-04 
 3.55276939e-03  5.00000000e+00  3.89513165e-01 -3.89513165e-04 
 3.56276939e-03  5.00000000e+00  3.85637412e-01 -3.85637412e-04 
 3.57276939e-03  5.00000000e+00  3.81800224e-01 -3.81800224e-04 
 3.58276939e-03  5.00000000e+00  3.78001217e-01 -3.78001217e-04 
 3.59276939e-03  5.00000000e+00  3.74240011e-01 -3.74240011e-04 
 3.60276939e-03  5.00000000e+00  3.70516230e-01 -3.70516230e-04 
 3.61276939e-03  5.00000000e+00  3.66829501e-01 -3.66829501e-04 
 3.62276939e-03  5.00000000e+00  3.63179456e-01 -3.63179456e-04 
 3.63276939e-03  5.00000000e+00  3.59565730e-01 -3.59565730e-04 
 3.64276939e-03  5.00000000e+00  3.55987962e-01 -3.55987962e-04 
 3.65276939e-03  5.00000000e+00  3.52445793e-01 -3.52445793e-04 
 3.66276939e-03  5.00000000e+00  3.48938870e-01 -3.48938870e-04 
 3.67276939e-03  5.00000000e+00  3.45466841e-01 -3.45466841e-04 
 3.68276939e-03  5.00000000e+00  3.42029360e-01 -3.42029360e-04 
 3.69276939e-03  5.00000000e+00  3.38626083e-01 -3.38626083e-04 
 3.70276939e-03  5.00000000e+00  3.35256669e-01 -3.35256669e-04 
 3.71276939e-03  5.00000000e+00  3.31920782e-01 -3.31920782e-04 
 3.72276939e-03  5.00000000e+00  3.28618087e-01 -3.28618087e-04 
 3.73276939e-03  5.00000000e+00  3.25348256e-01 -3.25348256e-04 
 3.74276939e-03  5.00000000e+00  3.22110960e-01 -3.22110960e-04 
 3.75276939e-03  5.00000000e+00  3.18905876e-01 -3.18905876e-04 
 3.76276939e-03  5.00000000e+00  3.15732683e-01 -3.15732683e-04 
 3.77276939e-03  5.00000000e+00  3.12591064e-01 -3.12591064e-04 
 3.78276939e-03  5.00000000e+00  3.09480705e-01 -3.09480705e-04 
 3.79276939e-03  5.00000000e+00  3.06401295e-01 -3.06401295e-04 
 3.80276939e-03  5.00000000e+00  3.03352526e-01 -3.03352526e-04 
 3.81276939e-03  5.00000000e+00  3.00334093e-01 -3.00334093e-04 
 3.82276939e-03  5.00000000e+00  2.97345694e-01 -2.97345694e-04 
 3.83276939e-03  5.00000000e+00  2.94387030e-01 -2.94387030e-04 
 3.84276939e-03  5.00000000e+00  2.91457806e-01 -2.91457806e-04 
 3.85276939e-03  5.00000000e+00  2.88557729e-01 -2.88557729e-04 
 3.86276939e-03  5.00000000e+00  2.85686507e-01 -2.85686507e-04 
 3.87276939e-03  5.00000000e+00  2.82843856e-01 -2.82843856e-04 
 3.88276939e-03  5.00000000e+00  2.80029489e-01 -2.80029489e-04 
 3.89276939e-03  5.00000000e+00  2.77243126e-01 -2.77243126e-04 
 3.90276939e-03  5.00000000e+00  2.74484488e-01 -2.74484488e-04 
 3.91276939e-03  5.00000000e+00  2.71753299e-01 -2.71753299e-04 
 3.92276939e-03  5.00000000e+00  2.69049286e-01 -2.69049286e-04 
 3.93276939e-03  5.00000000e+00  2.66372179e-01 -2.66372179e-04 
 3.94276939e-03  5.00000000e+00  2.63721709e-01 -2.63721709e-04 
 3.95276939e-03  5.00000000e+00  2.61097612e-01 -2.61097612e-04 
 3.96276939e-03  5.00000000e+00  2.58499626e-01 -2.58499626e-04 
 3.97276939e-03  5.00000000e+00  2.55927491e-01 -2.55927491e-04 
 3.98276939e-03  5.00000000e+00  2.53380948e-01 -2.53380948e-04 
 3.99276939e-03  5.00000000e+00  2.50859745e-01 -2.50859745e-04 
 4.00276939e-03  5.00000000e+00  2.48363628e-01 -2.48363628e-04 
 4.01276939e-03  5.00000000e+00  2.45892348e-01 -2.45892348e-04 
 4.02276939e-03  5.00000000e+00  2.43445658e-01 -2.43445658e-04 
 4.03276939e-03  5.00000000e+00  2.41023313e-01 -2.41023313e-04 
 4.04276939e-03  5.00000000e+00  2.38625071e-01 -2.38625071e-04 
 4.05276939e-03  5.00000000e+00  2.36250693e-01 -2.36250693e-04 
 4.06276939e-03  5.00000000e+00  2.33899939e-01 -2.33899939e-04 
 4.07276939e-03  5.00000000e+00  2.31572577e-01 -2.31572577e-04 
 4.08276939e-03  5.00000000e+00  2.29268372e-01 -2.29268372e-04 
 4.09276939e-03  5.00000000e+00  2.26987095e-01 -2.26987095e-04 
 4.10276939e-03  5.00000000e+00  2.24728517e-01 -2.24728517e-04 
 4.11276939e-03  5.00000000e+00  2.22492412e-01 -2.22492412e-04 
 4.12276939e-03  5.00000000e+00  2.20278557e-01 -2.20278557e-04 
 4.13276939e-03  5.00000000e+00  2.18086731e-01 -2.18086731e-04 
 4.14276939e-03  5.00000000e+00  2.15916714e-01 -2.15916714e-04 
 4.15276939e-03  5.00000000e+00  2.13768289e-01 -2.13768289e-04 
 4.16276939e-03  5.00000000e+00  2.11641241e-01 -2.11641241e-04 
 4.17276939e-03  5.00000000e+00  2.09535358e-01 -2.09535358e-04 
 4.18276939e-03  5.00000000e+00  2.07450429e-01 -2.07450429e-04 
 4.19276939e-03  5.00000000e+00  2.05386246e-01 -2.05386246e-04 
 4.20276939e-03  5.00000000e+00  2.03342601e-01 -2.03342601e-04 
 4.21276939e-03  5.00000000e+00  2.01319292e-01 -2.01319292e-04 
 4.22276939e-03  5.00000000e+00  1.99316115e-01 -1.99316115e-04 
 4.23276939e-03  5.00000000e+00  1.97332870e-01 -1.97332870e-04 
 4.24276939e-03  5.00000000e+00  1.95369359e-01 -1.95369359e-04 
 4.25276939e-03  5.00000000e+00  1.93425385e-01 -1.93425385e-04 
 4.26276939e-03  5.00000000e+00  1.91500754e-01 -1.91500754e-04 
 4.27276939e-03  5.00000000e+00  1.89595274e-01 -1.89595274e-04 
 4.28276939e-03  5.00000000e+00  1.87708754e-01 -1.87708754e-04 
 4.29276939e-03  5.00000000e+00  1.85841005e-01 -1.85841005e-04 
 4.30276939e-03  5.00000000e+00  1.83991841e-01 -1.83991841e-04 
 4.31276939e-03  5.00000000e+00  1.82161077e-01 -1.82161077e-04 
 4.32276939e-03  5.00000000e+00  1.80348528e-01 -1.80348528e-04 
 4.33276939e-03  5.00000000e+00  1.78554016e-01 -1.78554016e-04 
 4.34276939e-03  5.00000000e+00  1.76777359e-01 -1.76777359e-04 
 4.35276939e-03  5.00000000e+00  1.75018380e-01 -1.75018380e-04 
 4.36276939e-03  5.00000000e+00  1.73276904e-01 -1.73276904e-04 
 4.37276939e-03  5.00000000e+00  1.71552755e-01 -1.71552755e-04 
 4.38276939e-03  5.00000000e+00  1.69845763e-01 -1.69845763e-04 
 4.39276939e-03  5.00000000e+00  1.68155755e-01 -1.68155755e-04 
 4.40276939e-03  5.00000000e+00  1.66482564e-01 -1.66482564e-04 
 4.41276939e-03  5.00000000e+00  1.64826021e-01 -1.64826021e-04 
 4.42276939e-03  5.00000000e+00  1.63185961e-01 -1.63185961e-04 
 4.43276939e-03  5.00000000e+00  1.61562220e-01 -1.61562220e-04 
 4.44276939e-03  5.00000000e+00  1.59954636e-01 -1.59954636e-04 
 4.45276939e-03  5.00000000e+00  1.58363047e-01 -1.58363047e-04 
 4.46276939e-03  5.00000000e+00  1.56787296e-01 -1.56787296e-04 
 4.47276939e-03  5.00000000e+00  1.55227223e-01 -1.55227223e-04 
 4.48276939e-03  5.00000000e+00  1.53682673e-01 -1.53682673e-04 
 4.49276939e-03  5.00000000e+00  1.52153493e-01 -1.52153493e-04 
 4.50276939e-03  5.00000000e+00  1.50639528e-01 -1.50639528e-04 
 4.51276939e-03  5.00000000e+00  1.49140627e-01 -1.49140627e-04 
 4.52276939e-03  5.00000000e+00  1.47656640e-01 -1.47656640e-04 
 4.53276939e-03  5.00000000e+00  1.46187420e-01 -1.46187420e-04 
 4.54276939e-03  5.00000000e+00  1.44732819e-01 -1.44732819e-04 
 4.55276939e-03  5.00000000e+00  1.43292691e-01 -1.43292691e-04 
 4.56276939e-03  5.00000000e+00  1.41866893e-01 -1.41866893e-04 
 4.57276939e-03  5.00000000e+00  1.40455283e-01 -1.40455283e-04 
 4.58276939e-03  5.00000000e+00  1.39057718e-01 -1.39057718e-04 
 4.59276939e-03  5.00000000e+00  1.37674059e-01 -1.37674059e-04 
 4.60276939e-03  5.00000000e+00  1.36304168e-01 -1.36304168e-04 
 4.61276939e-03  5.00000000e+00  1.34947907e-01 -1.34947907e-04 
 4.62276939e-03  5.00000000e+00  1.33605142e-01 -1.33605142e-04 
 4.63276939e-03  5.00000000e+00  1.32275738e-01 -1.32275738e-04 
 4.64276939e-03  5.00000000e+00  1.30959561e-01 -1.30959561e-04 
 4.65276939e-03  5.00000000e+00  1.29656481e-01 -1.29656481e-04 
 4.66276939e-03  5.00000000e+00  1.28366367e-01 -1.28366367e-04 
 4.67276939e-03  5.00000000e+00  1.27089089e-01 -1.27089089e-04 
 4.68276939e-03  5.00000000e+00  1.25824521e-01 -1.25824521e-04 
 4.69276939e-03  5.00000000e+00  1.24572536e-01 -1.24572536e-04 
 4.70276939e-03  5.00000000e+00  1.23333008e-01 -1.23333008e-04 
 4.71276939e-03  5.00000000e+00  1.22105814e-01 -1.22105814e-04 
 4.72276939e-03  5.00000000e+00  1.20890831e-01 -1.20890831e-04 
 4.73276939e-03  5.00000000e+00  1.19687937e-01 -1.19687937e-04 
 4.74276939e-03  5.00000000e+00  1.18497012e-01 -1.18497012e-04 
 4.75276939e-03  5.00000000e+00  1.17317938e-01 -1.17317938e-04 
 4.76276939e-03  5.00000000e+00  1.16150595e-01 -1.16150595e-04 
 4.77276939e-03  5.00000000e+00  1.14994868e-01 -1.14994868e-04 
 4.78276939e-03  5.00000000e+00  1.13850640e-01 -1.13850640e-04 
 4.79276939e-03  5.00000000e+00  1.12717798e-01 -1.12717798e-04 
 4.80276939e-03  5.00000000e+00  1.11596228e-01 -1.11596228e-04 
 4.81276939e-03  5.00000000e+00  1.10485818e-01 -1.10485818e-04 
 4.82276939e-03  5.00000000e+00  1.09386456e-01 -1.09386456e-04 
 4.83276939e-03  5.00000000e+00  1.08298034e-01 -1.08298034e-04 
 4.84276939e-03  5.00000000e+00  1.07220441e-01 -1.07220441e-04 
 4.85276939e-03  5.00000000e+00  1.06153571e-01 -1.06153571e-04 
 4.86276939e-03  5.00000000e+00  1.05097317e-01 -1.05097317e-04 
 4.87276939e-03  5.00000000e+00  1.04051572e-01 -1.04051572e-04 
 4.88276939e-03  5.00000000e+00  1.03016233e-01 -1.03016233e-04 
 4.89276939e-03  5.00000000e+00  1.01991196e-01 -1.01991196e-04 
 4.90276939e-03  5.00000000e+00  1.00976358e-01 -1.00976358e-04 
 4.91276939e-03  5.00000000e+00  9.99716186e-02 -9.99716186e-05 
 4.92276939e-03  5.00000000e+00  9.89768761e-02 -9.89768761e-05 
 4.93276939e-03  5.00000000e+00  9.79920316e-02 -9.79920316e-05 
 4.94276939e-03  5.00000000e+00  9.70169865e-02 -9.70169865e-05 
 4.95276939e-03  5.00000000e+00  9.60516433e-02 -9.60516433e-05 
 4.96276939e-03  5.00000000e+00  9.50959056e-02 -9.50959056e-05 
 4.97276939e-03  5.00000000e+00  9.41496777e-02 -9.41496777e-05 
 4.98276939e-03  5.00000000e+00  9.32128649e-02 -9.32128649e-05 
 4.99276939e-03  5.00000000e+00  9.22853738e-02 -9.22853738e-05 
 5.00276939e-03  5.00000000e+00  9.13671113e-02 -9.13671113e-05 
 5.01276939e-03  5.00000000e+00  9.04579858e-02 -9.04579858e-05 
 5.02276939e-03  5.00000000e+00  8.95579064e-02 -8.95579064e-05 
 5.03276939e-03  5.00000000e+00  8.86667829e-02 -8.86667829e-05 
 5.04276939e-03  5.00000000e+00  8.77845264e-02 -8.77845264e-05 
 5.05276939e-03  5.00000000e+00  8.69110485e-02 -8.69110485e-05 
 5.06276939e-03  5.00000000e+00  8.60462620e-02 -8.60462620e-05 
 5.07276939e-03  5.00000000e+00  8.51900802e-02 -8.51900802e-05 
 5.08276939e-03  5.00000000e+00  8.43424178e-02 -8.43424178e-05 
 5.09276939e-03  5.00000000e+00  8.35031897e-02 -8.35031897e-05 
 5.10276939e-03  5.00000000e+00  8.26723122e-02 -8.26723122e-05 
 5.11276939e-03  5.00000000e+00  8.18497021e-02 -8.18497021e-05 
 5.12276939e-03  5.00000000e+00  8.10352772e-02 -8.10352772e-05 
 5.13276939e-03  5.00000000e+00  8.02289561e-02 -8.02289561e-05 
 5.14276939e-03  5.00000000e+00  7.94306580e-02 -7.94306580e-05 
 5.15276939e-03  5.00000000e+00  7.86403032e-02 -7.86403032e-05 
 5.16276939e-03  5.00000000e+00  7.78578126e-02 -7.78578126e-05 
 5.17276939e-03  5.00000000e+00  7.70831080e-02 -7.70831080e-05 
 5.18276939e-03  5.00000000e+00  7.63161119e-02 -7.63161119e-05 
 5.19276939e-03  5.00000000e+00  7.55567476e-02 -7.55567476e-05 
 5.20276939e-03  5.00000000e+00  7.48049392e-02 -7.48049392e-05 
 5.21276939e-03  5.00000000e+00  7.40606114e-02 -7.40606114e-05 
 5.22276939e-03  5.00000000e+00  7.33236899e-02 -7.33236899e-05 
 5.23276939e-03  5.00000000e+00  7.25941010e-02 -7.25941010e-05 
 5.24276939e-03  5.00000000e+00  7.18717716e-02 -7.18717716e-05 
 5.25276939e-03  5.00000000e+00  7.11566296e-02 -7.11566296e-05 
 5.26276939e-03  5.00000000e+00  7.04486034e-02 -7.04486034e-05 
 5.27276939e-03  5.00000000e+00  6.97476223e-02 -6.97476223e-05 
 5.28276939e-03  5.00000000e+00  6.90536161e-02 -6.90536161e-05 
 5.29276939e-03  5.00000000e+00  6.83665155e-02 -6.83665155e-05 
 5.30276939e-03  5.00000000e+00  6.76862516e-02 -6.76862516e-05 
 5.31276939e-03  5.00000000e+00  6.70127566e-02 -6.70127566e-05 
 5.32276939e-03  5.00000000e+00  6.63459630e-02 -6.63459630e-05 
 5.33276939e-03  5.00000000e+00  6.56858041e-02 -6.56858041e-05 
 5.34276939e-03  5.00000000e+00  6.50322141e-02 -6.50322141e-05 
 5.35276939e-03  5.00000000e+00  6.43851274e-02 -6.43851274e-05 
 5.36276939e-03  5.00000000e+00  6.37444793e-02 -6.37444793e-05 
 5.37276939e-03  5.00000000e+00  6.31102059e-02 -6.31102059e-05 
 5.38276939e-03  5.00000000e+00  6.24822436e-02 -6.24822436e-05 
 5.39276939e-03  5.00000000e+00  6.18605298e-02 -6.18605298e-05 
 5.40276939e-03  5.00000000e+00  6.12450021e-02 -6.12450021e-05 
 5.41276939e-03  5.00000000e+00  6.06355991e-02 -6.06355991e-05 
 5.42276939e-03  5.00000000e+00  6.00322598e-02 -6.00322598e-05 
 5.43276939e-03  5.00000000e+00  5.94349239e-02 -5.94349239e-05 
 5.44276939e-03  5.00000000e+00  5.88435316e-02 -5.88435316e-05 
 5.45276939e-03  5.00000000e+00  5.82580238e-02 -5.82580238e-05 
 5.46276939e-03  5.00000000e+00  5.76783420e-02 -5.76783420e-05 
 5.47276939e-03  5.00000000e+00  5.71044282e-02 -5.71044282e-05 
 5.48276939e-03  5.00000000e+00  5.65362249e-02 -5.65362249e-05 
 5.49276939e-03  5.00000000e+00  5.59736754e-02 -5.59736754e-05 
 5.50276939e-03  5.00000000e+00  5.54167234e-02 -5.54167234e-05 
 5.51276939e-03  5.00000000e+00  5.48653132e-02 -5.48653132e-05 
 5.52276939e-03  5.00000000e+00  5.43193897e-02 -5.43193897e-05 
 5.53276939e-03  5.00000000e+00  5.37788983e-02 -5.37788983e-05 
 5.54276939e-03  5.00000000e+00  5.32437848e-02 -5.32437848e-05 
 5.55276939e-03  5.00000000e+00  5.27139959e-02 -5.27139959e-05 
 5.56276939e-03  5.00000000e+00  5.21894786e-02 -5.21894786e-05 
 5.57276939e-03  5.00000000e+00  5.16701803e-02 -5.16701803e-05 
 5.58276939e-03  5.00000000e+00  5.11560491e-02 -5.11560491e-05 
 5.59276939e-03  5.00000000e+00  5.06470337e-02 -5.06470337e-05 
 5.60276939e-03  5.00000000e+00  5.01430831e-02 -5.01430831e-05 
 5.61276939e-03  5.00000000e+00  4.96441470e-02 -4.96441470e-05 
 5.62276939e-03  5.00000000e+00  4.91501754e-02 -4.91501754e-05 
 5.63276939e-03  5.00000000e+00  4.86611189e-02 -4.86611189e-05 
 5.64276939e-03  5.00000000e+00  4.81769287e-02 -4.81769287e-05 
 5.65276939e-03  5.00000000e+00  4.76975562e-02 -4.76975562e-05 
 5.66276939e-03  5.00000000e+00  4.72229537e-02 -4.72229537e-05 
 5.67276939e-03  5.00000000e+00  4.67530736e-02 -4.67530736e-05 
 5.68276939e-03  5.00000000e+00  4.62878688e-02 -4.62878688e-05 
 5.69276939e-03  5.00000000e+00  4.58272930e-02 -4.58272930e-05 
 5.70276939e-03  5.00000000e+00  4.53713001e-02 -4.53713001e-05 
 5.71276939e-03  5.00000000e+00  4.49198443e-02 -4.49198443e-05 
 5.72276939e-03  5.00000000e+00  4.44728807e-02 -4.44728807e-05 
 5.73276939e-03  5.00000000e+00  4.40303645e-02 -4.40303645e-05 
 5.74276939e-03  5.00000000e+00  4.35922514e-02 -4.35922514e-05 
 5.75276939e-03  5.00000000e+00  4.31584977e-02 -4.31584977e-05 
 5.76276939e-03  5.00000000e+00  4.27290599e-02 -4.27290599e-05 
 5.77276939e-03  5.00000000e+00  4.23038951e-02 -4.23038951e-05 
 5.78276939e-03  5.00000000e+00  4.18829608e-02 -4.18829608e-05 
 5.79276939e-03  5.00000000e+00  4.14662149e-02 -4.14662149e-05 
 5.80276939e-03  5.00000000e+00  4.10536158e-02 -4.10536158e-05 
 5.81276939e-03  5.00000000e+00  4.06451221e-02 -4.06451221e-05 
 5.82276939e-03  5.00000000e+00  4.02406930e-02 -4.02406930e-05 
 5.83276939e-03  5.00000000e+00  3.98402881e-02 -3.98402881e-05 
 5.84276939e-03  5.00000000e+00  3.94438673e-02 -3.94438673e-05 
 5.85276939e-03  5.00000000e+00  3.90513911e-02 -3.90513911e-05 
 5.86276939e-03  5.00000000e+00  3.86628200e-02 -3.86628200e-05 
 5.87276939e-03  5.00000000e+00  3.82781153e-02 -3.82781153e-05 
 5.88276939e-03  5.00000000e+00  3.78972385e-02 -3.78972385e-05 
 5.89276939e-03  5.00000000e+00  3.75201516e-02 -3.75201516e-05 
 5.90276939e-03  5.00000000e+00  3.71468168e-02 -3.71468168e-05 
 5.91276939e-03  5.00000000e+00  3.67771967e-02 -3.67771967e-05 
 5.92276939e-03  5.00000000e+00  3.64112544e-02 -3.64112544e-05 
 5.93276939e-03  5.00000000e+00  3.60489534e-02 -3.60489534e-05 
 5.94276939e-03  5.00000000e+00  3.56902573e-02 -3.56902573e-05 
 5.95276939e-03  5.00000000e+00  3.53351304e-02 -3.53351304e-05 
 5.96276939e-03  5.00000000e+00  3.49835371e-02 -3.49835371e-05 
 5.97276939e-03  5.00000000e+00  3.46354422e-02 -3.46354422e-05 
 5.98276939e-03  5.00000000e+00  3.42908109e-02 -3.42908109e-05 
 5.99188470e-03  5.00000000e+00  3.39796579e-02 -3.39796579e-05 
 6.00100000e-03  5.00000000e+00  3.36713283e-02 -3.36713283e-05 
 6.00110000e-03  4.50000000e+00 -4.66282044e-01  4.66282044e-04 
 6.00130000e-03  3.50000000e+00 -1.46608881e+00  1.46608881e-03 
 6.00165000e-03  1.75000000e+00 -3.21526957e+00  3.21526957e-03 
 6.00200000e-03  0.00000000e+00 -4.96383822e+00  4.96383822e-03 
 6.00207000e-03  0.00000000e+00 -4.96349078e+00  4.96349078e-03 
 6.00221000e-03  0.00000000e+00 -4.96279594e+00  4.96279594e-03 
 6.00249000e-03  0.00000000e+00 -4.96140655e+00  4.96140655e-03 
 6.00305000e-03  0.00000000e+00 -4.95862894e+00  4.95862894e-03 
 6.00417000e-03  0.00000000e+00 -4.95307839e+00  4.95307839e-03 
 6.00641000e-03  0.00000000e+00 -4.94199590e+00  4.94199590e-03 
 6.01089000e-03  0.00000000e+00 -4.91990524e+00  4.91990524e-03 
 6.01985000e-03  0.00000000e+00 -4.87601950e+00  4.87601950e-03 
 6.02985000e-03  0.00000000e+00 -4.82750189e+00  4.82750189e-03 
 6.03985000e-03  0.00000000e+00 -4.77946705e+00  4.77946705e-03 
 6.04985000e-03  0.00000000e+00 -4.73191016e+00  4.73191016e-03 
 6.05985000e-03  0.00000000e+00 -4.68482648e+00  4.68482648e-03 
 6.06985000e-03  0.00000000e+00 -4.63821129e+00  4.63821129e-03 
 6.07985000e-03  0.00000000e+00 -4.59205994e+00  4.59205994e-03 
 6.08985000e-03  0.00000000e+00 -4.54636780e+00  4.54636780e-03 
 6.09985000e-03  0.00000000e+00 -4.50113031e+00  4.50113031e-03 
 6.10985000e-03  0.00000000e+00 -4.45634294e+00  4.45634294e-03 
 6.11985000e-03  0.00000000e+00 -4.41200122e+00  4.41200122e-03 
 6.12985000e-03  0.00000000e+00 -4.36810071e+00  4.36810071e-03 
 6.13985000e-03  0.00000000e+00 -4.32463702e+00  4.32463702e-03 
 6.14985000e-03  0.00000000e+00 -4.28160581e+00  4.28160581e-03 
 6.15985000e-03  0.00000000e+00 -4.23900276e+00  4.23900276e-03 
 6.16985000e-03  0.00000000e+00 -4.19682363e+00  4.19682363e-03 
 6.17985000e-03  0.00000000e+00 -4.15506419e+00  4.15506419e-03 
 6.18985000e-03  0.00000000e+00 -4.11372027e+00  4.11372027e-03 
 6.19985000e-03  0.00000000e+00 -4.07278773e+00  4.07278773e-03 
 6.20985000e-03  0.00000000e+00 -4.03226248e+00  4.03226248e-03 
 6.21985000e-03  0.00000000e+00 -3.99214046e+00  3.99214046e-03 
 6.22985000e-03  0.00000000e+00 -3.95241767e+00  3.95241767e-03 
 6.23985000e-03  0.00000000e+00 -3.91309014e+00  3.91309014e-03 
 6.24985000e-03  0.00000000e+00 -3.87415391e+00  3.87415391e-03 
 6.25985000e-03  0.00000000e+00 -3.83560512e+00  3.83560512e-03 
 6.26985000e-03  0.00000000e+00 -3.79743989e+00  3.79743989e-03 
 6.27985000e-03  0.00000000e+00 -3.75965442e+00  3.75965442e-03 
 6.28985000e-03  0.00000000e+00 -3.72224493e+00  3.72224493e-03 
 6.29985000e-03  0.00000000e+00 -3.68520766e+00  3.68520766e-03 
 6.30985000e-03  0.00000000e+00 -3.64853893e+00  3.64853893e-03 
 6.31985000e-03  0.00000000e+00 -3.61223506e+00  3.61223506e-03 
 6.32985000e-03  0.00000000e+00 -3.57629242e+00  3.57629242e-03 
 6.33985000e-03  0.00000000e+00 -3.54070742e+00  3.54070742e-03 
 6.34985000e-03  0.00000000e+00 -3.50547650e+00  3.50547650e-03 
 6.35985000e-03  0.00000000e+00 -3.47059614e+00  3.47059614e-03 
 6.36985000e-03  0.00000000e+00 -3.43606285e+00  3.43606285e-03 
 6.37985000e-03  0.00000000e+00 -3.40187317e+00  3.40187317e-03 
 6.38985000e-03  0.00000000e+00 -3.36802368e+00  3.36802368e-03 
 6.39985000e-03  0.00000000e+00 -3.33451101e+00  3.33451101e-03 
 6.40985000e-03  0.00000000e+00 -3.30133179e+00  3.30133179e-03 
 6.41985000e-03  0.00000000e+00 -3.26848272e+00  3.26848272e-03 
 6.42985000e-03  0.00000000e+00 -3.23596051e+00  3.23596051e-03 
 6.43985000e-03  0.00000000e+00 -3.20376189e+00  3.20376189e-03 
 6.44985000e-03  0.00000000e+00 -3.17188367e+00  3.17188367e-03 
 6.45985000e-03  0.00000000e+00 -3.14032263e+00  3.14032263e-03 
 6.46985000e-03  0.00000000e+00 -3.10907564e+00  3.10907564e-03 
 6.47985000e-03  0.00000000e+00 -3.07813957e+00  3.07813957e-03 
 6.48985000e-03  0.00000000e+00 -3.04751131e+00  3.04751131e-03 
 6.49985000e-03  0.00000000e+00 -3.01718782e+00  3.01718782e-03 
 6.50985000e-03  0.00000000e+00 -2.98716605e+00  2.98716605e-03 
 6.51985000e-03  0.00000000e+00 -2.95744300e+00  2.95744300e-03 
 6.52985000e-03  0.00000000e+00 -2.92801571e+00  2.92801571e-03 
 6.53985000e-03  0.00000000e+00 -2.89888122e+00  2.89888122e-03 
 6.54985000e-03  0.00000000e+00 -2.87003663e+00  2.87003663e-03 
 6.55985000e-03  0.00000000e+00 -2.84147906e+00  2.84147906e-03 
 6.56985000e-03  0.00000000e+00 -2.81320563e+00  2.81320563e-03 
 6.57985000e-03  0.00000000e+00 -2.78521354e+00  2.78521354e-03 
 6.58985000e-03  0.00000000e+00 -2.75749997e+00  2.75749997e-03 
 6.59985000e-03  0.00000000e+00 -2.73006216e+00  2.73006216e-03 
 6.60985000e-03  0.00000000e+00 -2.70289736e+00  2.70289736e-03 
 6.61985000e-03  0.00000000e+00 -2.67600286e+00  2.67600286e-03 
 6.62985000e-03  0.00000000e+00 -2.64937597e+00  2.64937597e-03 
 6.63985000e-03  0.00000000e+00 -2.62301402e+00  2.62301402e-03 
 6.64985000e-03  0.00000000e+00 -2.59691437e+00  2.59691437e-03 
 6.65985000e-03  0.00000000e+00 -2.57107443e+00  2.57107443e-03 
 6.66985000e-03  0.00000000e+00 -2.54549160e+00  2.54549160e-03 
 6.67985000e-03  0.00000000e+00 -2.52016333e+00  2.52016333e-03 
 6.68985000e-03  0.00000000e+00 -2.49508707e+00  2.49508707e-03 
 6.69985000e-03  0.00000000e+00 -2.47026034e+00  2.47026034e-03 
 6.70985000e-03  0.00000000e+00 -2.44568063e+00  2.44568063e-03 
 6.71985000e-03  0.00000000e+00 -2.42134550e+00  2.42134550e-03 
 6.72985000e-03  0.00000000e+00 -2.39725251e+00  2.39725251e-03 
 6.73985000e-03  0.00000000e+00 -2.37339925e+00  2.37339925e-03 
 6.74985000e-03  0.00000000e+00 -2.34978334e+00  2.34978334e-03 
 6.75985000e-03  0.00000000e+00 -2.32640241e+00  2.32640241e-03 
 6.76985000e-03  0.00000000e+00 -2.30325413e+00  2.30325413e-03 
 6.77985000e-03  0.00000000e+00 -2.28033618e+00  2.28033618e-03 
 6.78985000e-03  0.00000000e+00 -2.25764626e+00  2.25764626e-03 
 6.79985000e-03  0.00000000e+00 -2.23518212e+00  2.23518212e-03 
 6.80985000e-03  0.00000000e+00 -2.21294150e+00  2.21294150e-03 
 6.81985000e-03  0.00000000e+00 -2.19092219e+00  2.19092219e-03 
 6.82985000e-03  0.00000000e+00 -2.16912196e+00  2.16912196e-03 
 6.83985000e-03  0.00000000e+00 -2.14753866e+00  2.14753866e-03 
 6.84985000e-03  0.00000000e+00 -2.12617012e+00  2.12617012e-03 
 6.85985000e-03  0.00000000e+00 -2.10501420e+00  2.10501420e-03 
 6.86985000e-03  0.00000000e+00 -2.08406878e+00  2.08406878e-03 
 6.87985000e-03  0.00000000e+00 -2.06333178e+00  2.06333178e-03 
 6.88985000e-03  0.00000000e+00 -2.04280111e+00  2.04280111e-03 
 6.89985000e-03  0.00000000e+00 -2.02247473e+00  2.02247473e-03 
 6.90985000e-03  0.00000000e+00 -2.00235061e+00  2.00235061e-03 
 6.91985000e-03  0.00000000e+00 -1.98242672e+00  1.98242672e-03 
 6.92985000e-03  0.00000000e+00 -1.96270108e+00  1.96270108e-03 
 6.93985000e-03  0.00000000e+00 -1.94317172e+00  1.94317172e-03 
 6.94985000e-03  0.00000000e+00 -1.92383668e+00  1.92383668e-03 
 6.95985000e-03  0.00000000e+00 -1.90469402e+00  1.90469402e-03 
 6.96985000e-03  0.00000000e+00 -1.88574184e+00  1.88574184e-03 
 6.97985000e-03  0.00000000e+00 -1.86697824e+00  1.86697824e-03 
 6.98985000e-03  0.00000000e+00 -1.84840134e+00  1.84840134e-03 
 6.99985000e-03  0.00000000e+00 -1.83000929e+00  1.83000929e-03 
 7.00985000e-03  0.00000000e+00 -1.81180024e+00  1.81180024e-03 
 7.01985000e-03  0.00000000e+00 -1.79377238e+00  1.79377238e-03 
 7.02985000e-03  0.00000000e+00 -1.77592390e+00  1.77592390e-03 
 7.03985000e-03  0.00000000e+00 -1.75825301e+00  1.75825301e-03 
 7.04985000e-03  0.00000000e+00 -1.74075796e+00  1.74075796e-03 
 7.05985000e-03  0.00000000e+00 -1.72343699e+00  1.72343699e-03 
 7.06985000e-03  0.00000000e+00 -1.70628836e+00  1.70628836e-03 
 7.07985000e-03  0.00000000e+00 -1.68931037e+00  1.68931037e-03 
 7.08985000e-03  0.00000000e+00 -1.67250131e+00  1.67250131e-03 
 7.09985000e-03  0.00000000e+00 -1.65585950e+00  1.65585950e-03 
 7.10985000e-03  0.00000000e+00 -1.63938329e+00  1.63938329e-03 
 7.11985000e-03  0.00000000e+00 -1.62307102e+00  1.62307102e-03 
 7.12985000e-03  0.00000000e+00 -1.60692106e+00  1.60692106e-03 
 7.13985000e-03  0.00000000e+00 -1.59093179e+00  1.59093179e-03 
 7.14985000e-03  0.00000000e+00 -1.57510163e+00  1.57510163e-03 
 7.15985000e-03  0.00000000e+00 -1.55942897e+00  1.55942897e-03 
 7.16985000e-03  0.00000000e+00 -1.54391227e+00  1.54391227e-03 
 7.17985000e-03  0.00000000e+00 -1.52854996e+00  1.52854996e-03 
 7.18985000e-03  0.00000000e+00 -1.51334050e+00  1.51334050e-03 
 7.19985000e-03  0.00000000e+00 -1.49828239e+00  1.49828239e-03 
 7.20985000e-03  0.00000000e+00 -1.48337411e+00  1.48337411e-03 
 7.21985000e-03  0.00000000e+00 -1.46861416e+00  1.46861416e-03 
 7.22985000e-03  0.00000000e+00 -1.45400109e+00  1.45400109e-03 
 7.23985000e-03  0.00000000e+00 -1.43953342e+00  1.43953342e-03 
 7.24985000e-03  0.00000000e+00 -1.42520970e+00  1.42520970e-03 
 7.25985000e-03  0.00000000e+00 -1.41102851e+00  1.41102851e-03 
 7.26985000e-03  0.00000000e+00 -1.39698842e+00  1.39698842e-03 
 7.27985000e-03  0.00000000e+00 -1.38308804e+00  1.38308804e-03 
 7.28985000e-03  0.00000000e+00 -1.36932597e+00  1.36932597e-03 
 7.29985000e-03  0.00000000e+00 -1.35570084e+00  1.35570084e-03 
 7.30985000e-03  0.00000000e+00 -1.34221128e+00  1.34221128e-03 
 7.31985000e-03  0.00000000e+00 -1.32885594e+00  1.32885594e-03 
 7.32985000e-03  0.00000000e+00 -1.31563349e+00  1.31563349e-03 
 7.33985000e-03  0.00000000e+00 -1.30254261e+00  1.30254261e-03 
 7.34985000e-03  0.00000000e+00 -1.28958199e+00  1.28958199e-03 
 7.35985000e-03  0.00000000e+00 -1.27675033e+00  1.27675033e-03 
 7.36985000e-03  0.00000000e+00 -1.26404635e+00  1.26404635e-03 
 7.37985000e-03  0.00000000e+00 -1.25146877e+00  1.25146877e-03 
 7.38985000e-03  0.00000000e+00 -1.23901634e+00  1.23901634e-03 
 7.39985000e-03  0.00000000e+00 -1.22668782e+00  1.22668782e-03 
 7.40985000e-03  0.00000000e+00 -1.21448197e+00  1.21448197e-03 
 7.41985000e-03  0.00000000e+00 -1.20239758e+00  1.20239758e-03 
 7.42985000e-03  0.00000000e+00 -1.19043342e+00  1.19043342e-03 
 7.43985000e-03  0.00000000e+00 -1.17858831e+00  1.17858831e-03 
 7.44985000e-03  0.00000000e+00 -1.16686107e+00  1.16686107e-03 
 7.45985000e-03  0.00000000e+00 -1.15525051e+00  1.15525051e-03 
 7.46985000e-03  0.00000000e+00 -1.14375548e+00  1.14375548e-03 
 7.47985000e-03  0.00000000e+00 -1.13237483e+00  1.13237483e-03 
 7.48985000e-03  0.00000000e+00 -1.12110742e+00  1.12110742e-03 
 7.49985000e-03  0.00000000e+00 -1.10995212e+00  1.10995212e-03 
 7.50985000e-03  0.00000000e+00 -1.09890782e+00  1.09890782e-03 
 7.51985000e-03  0.00000000e+00 -1.08797341e+00  1.08797341e-03 
 7.52985000e-03  0.00000000e+00 -1.07714781e+00  1.07714781e-03 
 7.53985000e-03  0.00000000e+00 -1.06642992e+00  1.06642992e-03 
 7.54985000e-03  0.00000000e+00 -1.05581867e+00  1.05581867e-03 
 7.55985000e-03  0.00000000e+00 -1.04531302e+00  1.04531302e-03 
 7.56985000e-03  0.00000000e+00 -1.03491189e+00  1.03491189e-03 
 7.57985000e-03  0.00000000e+00 -1.02461426e+00  1.02461426e-03 
 7.58985000e-03  0.00000000e+00 -1.01441909e+00  1.01441909e-03 
 7.59985000e-03  0.00000000e+00 -1.00432537e+00  1.00432537e-03 
 7.60985000e-03  0.00000000e+00 -9.94332084e-01  9.94332084e-04 
 7.61985000e-03  0.00000000e+00 -9.84438233e-01  9.84438233e-04 
 7.62985000e-03  0.00000000e+00 -9.74642828e-01  9.74642828e-04 
 7.63985000e-03  0.00000000e+00 -9.64944889e-01  9.64944889e-04 
 7.64985000e-03  0.00000000e+00 -9.55343447e-01  9.55343447e-04 
 7.65985000e-03  0.00000000e+00 -9.45837542e-01  9.45837542e-04 
 7.66985000e-03  0.00000000e+00 -9.36426224e-01  9.36426224e-04 
 7.67985000e-03  0.00000000e+00 -9.27108550e-01  9.27108550e-04 
 7.68985000e-03  0.00000000e+00 -9.17883589e-01  9.17883589e-04 
 7.69985000e-03  0.00000000e+00 -9.08750419e-01  9.08750419e-04 
 7.70985000e-03  0.00000000e+00 -8.99708126e-01  8.99708126e-04 
 7.71985000e-03  0.00000000e+00 -8.90755807e-01  8.90755807e-04 
 7.72985000e-03  0.00000000e+00 -8.81892565e-01  8.81892565e-04 
 7.73985000e-03  0.00000000e+00 -8.73117514e-01  8.73117514e-04 
 7.74985000e-03  0.00000000e+00 -8.64429778e-01  8.64429778e-04 
 7.75985000e-03  0.00000000e+00 -8.55828487e-01  8.55828487e-04 
 7.76985000e-03  0.00000000e+00 -8.47312780e-01  8.47312780e-04 
 7.77985000e-03  0.00000000e+00 -8.38881807e-01  8.38881807e-04 
 7.78985000e-03  0.00000000e+00 -8.30534725e-01  8.30534725e-04 
 7.79985000e-03  0.00000000e+00 -8.22270697e-01  8.22270697e-04 
 7.80985000e-03  0.00000000e+00 -8.14088899e-01  8.14088899e-04 
 7.81985000e-03  0.00000000e+00 -8.05988512e-01  8.05988512e-04 
 7.82985000e-03  0.00000000e+00 -7.97968726e-01  7.97968726e-04 
 7.83985000e-03  0.00000000e+00 -7.90028739e-01  7.90028739e-04 
 7.84985000e-03  0.00000000e+00 -7.82167756e-01  7.82167756e-04 
 7.85985000e-03  0.00000000e+00 -7.74384993e-01  7.74384993e-04 
 7.86985000e-03  0.00000000e+00 -7.66679669e-01  7.66679669e-04 
 7.87985000e-03  0.00000000e+00 -7.59051016e-01  7.59051016e-04 
 7.88985000e-03  0.00000000e+00 -7.51498270e-01  7.51498270e-04 
 7.89985000e-03  0.00000000e+00 -7.44020675e-01  7.44020675e-04 
 7.90985000e-03  0.00000000e+00 -7.36617484e-01  7.36617484e-04 
 7.91985000e-03  0.00000000e+00 -7.29287957e-01  7.29287957e-04 
 7.92985000e-03  0.00000000e+00 -7.22031360e-01  7.22031360e-04 
 7.93985000e-03  0.00000000e+00 -7.14846969e-01  7.14846969e-04 
 7.94985000e-03  0.00000000e+00 -7.07734063e-01  7.07734063e-04 
 7.95985000e-03  0.00000000e+00 -7.00691933e-01  7.00691933e-04 
 7.96985000e-03  0.00000000e+00 -6.93719874e-01  6.93719874e-04 
 7.97985000e-03  0.00000000e+00 -6.86817189e-01  6.86817189e-04 
 7.98985000e-03  0.00000000e+00 -6.79983187e-01  6.79983187e-04 
 7.99985000e-03  0.00000000e+00 -6.73217185e-01  6.73217185e-04 
 8.00985000e-03  0.00000000e+00 -6.66518507e-01  6.66518507e-04 
 8.01985000e-03  0.00000000e+00 -6.59886482e-01  6.59886482e-04 
 8.02985000e-03  0.00000000e+00 -6.53320447e-01  6.53320447e-04 
 8.03985000e-03  0.00000000e+00 -6.46819746e-01  6.46819746e-04 
 8.04985000e-03  0.00000000e+00 -6.40383729e-01  6.40383729e-04 
 8.05985000e-03  0.00000000e+00 -6.34011752e-01  6.34011752e-04 
 8.06985000e-03  0.00000000e+00 -6.27703177e-01  6.27703177e-04 
 8.07985000e-03  0.00000000e+00 -6.21457374e-01  6.21457374e-04 
 8.08985000e-03  0.00000000e+00 -6.15273719e-01  6.15273719e-04 
 8.09985000e-03  0.00000000e+00 -6.09151592e-01  6.09151592e-04 
 8.10985000e-03  0.00000000e+00 -6.03090382e-01  6.03090382e-04 
 8.11985000e-03  0.00000000e+00 -5.97089483e-01  5.97089483e-04 
 8.12985000e-03  0.00000000e+00 -5.91148294e-01  5.91148294e-04 
 8.13985000e-03  0.00000000e+00 -5.85266221e-01  5.85266221e-04 
 8.14985000e-03  0.00000000e+00 -5.79442677e-01  5.79442677e-04 
 8.15985000e-03  0.00000000e+00 -5.73677078e-01  5.73677078e-04 
 8.16985000e-03  0.00000000e+00 -5.67968849e-01  5.67968849e-04 
 8.17985000e-03  0.00000000e+00 -5.62317417e-01  5.62317417e-04 
 8.18985000e-03  0.00000000e+00 -5.56722219e-01  5.56722219e-04 
 8.19985000e-03  0.00000000e+00 -5.51182694e-01  5.51182694e-04 
 8.20985000e-03  0.00000000e+00 -5.45698290e-01  5.45698290e-04 
 8.21985000e-03  0.00000000e+00 -5.40268456e-01  5.40268456e-04 
 8.22985000e-03  0.00000000e+00 -5.34892650e-01  5.34892650e-04 
 8.23985000e-03  0.00000000e+00 -5.29570335e-01  5.29570335e-04 
 8.24985000e-03  0.00000000e+00 -5.24300979e-01  5.24300979e-04 
 8.25985000e-03  0.00000000e+00 -5.19084054e-01  5.19084054e-04 
 8.26985000e-03  0.00000000e+00 -5.13919038e-01  5.13919038e-04 
 8.27985000e-03  0.00000000e+00 -5.08805416e-01  5.08805416e-04 
 8.28985000e-03  0.00000000e+00 -5.03742675e-01  5.03742675e-04 
 8.29985000e-03  0.00000000e+00 -4.98730311e-01  4.98730311e-04 
 8.30985000e-03  0.00000000e+00 -4.93767820e-01  4.93767820e-04 
 8.31985000e-03  0.00000000e+00 -4.88854707e-01  4.88854707e-04 
 8.32985000e-03  0.00000000e+00 -4.83990481e-01  4.83990481e-04 
 8.33985000e-03  0.00000000e+00 -4.79174656e-01  4.79174656e-04 
 8.34985000e-03  0.00000000e+00 -4.74406749e-01  4.74406749e-04 
 8.35985000e-03  0.00000000e+00 -4.69686283e-01  4.69686283e-04 
 8.36985000e-03  0.00000000e+00 -4.65012788e-01  4.65012788e-04 
 8.37985000e-03  0.00000000e+00 -4.60385795e-01  4.60385795e-04 
 8.38985000e-03  0.00000000e+00 -4.55804842e-01  4.55804842e-04 
 8.39985000e-03  0.00000000e+00 -4.51269470e-01  4.51269470e-04 
 8.40985000e-03  0.00000000e+00 -4.46779227e-01  4.46779227e-04 
 8.41985000e-03  0.00000000e+00 -4.42333662e-01  4.42333662e-04 
 8.42985000e-03  0.00000000e+00 -4.37932332e-01  4.37932332e-04 
 8.43985000e-03  0.00000000e+00 -4.33574797e-01  4.33574797e-04 
 8.44985000e-03  0.00000000e+00 -4.29260620e-01  4.29260620e-04 
 8.45985000e-03  0.00000000e+00 -4.24989370e-01  4.24989370e-04 
 8.46985000e-03  0.00000000e+00 -4.20760620e-01  4.20760620e-04 
 8.47985000e-03  0.00000000e+00 -4.16573947e-01  4.16573947e-04 
 8.48985000e-03  0.00000000e+00 -4.12428933e-01  4.12428933e-04 
 8.49985000e-03  0.00000000e+00 -4.08325162e-01  4.08325162e-04 
 8.50985000e-03  0.00000000e+00 -4.04262225e-01  4.04262225e-04 
 8.51985000e-03  0.00000000e+00 -4.00239716e-01  4.00239716e-04 
 8.52985000e-03  0.00000000e+00 -3.96257231e-01  3.96257231e-04 
 8.53985000e-03  0.00000000e+00 -3.92314373e-01  3.92314373e-04 
 8.54985000e-03  0.00000000e+00 -3.88410747e-01  3.88410747e-04 
 8.55985000e-03  0.00000000e+00 -3.84545964e-01  3.84545964e-04 
 8.56985000e-03  0.00000000e+00 -3.80719636e-01  3.80719636e-04 
 8.57985000e-03  0.00000000e+00 -3.76931381e-01  3.76931381e-04 
 8.58985000e-03  0.00000000e+00 -3.73180820e-01  3.73180820e-04 
 8.59985000e-03  0.00000000e+00 -3.69467578e-01  3.69467578e-04 
 8.60985000e-03  0.00000000e+00 -3.65791283e-01  3.65791283e-04 
 8.61985000e-03  0.00000000e+00 -3.62151569e-01  3.62151569e-04 
 8.62985000e-03  0.00000000e+00 -3.58548071e-01  3.58548071e-04 
 8.63985000e-03  0.00000000e+00 -3.54980428e-01  3.54980428e-04 
 8.64985000e-03  0.00000000e+00 -3.51448285e-01  3.51448285e-04 
 8.65985000e-03  0.00000000e+00 -3.47951287e-01  3.47951287e-04 
 8.66985000e-03  0.00000000e+00 -3.44489085e-01  3.44489085e-04 
 8.67985000e-03  0.00000000e+00 -3.41061333e-01  3.41061333e-04 
 8.68985000e-03  0.00000000e+00 -3.37667688e-01  3.37667688e-04 
 8.69985000e-03  0.00000000e+00 -3.34307810e-01  3.34307810e-04 
 8.70985000e-03  0.00000000e+00 -3.30981364e-01  3.30981364e-04 
 8.71985000e-03  0.00000000e+00 -3.27688018e-01  3.27688018e-04 
 8.72985000e-03  0.00000000e+00 -3.24427440e-01  3.24427440e-04 
 8.73985000e-03  0.00000000e+00 -3.21199307e-01  3.21199307e-04 
 8.74985000e-03  0.00000000e+00 -3.18003294e-01  3.18003294e-04 
 8.75985000e-03  0.00000000e+00 -3.14839082e-01  3.14839082e-04 
 8.76985000e-03  0.00000000e+00 -3.11706354e-01  3.11706354e-04 
 8.77985000e-03  0.00000000e+00 -3.08604799e-01  3.08604799e-04 
 8.78985000e-03  0.00000000e+00 -3.05534104e-01  3.05534104e-04 
 8.79985000e-03  0.00000000e+00 -3.02493964e-01  3.02493964e-04 
 8.80985000e-03  0.00000000e+00 -2.99484074e-01  2.99484074e-04 
 8.81985000e-03  0.00000000e+00 -2.96504133e-01  2.96504133e-04 
 8.82985000e-03  0.00000000e+00 -2.93553843e-01  2.93553843e-04 
 8.83985000e-03  0.00000000e+00 -2.90632909e-01  2.90632909e-04 
 8.84985000e-03  0.00000000e+00 -2.87741039e-01  2.87741039e-04 
 8.85985000e-03  0.00000000e+00 -2.84877944e-01  2.84877944e-04 
 8.86985000e-03  0.00000000e+00 -2.82043338e-01  2.82043338e-04 
 8.87985000e-03  0.00000000e+00 -2.79236937e-01  2.79236937e-04 
 8.88985000e-03  0.00000000e+00 -2.76458460e-01  2.76458460e-04 
 8.89985000e-03  0.00000000e+00 -2.73707629e-01  2.73707629e-04 
 8.90985000e-03  0.00000000e+00 -2.70984170e-01  2.70984170e-04 
 8.91985000e-03  0.00000000e+00 -2.68287810e-01  2.68287810e-04 
 8.92985000e-03  0.00000000e+00 -2.65618280e-01  2.65618280e-04 
 8.93985000e-03  0.00000000e+00 -2.62975312e-01  2.62975312e-04 
 8.94985000e-03  0.00000000e+00 -2.60358642e-01  2.60358642e-04 
 8.95985000e-03  0.00000000e+00 -2.57768009e-01  2.57768009e-04 
 8.96985000e-03  0.00000000e+00 -2.55203153e-01  2.55203153e-04 
 8.97985000e-03  0.00000000e+00 -2.52663818e-01  2.52663818e-04 
 8.98985000e-03  0.00000000e+00 -2.50149750e-01  2.50149750e-04 
 8.99985000e-03  0.00000000e+00 -2.47660698e-01  2.47660698e-04 
 9.00985000e-03  0.00000000e+00 -2.45196412e-01  2.45196412e-04 
 9.01985000e-03  0.00000000e+00 -2.42756647e-01  2.42756647e-04 
 9.02985000e-03  0.00000000e+00 -2.40341158e-01  2.40341158e-04 
 9.03985000e-03  0.00000000e+00 -2.37949704e-01  2.37949704e-04 
 9.04985000e-03  0.00000000e+00 -2.35582045e-01  2.35582045e-04 
 9.05985000e-03  0.00000000e+00 -2.33237945e-01  2.33237945e-04 
 9.06985000e-03  0.00000000e+00 -2.30917170e-01  2.30917170e-04 
 9.07985000e-03  0.00000000e+00 -2.28619486e-01  2.28619486e-04 
 9.08985000e-03  0.00000000e+00 -2.26344666e-01  2.26344666e-04 
 9.09985000e-03  0.00000000e+00 -2.24092480e-01  2.24092480e-04 
 9.10985000e-03  0.00000000e+00 -2.21862704e-01  2.21862704e-04 
 9.11985000e-03  0.00000000e+00 -2.19655115e-01  2.19655115e-04 
 9.12985000e-03  0.00000000e+00 -2.17469492e-01  2.17469492e-04 
 9.13985000e-03  0.00000000e+00 -2.15305616e-01  2.15305616e-04 
 9.14985000e-03  0.00000000e+00 -2.13163272e-01  2.13163272e-04 
 9.15985000e-03  0.00000000e+00 -2.11042244e-01  2.11042244e-04 
 9.16985000e-03  0.00000000e+00 -2.08942321e-01  2.08942321e-04 
 9.17985000e-03  0.00000000e+00 -2.06863293e-01  2.06863293e-04 
 9.18985000e-03  0.00000000e+00 -2.04804952e-01  2.04804952e-04 
 9.19985000e-03  0.00000000e+00 -2.02767092e-01  2.02767092e-04 
 9.20985000e-03  0.00000000e+00 -2.00749509e-01  2.00749509e-04 
 9.21985000e-03  0.00000000e+00 -1.98752001e-01  1.98752001e-04 
 9.22985000e-03  0.00000000e+00 -1.96774369e-01  1.96774369e-04 
 9.23985000e-03  0.00000000e+00 -1.94816416e-01  1.94816416e-04 
 9.24985000e-03  0.00000000e+00 -1.92877944e-01  1.92877944e-04 
 9.25985000e-03  0.00000000e+00 -1.90958760e-01  1.90958760e-04 
 9.26985000e-03  0.00000000e+00 -1.89058673e-01  1.89058673e-04 
 9.27985000e-03  0.00000000e+00 -1.87177492e-01  1.87177492e-04 
 9.28985000e-03  0.00000000e+00 -1.85315030e-01  1.85315030e-04 
 9.29985000e-03  0.00000000e+00 -1.83471099e-01  1.83471099e-04 
 9.30985000e-03  0.00000000e+00 -1.81645516e-01  1.81645516e-04 
 9.31985000e-03  0.00000000e+00 -1.79838098e-01  1.79838098e-04 
 9.32985000e-03  0.00000000e+00 -1.78048664e-01  1.78048664e-04 
 9.33985000e-03  0.00000000e+00 -1.76277036e-01  1.76277036e-04 
 9.34985000e-03  0.00000000e+00 -1.74523035e-01  1.74523035e-04 
 9.35985000e-03  0.00000000e+00 -1.72786488e-01  1.72786488e-04 
 9.36985000e-03  0.00000000e+00 -1.71067219e-01  1.71067219e-04 
 9.37985000e-03  0.00000000e+00 -1.69365058e-01  1.69365058e-04 
 9.38985000e-03  0.00000000e+00 -1.67679833e-01  1.67679833e-04 
 9.39985000e-03  0.00000000e+00 -1.66011377e-01  1.66011377e-04 
 9.40985000e-03  0.00000000e+00 -1.64359523e-01  1.64359523e-04 
 9.41985000e-03  0.00000000e+00 -1.62724105e-01  1.62724105e-04 
 9.42985000e-03  0.00000000e+00 -1.61104959e-01  1.61104959e-04 
 9.43985000e-03  0.00000000e+00 -1.59501925e-01  1.59501925e-04 
 9.44985000e-03  0.00000000e+00 -1.57914841e-01  1.57914841e-04 
 9.45985000e-03  0.00000000e+00 -1.56343549e-01  1.56343549e-04 
 9.46985000e-03  0.00000000e+00 -1.54787892e-01  1.54787892e-04 
 9.47985000e-03  0.00000000e+00 -1.53247714e-01  1.53247714e-04 
 9.48985000e-03  0.00000000e+00 -1.51722861e-01  1.51722861e-04 
 9.49985000e-03  0.00000000e+00 -1.50213181e-01  1.50213181e-04 
 9.50985000e-03  0.00000000e+00 -1.48718522e-01  1.48718522e-04 
 9.51985000e-03  0.00000000e+00 -1.47238736e-01  1.47238736e-04 
 9.52985000e-03  0.00000000e+00 -1.45773674e-01  1.45773674e-04 
 9.53985000e-03  0.00000000e+00 -1.44323190e-01  1.44323190e-04 
 9.54985000e-03  0.00000000e+00 -1.42887138e-01  1.42887138e-04 
 9.55985000e-03  0.00000000e+00 -1.41465375e-01  1.41465375e-04 
 9.56985000e-03  0.00000000e+00 -1.40057760e-01  1.40057760e-04 
 9.57985000e-03  0.00000000e+00 -1.38664150e-01  1.38664150e-04 
 9.58985000e-03  0.00000000e+00 -1.37284407e-01  1.37284407e-04 
 9.59985000e-03  0.00000000e+00 -1.35918393e-01  1.35918393e-04 
 9.60985000e-03  0.00000000e+00 -1.34565971e-01  1.34565971e-04 
 9.61985000e-03  0.00000000e+00 -1.33227007e-01  1.33227007e-04 
 9.62985000e-03  0.00000000e+00 -1.31901365e-01  1.31901365e-04 
 9.63985000e-03  0.00000000e+00 -1.30588913e-01  1.30588913e-04 
 9.64985000e-03  0.00000000e+00 -1.29289521e-01  1.29289521e-04 
 9.65985000e-03  0.00000000e+00 -1.28003058e-01  1.28003058e-04 
 9.66985000e-03  0.00000000e+00 -1.26729396e-01  1.26729396e-04 
 9.67985000e-03  0.00000000e+00 -1.25468407e-01  1.25468407e-04 
 9.68985000e-03  0.00000000e+00 -1.24219965e-01  1.24219965e-04 
 9.69985000e-03  0.00000000e+00 -1.22983946e-01  1.22983946e-04 
 9.70985000e-03  0.00000000e+00 -1.21760225e-01  1.21760225e-04 
 9.71985000e-03  0.00000000e+00 -1.20548680e-01  1.20548680e-04 
 9.72985000e-03  0.00000000e+00 -1.19349191e-01  1.19349191e-04 
 9.73985000e-03  0.00000000e+00 -1.18161637e-01  1.18161637e-04 
 9.74985000e-03  0.00000000e+00 -1.16985899e-01  1.16985899e-04 
 9.75985000e-03  0.00000000e+00 -1.15821860e-01  1.15821860e-04 
 9.76985000e-03  0.00000000e+00 -1.14669404e-01  1.14669404e-04 
 9.77985000e-03  0.00000000e+00 -1.13528415e-01  1.13528415e-04 
 9.78985000e-03  0.00000000e+00 -1.12398779e-01  1.12398779e-04 
 9.79985000e-03  0.00000000e+00 -1.11280383e-01  1.11280383e-04 
 9.80985000e-03  0.00000000e+00 -1.10173116e-01  1.10173116e-04 
 9.81985000e-03  0.00000000e+00 -1.09076866e-01  1.09076866e-04 
 9.82985000e-03  0.00000000e+00 -1.07991524e-01  1.07991524e-04 
 9.83985000e-03  0.00000000e+00 -1.06916981e-01  1.06916981e-04 
 9.84985000e-03  0.00000000e+00 -1.05853131e-01  1.05853131e-04 
 9.85985000e-03  0.00000000e+00 -1.04799866e-01  1.04799866e-04 
 9.86985000e-03  0.00000000e+00 -1.03757081e-01  1.03757081e-04 
 9.87985000e-03  0.00000000e+00 -1.02724672e-01  1.02724672e-04 
 9.88985000e-03  0.00000000e+00 -1.01702536e-01  1.01702536e-04 
 9.89985000e-03  0.00000000e+00 -1.00690571e-01  1.00690571e-04 
 9.90985000e-03  0.00000000e+00 -9.96886743e-02  9.96886743e-05 
 9.91985000e-03  0.00000000e+00 -9.86967472e-02  9.86967472e-05 
 9.92985000e-03  0.00000000e+00 -9.77146900e-02  9.77146900e-05 
 9.93985000e-03  0.00000000e+00 -9.67424046e-02  9.67424046e-05 
 9.94985000e-03  0.00000000e+00 -9.57797936e-02  9.57797936e-05 
 9.95985000e-03  0.00000000e+00 -9.48267608e-02  9.48267608e-05 
 9.96985000e-03  0.00000000e+00 -9.38832109e-02  9.38832109e-05 
 9.97985000e-03  0.00000000e+00 -9.29490496e-02  9.29490496e-05 
 9.98985000e-03  0.00000000e+00 -9.20241835e-02  9.20241835e-05 
 9.99985000e-03  0.00000000e+00 -9.11085199e-02  9.11085199e-05 
 1.00098500e-02  0.00000000e+00 -9.02019675e-02  9.02019675e-05 
 1.00198500e-02  0.00000000e+00 -8.93044355e-02  8.93044355e-05 
 1.00298500e-02  0.00000000e+00 -8.84158341e-02  8.84158341e-05 
 1.00398500e-02  0.00000000e+00 -8.75360746e-02  8.75360746e-05 
 1.00498500e-02  0.00000000e+00 -8.66650689e-02  8.66650689e-05 
 1.00598500e-02  0.00000000e+00 -8.58027299e-02  8.58027299e-05 
 1.00698500e-02  0.00000000e+00 -8.49489714e-02  8.49489714e-05 
 1.00798500e-02  0.00000000e+00 -8.41037080e-02  8.41037080e-05 
 1.00898500e-02  0.00000000e+00 -8.32668552e-02  8.32668552e-05 
 1.00998500e-02  0.00000000e+00 -8.24383292e-02  8.24383292e-05 
 1.01098500e-02  0.00000000e+00 -8.16180474e-02  8.16180474e-05 
 1.01198500e-02  0.00000000e+00 -8.08059275e-02  8.08059275e-05 
 1.01298500e-02  0.00000000e+00 -8.00018884e-02  8.00018884e-05 
 1.01398500e-02  0.00000000e+00 -7.92058497e-02  7.92058497e-05 
 1.01498500e-02  0.00000000e+00 -7.84177318e-02  7.84177318e-05 
 1.01598500e-02  0.00000000e+00 -7.76374559e-02  7.76374559e-05 
 1.01698500e-02  0.00000000e+00 -7.68649439e-02  7.68649439e-05 
 1.01798500e-02  0.00000000e+00 -7.61001186e-02  7.61001186e-05 
 1.01898500e-02  0.00000000e+00 -7.53429035e-02  7.53429035e-05 
 1.01998500e-02  0.00000000e+00 -7.45932228e-02  7.45932228e-05 
 1.02098500e-02  0.00000000e+00 -7.38510017e-02  7.38510017e-05 
 1.02198500e-02  0.00000000e+00 -7.31161659e-02  7.31161659e-05 
 1.02298500e-02  0.00000000e+00 -7.23886418e-02  7.23886418e-05 
 1.02398500e-02  0.00000000e+00 -7.16683568e-02  7.16683568e-05 
 1.02498500e-02  0.00000000e+00 -7.09552389e-02  7.09552389e-05 
 1.02598500e-02  0.00000000e+00 -7.02492166e-02  7.02492166e-05 
 1.02698500e-02  0.00000000e+00 -6.95502194e-02  6.95502194e-05 
 1.02798500e-02  0.00000000e+00 -6.88581774e-02  6.88581774e-05 
 1.02898500e-02  0.00000000e+00 -6.81730214e-02  6.81730214e-05 
 1.02998500e-02  0.00000000e+00 -6.74946829e-02  6.74946829e-05 
 1.03098500e-02  0.00000000e+00 -6.68230940e-02  6.68230940e-05 
 1.03198500e-02  0.00000000e+00 -6.61581876e-02  6.61581876e-05 
 1.03298500e-02  0.00000000e+00 -6.54998972e-02  6.54998972e-05 
 1.03398500e-02  0.00000000e+00 -6.48481569e-02  6.48481569e-05 
 1.03498500e-02  0.00000000e+00 -6.42029016e-02  6.42029016e-05 
 1.03598500e-02  0.00000000e+00 -6.35640668e-02  6.35640668e-05 
 1.03698500e-02  0.00000000e+00 -6.29315885e-02  6.29315885e-05 
 1.03798500e-02  0.00000000e+00 -6.23054035e-02  6.23054035e-05 
 1.03898500e-02  0.00000000e+00 -6.16854493e-02  6.16854493e-05 
 1.03998500e-02  0.00000000e+00 -6.10716637e-02  6.10716637e-05 
 1.04098500e-02  0.00000000e+00 -6.04639855e-02  6.04639855e-05 
 1.04198500e-02  0.00000000e+00 -5.98623538e-02  5.98623538e-05 
 1.04298500e-02  0.00000000e+00 -5.92667085e-02  5.92667085e-05 
 1.04398500e-02  0.00000000e+00 -5.86769900e-02  5.86769900e-05 
 1.04498500e-02  0.00000000e+00 -5.80931393e-02  5.80931393e-05 
 1.04598500e-02  0.00000000e+00 -5.75150981e-02  5.75150981e-05 
 1.04698500e-02  0.00000000e+00 -5.69428086e-02  5.69428086e-05 
 1.04798500e-02  0.00000000e+00 -5.63762135e-02  5.63762135e-05 
 1.04898500e-02  0.00000000e+00 -5.58152561e-02  5.58152561e-05 
 1.04998500e-02  0.00000000e+00 -5.52598805e-02  5.52598805e-05 
 1.05098500e-02  0.00000000e+00 -5.47100309e-02  5.47100309e-05 
 1.05198500e-02  0.00000000e+00 -5.41656525e-02  5.41656525e-05 
 1.05298500e-02  0.00000000e+00 -5.36266908e-02  5.36266908e-05 
 1.05398500e-02  0.00000000e+00 -5.30930919e-02  5.30930919e-05 
 1.05498500e-02  0.00000000e+00 -5.25648024e-02  5.25648024e-05 
 1.05598500e-02  0.00000000e+00 -5.20417695e-02  5.20417695e-05 
 1.05698500e-02  0.00000000e+00 -5.15239410e-02  5.15239410e-05 
 1.05798500e-02  0.00000000e+00 -5.10112649e-02  5.10112649e-05 
 1.05898500e-02  0.00000000e+00 -5.05036902e-02  5.05036902e-05 
 1.05998500e-02  0.00000000e+00 -5.00011659e-02  5.00011659e-05 
 1.06098500e-02  0.00000000e+00 -4.95036418e-02  4.95036418e-05 
 1.06198500e-02  0.00000000e+00 -4.90110683e-02  4.90110683e-05 
 1.06298500e-02  0.00000000e+00 -4.85233960e-02  4.85233960e-05 
 1.06398500e-02  0.00000000e+00 -4.80405761e-02  4.80405761e-05 
 1.06498500e-02  0.00000000e+00 -4.75625604e-02  4.75625604e-05 
 1.06598500e-02  0.00000000e+00 -4.70893011e-02  4.70893011e-05 
 1.06698500e-02  0.00000000e+00 -4.66207509e-02  4.66207509e-05 
 1.06798500e-02  0.00000000e+00 -4.61568628e-02  4.61568628e-05 
 1.06898500e-02  0.00000000e+00 -4.56975905e-02  4.56975905e-05 
 1.06998500e-02  0.00000000e+00 -4.52428881e-02  4.52428881e-05 
 1.07098500e-02  0.00000000e+00 -4.47927101e-02  4.47927101e-05 
 1.07198500e-02  0.00000000e+00 -4.43470115e-02  4.43470115e-05 
 1.07298500e-02  0.00000000e+00 -4.39057477e-02  4.39057477e-05 
 1.07398500e-02  0.00000000e+00 -4.34688746e-02  4.34688746e-05 
 1.07498500e-02  0.00000000e+00 -4.30363485e-02  4.30363485e-05 
 1.07598500e-02  0.00000000e+00 -4.26081261e-02  4.26081261e-05 
 1.07698500e-02  0.00000000e+00 -4.21841647e-02  4.21841647e-05 
 1.07798500e-02  0.00000000e+00 -4.17644218e-02  4.17644218e-05 
 1.07898500e-02  0.00000000e+00 -4.13488554e-02  4.13488554e-05 
 1.07998500e-02  0.00000000e+00 -4.09374240e-02  4.09374240e-05 
 1.08098500e-02  0.00000000e+00 -4.05300864e-02  4.05300864e-05 
 1.08198500e-02  0.00000000e+00 -4.01268020e-02  4.01268020e-05 
 1.08298500e-02  0.00000000e+00 -3.97275303e-02  3.97275303e-05 
 1.08398500e-02  0.00000000e+00 -3.93322315e-02  3.93322315e-05 
 1.08498500e-02  0.00000000e+00 -3.89408660e-02  3.89408660e-05 
 1.08598500e-02  0.00000000e+00 -3.85533947e-02  3.85533947e-05 
 1.08698500e-02  0.00000000e+00 -3.81697788e-02  3.81697788e-05 
 1.08798500e-02  0.00000000e+00 -3.77899801e-02  3.77899801e-05 
 1.08898500e-02  0.00000000e+00 -3.74139603e-02  3.74139603e-05 
 1.08998500e-02  0.00000000e+00 -3.70416821e-02  3.70416821e-05 
 1.09098500e-02  0.00000000e+00 -3.66731082e-02  3.66731082e-05 
 1.09198500e-02  0.00000000e+00 -3.63082016e-02  3.63082016e-05 
 1.09298500e-02  0.00000000e+00 -3.59469260e-02  3.59469260e-05 
 1.09398500e-02  0.00000000e+00 -3.55892451e-02  3.55892451e-05 
 1.09498500e-02  0.00000000e+00 -3.52351233e-02  3.52351233e-05 
 1.09598500e-02  0.00000000e+00 -3.48845251e-02  3.48845251e-05 
 1.09698500e-02  0.00000000e+00 -3.45374154e-02  3.45374154e-05 
 1.09798500e-02  0.00000000e+00 -3.41937595e-02  3.41937595e-05 
 1.09898500e-02  0.00000000e+00 -3.38535231e-02  3.38535231e-05 
 1.09949250e-02  0.00000000e+00 -3.36821513e-02  3.36821513e-05 
 1.10000000e-02  0.00000000e+00 -3.35116470e-02  3.35116470e-05 
 1.10006551e-02  3.27533773e+00  3.23970385e+00 -3.23970385e-03 
 1.10010000e-02  5.00000000e+00  4.96295145e+00 -4.96295145e-03 
 1.10011310e-02  5.00000000e+00  4.96230132e+00 -4.96230132e-03 
 1.10013930e-02  5.00000000e+00  4.96100123e+00 -4.96100123e-03 
 1.10019171e-02  5.00000000e+00  4.95840208e+00 -4.95840208e-03 
 1.10029652e-02  5.00000000e+00  4.95320786e+00 -4.95320786e-03 
 1.10050614e-02  5.00000000e+00  4.94283574e+00 -4.94283574e-03 
 1.10092539e-02  5.00000000e+00  4.92215658e+00 -4.92215658e-03 
 1.10176387e-02  5.00000000e+00  4.88105727e+00 -4.88105727e-03 
 1.10276387e-02  5.00000000e+00  4.83248954e+00 -4.83248954e-03 
 1.10376387e-02  5.00000000e+00  4.78440506e+00 -4.78440506e-03 
 1.10476387e-02  5.00000000e+00  4.73679904e+00 -4.73679904e-03 
 1.10576387e-02  5.00000000e+00  4.68966672e+00 -4.68966672e-03 
 1.10676387e-02  5.00000000e+00  4.64300336e+00 -4.64300336e-03 
 1.10776387e-02  5.00000000e+00  4.59680433e+00 -4.59680433e-03 
 1.10876387e-02  5.00000000e+00  4.55106498e+00 -4.55106498e-03 
 1.10976387e-02  5.00000000e+00  4.50578075e+00 -4.50578075e-03 
 1.11076387e-02  5.00000000e+00  4.46094711e+00 -4.46094711e-03 
 1.11176387e-02  5.00000000e+00  4.41655958e+00 -4.41655958e-03 
 1.11276387e-02  5.00000000e+00  4.37261371e+00 -4.37261371e-03 
 1.11376387e-02  5.00000000e+00  4.32910512e+00 -4.32910512e-03 
 1.11476387e-02  5.00000000e+00  4.28602944e+00 -4.28602944e-03 
 1.11576387e-02  5.00000000e+00  4.24338239e+00 -4.24338239e-03 
 1.11676387e-02  5.00000000e+00  4.20115968e+00 -4.20115968e-03 
 1.11776387e-02  5.00000000e+00  4.15935709e+00 -4.15935709e-03 
 1.11876387e-02  5.00000000e+00  4.11797045e+00 -4.11797045e-03 
 1.11976387e-02  5.00000000e+00  4.07699562e+00 -4.07699562e-03 
 1.12076387e-02  5.00000000e+00  4.03642850e+00 -4.03642850e-03 
 1.12176387e-02  5.00000000e+00  3.99626504e+00 -3.99626504e-03 
 1.12276387e-02  5.00000000e+00  3.95650120e+00 -3.95650120e-03 
 1.12376387e-02  5.00000000e+00  3.91713303e+00 -3.91713303e-03 
 1.12476387e-02  5.00000000e+00  3.87815658e+00 -3.87815658e-03 
 1.12576387e-02  5.00000000e+00  3.83956796e+00 -3.83956796e-03 
 1.12676387e-02  5.00000000e+00  3.80136331e+00 -3.80136331e-03 
 1.12776387e-02  5.00000000e+00  3.76353880e+00 -3.76353880e-03 
 1.12876387e-02  5.00000000e+00  3.72609065e+00 -3.72609065e-03 
 1.12976387e-02  5.00000000e+00  3.68901512e+00 -3.68901512e-03 
 1.13076387e-02  5.00000000e+00  3.65230850e+00 -3.65230850e-03 
 1.13176387e-02  5.00000000e+00  3.61596712e+00 -3.61596712e-03 
 1.13276387e-02  5.00000000e+00  3.57998735e+00 -3.57998735e-03 
 1.13376387e-02  5.00000000e+00  3.54436559e+00 -3.54436559e-03 
 1.13476387e-02  5.00000000e+00  3.50909827e+00 -3.50909827e-03 
 1.13576387e-02  5.00000000e+00  3.47418187e+00 -3.47418187e-03 
 1.13676387e-02  5.00000000e+00  3.43961289e+00 -3.43961289e-03 
 1.13776387e-02  5.00000000e+00  3.40538789e+00 -3.40538789e-03 
 1.13876387e-02  5.00000000e+00  3.37150343e+00 -3.37150343e-03 
 1.13976387e-02  5.00000000e+00  3.33795613e+00 -3.33795613e-03 
 1.14076387e-02  5.00000000e+00  3.30474264e+00 -3.30474264e-03 
 1.14176387e-02  5.00000000e+00  3.27185963e+00 -3.27185963e-03 
 1.14276387e-02  5.00000000e+00  3.23930381e+00 -3.23930381e-03 
 1.14376387e-02  5.00000000e+00  3.20707193e+00 -3.20707193e-03 
 1.14476387e-02  5.00000000e+00  3.17516077e+00 -3.17516077e-03 
 1.14576387e-02  5.00000000e+00  3.14356713e+00 -3.14356713e-03 
 1.14676387e-02  5.00000000e+00  3.11228785e+00 -3.11228785e-03 
 1.14776387e-02  5.00000000e+00  3.08131982e+00 -3.08131982e-03 
 1.14876387e-02  5.00000000e+00  3.05065992e+00 -3.05065992e-03 
 1.14976387e-02  5.00000000e+00  3.02030509e+00 -3.02030509e-03 
 1.15076387e-02  5.00000000e+00  2.99025231e+00 -2.99025231e-03 
 1.15176387e-02  5.00000000e+00  2.96049855e+00 -2.96049855e-03 
 1.15276387e-02  5.00000000e+00  2.93104085e+00 -2.93104085e-03 
 1.15376387e-02  5.00000000e+00  2.90187627e+00 -2.90187627e-03 
 1.15476387e-02  5.00000000e+00  2.87300188e+00 -2.87300188e-03 
 1.15576387e-02  5.00000000e+00  2.84441479e+00 -2.84441479e-03 
 1.15676387e-02  5.00000000e+00  2.81611216e+00 -2.81611216e-03 
 1.15776387e-02  5.00000000e+00  2.78809114e+00 -2.78809114e-03 
 1.15876387e-02  5.00000000e+00  2.76034894e+00 -2.76034894e-03 
 1.15976387e-02  5.00000000e+00  2.73288278e+00 -2.73288278e-03 
 1.16076387e-02  5.00000000e+00  2.70568992e+00 -2.70568992e-03 
 1.16176387e-02  5.00000000e+00  2.67876763e+00 -2.67876763e-03 
 1.16276387e-02  5.00000000e+00  2.65211323e+00 -2.65211323e-03 
 1.16376387e-02  5.00000000e+00  2.62572404e+00 -2.62572404e-03 
 1.16476387e-02  5.00000000e+00  2.59959743e+00 -2.59959743e-03 
 1.16576387e-02  5.00000000e+00  2.57373079e+00 -2.57373079e-03 
 1.16676387e-02  5.00000000e+00  2.54812153e+00 -2.54812153e-03 
 1.16776387e-02  5.00000000e+00  2.52276709e+00 -2.52276709e-03 
 1.16876387e-02  5.00000000e+00  2.49766493e+00 -2.49766493e-03 
 1.16976387e-02  5.00000000e+00  2.47281254e+00 -2.47281254e-03 
 1.17076387e-02  5.00000000e+00  2.44820744e+00 -2.44820744e-03 
 1.17176387e-02  5.00000000e+00  2.42384717e+00 -2.42384717e-03 
 1.17276387e-02  5.00000000e+00  2.39972929e+00 -2.39972929e-03 
 1.17376387e-02  5.00000000e+00  2.37585138e+00 -2.37585138e-03 
 1.17476387e-02  5.00000000e+00  2.35221107e+00 -2.35221107e-03 
 1.17576387e-02  5.00000000e+00  2.32880599e+00 -2.32880599e-03 
 1.17676387e-02  5.00000000e+00  2.30563379e+00 -2.30563379e-03 
 1.17776387e-02  5.00000000e+00  2.28269216e+00 -2.28269216e-03 
 1.17876387e-02  5.00000000e+00  2.25997880e+00 -2.25997880e-03 
 1.17976387e-02  5.00000000e+00  2.23749145e+00 -2.23749145e-03 
 1.18076387e-02  5.00000000e+00  2.21522785e+00 -2.21522785e-03 
 1.18176387e-02  5.00000000e+00  2.19318579e+00 -2.19318579e-03 
 1.18276387e-02  5.00000000e+00  2.17136304e+00 -2.17136304e-03 
 1.18376387e-02  5.00000000e+00  2.14975744e+00 -2.14975744e-03 
 1.18476387e-02  5.00000000e+00  2.12836682e+00 -2.12836682e-03 
 1.18576387e-02  5.00000000e+00  2.10718904e+00 -2.10718904e-03 
 1.18676387e-02  5.00000000e+00  2.08622198e+00 -2.08622198e-03 
 1.18776387e-02  5.00000000e+00  2.06546356e+00 -2.06546356e-03 
 1.18876387e-02  5.00000000e+00  2.04491168e+00 -2.04491168e-03 
 1.18976387e-02  5.00000000e+00  2.02456430e+00 -2.02456430e-03 
 1.19076387e-02  5.00000000e+00  2.00441938e+00 -2.00441938e-03 
 1.19176387e-02  5.00000000e+00  1.98447491e+00 -1.98447491e-03 
 1.19276387e-02  5.00000000e+00  1.96472889e+00 -1.96472889e-03 
 1.19376387e-02  5.00000000e+00  1.94517935e+00 -1.94517935e-03 
 1.19476387e-02  5.00000000e+00  1.92582433e+00 -1.92582433e-03 
 1.19576387e-02  5.00000000e+00  1.90666190e+00 -1.90666190e-03 
 1.19676387e-02  5.00000000e+00  1.88769014e+00 -1.88769014e-03 
 1.19776387e-02  5.00000000e+00  1.86890715e+00 -1.86890715e-03 
 1.19876387e-02  5.00000000e+00  1.85031106e+00 -1.85031106e-03 
 1.19976387e-02  5.00000000e+00  1.83190001e+00 -1.83190001e-03 
 1.20076387e-02  5.00000000e+00  1.81367215e+00 -1.81367215e-03 
 1.20176387e-02  5.00000000e+00  1.79562566e+00 -1.79562566e-03 
 1.20276387e-02  5.00000000e+00  1.77775874e+00 -1.77775874e-03 
 1.20376387e-02  5.00000000e+00  1.76006959e+00 -1.76006959e-03 
 1.20476387e-02  5.00000000e+00  1.74255646e+00 -1.74255646e-03 
 1.20576387e-02  5.00000000e+00  1.72521759e+00 -1.72521759e-03 
 1.20676387e-02  5.00000000e+00  1.70805125e+00 -1.70805125e-03 
 1.20776387e-02  5.00000000e+00  1.69105571e+00 -1.69105571e-03 
 1.20876387e-02  5.00000000e+00  1.67422929e+00 -1.67422929e-03 
 1.20976387e-02  5.00000000e+00  1.65757029e+00 -1.65757029e-03 
 1.21076387e-02  5.00000000e+00  1.64107705e+00 -1.64107705e-03 
 1.21176387e-02  5.00000000e+00  1.62474793e+00 -1.62474793e-03 
 1.21276387e-02  5.00000000e+00  1.60858128e+00 -1.60858128e-03 
 1.21376387e-02  5.00000000e+00  1.59257550e+00 -1.59257550e-03 
 1.21476387e-02  5.00000000e+00  1.57672898e+00 -1.57672898e-03 
 1.21576387e-02  5.00000000e+00  1.56104013e+00 -1.56104013e-03 
 1.21676387e-02  5.00000000e+00  1.54550739e+00 -1.54550739e-03 
 1.21776387e-02  5.00000000e+00  1.53012921e+00 -1.53012921e-03 
 1.21876387e-02  5.00000000e+00  1.51490404e+00 -1.51490404e-03 
 1.21976387e-02  5.00000000e+00  1.49983037e+00 -1.49983037e-03 
 1.22076387e-02  5.00000000e+00  1.48490669e+00 -1.48490669e-03 
 1.22176387e-02  5.00000000e+00  1.47013150e+00 -1.47013150e-03 
 1.22276387e-02  5.00000000e+00  1.45550332e+00 -1.45550332e-03 
 1.22376387e-02  5.00000000e+00  1.44102070e+00 -1.44102070e-03 
 1.22476387e-02  5.00000000e+00  1.42668219e+00 -1.42668219e-03 
 1.22576387e-02  5.00000000e+00  1.41248635e+00 -1.41248635e-03 
 1.22676387e-02  5.00000000e+00  1.39843175e+00 -1.39843175e-03 
 1.22776387e-02  5.00000000e+00  1.38451701e+00 -1.38451701e-03 
 1.22876387e-02  5.00000000e+00  1.37074072e+00 -1.37074072e-03 
 1.22976387e-02  5.00000000e+00  1.35710151e+00 -1.35710151e-03 
 1.23076387e-02  5.00000000e+00  1.34359801e+00 -1.34359801e-03 
 1.23176387e-02  5.00000000e+00  1.33022888e+00 -1.33022888e-03 
 1.23276387e-02  5.00000000e+00  1.31699277e+00 -1.31699277e-03 
 1.23376387e-02  5.00000000e+00  1.30388837e+00 -1.30388837e-03 
 1.23476387e-02  5.00000000e+00  1.29091435e+00 -1.29091435e-03 
 1.23576387e-02  5.00000000e+00  1.27806943e+00 -1.27806943e-03 
 1.23676387e-02  5.00000000e+00  1.26535232e+00 -1.26535232e-03 
 1.23776387e-02  5.00000000e+00  1.25276175e+00 -1.25276175e-03 
 1.23876387e-02  5.00000000e+00  1.24029646e+00 -1.24029646e-03 
 1.23976387e-02  5.00000000e+00  1.22795520e+00 -1.22795520e-03 
 1.24076387e-02  5.00000000e+00  1.21573674e+00 -1.21573674e-03 
 1.24176387e-02  5.00000000e+00  1.20363986e+00 -1.20363986e-03 
 1.24276387e-02  5.00000000e+00  1.19166335e+00 -1.19166335e-03 
 1.24376387e-02  5.00000000e+00  1.17980600e+00 -1.17980600e-03 
 1.24476387e-02  5.00000000e+00  1.16806664e+00 -1.16806664e-03 
 1.24576387e-02  5.00000000e+00  1.15644408e+00 -1.15644408e-03 
 1.24676387e-02  5.00000000e+00  1.14493718e+00 -1.14493718e-03 
 1.24776387e-02  5.00000000e+00  1.13354477e+00 -1.13354477e-03 
 1.24876387e-02  5.00000000e+00  1.12226571e+00 -1.12226571e-03 
 1.24976387e-02  5.00000000e+00  1.11109889e+00 -1.11109889e-03 
 1.25076387e-02  5.00000000e+00  1.10004318e+00 -1.10004318e-03 
 1.25176387e-02  5.00000000e+00  1.08909748e+00 -1.08909748e-03 
 1.25276387e-02  5.00000000e+00  1.07826069e+00 -1.07826069e-03 
 1.25376387e-02  5.00000000e+00  1.06753172e+00 -1.06753172e-03 
 1.25476387e-02  5.00000000e+00  1.05690952e+00 -1.05690952e-03 
 1.25576387e-02  5.00000000e+00  1.04639300e+00 -1.04639300e-03 
 1.25676387e-02  5.00000000e+00  1.03598113e+00 -1.03598113e-03 
 1.25776387e-02  5.00000000e+00  1.02567286e+00 -1.02567286e-03 
 1.25876387e-02  5.00000000e+00  1.01546716e+00 -1.01546716e-03 
 1.25976387e-02  5.00000000e+00  1.00536301e+00 -1.00536301e-03 
 1.26076387e-02  5.00000000e+00  9.95359401e-01 -9.95359401e-04 
 1.26176387e-02  5.00000000e+00  9.85455328e-01 -9.85455328e-04 
 1.26276387e-02  5.00000000e+00  9.75649802e-01 -9.75649802e-04 
 1.26376387e-02  5.00000000e+00  9.65941844e-01 -9.65941844e-04 
 1.26476387e-02  5.00000000e+00  9.56330482e-01 -9.56330482e-04 
 1.26576387e-02  5.00000000e+00  9.46814756e-01 -9.46814756e-04 
 1.26676387e-02  5.00000000e+00  9.37393713e-01 -9.37393713e-04 
 1.26776387e-02  5.00000000e+00  9.28066413e-01 -9.28066413e-04 
 1.26876387e-02  5.00000000e+00  9.18831921e-01 -9.18831921e-04 
 1.26976387e-02  5.00000000e+00  9.09689315e-01 -9.09689315e-04 
 1.27076387e-02  5.00000000e+00  9.00637680e-01 -9.00637680e-04 
 1.27176387e-02  5.00000000e+00  8.91676111e-01 -8.91676111e-04 
 1.27276387e-02  5.00000000e+00  8.82803712e-01 -8.82803712e-04 
 1.27376387e-02  5.00000000e+00  8.74019595e-01 -8.74019595e-04 
 1.27476387e-02  5.00000000e+00  8.65322883e-01 -8.65322883e-04 
 1.27576387e-02  5.00000000e+00  8.56712705e-01 -8.56712705e-04 
 1.27676387e-02  5.00000000e+00  8.48188201e-01 -8.48188201e-04 
 1.27776387e-02  5.00000000e+00  8.39748517e-01 -8.39748517e-04 
 1.27876387e-02  5.00000000e+00  8.31392810e-01 -8.31392810e-04 
 1.27976387e-02  5.00000000e+00  8.23120245e-01 -8.23120245e-04 
 1.28076387e-02  5.00000000e+00  8.14929994e-01 -8.14929994e-04 
 1.28176387e-02  5.00000000e+00  8.06821238e-01 -8.06821238e-04 
 1.28276387e-02  5.00000000e+00  7.98793166e-01 -7.98793166e-04 
 1.28376387e-02  5.00000000e+00  7.90844975e-01 -7.90844975e-04 
 1.28476387e-02  5.00000000e+00  7.82975871e-01 -7.82975871e-04 
 1.28576387e-02  5.00000000e+00  7.75185066e-01 -7.75185066e-04 
 1.28676387e-02  5.00000000e+00  7.67471782e-01 -7.67471782e-04 
 1.28776387e-02  5.00000000e+00  7.59835247e-01 -7.59835247e-04 
 1.28876387e-02  5.00000000e+00  7.52274697e-01 -7.52274697e-04 
 1.28976387e-02  5.00000000e+00  7.44789377e-01 -7.44789377e-04 
 1.29076387e-02  5.00000000e+00  7.37378537e-01 -7.37378537e-04 
 1.29176387e-02  5.00000000e+00  7.30041437e-01 -7.30041437e-04 
 1.29276387e-02  5.00000000e+00  7.22777343e-01 -7.22777343e-04 
 1.29376387e-02  5.00000000e+00  7.15585529e-01 -7.15585529e-04 
 1.29476387e-02  5.00000000e+00  7.08465275e-01 -7.08465275e-04 
 1.29576387e-02  5.00000000e+00  7.01415869e-01 -7.01415869e-04 
 1.29676387e-02  5.00000000e+00  6.94436607e-01 -6.94436607e-04 
 1.29776387e-02  5.00000000e+00  6.87526790e-01 -6.87526790e-04 
 1.29876387e-02  5.00000000e+00  6.80685727e-01 -6.80685727e-04 
 1.29976387e-02  5.00000000e+00  6.73912735e-01 -6.73912735e-04 
 1.30076387e-02  5.00000000e+00  6.67207136e-01 -6.67207136e-04 
 1.30176387e-02  5.00000000e+00  6.60568259e-01 -6.60568259e-04 
 1.30276387e-02  5.00000000e+00  6.53995440e-01 -6.53995440e-04 
 1.30376387e-02  5.00000000e+00  6.47488023e-01 -6.47488023e-04 
 1.30476387e-02  5.00000000e+00  6.41045356e-01 -6.41045356e-04 
 1.30576387e-02  5.00000000e+00  6.34666795e-01 -6.34666795e-04 
 1.30676387e-02  5.00000000e+00  6.28351703e-01 -6.28351703e-04 
 1.30776387e-02  5.00000000e+00  6.22099447e-01 -6.22099447e-04 
 1.30876387e-02  5.00000000e+00  6.15909403e-01 -6.15909403e-04 
 1.30976387e-02  5.00000000e+00  6.09780951e-01 -6.09780951e-04 
 1.31076387e-02  5.00000000e+00  6.03713479e-01 -6.03713479e-04 
 1.31176387e-02  5.00000000e+00  5.97706379e-01 -5.97706379e-04 
 1.31276387e-02  5.00000000e+00  5.91759052e-01 -5.91759052e-04 
 1.31376387e-02  5.00000000e+00  5.85870903e-01 -5.85870903e-04 
 1.31476387e-02  5.00000000e+00  5.80041341e-01 -5.80041341e-04 
 1.31576387e-02  5.00000000e+00  5.74269786e-01 -5.74269786e-04 
 1.31676387e-02  5.00000000e+00  5.68555658e-01 -5.68555658e-04 
 1.31776387e-02  5.00000000e+00  5.62898388e-01 -5.62898388e-04 
 1.31876387e-02  5.00000000e+00  5.57297409e-01 -5.57297409e-04 
 1.31976387e-02  5.00000000e+00  5.51752161e-01 -5.51752161e-04 
 1.32076387e-02  5.00000000e+00  5.46262090e-01 -5.46262090e-04 
 1.32176387e-02  5.00000000e+00  5.40826646e-01 -5.40826646e-04 
 1.32276387e-02  5.00000000e+00  5.35445287e-01 -5.35445287e-04 
 1.32376387e-02  5.00000000e+00  5.30117473e-01 -5.30117473e-04 
 1.32476387e-02  5.00000000e+00  5.24842672e-01 -5.24842672e-04 
 1.32576387e-02  5.00000000e+00  5.19620357e-01 -5.19620357e-04 
 1.32676387e-02  5.00000000e+00  5.14450005e-01 -5.14450005e-04 
 1.32776387e-02  5.00000000e+00  5.09331100e-01 -5.09331100e-04 
 1.32876387e-02  5.00000000e+00  5.04263129e-01 -5.04263129e-04 
 1.32976387e-02  5.00000000e+00  4.99245585e-01 -4.99245585e-04 
 1.33076387e-02  5.00000000e+00  4.94277967e-01 -4.94277967e-04 
 1.33176387e-02  5.00000000e+00  4.89359779e-01 -4.89359779e-04 
 1.33276387e-02  5.00000000e+00  4.84490527e-01 -4.84490527e-04 
 1.33376387e-02  5.00000000e+00  4.79669726e-01 -4.79669726e-04 
 1.33476387e-02  5.00000000e+00  4.74896893e-01 -4.74896893e-04 
 1.33576387e-02  5.00000000e+00  4.70171550e-01 -4.70171550e-04 
 1.33676387e-02  5.00000000e+00  4.65493227e-01 -4.65493227e-04 
 1.33776387e-02  5.00000000e+00  4.60861453e-01 -4.60861453e-04 
 1.33876387e-02  5.00000000e+00  4.56275767e-01 -4.56275767e-04 
 1.33976387e-02  5.00000000e+00  4.51735710e-01 -4.51735710e-04 
 1.34076387e-02  5.00000000e+00  4.47240827e-01 -4.47240827e-04 
 1.34176387e-02  5.00000000e+00  4.42790670e-01 -4.42790670e-04 
 1.34276387e-02  5.00000000e+00  4.38384792e-01 -4.38384792e-04 
 1.34376387e-02  5.00000000e+00  4.34022754e-01 -4.34022754e-04 
 1.34476387e-02  5.00000000e+00  4.29704120e-01 -4.29704120e-04 
 1.34576387e-02  5.00000000e+00  4.25428457e-01 -4.25428457e-04 
 1.34676387e-02  5.00000000e+00  4.21195338e-01 -4.21195338e-04 
 1.34776387e-02  5.00000000e+00  4.17004340e-01 -4.17004340e-04 
 1.34876387e-02  5.00000000e+00  4.12855043e-01 -4.12855043e-04 
 1.34976387e-02  5.00000000e+00  4.08747033e-01 -4.08747033e-04 
 1.35076387e-02  5.00000000e+00  4.04679898e-01 -4.04679898e-04 
 1.35176387e-02  5.00000000e+00  4.00653232e-01 -4.00653232e-04 
 1.35276387e-02  5.00000000e+00  3.96666633e-01 -3.96666633e-04 
 1.35376387e-02  5.00000000e+00  3.92719701e-01 -3.92719701e-04 
 1.35476387e-02  5.00000000e+00  3.88812043e-01 -3.88812043e-04 
 1.35576387e-02  5.00000000e+00  3.84943266e-01 -3.84943266e-04 
 1.35676387e-02  5.00000000e+00  3.81112985e-01 -3.81112985e-04 
 1.35776387e-02  5.00000000e+00  3.77320816e-01 -3.77320816e-04 
 1.35876387e-02  5.00000000e+00  3.73566380e-01 -3.73566380e-04 
 1.35976387e-02  5.00000000e+00  3.69849301e-01 -3.69849301e-04 
 1.36076387e-02  5.00000000e+00  3.66169209e-01 -3.66169209e-04 
 1.36176387e-02  5.00000000e+00  3.62525734e-01 -3.62525734e-04 
 1.36276387e-02  5.00000000e+00  3.58918513e-01 -3.58918513e-04 
 1.36376387e-02  5.00000000e+00  3.55347184e-01 -3.55347184e-04 
 1.36476387e-02  5.00000000e+00  3.51811391e-01 -3.51811391e-04 
 1.36576387e-02  5.00000000e+00  3.48310781e-01 -3.48310781e-04 
 1.36676387e-02  5.00000000e+00  3.44845002e-01 -3.44845002e-04 
 1.36776387e-02  5.00000000e+00  3.41413708e-01 -3.41413708e-04 
 1.36876387e-02  5.00000000e+00  3.38016557e-01 -3.38016557e-04 
 1.36976387e-02  5.00000000e+00  3.34653208e-01 -3.34653208e-04 
 1.37076387e-02  5.00000000e+00  3.31323325e-01 -3.31323325e-04 
 1.37176387e-02  5.00000000e+00  3.28026576e-01 -3.28026576e-04 
 1.37276387e-02  5.00000000e+00  3.24762630e-01 -3.24762630e-04 
 1.37376387e-02  5.00000000e+00  3.21531161e-01 -3.21531161e-04 
 1.37476387e-02  5.00000000e+00  3.18331846e-01 -3.18331846e-04 
 1.37576387e-02  5.00000000e+00  3.15164365e-01 -3.15164365e-04 
 1.37676387e-02  5.00000000e+00  3.12028401e-01 -3.12028401e-04 
 1.37776387e-02  5.00000000e+00  3.08923641e-01 -3.08923641e-04 
 1.37876387e-02  5.00000000e+00  3.05849774e-01 -3.05849774e-04 
 1.37976387e-02  5.00000000e+00  3.02806492e-01 -3.02806492e-04 
 1.38076387e-02  5.00000000e+00  2.99793492e-01 -2.99793492e-04 
 1.38176387e-02  5.00000000e+00  2.96810473e-01 -2.96810473e-04 
 1.38276387e-02  5.00000000e+00  2.93857135e-01 -2.93857135e-04 
 1.38376387e-02  5.00000000e+00  2.90933183e-01 -2.90933183e-04 
 1.38476387e-02  5.00000000e+00  2.88038325e-01 -2.88038325e-04 
 1.38576387e-02  5.00000000e+00  2.85172272e-01 -2.85172272e-04 
 1.38676387e-02  5.00000000e+00  2.82334737e-01 -2.82334737e-04 
 1.38776387e-02  5.00000000e+00  2.79525437e-01 -2.79525437e-04 
 1.38876387e-02  5.00000000e+00  2.76744089e-01 -2.76744089e-04 
 1.38976387e-02  5.00000000e+00  2.73990416e-01 -2.73990416e-04 
 1.39076387e-02  5.00000000e+00  2.71264144e-01 -2.71264144e-04 
 1.39176387e-02  5.00000000e+00  2.68564998e-01 -2.68564998e-04 
 1.39276387e-02  5.00000000e+00  2.65892709e-01 -2.65892709e-04 
 1.39376387e-02  5.00000000e+00  2.63247011e-01 -2.63247011e-04 
 1.39476387e-02  5.00000000e+00  2.60627637e-01 -2.60627637e-04 
 1.39576387e-02  5.00000000e+00  2.58034328e-01 -2.58034328e-04 
 1.39676387e-02  5.00000000e+00  2.55466822e-01 -2.55466822e-04 
 1.39776387e-02  5.00000000e+00  2.52924863e-01 -2.52924863e-04 
 1.39876387e-02  5.00000000e+00  2.50408198e-01 -2.50408198e-04 
 1.39976387e-02  5.00000000e+00  2.47916574e-01 -2.47916574e-04 
 1.40076387e-02  5.00000000e+00  2.45449743e-01 -2.45449743e-04 
 1.40176387e-02  5.00000000e+00  2.43007457e-01 -2.43007457e-04 
 1.40276387e-02  5.00000000e+00  2.40589472e-01 -2.40589472e-04 
 1.40376387e-02  5.00000000e+00  2.38195547e-01 -2.38195547e-04 
 1.40476387e-02  5.00000000e+00  2.35825442e-01 -2.35825442e-04 
 1.40576387e-02  5.00000000e+00  2.33478920e-01 -2.33478920e-04 
 1.40676387e-02  5.00000000e+00  2.31155747e-01 -2.31155747e-04 
 1.40776387e-02  5.00000000e+00  2.28855690e-01 -2.28855690e-04 
 1.40876387e-02  5.00000000e+00  2.26578519e-01 -2.26578519e-04 
 1.40976387e-02  5.00000000e+00  2.24324006e-01 -2.24324006e-04 
 1.41076387e-02  5.00000000e+00  2.22091926e-01 -2.22091926e-04 
 1.41176387e-02  5.00000000e+00  2.19882056e-01 -2.19882056e-04 
 1.41276387e-02  5.00000000e+00  2.17694175e-01 -2.17694175e-04 
 1.41376387e-02  5.00000000e+00  2.15528064e-01 -2.15528064e-04 
 1.41476387e-02  5.00000000e+00  2.13383506e-01 -2.13383506e-04 
 1.41576387e-02  5.00000000e+00  2.11260287e-01 -2.11260287e-04 
 1.41676387e-02  5.00000000e+00  2.09158195e-01 -2.09158195e-04 
 1.41776387e-02  5.00000000e+00  2.07077019e-01 -2.07077019e-04 
 1.41876387e-02  5.00000000e+00  2.05016551e-01 -2.05016551e-04 
 1.41976387e-02  5.00000000e+00  2.02976585e-01 -2.02976585e-04 
 1.42076387e-02  5.00000000e+00  2.00956918e-01 -2.00956918e-04 
 1.42176387e-02  5.00000000e+00  1.98957346e-01 -1.98957346e-04 
 1.42276387e-02  5.00000000e+00  1.96977671e-01 -1.96977671e-04 
 1.42376387e-02  5.00000000e+00  1.95017695e-01 -1.95017695e-04 
 1.42476387e-02  5.00000000e+00  1.93077220e-01 -1.93077220e-04 
 1.42576387e-02  5.00000000e+00  1.91156054e-01 -1.91156054e-04 
 1.42676387e-02  5.00000000e+00  1.89254003e-01 -1.89254003e-04 
 1.42776387e-02  5.00000000e+00  1.87370879e-01 -1.87370879e-04 
 1.42876387e-02  5.00000000e+00  1.85506492e-01 -1.85506492e-04 
 1.42976387e-02  5.00000000e+00  1.83660656e-01 -1.83660656e-04 
 1.43076387e-02  5.00000000e+00  1.81833187e-01 -1.81833187e-04 
 1.43176387e-02  5.00000000e+00  1.80023902e-01 -1.80023902e-04 
 1.43276387e-02  5.00000000e+00  1.78232619e-01 -1.78232619e-04 
 1.43376387e-02  5.00000000e+00  1.76459160e-01 -1.76459160e-04 
 1.43476387e-02  5.00000000e+00  1.74703348e-01 -1.74703348e-04 
 1.43576387e-02  5.00000000e+00  1.72965006e-01 -1.72965006e-04 
 1.43676387e-02  5.00000000e+00  1.71243961e-01 -1.71243961e-04 
 1.43776387e-02  5.00000000e+00  1.69540041e-01 -1.69540041e-04 
 1.43876387e-02  5.00000000e+00  1.67853075e-01 -1.67853075e-04 
 1.43976387e-02  5.00000000e+00  1.66182896e-01 -1.66182896e-04 
 1.44076387e-02  5.00000000e+00  1.64529334e-01 -1.64529334e-04 
 1.44176387e-02  5.00000000e+00  1.62892227e-01 -1.62892227e-04 
 1.44276387e-02  5.00000000e+00  1.61271408e-01 -1.61271408e-04 
 1.44376387e-02  5.00000000e+00  1.59666718e-01 -1.59666718e-04 
 1.44476387e-02  5.00000000e+00  1.58077994e-01 -1.58077994e-04 
 1.44576387e-02  5.00000000e+00  1.56505079e-01 -1.56505079e-04 
 1.44676387e-02  5.00000000e+00  1.54947814e-01 -1.54947814e-04 
 1.44776387e-02  5.00000000e+00  1.53406045e-01 -1.53406045e-04 
 1.44876387e-02  5.00000000e+00  1.51879617e-01 -1.51879617e-04 
 1.44976387e-02  5.00000000e+00  1.50368377e-01 -1.50368377e-04 
 1.45076387e-02  5.00000000e+00  1.48872174e-01 -1.48872174e-04 
 1.45176387e-02  5.00000000e+00  1.47390859e-01 -1.47390859e-04 
 1.45276387e-02  5.00000000e+00  1.45924283e-01 -1.45924283e-04 
 1.45376387e-02  5.00000000e+00  1.44472300e-01 -1.44472300e-04 
 1.45476387e-02  5.00000000e+00  1.43034765e-01 -1.43034765e-04 
 1.45576387e-02  5.00000000e+00  1.41611533e-01 -1.41611533e-04 
 1.45676387e-02  5.00000000e+00  1.40202463e-01 -1.40202463e-04 
 1.45776387e-02  5.00000000e+00  1.38807414e-01 -1.38807414e-04 
 1.45876387e-02  5.00000000e+00  1.37426246e-01 -1.37426246e-04 
 1.45976387e-02  5.00000000e+00  1.36058820e-01 -1.36058820e-04 
 1.46076387e-02  5.00000000e+00  1.34705001e-01 -1.34705001e-04 
 1.46176387e-02  5.00000000e+00  1.33364653e-01 -1.33364653e-04 
 1.46276387e-02  5.00000000e+00  1.32037642e-01 -1.32037642e-04 
 1.46376387e-02  5.00000000e+00  1.30723834e-01 -1.30723834e-04 
 1.46476387e-02  5.00000000e+00  1.29423100e-01 -1.29423100e-04 
 1.46576387e-02  5.00000000e+00  1.28135308e-01 -1.28135308e-04 
 1.46676387e-02  5.00000000e+00  1.26860329e-01 -1.26860329e-04 
 1.46776387e-02  5.00000000e+00  1.25598037e-01 -1.25598037e-04 
 1.46876387e-02  5.00000000e+00  1.24348306e-01 -1.24348306e-04 
 1.46976387e-02  5.00000000e+00  1.23111009e-01 -1.23111009e-04 
 1.47076387e-02  5.00000000e+00  1.21886024e-01 -1.21886024e-04 
 1.47176387e-02  5.00000000e+00  1.20673228e-01 -1.20673228e-04 
 1.47276387e-02  5.00000000e+00  1.19472499e-01 -1.19472499e-04 
 1.47376387e-02  5.00000000e+00  1.18283718e-01 -1.18283718e-04 
 1.47476387e-02  5.00000000e+00  1.17106766e-01 -1.17106766e-04 
 1.47576387e-02  5.00000000e+00  1.15941524e-01 -1.15941524e-04 
 1.47676387e-02  5.00000000e+00  1.14787877e-01 -1.14787877e-04 
 1.47776387e-02  5.00000000e+00  1.13645709e-01 -1.13645709e-04 
 1.47876387e-02  5.00000000e+00  1.12514906e-01 -1.12514906e-04 
 1.47976387e-02  5.00000000e+00  1.11395355e-01 -1.11395355e-04 
 1.48076387e-02  5.00000000e+00  1.10286943e-01 -1.10286943e-04 
 1.48176387e-02  5.00000000e+00  1.09189561e-01 -1.09189561e-04 
 1.48276387e-02  5.00000000e+00  1.08103098e-01 -1.08103098e-04 
 1.48376387e-02  5.00000000e+00  1.07027445e-01 -1.07027445e-04 
 1.48476387e-02  5.00000000e+00  1.05962495e-01 -1.05962495e-04 
 1.48576387e-02  5.00000000e+00  1.04908142e-01 -1.04908142e-04 
 1.48676387e-02  5.00000000e+00  1.03864280e-01 -1.03864280e-04 
 1.48776387e-02  5.00000000e+00  1.02830804e-01 -1.02830804e-04 
 1.48876387e-02  5.00000000e+00  1.01807612e-01 -1.01807612e-04 
 1.48976387e-02  5.00000000e+00  1.00794601e-01 -1.00794601e-04 
 1.49076387e-02  5.00000000e+00  9.97916699e-02 -9.97916699e-05 
 1.49176387e-02  5.00000000e+00  9.87987180e-02 -9.87987180e-05 
 1.49276387e-02  5.00000000e+00  9.78156462e-02 -9.78156462e-05 
 1.49376387e-02  5.00000000e+00  9.68423562e-02 -9.68423562e-05 
 1.49476387e-02  5.00000000e+00  9.58787506e-02 -9.58787506e-05 
 1.49576387e-02  5.00000000e+00  9.49247332e-02 -9.49247332e-05 
 1.49676387e-02  5.00000000e+00  9.39802085e-02 -9.39802085e-05 
 1.49776387e-02  5.00000000e+00  9.30450820e-02 -9.30450820e-05 
 1.49876387e-02  5.00000000e+00  9.21192603e-02 -9.21192603e-05 
 1.49976387e-02  5.00000000e+00  9.12026508e-02 -9.12026508e-05 
 1.50076387e-02  5.00000000e+00  9.02951617e-02 -9.02951617e-05 
 1.50176387e-02  5.00000000e+00  8.93967024e-02 -8.93967024e-05 
 1.50276387e-02  5.00000000e+00  8.85071830e-02 -8.85071830e-05 
 1.50376387e-02  5.00000000e+00  8.76265145e-02 -8.76265145e-05 
 1.50476387e-02  5.00000000e+00  8.67546089e-02 -8.67546089e-05 
 1.50576387e-02  5.00000000e+00  8.58913789e-02 -8.58913789e-05 
 1.50676387e-02  5.00000000e+00  8.50367383e-02 -8.50367383e-05 
 1.50776387e-02  5.00000000e+00  8.41906016e-02 -8.41906016e-05 
 1.50876387e-02  5.00000000e+00  8.33528842e-02 -8.33528842e-05 
 1.50976387e-02  5.00000000e+00  8.25235023e-02 -8.25235023e-05 
 1.51076387e-02  5.00000000e+00  8.17023729e-02 -8.17023729e-05 
 1.51176387e-02  5.00000000e+00  8.08894140e-02 -8.08894140e-05 
 1.51276387e-02  5.00000000e+00  8.00845442e-02 -8.00845442e-05 
 1.51376387e-02  5.00000000e+00  7.92876830e-02 -7.92876830e-05 
 1.51476387e-02  5.00000000e+00  7.84987509e-02 -7.84987509e-05 
 1.51576387e-02  5.00000000e+00  7.77176688e-02 -7.77176688e-05 
 1.51676387e-02  5.00000000e+00  7.69443586e-02 -7.69443586e-05 
 1.51776387e-02  5.00000000e+00  7.61787431e-02 -7.61787431e-05 
 1.51876387e-02  5.00000000e+00  7.54207457e-02 -7.54207457e-05 
 1.51976387e-02  5.00000000e+00  7.46702905e-02 -7.46702905e-05 
 1.52076387e-02  5.00000000e+00  7.39273025e-02 -7.39273025e-05 
 1.52176387e-02  5.00000000e+00  7.31917075e-02 -7.31917075e-05 
 1.52276387e-02  5.00000000e+00  7.24634318e-02 -7.24634318e-05 
 1.52376387e-02  5.00000000e+00  7.17424026e-02 -7.17424026e-05 
 1.52476387e-02  5.00000000e+00  7.10285479e-02 -7.10285479e-05 
 1.52576387e-02  5.00000000e+00  7.03217961e-02 -7.03217961e-05 
 1.52676387e-02  5.00000000e+00  6.96220768e-02 -6.96220768e-05 
 1.52776387e-02  5.00000000e+00  6.89293198e-02 -6.89293198e-05 
 1.52876387e-02  5.00000000e+00  6.82434559e-02 -6.82434559e-05 
 1.52976387e-02  5.00000000e+00  6.75644166e-02 -6.75644166e-05 
 1.53076387e-02  5.00000000e+00  6.68921338e-02 -6.68921338e-05 
 1.53176387e-02  5.00000000e+00  6.62265404e-02 -6.62265404e-05 
 1.53276387e-02  5.00000000e+00  6.55675699e-02 -6.55675699e-05 
 1.53376387e-02  5.00000000e+00  6.49151563e-02 -6.49151563e-05 
 1.53476387e-02  5.00000000e+00  6.42692343e-02 -6.42692343e-05 
 1.53576387e-02  5.00000000e+00  6.36297394e-02 -6.36297394e-05 
 1.53676387e-02  5.00000000e+00  6.29966077e-02 -6.29966077e-05 
 1.53776387e-02  5.00000000e+00  6.23697758e-02 -6.23697758e-05 
 1.53876387e-02  5.00000000e+00  6.17491810e-02 -6.17491810e-05 
 1.53976387e-02  5.00000000e+00  6.11347613e-02 -6.11347613e-05 
 1.54076387e-02  5.00000000e+00  6.05264552e-02 -6.05264552e-05 
 1.54176387e-02  5.00000000e+00  5.99242019e-02 -5.99242019e-05 
 1.54276387e-02  5.00000000e+00  5.93279412e-02 -5.93279412e-05 
 1.54376387e-02  5.00000000e+00  5.87376134e-02 -5.87376134e-05 
 1.54476387e-02  5.00000000e+00  5.81531596e-02 -5.81531596e-05 
 1.54576387e-02  5.00000000e+00  5.75745212e-02 -5.75745212e-05 
 1.54676387e-02  5.00000000e+00  5.70016403e-02 -5.70016403e-05 
 1.54776387e-02  5.00000000e+00  5.64344598e-02 -5.64344598e-05 
 1.54876387e-02  5.00000000e+00  5.58729229e-02 -5.58729229e-05 
 1.54976387e-02  5.00000000e+00  5.53169735e-02 -5.53169735e-05 
 1.55076387e-02  5.00000000e+00  5.47665558e-02 -5.47665558e-05 
 1.55176387e-02  5.00000000e+00  5.42216150e-02 -5.42216150e-05 
 1.55276387e-02  5.00000000e+00  5.36820964e-02 -5.36820964e-05 
 1.55376387e-02  5.00000000e+00  5.31479462e-02 -5.31479462e-05 
 1.55476387e-02  5.00000000e+00  5.26191109e-02 -5.26191109e-05 
 1.55576387e-02  5.00000000e+00  5.20955377e-02 -5.20955377e-05 
 1.55676387e-02  5.00000000e+00  5.15771741e-02 -5.15771741e-05 
 1.55776387e-02  5.00000000e+00  5.10639684e-02 -5.10639684e-05 
 1.55876387e-02  5.00000000e+00  5.05558692e-02 -5.05558692e-05 
 1.55976387e-02  5.00000000e+00  5.00528257e-02 -5.00528257e-05 
 1.56076387e-02  5.00000000e+00  4.95547877e-02 -4.95547877e-05 
 1.56176387e-02  5.00000000e+00  4.90617052e-02 -4.90617052e-05 
 1.56276387e-02  5.00000000e+00  4.85735290e-02 -4.85735290e-05 
 1.56376387e-02  5.00000000e+00  4.80902103e-02 -4.80902103e-05 
 1.56476387e-02  5.00000000e+00  4.76117008e-02 -4.76117008e-05 
 1.56576387e-02  5.00000000e+00  4.71379525e-02 -4.71379525e-05 
 1.56676387e-02  5.00000000e+00  4.66689181e-02 -4.66689181e-05 
 1.56776387e-02  5.00000000e+00  4.62045508e-02 -4.62045508e-05 
 1.56876387e-02  5.00000000e+00  4.57448040e-02 -4.57448040e-05 
 1.56976387e-02  5.00000000e+00  4.52896318e-02 -4.52896318e-05 
 1.57076387e-02  5.00000000e+00  4.48389887e-02 -4.48389887e-05 
 1.57176387e-02  5.00000000e+00  4.43928297e-02 -4.43928297e-05 
 1.57276387e-02  5.00000000e+00  4.39511100e-02 -4.39511100e-05 
 1.57376387e-02  5.00000000e+00  4.35137855e-02 -4.35137855e-05 
 1.57476387e-02  5.00000000e+00  4.30808125e-02 -4.30808125e-05 
 1.57576387e-02  5.00000000e+00  4.26521477e-02 -4.26521477e-05 
 1.57676387e-02  5.00000000e+00  4.22277482e-02 -4.22277482e-05 
 1.57776387e-02  5.00000000e+00  4.18075716e-02 -4.18075716e-05 
 1.57876387e-02  5.00000000e+00  4.13915759e-02 -4.13915759e-05 
 1.57976387e-02  5.00000000e+00  4.09797194e-02 -4.09797194e-05 
 1.58076387e-02  5.00000000e+00  4.05719610e-02 -4.05719610e-05 
 1.58176387e-02  5.00000000e+00  4.01682599e-02 -4.01682599e-05 
 1.58276387e-02  5.00000000e+00  3.97685757e-02 -3.97685757e-05 
 1.58376387e-02  5.00000000e+00  3.93728685e-02 -3.93728685e-05 
 1.58476387e-02  5.00000000e+00  3.89810987e-02 -3.89810987e-05 
 1.58576387e-02  5.00000000e+00  3.85932270e-02 -3.85932270e-05 
 1.58676387e-02  5.00000000e+00  3.82092148e-02 -3.82092148e-05 
 1.58776387e-02  5.00000000e+00  3.78290236e-02 -3.78290236e-05 
 1.58876387e-02  5.00000000e+00  3.74526154e-02 -3.74526154e-05 
 1.58976387e-02  5.00000000e+00  3.70799526e-02 -3.70799526e-05 
 1.59076387e-02  5.00000000e+00  3.67109978e-02 -3.67109978e-05 
 1.59176387e-02  5.00000000e+00  3.63457143e-02 -3.63457143e-05 
 1.59276387e-02  5.00000000e+00  3.59840654e-02 -3.59840654e-05 
 1.59376387e-02  5.00000000e+00  3.56260150e-02 -3.56260150e-05 
 1.59476387e-02  5.00000000e+00  3.52715273e-02 -3.52715273e-05 
 1.59576387e-02  5.00000000e+00  3.49205668e-02 -3.49205668e-05 
 1.59676387e-02  5.00000000e+00  3.45730985e-02 -3.45730985e-05 
 1.59776387e-02  5.00000000e+00  3.42290875e-02 -3.42290875e-05 
 1.59876387e-02  5.00000000e+00  3.38884996e-02 -3.38884996e-05 
 1.59943194e-02  5.00000000e+00  3.36628564e-02 -3.36628564e-05 
 1.60010000e-02  5.00000000e+00  3.34387156e-02 -3.34387156e-05 
 1.60011000e-02  4.50000000e+00 -4.66514633e-01  4.66514633e-04 
 1.60013000e-02  3.50000000e+00 -1.46632135e+00  1.46632135e-03 
 1.60016500e-02  1.75000000e+00 -3.21550203e+00  3.21550203e-03 
 1.60020000e-02  0.00000000e+00 -4.96407061e+00  4.96407061e-03 
 1.60020700e-02  0.00000000e+00 -4.96372314e+00  4.96372314e-03 
 1.60022100e-02  0.00000000e+00 -4.96302827e+00  4.96302827e-03 
 1.60024900e-02  0.00000000e+00 -4.96163882e+00  4.96163882e-03 
 1.60030500e-02  0.00000000e+00 -4.95886108e+00  4.95886108e-03 
 1.60041700e-02  0.00000000e+00 -4.95331026e+00  4.95331026e-03 
 1.60064100e-02  0.00000000e+00 -4.94222726e+00  4.94222726e-03 
 1.60108900e-02  0.00000000e+00 -4.92013557e+00  4.92013557e-03 
 1.60198500e-02  0.00000000e+00 -4.87624777e+00  4.87624777e-03 
 1.60298500e-02  0.00000000e+00 -4.82772789e+00  4.82772789e-03 
 1.60398500e-02  0.00000000e+00 -4.77969080e+00  4.77969080e-03 
 1.60498500e-02  0.00000000e+00 -4.73213169e+00  4.73213169e-03 
 1.60598500e-02  0.00000000e+00 -4.68504580e+00  4.68504580e-03 
 1.60698500e-02  0.00000000e+00 -4.63842843e+00  4.63842843e-03 
 1.60798500e-02  0.00000000e+00 -4.59227491e+00  4.59227491e-03 
 1.60898500e-02  0.00000000e+00 -4.54658063e+00  4.54658063e-03 
 1.60998500e-02  0.00000000e+00 -4.50134102e+00  4.50134102e-03 
 1.61098500e-02  0.00000000e+00 -4.45655156e+00  4.45655156e-03 
 1.61198500e-02  0.00000000e+00 -4.41220777e+00  4.41220777e-03 
 1.61298500e-02  0.00000000e+00 -4.36830520e+00  4.36830520e-03 
 1.61398500e-02  0.00000000e+00 -4.32483948e+00  4.32483948e-03 
 1.61498500e-02  0.00000000e+00 -4.28180625e+00  4.28180625e-03 
 1.61598500e-02  0.00000000e+00 -4.23920121e+00  4.23920121e-03 
 1.61698500e-02  0.00000000e+00 -4.19702010e+00  4.19702010e-03 
 1.61798500e-02  0.00000000e+00 -4.15525871e+00  4.15525871e-03 
 1.61898500e-02  0.00000000e+00 -4.11391285e+00  4.11391285e-03 
 1.61998500e-02  0.00000000e+00 -4.07297840e+00  4.07297840e-03 
 1.62098500e-02  0.00000000e+00 -4.03245125e+00  4.03245125e-03 
 1.62198500e-02  0.00000000e+00 -3.99232736e+00  3.99232736e-03 
 1.62298500e-02  0.00000000e+00 -3.95260270e+00  3.95260270e-03 
 1.62398500e-02  0.00000000e+00 -3.91327332e+00  3.91327332e-03 
 1.62498500e-02  0.00000000e+00 -3.87433528e+00  3.87433528e-03 
 1.62598500e-02  0.00000000e+00 -3.83578468e+00  3.83578468e-03 
 1.62698500e-02  0.00000000e+00 -3.79761767e+00  3.79761767e-03 
 1.62798500e-02  0.00000000e+00 -3.75983043e+00  3.75983043e-03 
 1.62898500e-02  0.00000000e+00 -3.72241918e+00  3.72241918e-03 
 1.62998500e-02  0.00000000e+00 -3.68538018e+00  3.68538018e-03 
 1.63098500e-02  0.00000000e+00 -3.64870974e+00  3.64870974e-03 
 1.63198500e-02  0.00000000e+00 -3.61240417e+00  3.61240417e-03 
 1.63298500e-02  0.00000000e+00 -3.57645985e+00  3.57645985e-03 
 1.63398500e-02  0.00000000e+00 -3.54087318e+00  3.54087318e-03 
 1.63498500e-02  0.00000000e+00 -3.50564061e+00  3.50564061e-03 
 1.63598500e-02  0.00000000e+00 -3.47075862e+00  3.47075862e-03 
 1.63698500e-02  0.00000000e+00 -3.43622370e+00  3.43622370e-03 
 1.63798500e-02  0.00000000e+00 -3.40203242e+00  3.40203242e-03 
 1.63898500e-02  0.00000000e+00 -3.36818135e+00  3.36818135e-03 
 1.63998500e-02  0.00000000e+00 -3.33466711e+00  3.33466711e-03 
 1.64098500e-02  0.00000000e+00 -3.30148634e+00  3.30148634e-03 
 1.64198500e-02  0.00000000e+00 -3.26863573e+00  3.26863573e-03 
 1.64298500e-02  0.00000000e+00 -3.23611200e+00  3.23611200e-03 
 1.64398500e-02  0.00000000e+00 -3.20391188e+00  3.20391188e-03 
 1.64498500e-02  0.00000000e+00 -3.17203216e+00  3.17203216e-03 
 1.64598500e-02  0.00000000e+00 -3.14046965e+00  3.14046965e-03 
 1.64698500e-02  0.00000000e+00 -3.10922119e+00  3.10922119e-03 
 1.64798500e-02  0.00000000e+00 -3.07828367e+00  3.07828367e-03 
 1.64898500e-02  0.00000000e+00 -3.04765398e+00  3.04765398e-03 
 1.64998500e-02  0.00000000e+00 -3.01732907e+00  3.01732907e-03 
 1.65098500e-02  0.00000000e+00 -2.98730589e+00  2.98730589e-03 
 1.65198500e-02  0.00000000e+00 -2.95758145e+00  2.95758145e-03 
 1.65298500e-02  0.00000000e+00 -2.92815278e+00  2.92815278e-03 
 1.65398500e-02  0.00000000e+00 -2.89901693e+00  2.89901693e-03 
 1.65498500e-02  0.00000000e+00 -2.87017099e+00  2.87017099e-03 
 1.65598500e-02  0.00000000e+00 -2.84161208e+00  2.84161208e-03 
 1.65698500e-02  0.00000000e+00 -2.81333733e+00  2.81333733e-03 
 1.65798500e-02  0.00000000e+00 -2.78534393e+00  2.78534393e-03 
 1.65898500e-02  0.00000000e+00 -2.75762906e+00  2.75762906e-03 
 1.65998500e-02  0.00000000e+00 -2.73018997e+00  2.73018997e-03 
 1.66098500e-02  0.00000000e+00 -2.70302390e+00  2.70302390e-03 
 1.66198500e-02  0.00000000e+00 -2.67612814e+00  2.67612814e-03 
 1.66298500e-02  0.00000000e+00 -2.64950000e+00  2.64950000e-03 
 1.66398500e-02  0.00000000e+00 -2.62313681e+00  2.62313681e-03 
 1.66498500e-02  0.00000000e+00 -2.59703595e+00  2.59703595e-03 
 1.66598500e-02  0.00000000e+00 -2.57119479e+00  2.57119479e-03 
 1.66698500e-02  0.00000000e+00 -2.54561077e+00  2.54561077e-03 
 1.66798500e-02  0.00000000e+00 -2.52028131e+00  2.52028131e-03 
 1.66898500e-02  0.00000000e+00 -2.49520388e+00  2.49520388e-03 
 1.66998500e-02  0.00000000e+00 -2.47037598e+00  2.47037598e-03 
 1.67098500e-02  0.00000000e+00 -2.44579512e+00  2.44579512e-03 
 1.67198500e-02  0.00000000e+00 -2.42145885e+00  2.42145885e-03 
 1.67298500e-02  0.00000000e+00 -2.39736474e+00  2.39736474e-03 
 1.67398500e-02  0.00000000e+00 -2.37351036e+00  2.37351036e-03 
 1.67498500e-02  0.00000000e+00 -2.34989334e+00  2.34989334e-03 
 1.67598500e-02  0.00000000e+00 -2.32651132e+00  2.32651132e-03 
 1.67698500e-02  0.00000000e+00 -2.30336195e+00  2.30336195e-03 
 1.67798500e-02  0.00000000e+00 -2.28044293e+00  2.28044293e-03 
 1.67898500e-02  0.00000000e+00 -2.25775195e+00  2.25775195e-03 
 1.67998500e-02  0.00000000e+00 -2.23528676e+00  2.23528676e-03 
 1.68098500e-02  0.00000000e+00 -2.21304510e+00  2.21304510e-03 
 1.68198500e-02  0.00000000e+00 -2.19102475e+00  2.19102475e-03 
 1.68298500e-02  0.00000000e+00 -2.16922351e+00  2.16922351e-03 
 1.68398500e-02  0.00000000e+00 -2.14763920e+00  2.14763920e-03 
 1.68498500e-02  0.00000000e+00 -2.12626965e+00  2.12626965e-03 
 1.68598500e-02  0.00000000e+00 -2.10511274e+00  2.10511274e-03 
 1.68698500e-02  0.00000000e+00 -2.08416635e+00  2.08416635e-03 
 1.68798500e-02  0.00000000e+00 -2.06342837e+00  2.06342837e-03 
 1.68898500e-02  0.00000000e+00 -2.04289675e+00  2.04289675e-03 
 1.68998500e-02  0.00000000e+00 -2.02256942e+00  2.02256942e-03 
 1.69098500e-02  0.00000000e+00 -2.00244435e+00  2.00244435e-03 
 1.69198500e-02  0.00000000e+00 -1.98251953e+00  1.98251953e-03 
 1.69298500e-02  0.00000000e+00 -1.96279297e+00  1.96279297e-03 
 1.69398500e-02  0.00000000e+00 -1.94326269e+00  1.94326269e-03 
 1.69498500e-02  0.00000000e+00 -1.92392674e+00  1.92392674e-03 
 1.69598500e-02  0.00000000e+00 -1.90478319e+00  1.90478319e-03 
 1.69698500e-02  0.00000000e+00 -1.88583012e+00  1.88583012e-03 
 1.69798500e-02  0.00000000e+00 -1.86706564e+00  1.86706564e-03 
 1.69898500e-02  0.00000000e+00 -1.84848788e+00  1.84848788e-03 
 1.69998500e-02  0.00000000e+00 -1.83009496e+00  1.83009496e-03 
 1.70098500e-02  0.00000000e+00 -1.81188506e+00  1.81188506e-03 
 1.70198500e-02  0.00000000e+00 -1.79385636e+00  1.79385636e-03 
 1.70298500e-02  0.00000000e+00 -1.77600704e+00  1.77600704e-03 
 1.70398500e-02  0.00000000e+00 -1.75833533e+00  1.75833533e-03 
 1.70498500e-02  0.00000000e+00 -1.74083945e+00  1.74083945e-03 
 1.70598500e-02  0.00000000e+00 -1.72351767e+00  1.72351767e-03 
 1.70698500e-02  0.00000000e+00 -1.70636824e+00  1.70636824e-03 
 1.70798500e-02  0.00000000e+00 -1.68938945e+00  1.68938945e-03 
 1.70898500e-02  0.00000000e+00 -1.67257960e+00  1.67257960e-03 
 1.70998500e-02  0.00000000e+00 -1.65593702e+00  1.65593702e-03 
 1.71098500e-02  0.00000000e+00 -1.63946004e+00  1.63946004e-03 
 1.71198500e-02  0.00000000e+00 -1.62314700e+00  1.62314700e-03 
 1.71298500e-02  0.00000000e+00 -1.60699628e+00  1.60699628e-03 
 1.71398500e-02  0.00000000e+00 -1.59100627e+00  1.59100627e-03 
 1.71498500e-02  0.00000000e+00 -1.57517536e+00  1.57517536e-03 
 1.71598500e-02  0.00000000e+00 -1.55950198e+00  1.55950198e-03 
 1.71698500e-02  0.00000000e+00 -1.54398454e+00  1.54398454e-03 
 1.71798500e-02  0.00000000e+00 -1.52862151e+00  1.52862151e-03 
 1.71898500e-02  0.00000000e+00 -1.51341135e+00  1.51341135e-03 
 1.71998500e-02  0.00000000e+00 -1.49835253e+00  1.49835253e-03 
 1.72098500e-02  0.00000000e+00 -1.48344355e+00  1.48344355e-03 
 1.72198500e-02  0.00000000e+00 -1.46868292e+00  1.46868292e-03 
 1.72298500e-02  0.00000000e+00 -1.45406916e+00  1.45406916e-03 
 1.72398500e-02  0.00000000e+00 -1.43960081e+00  1.43960081e-03 
 1.72498500e-02  0.00000000e+00 -1.42527642e+00  1.42527642e-03 
 1.72598500e-02  0.00000000e+00 -1.41109457e+00  1.41109457e-03 
 1.72698500e-02  0.00000000e+00 -1.39705382e+00  1.39705382e-03 
 1.72798500e-02  0.00000000e+00 -1.38315279e+00  1.38315279e-03 
 1.72898500e-02  0.00000000e+00 -1.36939008e+00  1.36939008e-03 
 1.72998500e-02  0.00000000e+00 -1.35576430e+00  1.35576430e-03 
 1.73098500e-02  0.00000000e+00 -1.34227411e+00  1.34227411e-03 
 1.73198500e-02  0.00000000e+00 -1.32891815e+00  1.32891815e-03 
 1.73298500e-02  0.00000000e+00 -1.31569509e+00  1.31569509e-03 
 1.73398500e-02  0.00000000e+00 -1.30260359e+00  1.30260359e-03 
 1.73498500e-02  0.00000000e+00 -1.28964236e+00  1.28964236e-03 
 1.73598500e-02  0.00000000e+00 -1.27681010e+00  1.27681010e-03 
 1.73698500e-02  0.00000000e+00 -1.26410552e+00  1.26410552e-03 
 1.73798500e-02  0.00000000e+00 -1.25152736e+00  1.25152736e-03 
 1.73898500e-02  0.00000000e+00 -1.23907435e+00  1.23907435e-03 
 1.73998500e-02  0.00000000e+00 -1.22674525e+00  1.22674525e-03 
 1.74098500e-02  0.00000000e+00 -1.21453883e+00  1.21453883e-03 
 1.74198500e-02  0.00000000e+00 -1.20245387e+00  1.20245387e-03 
 1.74298500e-02  0.00000000e+00 -1.19048915e+00  1.19048915e-03 
 1.74398500e-02  0.00000000e+00 -1.17864349e+00  1.17864349e-03 
 1.74498500e-02  0.00000000e+00 -1.16691569e+00  1.16691569e-03 
 1.74598500e-02  0.00000000e+00 -1.15530459e+00  1.15530459e-03 
 1.74698500e-02  0.00000000e+00 -1.14380902e+00  1.14380902e-03 
 1.74798500e-02  0.00000000e+00 -1.13242784e+00  1.13242784e-03 
 1.74898500e-02  0.00000000e+00 -1.12115990e+00  1.12115990e-03 
 1.74998500e-02  0.00000000e+00 -1.11000408e+00  1.11000408e-03 
 1.75098500e-02  0.00000000e+00 -1.09895926e+00  1.09895926e-03 
 1.75198500e-02  0.00000000e+00 -1.08802435e+00  1.08802435e-03 
 1.75298500e-02  0.00000000e+00 -1.07719823e+00  1.07719823e-03 
 1.75398500e-02  0.00000000e+00 -1.06647984e+00  1.06647984e-03 
 1.75498500e-02  0.00000000e+00 -1.05586810e+00  1.05586810e-03 
 1.75598500e-02  0.00000000e+00 -1.04536195e+00  1.04536195e-03 
 1.75698500e-02  0.00000000e+00 -1.03496034e+00  1.03496034e-03 
 1.75798500e-02  0.00000000e+00 -1.02466223e+00  1.02466223e-03 
 1.75898500e-02  0.00000000e+00 -1.01446658e+00  1.01446658e-03 
 1.75998500e-02  0.00000000e+00 -1.00437239e+00  1.00437239e-03 
 1.76098500e-02  0.00000000e+00 -9.94378634e-01  9.94378634e-04 
 1.76198500e-02  0.00000000e+00 -9.84484319e-01  9.84484319e-04 
 1.76298500e-02  0.00000000e+00 -9.74688455e-01  9.74688455e-04 
 1.76398500e-02  0.00000000e+00 -9.64990063e-01  9.64990063e-04 
 1.76498500e-02  0.00000000e+00 -9.55388171e-01  9.55388171e-04 
 1.76598500e-02  0.00000000e+00 -9.45881821e-01  9.45881821e-04 
 1.76698500e-02  0.00000000e+00 -9.36470062e-01  9.36470062e-04 
 1.76798500e-02  0.00000000e+00 -9.27151952e-01  9.27151952e-04 
 1.76898500e-02  0.00000000e+00 -9.17926559e-01  9.17926559e-04 
 1.76998500e-02  0.00000000e+00 -9.08792962e-01  9.08792962e-04 
 1.77098500e-02  0.00000000e+00 -8.99750246e-01  8.99750246e-04 
 1.77198500e-02  0.00000000e+00 -8.90797507e-01  8.90797507e-04 
 1.77298500e-02  0.00000000e+00 -8.81933850e-01  8.81933850e-04 
 1.77398500e-02  0.00000000e+00 -8.73158389e-01  8.73158389e-04 
 1.77498500e-02  0.00000000e+00 -8.64470246e-01  8.64470246e-04 
 1.77598500e-02  0.00000000e+00 -8.55868552e-01  8.55868552e-04 
 1.77698500e-02  0.00000000e+00 -8.47352447e-01  8.47352447e-04 
 1.77798500e-02  0.00000000e+00 -8.38921079e-01  8.38921079e-04 
 1.77898500e-02  0.00000000e+00 -8.30573606e-01  8.30573606e-04 
 1.77998500e-02  0.00000000e+00 -8.22309192e-01  8.22309192e-04 
 1.78098500e-02  0.00000000e+00 -8.14127011e-01  8.14127011e-04 
 1.78198500e-02  0.00000000e+00 -8.06026244e-01  8.06026244e-04 
 1.78298500e-02  0.00000000e+00 -7.98006083e-01  7.98006083e-04 
 1.78398500e-02  0.00000000e+00 -7.90065724e-01  7.90065724e-04 
 1.78498500e-02  0.00000000e+00 -7.82204373e-01  7.82204373e-04 
 1.78598500e-02  0.00000000e+00 -7.74421245e-01  7.74421245e-04 
 1.78698500e-02  0.00000000e+00 -7.66715561e-01  7.66715561e-04 
 1.78798500e-02  0.00000000e+00 -7.59086551e-01  7.59086551e-04 
 1.78898500e-02  0.00000000e+00 -7.51533451e-01  7.51533451e-04 
 1.78998500e-02  0.00000000e+00 -7.44055506e-01  7.44055506e-04 
 1.79098500e-02  0.00000000e+00 -7.36651968e-01  7.36651968e-04 
 1.79198500e-02  0.00000000e+00 -7.29322098e-01  7.29322098e-04 
 1.79298500e-02  0.00000000e+00 -7.22065162e-01  7.22065162e-04 
 1.79398500e-02  0.00000000e+00 -7.14880434e-01  7.14880434e-04 
 1.79498500e-02  0.00000000e+00 -7.07767196e-01  7.07767196e-04 
 1.79598500e-02  0.00000000e+00 -7.00724736e-01  7.00724736e-04 
 1.79698500e-02  0.00000000e+00 -6.93752351e-01  6.93752351e-04 
 1.79798500e-02  0.00000000e+00 -6.86849342e-01  6.86849342e-04 
 1.79898500e-02  0.00000000e+00 -6.80015020e-01  6.80015020e-04 
 1.79998500e-02  0.00000000e+00 -6.73248702e-01  6.73248702e-04 
 1.80098500e-02  0.00000000e+00 -6.66549710e-01  6.66549710e-04 
 1.80198500e-02  0.00000000e+00 -6.59917374e-01  6.59917374e-04 
 1.80298500e-02  0.00000000e+00 -6.53351032e-01  6.53351032e-04 
 1.80398500e-02  0.00000000e+00 -6.46850027e-01  6.46850027e-04 
 1.80498500e-02  0.00000000e+00 -6.40413708e-01  6.40413708e-04 
 1.80598500e-02  0.00000000e+00 -6.34041433e-01  6.34041433e-04 
 1.80698500e-02  0.00000000e+00 -6.27732563e-01  6.27732563e-04 
 1.80798500e-02  0.00000000e+00 -6.21486467e-01  6.21486467e-04 
 1.80898500e-02  0.00000000e+00 -6.15302522e-01  6.15302522e-04 
 1.80998500e-02  0.00000000e+00 -6.09180109e-01  6.09180109e-04 
 1.81098500e-02  0.00000000e+00 -6.03118616e-01  6.03118616e-04 
 1.81198500e-02  0.00000000e+00 -5.97117435e-01  5.97117435e-04 
 1.81298500e-02  0.00000000e+00 -5.91175968e-01  5.91175968e-04 
 1.81398500e-02  0.00000000e+00 -5.85293620e-01  5.85293620e-04 
 1.81498500e-02  0.00000000e+00 -5.79469803e-01  5.79469803e-04 
 1.81598500e-02  0.00000000e+00 -5.73703935e-01  5.73703935e-04 
 1.81698500e-02  0.00000000e+00 -5.67995438e-01  5.67995438e-04 
 1.81798500e-02  0.00000000e+00 -5.62343742e-01  5.62343742e-04 
 1.81898500e-02  0.00000000e+00 -5.56748282e-01  5.56748282e-04 
 1.81998500e-02  0.00000000e+00 -5.51208498e-01  5.51208498e-04 
 1.82098500e-02  0.00000000e+00 -5.45723836e-01  5.45723836e-04 
 1.82198500e-02  0.00000000e+00 -5.40293748e-01  5.40293748e-04 
 1.82298500e-02  0.00000000e+00 -5.34917691e-01  5.34917691e-04 
 1.82398500e-02  0.00000000e+00 -5.29595127e-01  5.29595127e-04 
 1.82498500e-02  0.00000000e+00 -5.24325524e-01  5.24325524e-04 
 1.82598500e-02  0.00000000e+00 -5.19108354e-01  5.19108354e-04 
 1.82698500e-02  0.00000000e+00 -5.13943097e-01  5.13943097e-04 
 1.82798500e-02  0.00000000e+00 -5.08829235e-01  5.08829235e-04 
 1.82898500e-02  0.00000000e+00 -5.03766258e-01  5.03766258e-04 
 1.82998500e-02  0.00000000e+00 -4.98753658e-01  4.98753658e-04 
 1.83098500e-02  0.00000000e+00 -4.93790935e-01  4.93790935e-04 
 1.83198500e-02  0.00000000e+00 -4.88877593e-01  4.88877593e-04 
 1.83298500e-02  0.00000000e+00 -4.84013139e-01  4.84013139e-04 
 1.83398500e-02  0.00000000e+00 -4.79197088e-01  4.79197088e-04 
 1.83498500e-02  0.00000000e+00 -4.74428958e-01  4.74428958e-04 
 1.83598500e-02  0.00000000e+00 -4.69708272e-01  4.69708272e-04 
 1.83698500e-02  0.00000000e+00 -4.65034557e-01  4.65034557e-04 
 1.83798500e-02  0.00000000e+00 -4.60407348e-01  4.60407348e-04 
 1.83898500e-02  0.00000000e+00 -4.55826180e-01  4.55826180e-04 
 1.83998500e-02  0.00000000e+00 -4.51290596e-01  4.51290596e-04 
 1.84098500e-02  0.00000000e+00 -4.46800143e-01  4.46800143e-04 
 1.84198500e-02  0.00000000e+00 -4.42354370e-01  4.42354370e-04 
 1.84298500e-02  0.00000000e+00 -4.37952834e-01  4.37952834e-04 
 1.84398500e-02  0.00000000e+00 -4.33595094e-01  4.33595094e-04 
 1.84498500e-02  0.00000000e+00 -4.29280715e-01  4.29280715e-04 
 1.84598500e-02  0.00000000e+00 -4.25009266e-01  4.25009266e-04 
 1.84698500e-02  0.00000000e+00 -4.20780318e-01  4.20780318e-04 
 1.84798500e-02  0.00000000e+00 -4.16593449e-01  4.16593449e-04 
 1.84898500e-02  0.00000000e+00 -4.12448240e-01  4.12448240e-04 
 1.84998500e-02  0.00000000e+00 -4.08344278e-01  4.08344278e-04 
 1.85098500e-02  0.00000000e+00 -4.04281151e-01  4.04281151e-04 
 1.85198500e-02  0.00000000e+00 -4.00258453e-01  4.00258453e-04 
 1.85298500e-02  0.00000000e+00 -3.96275781e-01  3.96275781e-04 
 1.85398500e-02  0.00000000e+00 -3.92332739e-01  3.92332739e-04 
 1.85498500e-02  0.00000000e+00 -3.88428930e-01  3.88428930e-04 
 1.85598500e-02  0.00000000e+00 -3.84563966e-01  3.84563966e-04 
 1.85698500e-02  0.00000000e+00 -3.80737459e-01  3.80737459e-04 
 1.85798500e-02  0.00000000e+00 -3.76949026e-01  3.76949026e-04 
 1.85898500e-02  0.00000000e+00 -3.73198290e-01  3.73198290e-04 
 1.85998500e-02  0.00000000e+00 -3.69484874e-01  3.69484874e-04 
 1.86098500e-02  0.00000000e+00 -3.65808408e-01  3.65808408e-04 
 1.86198500e-02  0.00000000e+00 -3.62168523e-01  3.62168523e-04 
 1.86298500e-02  0.00000000e+00 -3.58564856e-01  3.58564856e-04 
 1.86398500e-02  0.00000000e+00 -3.54997047e-01  3.54997047e-04 
 1.86498500e-02  0.00000000e+00 -3.51464738e-01  3.51464738e-04 
 1.86598500e-02  0.00000000e+00 -3.47967576e-01  3.47967576e-04 
 1.86698500e-02  0.00000000e+00 -3.44505212e-01  3.44505212e-04 
 1.86798500e-02  0.00000000e+00 -3.41077300e-01  3.41077300e-04 
 1.86898500e-02  0.00000000e+00 -3.37683496e-01  3.37683496e-04 
 1.86998500e-02  0.00000000e+00 -3.34323461e-01  3.34323461e-04 
 1.87098500e-02  0.00000000e+00 -3.30996859e-01  3.30996859e-04 
 1.87198500e-02  0.00000000e+00 -3.27703358e-01  3.27703358e-04 
 1.87298500e-02  0.00000000e+00 -3.24442628e-01  3.24442628e-04 
 1.87398500e-02  0.00000000e+00 -3.21214343e-01  3.21214343e-04 
 1.87498500e-02  0.00000000e+00 -3.18018181e-01  3.18018181e-04 
 1.87598500e-02  0.00000000e+00 -3.14853821e-01  3.14853821e-04 
 1.87698500e-02  0.00000000e+00 -3.11720947e-01  3.11720947e-04 
 1.87798500e-02  0.00000000e+00 -3.08619246e-01  3.08619246e-04 
 1.87898500e-02  0.00000000e+00 -3.05548408e-01  3.05548408e-04 
 1.87998500e-02  0.00000000e+00 -3.02508125e-01  3.02508125e-04 
 1.88098500e-02  0.00000000e+00 -2.99498094e-01  2.99498094e-04 
 1.88198500e-02  0.00000000e+00 -2.96518013e-01  2.96518013e-04 
 1.88298500e-02  0.00000000e+00 -2.93567585e-01  2.93567585e-04 
 1.88398500e-02  0.00000000e+00 -2.90646515e-01  2.90646515e-04 
 1.88498500e-02  0.00000000e+00 -2.87754510e-01  2.87754510e-04 
 1.88598500e-02  0.00000000e+00 -2.84891281e-01  2.84891281e-04 
 1.88698500e-02  0.00000000e+00 -2.82056542e-01  2.82056542e-04 
 1.88798500e-02  0.00000000e+00 -2.79250009e-01  2.79250009e-04 
 1.88898500e-02  0.00000000e+00 -2.76471402e-01  2.76471402e-04 
 1.88998500e-02  0.00000000e+00 -2.73720443e-01  2.73720443e-04 
 1.89098500e-02  0.00000000e+00 -2.70996856e-01  2.70996856e-04 
 1.89198500e-02  0.00000000e+00 -2.68300370e-01  2.68300370e-04 
 1.89298500e-02  0.00000000e+00 -2.65630715e-01  2.65630715e-04 
 1.89398500e-02  0.00000000e+00 -2.62987623e-01  2.62987623e-04 
 1.89498500e-02  0.00000000e+00 -2.60370831e-01  2.60370831e-04 
 1.89598500e-02  0.00000000e+00 -2.57780076e-01  2.57780076e-04 
 1.89698500e-02  0.00000000e+00 -2.55215100e-01  2.55215100e-04 
 1.89798500e-02  0.00000000e+00 -2.52675646e-01  2.52675646e-04 
 1.89898500e-02  0.00000000e+00 -2.50161461e-01  2.50161461e-04 
 1.89998500e-02  0.00000000e+00 -2.47672292e-01  2.47672292e-04 
 1.90098500e-02  0.00000000e+00 -2.45207891e-01  2.45207891e-04 
 1.90198500e-02  0.00000000e+00 -2.42768012e-01  2.42768012e-04 
 1.90298500e-02  0.00000000e+00 -2.40352410e-01  2.40352410e-04 
 1.90398500e-02  0.00000000e+00 -2.37960843e-01  2.37960843e-04 
 1.90498500e-02  0.00000000e+00 -2.35593074e-01  2.35593074e-04 
 1.90598500e-02  0.00000000e+00 -2.33248864e-01  2.33248864e-04 
 1.90698500e-02  0.00000000e+00 -2.30927980e-01  2.30927980e-04 
 1.90798500e-02  0.00000000e+00 -2.28630189e-01  2.28630189e-04 
 1.90898500e-02  0.00000000e+00 -2.26355262e-01  2.26355262e-04 
 1.90998500e-02  0.00000000e+00 -2.24102971e-01  2.24102971e-04 
 1.91098500e-02  0.00000000e+00 -2.21873090e-01  2.21873090e-04 
 1.91198500e-02  0.00000000e+00 -2.19665398e-01  2.19665398e-04 
 1.91298500e-02  0.00000000e+00 -2.17479673e-01  2.17479673e-04 
 1.91398500e-02  0.00000000e+00 -2.15315696e-01  2.15315696e-04 
 1.91498500e-02  0.00000000e+00 -2.13173251e-01  2.13173251e-04 
 1.91598500e-02  0.00000000e+00 -2.11052124e-01  2.11052124e-04 
 1.91698500e-02  0.00000000e+00 -2.08952103e-01  2.08952103e-04 
 1.91798500e-02  0.00000000e+00 -2.06872978e-01  2.06872978e-04 
 1.91898500e-02  0.00000000e+00 -2.04814540e-01  2.04814540e-04 
 1.91998500e-02  0.00000000e+00 -2.02776584e-01  2.02776584e-04 
 1.92098500e-02  0.00000000e+00 -2.00758907e-01  2.00758907e-04 
 1.92198500e-02  0.00000000e+00 -1.98761306e-01  1.98761306e-04 
 1.92298500e-02  0.00000000e+00 -1.96783581e-01  1.96783581e-04 
 1.92398500e-02  0.00000000e+00 -1.94825536e-01  1.94825536e-04 
 1.92498500e-02  0.00000000e+00 -1.92886973e-01  1.92886973e-04 
 1.92598500e-02  0.00000000e+00 -1.90967700e-01  1.90967700e-04 
 1.92698500e-02  0.00000000e+00 -1.89067524e-01  1.89067524e-04 
 1.92798500e-02  0.00000000e+00 -1.87186255e-01  1.87186255e-04 
 1.92898500e-02  0.00000000e+00 -1.85323705e-01  1.85323705e-04 
 1.92998500e-02  0.00000000e+00 -1.83479688e-01  1.83479688e-04 
 1.93098500e-02  0.00000000e+00 -1.81654020e-01  1.81654020e-04 
 1.93198500e-02  0.00000000e+00 -1.79846517e-01  1.79846517e-04 
 1.93298500e-02  0.00000000e+00 -1.78056999e-01  1.78056999e-04 
 1.93398500e-02  0.00000000e+00 -1.76285288e-01  1.76285288e-04 
 1.93498500e-02  0.00000000e+00 -1.74531205e-01  1.74531205e-04 
 1.93598500e-02  0.00000000e+00 -1.72794576e-01  1.72794576e-04 
 1.93698500e-02  0.00000000e+00 -1.71075227e-01  1.71075227e-04 
 1.93798500e-02  0.00000000e+00 -1.69372986e-01  1.69372986e-04 
 1.93898500e-02  0.00000000e+00 -1.67687683e-01  1.67687683e-04 
 1.93998500e-02  0.00000000e+00 -1.66019149e-01  1.66019149e-04 
 1.94098500e-02  0.00000000e+00 -1.64367217e-01  1.64367217e-04 
 1.94198500e-02  0.00000000e+00 -1.62731722e-01  1.62731722e-04 
 1.94298500e-02  0.00000000e+00 -1.61112501e-01  1.61112501e-04 
 1.94398500e-02  0.00000000e+00 -1.59509392e-01  1.59509392e-04 
 1.94498500e-02  0.00000000e+00 -1.57922234e-01  1.57922234e-04 
 1.94598500e-02  0.00000000e+00 -1.56350868e-01  1.56350868e-04 
 1.94698500e-02  0.00000000e+00 -1.54795138e-01  1.54795138e-04 
 1.94798500e-02  0.00000000e+00 -1.53254888e-01  1.53254888e-04 
 1.94898500e-02  0.00000000e+00 -1.51729964e-01  1.51729964e-04 
 1.94998500e-02  0.00000000e+00 -1.50220213e-01  1.50220213e-04 
 1.95098500e-02  0.00000000e+00 -1.48725484e-01  1.48725484e-04 
 1.95198500e-02  0.00000000e+00 -1.47245629e-01  1.47245629e-04 
 1.95298500e-02  0.00000000e+00 -1.45780498e-01  1.45780498e-04 
 1.95398500e-02  0.00000000e+00 -1.44329946e-01  1.44329946e-04 
 1.95498500e-02  0.00000000e+00 -1.42893827e-01  1.42893827e-04 
 1.95598500e-02  0.00000000e+00 -1.41471998e-01  1.41471998e-04 
 1.95698500e-02  0.00000000e+00 -1.40064316e-01  1.40064316e-04 
 1.95798500e-02  0.00000000e+00 -1.38670642e-01  1.38670642e-04 
 1.95898500e-02  0.00000000e+00 -1.37290834e-01  1.37290834e-04 
 1.95998500e-02  0.00000000e+00 -1.35924756e-01  1.35924756e-04 
 1.96098500e-02  0.00000000e+00 -1.34572271e-01  1.34572271e-04 
 1.96198500e-02  0.00000000e+00 -1.33233244e-01  1.33233244e-04 
 1.96298500e-02  0.00000000e+00 -1.31907540e-01  1.31907540e-04 
 1.96398500e-02  0.00000000e+00 -1.30595027e-01  1.30595027e-04 
 1.96498500e-02  0.00000000e+00 -1.29295574e-01  1.29295574e-04 
 1.96598500e-02  0.00000000e+00 -1.28009051e-01  1.28009051e-04 
 1.96698500e-02  0.00000000e+00 -1.26735329e-01  1.26735329e-04 
 1.96798500e-02  0.00000000e+00 -1.25474281e-01  1.25474281e-04 
 1.96898500e-02  0.00000000e+00 -1.24225780e-01  1.24225780e-04 
 1.96998500e-02  0.00000000e+00 -1.22989703e-01  1.22989703e-04 
 1.97098500e-02  0.00000000e+00 -1.21765925e-01  1.21765925e-04 
 1.97198500e-02  0.00000000e+00 -1.20554324e-01  1.20554324e-04 
 1.97298500e-02  0.00000000e+00 -1.19354778e-01  1.19354778e-04 
 1.97398500e-02  0.00000000e+00 -1.18167168e-01  1.18167168e-04 
 1.97498500e-02  0.00000000e+00 -1.16991376e-01  1.16991376e-04 
 1.97598500e-02  0.00000000e+00 -1.15827282e-01  1.15827282e-04 
 1.97698500e-02  0.00000000e+00 -1.14674772e-01  1.14674772e-04 
 1.97798500e-02  0.00000000e+00 -1.13533730e-01  1.13533730e-04 
 1.97898500e-02  0.00000000e+00 -1.12404041e-01  1.12404041e-04 
 1.97998500e-02  0.00000000e+00 -1.11285593e-01  1.11285593e-04 
 1.98098500e-02  0.00000000e+00 -1.10178273e-01  1.10178273e-04 
 1.98198500e-02  0.00000000e+00 -1.09081972e-01  1.09081972e-04 
 1.98298500e-02  0.00000000e+00 -1.07996579e-01  1.07996579e-04 
 1.98398500e-02  0.00000000e+00 -1.06921986e-01  1.06921986e-04 
 1.98498500e-02  0.00000000e+00 -1.05858086e-01  1.05858086e-04 
 1.98598500e-02  0.00000000e+00 -1.04804772e-01  1.04804772e-04 
 1.98698500e-02  0.00000000e+00 -1.03761938e-01  1.03761938e-04 
 1.98798500e-02  0.00000000e+00 -1.02729481e-01  1.02729481e-04 
 1.98898500e-02  0.00000000e+00 -1.01707297e-01  1.01707297e-04 
 1.98998500e-02  0.00000000e+00 -1.00695284e-01  1.00695284e-04 
 1.99098500e-02  0.00000000e+00 -9.96933412e-02  9.96933412e-05 
 1.99198500e-02  0.00000000e+00 -9.87013677e-02  9.87013677e-05 
 1.99298500e-02  0.00000000e+00 -9.77192645e-02  9.77192645e-05 
 1.99398500e-02  0.00000000e+00 -9.67469335e-02  9.67469335e-05 
 1.99498500e-02  0.00000000e+00 -9.57842775e-02  9.57842775e-05 
 1.99598500e-02  0.00000000e+00 -9.48312001e-02  9.48312001e-05 
 1.99698500e-02  0.00000000e+00 -9.38876060e-02  9.38876060e-05 
 1.99798500e-02  0.00000000e+00 -9.29534010e-02  9.29534010e-05 
 1.99898500e-02  0.00000000e+00 -9.20284915e-02  9.20284915e-05 
 1.99998500e-02  0.00000000e+00 -9.11127852e-02  9.11127852e-05 
 2.00098500e-02  0.00000000e+00 -9.02061903e-02  9.02061903e-05 
 2.00198500e-02  0.00000000e+00 -8.93086162e-02  8.93086162e-05 
 2.00298500e-02  0.00000000e+00 -8.84199733e-02  8.84199733e-05 
 2.00398500e-02  0.00000000e+00 -8.75401726e-02  8.75401726e-05 
 2.00498500e-02  0.00000000e+00 -8.66691261e-02  8.66691261e-05 
 2.00598500e-02  0.00000000e+00 -8.58067467e-02  8.58067467e-05 
 2.00698500e-02  0.00000000e+00 -8.49529482e-02  8.49529482e-05 
 2.00798500e-02  0.00000000e+00 -8.41076453e-02  8.41076453e-05 
 2.00898500e-02  0.00000000e+00 -8.32707533e-02  8.32707533e-05 
 2.00998500e-02  0.00000000e+00 -8.24421886e-02  8.24421886e-05 
 2.01098500e-02  0.00000000e+00 -8.16218683e-02  8.16218683e-05 
 2.01198500e-02  0.00000000e+00 -8.08097104e-02  8.08097104e-05 
 2.01298500e-02  0.00000000e+00 -8.00056337e-02  8.00056337e-05 
 2.01398500e-02  0.00000000e+00 -7.92095577e-02  7.92095577e-05 
 2.01498500e-02  0.00000000e+00 -7.84214029e-02  7.84214029e-05 
 2.01598500e-02  0.00000000e+00 -7.76410904e-02  7.76410904e-05 
 2.01698500e-02  0.00000000e+00 -7.68685423e-02  7.68685423e-05 
 2.01798500e-02  0.00000000e+00 -7.61036812e-02  7.61036812e-05 
 2.01898500e-02  0.00000000e+00 -7.53464306e-02  7.53464306e-05 
 2.01998500e-02  0.00000000e+00 -7.45967149e-02  7.45967149e-05 
 2.02098500e-02  0.00000000e+00 -7.38544590e-02  7.38544590e-05 
 2.02198500e-02  0.00000000e+00 -7.31195888e-02  7.31195888e-05 
 2.02298500e-02  0.00000000e+00 -7.23920307e-02  7.23920307e-05 
 2.02398500e-02  0.00000000e+00 -7.16717120e-02  7.16717120e-05 
 2.02498500e-02  0.00000000e+00 -7.09585606e-02  7.09585606e-05 
 2.02598500e-02  0.00000000e+00 -7.02525053e-02  7.02525053e-05 
 2.02698500e-02  0.00000000e+00 -6.95534754e-02  6.95534754e-05 
 2.02798500e-02  0.00000000e+00 -6.88614010e-02  6.88614010e-05 
 2.02898500e-02  0.00000000e+00 -6.81762129e-02  6.81762129e-05 
 2.02998500e-02  0.00000000e+00 -6.74978426e-02  6.74978426e-05 
 2.03098500e-02  0.00000000e+00 -6.68262223e-02  6.68262223e-05 
 2.03198500e-02  0.00000000e+00 -6.61612848e-02  6.61612848e-05 
 2.03298500e-02  0.00000000e+00 -6.55029635e-02  6.55029635e-05 
 2.03398500e-02  0.00000000e+00 -6.48511928e-02  6.48511928e-05 
 2.03498500e-02  0.00000000e+00 -6.42059073e-02  6.42059073e-05 
 2.03598500e-02  0.00000000e+00 -6.35670425e-02  6.35670425e-05 
 2.03698500e-02  0.00000000e+00 -6.29345346e-02  6.29345346e-05 
 2.03798500e-02  0.00000000e+00 -6.23083203e-02  6.23083203e-05 
 2.03898500e-02  0.00000000e+00 -6.16883371e-02  6.16883371e-05 
 2.03998500e-02  0.00000000e+00 -6.10745228e-02  6.10745228e-05 
 2.04098500e-02  0.00000000e+00 -6.04668161e-02  6.04668161e-05 
 2.04198500e-02  0.00000000e+00 -5.98651562e-02  5.98651562e-05 
 2.04298500e-02  0.00000000e+00 -5.92694830e-02  5.92694830e-05 
 2.04398500e-02  0.00000000e+00 -5.86797369e-02  5.86797369e-05 
 2.04498500e-02  0.00000000e+00 -5.80958589e-02  5.80958589e-05 
 2.04598500e-02  0.00000000e+00 -5.75177907e-02  5.75177907e-05 
 2.04698500e-02  0.00000000e+00 -5.69454744e-02  5.69454744e-05 
 2.04798500e-02  0.00000000e+00 -5.63788527e-02  5.63788527e-05 
 2.04898500e-02  0.00000000e+00 -5.58178691e-02  5.58178691e-05 
 2.04998500e-02  0.00000000e+00 -5.52624674e-02  5.52624674e-05 
 2.05098500e-02  0.00000000e+00 -5.47125921e-02  5.47125921e-05 
 2.05198500e-02  0.00000000e+00 -5.41681882e-02  5.41681882e-05 
 2.05298500e-02  0.00000000e+00 -5.36292013e-02  5.36292013e-05 
 2.05398500e-02  0.00000000e+00 -5.30955774e-02  5.30955774e-05 
 2.05498500e-02  0.00000000e+00 -5.25672632e-02  5.25672632e-05 
 2.05598500e-02  0.00000000e+00 -5.20442058e-02  5.20442058e-05 
 2.05698500e-02  0.00000000e+00 -5.15263530e-02  5.15263530e-05 
 2.05798500e-02  0.00000000e+00 -5.10136530e-02  5.10136530e-05 
 2.05898500e-02  0.00000000e+00 -5.05060545e-02  5.05060545e-05 
 2.05998500e-02  0.00000000e+00 -5.00035067e-02  5.00035067e-05 
 2.06098500e-02  0.00000000e+00 -4.95059593e-02  4.95059593e-05 
 2.06198500e-02  0.00000000e+00 -4.90133627e-02  4.90133627e-05 
 2.06298500e-02  0.00000000e+00 -4.85256676e-02  4.85256676e-05 
 2.06398500e-02  0.00000000e+00 -4.80428251e-02  4.80428251e-05 
 2.06498500e-02  0.00000000e+00 -4.75647871e-02  4.75647871e-05 
 2.06598500e-02  0.00000000e+00 -4.70915056e-02  4.70915056e-05 
 2.06698500e-02  0.00000000e+00 -4.66229334e-02  4.66229334e-05 
 2.06798500e-02  0.00000000e+00 -4.61590236e-02  4.61590236e-05 
 2.06898500e-02  0.00000000e+00 -4.56997298e-02  4.56997298e-05 
 2.06998500e-02  0.00000000e+00 -4.52450062e-02  4.52450062e-05 
 2.07098500e-02  0.00000000e+00 -4.47948071e-02  4.47948071e-05 
 2.07198500e-02  0.00000000e+00 -4.43490876e-02  4.43490876e-05 
 2.07298500e-02  0.00000000e+00 -4.39078032e-02  4.39078032e-05 
 2.07398500e-02  0.00000000e+00 -4.34709096e-02  4.34709096e-05 
 2.07498500e-02  0.00000000e+00 -4.30383632e-02  4.30383632e-05 
 2.07598500e-02  0.00000000e+00 -4.26101208e-02  4.26101208e-05 
 2.07698500e-02  0.00000000e+00 -4.21861395e-02  4.21861395e-05 
 2.07798500e-02  0.00000000e+00 -4.17663769e-02  4.17663769e-05 
 2.07898500e-02  0.00000000e+00 -4.13507911e-02  4.13507911e-05 
 2.07998500e-02  0.00000000e+00 -4.09393404e-02  4.09393404e-05 
 2.08098500e-02  0.00000000e+00 -4.05319838e-02  4.05319838e-05 
 2.08198500e-02  0.00000000e+00 -4.01286805e-02  4.01286805e-05 
 2.08298500e-02  0.00000000e+00 -3.97293901e-02  3.97293901e-05 
 2.08398500e-02  0.00000000e+00 -3.93340728e-02  3.93340728e-05 
 2.08498500e-02  0.00000000e+00 -3.89426890e-02  3.89426890e-05 
 2.08598500e-02  0.00000000e+00 -3.85551996e-02  3.85551996e-05 
 2.08698500e-02  0.00000000e+00 -3.81715657e-02  3.81715657e-05 
 2.08798500e-02  0.00000000e+00 -3.77917492e-02  3.77917492e-05 
 2.08898500e-02  0.00000000e+00 -3.74157119e-02  3.74157119e-05 
 2.08998500e-02  0.00000000e+00 -3.70434162e-02  3.70434162e-05 
 2.09098500e-02  0.00000000e+00 -3.66748250e-02  3.66748250e-05 
 2.09198500e-02  0.00000000e+00 -3.63099014e-02  3.63099014e-05 
 2.09298500e-02  0.00000000e+00 -3.59486088e-02  3.59486088e-05 
 2.09398500e-02  0.00000000e+00 -3.55909112e-02  3.55909112e-05 
 2.09498500e-02  0.00000000e+00 -3.52367728e-02  3.52367728e-05 
 2.09598500e-02  0.00000000e+00 -3.48861582e-02  3.48861582e-05 
 2.09698500e-02  0.00000000e+00 -3.45390322e-02  3.45390322e-05 
 2.09798500e-02  0.00000000e+00 -3.41953602e-02  3.41953602e-05 
 2.09898500e-02  0.00000000e+00 -3.38551079e-02  3.38551079e-05 
 2.09949250e-02  0.00000000e+00 -3.36837281e-02  3.36837281e-05 
 2.10000000e-02  0.00000000e+00 -3.35132159e-02  3.35132159e-05 
 2.10001000e-02  5.00000000e-01  4.66440140e-01 -4.66440140e-04 
 2.10003000e-02  1.50000000e+00  1.46624687e+00 -1.46624687e-03 
 2.10006500e-02  3.25000000e+00  3.21542758e+00 -3.21542758e-03 
 2.10010000e-02  5.00000000e+00  4.96399618e+00 -4.96399618e-03 
 2.10010700e-02  5.00000000e+00  4.96364872e+00 -4.96364872e-03 
 2.10012100e-02  5.00000000e+00  4.96295386e+00 -4.96295386e-03 
 2.10014900e-02  5.00000000e+00  4.96156443e+00 -4.96156443e-03 
 2.10020500e-02  5.00000000e+00  4.95878673e+00 -4.95878673e-03 
 2.10031700e-02  5.00000000e+00  4.95323600e+00 -4.95323600e-03 
 2.10054100e-02  5.00000000e+00  4.94215316e+00 -4.94215316e-03 
 2.10098900e-02  5.00000000e+00  4.92006180e+00 -4.92006180e-03 
 2.10188500e-02  5.00000000e+00  4.87617466e+00 -4.87617466e-03 
 2.10288500e-02  5.00000000e+00  4.82765551e+00 -4.82765551e-03 
 2.10388500e-02  5.00000000e+00  4.77961914e+00 -4.77961914e-03 
 2.10488500e-02  5.00000000e+00  4.73206074e+00 -4.73206074e-03 
 2.10588500e-02  5.00000000e+00  4.68497556e+00 -4.68497556e-03 
 2.10688500e-02  5.00000000e+00  4.63835888e+00 -4.63835888e-03 
 2.10788500e-02  5.00000000e+00  4.59220606e+00 -4.59220606e-03 
 2.10888500e-02  5.00000000e+00  4.54651247e+00 -4.54651247e-03 
 2.10988500e-02  5.00000000e+00  4.50127354e+00 -4.50127354e-03 
 2.11088500e-02  5.00000000e+00  4.45648475e+00 -4.45648475e-03 
 2.11188500e-02  5.00000000e+00  4.41214161e+00 -4.41214161e-03 
 2.11288500e-02  5.00000000e+00  4.36823971e+00 -4.36823971e-03 
 2.11388500e-02  5.00000000e+00  4.32477464e+00 -4.32477464e-03 
 2.11488500e-02  5.00000000e+00  4.28174205e+00 -4.28174205e-03 
 2.11588500e-02  5.00000000e+00  4.23913765e+00 -4.23913765e-03 
 2.11688500e-02  5.00000000e+00  4.19695718e+00 -4.19695718e-03 
 2.11788500e-02  5.00000000e+00  4.15519641e+00 -4.15519641e-03 
 2.11888500e-02  5.00000000e+00  4.11385117e+00 -4.11385117e-03 
 2.11988500e-02  5.00000000e+00  4.07291733e+00 -4.07291733e-03 
 2.12088500e-02  5.00000000e+00  4.03239079e+00 -4.03239079e-03 
 2.12188500e-02  5.00000000e+00  3.99226750e+00 -3.99226750e-03 
 2.12288500e-02  5.00000000e+00  3.95254344e+00 -3.95254344e-03 
 2.12388500e-02  5.00000000e+00  3.91321465e+00 -3.91321465e-03 
 2.12488500e-02  5.00000000e+00  3.87427719e+00 -3.87427719e-03 
 2.12588500e-02  5.00000000e+00  3.83572717e+00 -3.83572717e-03 
 2.12688500e-02  5.00000000e+00  3.79756073e+00 -3.79756073e-03 
 2.12788500e-02  5.00000000e+00  3.75977406e+00 -3.75977406e-03 
 2.12888500e-02  5.00000000e+00  3.72236337e+00 -3.72236337e-03 
 2.12988500e-02  5.00000000e+00  3.68532493e+00 -3.68532493e-03 
 2.13088500e-02  5.00000000e+00  3.64865503e+00 -3.64865503e-03 
 2.13188500e-02  5.00000000e+00  3.61235001e+00 -3.61235001e-03 
 2.13288500e-02  5.00000000e+00  3.57640622e+00 -3.57640622e-03 
 2.13388500e-02  5.00000000e+00  3.54082009e+00 -3.54082009e-03 
 2.13488500e-02  5.00000000e+00  3.50558805e+00 -3.50558805e-03 
 2.13588500e-02  5.00000000e+00  3.47070658e+00 -3.47070658e-03 
 2.13688500e-02  5.00000000e+00  3.43617218e+00 -3.43617218e-03 
 2.13788500e-02  5.00000000e+00  3.40198142e+00 -3.40198142e-03 
 2.13888500e-02  5.00000000e+00  3.36813086e+00 -3.36813086e-03 
 2.13988500e-02  5.00000000e+00  3.33461712e+00 -3.33461712e-03 
 2.14088500e-02  5.00000000e+00  3.30143685e+00 -3.30143685e-03 
 2.14188500e-02  5.00000000e+00  3.26858673e+00 -3.26858673e-03 
 2.14288500e-02  5.00000000e+00  3.23606348e+00 -3.23606348e-03 
 2.14388500e-02  5.00000000e+00  3.20386384e+00 -3.20386384e-03 
 2.14488500e-02  5.00000000e+00  3.17198460e+00 -3.17198460e-03 
 2.14588500e-02  5.00000000e+00  3.14042256e+00 -3.14042256e-03 
 2.14688500e-02  5.00000000e+00  3.10917458e+00 -3.10917458e-03 
 2.14788500e-02  5.00000000e+00  3.07823752e+00 -3.07823752e-03 
 2.14888500e-02  5.00000000e+00  3.04760829e+00 -3.04760829e-03 
 2.14988500e-02  5.00000000e+00  3.01728383e+00 -3.01728383e-03 
 2.15088500e-02  5.00000000e+00  2.98726110e+00 -2.98726110e-03 
 2.15188500e-02  5.00000000e+00  2.95753711e+00 -2.95753711e-03 
 2.15288500e-02  5.00000000e+00  2.92810888e+00 -2.92810888e-03 
 2.15388500e-02  5.00000000e+00  2.89897347e+00 -2.89897347e-03 
 2.15488500e-02  5.00000000e+00  2.87012796e+00 -2.87012796e-03 
 2.15588500e-02  5.00000000e+00  2.84156947e+00 -2.84156947e-03 
 2.15688500e-02  5.00000000e+00  2.81329515e+00 -2.81329515e-03 
 2.15788500e-02  5.00000000e+00  2.78530217e+00 -2.78530217e-03 
 2.15888500e-02  5.00000000e+00  2.75758772e+00 -2.75758772e-03 
 2.15988500e-02  5.00000000e+00  2.73014903e+00 -2.73014903e-03 
 2.16088500e-02  5.00000000e+00  2.70298337e+00 -2.70298337e-03 
 2.16188500e-02  5.00000000e+00  2.67608801e+00 -2.67608801e-03 
 2.16288500e-02  5.00000000e+00  2.64946027e+00 -2.64946027e-03 
 2.16388500e-02  5.00000000e+00  2.62309748e+00 -2.62309748e-03 
 2.16488500e-02  5.00000000e+00  2.59699701e+00 -2.59699701e-03 
 2.16588500e-02  5.00000000e+00  2.57115624e+00 -2.57115624e-03 
 2.16688500e-02  5.00000000e+00  2.54557260e+00 -2.54557260e-03 
 2.16788500e-02  5.00000000e+00  2.52024352e+00 -2.52024352e-03 
 2.16888500e-02  5.00000000e+00  2.49516647e+00 -2.49516647e-03 
 2.16988500e-02  5.00000000e+00  2.47033894e+00 -2.47033894e-03 
 2.17088500e-02  5.00000000e+00  2.44575846e+00 -2.44575846e-03 
 2.17188500e-02  5.00000000e+00  2.42142255e+00 -2.42142255e-03 
 2.17288500e-02  5.00000000e+00  2.39732879e+00 -2.39732879e-03 
 2.17388500e-02  5.00000000e+00  2.37347478e+00 -2.37347478e-03 
 2.17488500e-02  5.00000000e+00  2.34985811e+00 -2.34985811e-03 
 2.17588500e-02  5.00000000e+00  2.32647644e+00 -2.32647644e-03 
 2.17688500e-02  5.00000000e+00  2.30332742e+00 -2.30332742e-03 
 2.17788500e-02  5.00000000e+00  2.28040874e+00 -2.28040874e-03 
 2.17888500e-02  5.00000000e+00  2.25771810e+00 -2.25771810e-03 
 2.17988500e-02  5.00000000e+00  2.23525325e+00 -2.23525325e-03 
 2.18088500e-02  5.00000000e+00  2.21301192e+00 -2.21301192e-03 
 2.18188500e-02  5.00000000e+00  2.19099190e+00 -2.19099190e-03 
 2.18288500e-02  5.00000000e+00  2.16919099e+00 -2.16919099e-03 
 2.18388500e-02  5.00000000e+00  2.14760700e+00 -2.14760700e-03 
 2.18488500e-02  5.00000000e+00  2.12623777e+00 -2.12623777e-03 
 2.18588500e-02  5.00000000e+00  2.10508118e+00 -2.10508118e-03 
 2.18688500e-02  5.00000000e+00  2.08413510e+00 -2.08413510e-03 
 2.18788500e-02  5.00000000e+00  2.06339744e+00 -2.06339744e-03 
 2.18888500e-02  5.00000000e+00  2.04286612e+00 -2.04286612e-03 
 2.18988500e-02  5.00000000e+00  2.02253909e+00 -2.02253909e-03 
 2.19088500e-02  5.00000000e+00  2.00241432e+00 -2.00241432e-03 
 2.19188500e-02  5.00000000e+00  1.98248980e+00 -1.98248980e-03 
 2.19288500e-02  5.00000000e+00  1.96276354e+00 -1.96276354e-03 
 2.19388500e-02  5.00000000e+00  1.94323355e+00 -1.94323355e-03 
 2.19488500e-02  5.00000000e+00  1.92389789e+00 -1.92389789e-03 
 2.19588500e-02  5.00000000e+00  1.90475463e+00 -1.90475463e-03 
 2.19688500e-02  5.00000000e+00  1.88580185e+00 -1.88580185e-03 
 2.19788500e-02  5.00000000e+00  1.86703765e+00 -1.86703765e-03 
 2.19888500e-02  5.00000000e+00  1.84846016e+00 -1.84846016e-03 
 2.19988500e-02  5.00000000e+00  1.83006752e+00 -1.83006752e-03 
 2.20088500e-02  5.00000000e+00  1.81185790e+00 -1.81185790e-03 
 2.20188500e-02  5.00000000e+00  1.79382946e+00 -1.79382946e-03 
 2.20288500e-02  5.00000000e+00  1.77598041e+00 -1.77598041e-03 
 2.20388500e-02  5.00000000e+00  1.75830896e+00 -1.75830896e-03 
 2.20488500e-02  5.00000000e+00  1.74081335e+00 -1.74081335e-03 
 2.20588500e-02  5.00000000e+00  1.72349183e+00 -1.72349183e-03 
 2.20688500e-02  5.00000000e+00  1.70634265e+00 -1.70634265e-03 
 2.20788500e-02  5.00000000e+00  1.68936412e+00 -1.68936412e-03 
 2.20888500e-02  5.00000000e+00  1.67255453e+00 -1.67255453e-03 
 2.20988500e-02  5.00000000e+00  1.65591219e+00 -1.65591219e-03 
 2.21088500e-02  5.00000000e+00  1.63943546e+00 -1.63943546e-03 
 2.21188500e-02  5.00000000e+00  1.62312266e+00 -1.62312266e-03 
 2.21288500e-02  5.00000000e+00  1.60697219e+00 -1.60697219e-03 
 2.21388500e-02  5.00000000e+00  1.59098242e+00 -1.59098242e-03 
 2.21488500e-02  5.00000000e+00  1.57515175e+00 -1.57515175e-03 
 2.21588500e-02  5.00000000e+00  1.55947860e+00 -1.55947860e-03 
 2.21688500e-02  5.00000000e+00  1.54396140e+00 -1.54396140e-03 
 2.21788500e-02  5.00000000e+00  1.52859860e+00 -1.52859860e-03 
 2.21888500e-02  5.00000000e+00  1.51338866e+00 -1.51338866e-03 
 2.21988500e-02  5.00000000e+00  1.49833007e+00 -1.49833007e-03 
 2.22088500e-02  5.00000000e+00  1.48342131e+00 -1.48342131e-03 
 2.22188500e-02  5.00000000e+00  1.46866090e+00 -1.46866090e-03 
 2.22288500e-02  5.00000000e+00  1.45404736e+00 -1.45404736e-03 
 2.22388500e-02  5.00000000e+00  1.43957922e+00 -1.43957922e-03 
 2.22488500e-02  5.00000000e+00  1.42525505e+00 -1.42525505e-03 
 2.22588500e-02  5.00000000e+00  1.41107341e+00 -1.41107341e-03 
 2.22688500e-02  5.00000000e+00  1.39703288e+00 -1.39703288e-03 
 2.22788500e-02  5.00000000e+00  1.38313205e+00 -1.38313205e-03 
 2.22888500e-02  5.00000000e+00  1.36936955e+00 -1.36936955e-03 
 2.22988500e-02  5.00000000e+00  1.35574398e+00 -1.35574398e-03 
 2.23088500e-02  5.00000000e+00  1.34225399e+00 -1.34225399e-03 
 2.23188500e-02  5.00000000e+00  1.32889823e+00 -1.32889823e-03 
 2.23288500e-02  5.00000000e+00  1.31567536e+00 -1.31567536e-03 
 2.23388500e-02  5.00000000e+00  1.30258406e+00 -1.30258406e-03 
 2.23488500e-02  5.00000000e+00  1.28962303e+00 -1.28962303e-03 
 2.23588500e-02  5.00000000e+00  1.27679096e+00 -1.27679096e-03 
 2.23688500e-02  5.00000000e+00  1.26408657e+00 -1.26408657e-03 
 2.23788500e-02  5.00000000e+00  1.25150859e+00 -1.25150859e-03 
 2.23888500e-02  5.00000000e+00  1.23905577e+00 -1.23905577e-03 
 2.23988500e-02  5.00000000e+00  1.22672686e+00 -1.22672686e-03 
 2.24088500e-02  5.00000000e+00  1.21452062e+00 -1.21452062e-03 
 2.24188500e-02  5.00000000e+00  1.20243584e+00 -1.20243584e-03 
 2.24288500e-02  5.00000000e+00  1.19047130e+00 -1.19047130e-03 
 2.24388500e-02  5.00000000e+00  1.17862582e+00 -1.17862582e-03 
 2.24488500e-02  5.00000000e+00  1.16689820e+00 -1.16689820e-03 
 2.24588500e-02  5.00000000e+00  1.15528727e+00 -1.15528727e-03 
 2.24688500e-02  5.00000000e+00  1.14379187e+00 -1.14379187e-03 
 2.24788500e-02  5.00000000e+00  1.13241086e+00 -1.13241086e-03 
 2.24888500e-02  5.00000000e+00  1.12114309e+00 -1.12114309e-03 
 2.24988500e-02  5.00000000e+00  1.10998744e+00 -1.10998744e-03 
 2.25088500e-02  5.00000000e+00  1.09894279e+00 -1.09894279e-03 
 2.25188500e-02  5.00000000e+00  1.08800803e+00 -1.08800803e-03 
 2.25288500e-02  5.00000000e+00  1.07718208e+00 -1.07718208e-03 
 2.25388500e-02  5.00000000e+00  1.06646385e+00 -1.06646385e-03 
 2.25488500e-02  5.00000000e+00  1.05585227e+00 -1.05585227e-03 
 2.25588500e-02  5.00000000e+00  1.04534628e+00 -1.04534628e-03 
 2.25688500e-02  5.00000000e+00  1.03494482e+00 -1.03494482e-03 
 2.25788500e-02  5.00000000e+00  1.02464687e+00 -1.02464687e-03 
 2.25888500e-02  5.00000000e+00  1.01445137e+00 -1.01445137e-03 
 2.25988500e-02  5.00000000e+00  1.00435733e+00 -1.00435733e-03 
 2.26088500e-02  5.00000000e+00  9.94363725e-01 -9.94363725e-04 
 2.26188500e-02  5.00000000e+00  9.84469559e-01 -9.84469559e-04 
 2.26288500e-02  5.00000000e+00  9.74673842e-01 -9.74673842e-04 
 2.26388500e-02  5.00000000e+00  9.64975595e-01 -9.64975595e-04 
 2.26488500e-02  5.00000000e+00  9.55373847e-01 -9.55373847e-04 
 2.26588500e-02  5.00000000e+00  9.45867640e-01 -9.45867640e-04 
 2.26688500e-02  5.00000000e+00  9.36456022e-01 -9.36456022e-04 
 2.26788500e-02  5.00000000e+00  9.27138051e-01 -9.27138051e-04 
 2.26888500e-02  5.00000000e+00  9.17912797e-01 -9.17912797e-04 
 2.26988500e-02  5.00000000e+00  9.08779336e-01 -9.08779336e-04 
 2.27088500e-02  5.00000000e+00  8.99736756e-01 -8.99736756e-04 
 2.27188500e-02  5.00000000e+00  8.90784151e-01 -8.90784151e-04 
 2.27288500e-02  5.00000000e+00  8.81920627e-01 -8.81920627e-04 
 2.27388500e-02  5.00000000e+00  8.73145298e-01 -8.73145298e-04 
 2.27488500e-02  5.00000000e+00  8.64457285e-01 -8.64457285e-04 
 2.27588500e-02  5.00000000e+00  8.55855720e-01 -8.55855720e-04 
 2.27688500e-02  5.00000000e+00  8.47339743e-01 -8.47339743e-04 
 2.27788500e-02  5.00000000e+00  8.38908501e-01 -8.38908501e-04 
 2.27888500e-02  5.00000000e+00  8.30561153e-01 -8.30561153e-04 
 2.27988500e-02  5.00000000e+00  8.22296863e-01 -8.22296863e-04 
 2.28088500e-02  5.00000000e+00  8.14114805e-01 -8.14114805e-04 
 2.28188500e-02  5.00000000e+00  8.06014160e-01 -8.06014160e-04 
 2.28288500e-02  5.00000000e+00  7.97994118e-01 -7.97994118e-04 
 2.28388500e-02  5.00000000e+00  7.90053878e-01 -7.90053878e-04 
 2.28488500e-02  5.00000000e+00  7.82192646e-01 -7.82192646e-04 
 2.28588500e-02  5.00000000e+00  7.74409634e-01 -7.74409634e-04 
 2.28688500e-02  5.00000000e+00  7.66704066e-01 -7.66704066e-04 
 2.28788500e-02  5.00000000e+00  7.59075170e-01 -7.59075170e-04 
 2.28888500e-02  5.00000000e+00  7.51522183e-01 -7.51522183e-04 
 2.28988500e-02  5.00000000e+00  7.44044350e-01 -7.44044350e-04 
 2.29088500e-02  5.00000000e+00  7.36640924e-01 -7.36640924e-04 
 2.29188500e-02  5.00000000e+00  7.29311163e-01 -7.29311163e-04 
 2.29288500e-02  5.00000000e+00  7.22054336e-01 -7.22054336e-04 
 2.29388500e-02  5.00000000e+00  7.14869716e-01 -7.14869716e-04 
 2.29488500e-02  5.00000000e+00  7.07756584e-01 -7.07756584e-04 
 2.29588500e-02  5.00000000e+00  7.00714230e-01 -7.00714230e-04 
 2.29688500e-02  5.00000000e+00  6.93741949e-01 -6.93741949e-04 
 2.29788500e-02  5.00000000e+00  6.86839044e-01 -6.86839044e-04 
 2.29888500e-02  5.00000000e+00  6.80004825e-01 -6.80004825e-04 
 2.29988500e-02  5.00000000e+00  6.73238608e-01 -6.73238608e-04 
 2.30088500e-02  5.00000000e+00  6.66539716e-01 -6.66539716e-04 
 2.30188500e-02  5.00000000e+00  6.59907480e-01 -6.59907480e-04 
 2.30288500e-02  5.00000000e+00  6.53341237e-01 -6.53341237e-04 
 2.30388500e-02  5.00000000e+00  6.46840329e-01 -6.46840329e-04 
 2.30488500e-02  5.00000000e+00  6.40404107e-01 -6.40404107e-04 
 2.30588500e-02  5.00000000e+00  6.34031926e-01 -6.34031926e-04 
 2.30688500e-02  5.00000000e+00  6.27723151e-01 -6.27723151e-04 
 2.30788500e-02  5.00000000e+00  6.21477150e-01 -6.21477150e-04 
 2.30888500e-02  5.00000000e+00  6.15293297e-01 -6.15293297e-04 
 2.30988500e-02  5.00000000e+00  6.09170976e-01 -6.09170976e-04 
 2.31088500e-02  5.00000000e+00  6.03109573e-01 -6.03109573e-04 
 2.31188500e-02  5.00000000e+00  5.97108483e-01 -5.97108483e-04 
 2.31288500e-02  5.00000000e+00  5.91167105e-01 -5.91167105e-04 
 2.31388500e-02  5.00000000e+00  5.85284845e-01 -5.85284845e-04 
 2.31488500e-02  5.00000000e+00  5.79461115e-01 -5.79461115e-04 
 2.31588500e-02  5.00000000e+00  5.73695333e-01 -5.73695333e-04 
 2.31688500e-02  5.00000000e+00  5.67986922e-01 -5.67986922e-04 
 2.31788500e-02  5.00000000e+00  5.62335311e-01 -5.62335311e-04 
 2.31888500e-02  5.00000000e+00  5.56739935e-01 -5.56739935e-04 
 2.31988500e-02  5.00000000e+00  5.51200234e-01 -5.51200234e-04 
 2.32088500e-02  5.00000000e+00  5.45715654e-01 -5.45715654e-04 
 2.32188500e-02  5.00000000e+00  5.40285648e-01 -5.40285648e-04 
 2.32288500e-02  5.00000000e+00  5.34909671e-01 -5.34909671e-04 
 2.32388500e-02  5.00000000e+00  5.29587187e-01 -5.29587187e-04 
 2.32488500e-02  5.00000000e+00  5.24317663e-01 -5.24317663e-04 
 2.32588500e-02  5.00000000e+00  5.19100571e-01 -5.19100571e-04 
 2.32688500e-02  5.00000000e+00  5.13935392e-01 -5.13935392e-04 
 2.32788500e-02  5.00000000e+00  5.08821607e-01 -5.08821607e-04 
 2.32888500e-02  5.00000000e+00  5.03758705e-01 -5.03758705e-04 
 2.32988500e-02  5.00000000e+00  4.98746181e-01 -4.98746181e-04 
 2.33088500e-02  5.00000000e+00  4.93783532e-01 -4.93783532e-04 
 2.33188500e-02  5.00000000e+00  4.88870263e-01 -4.88870263e-04 
 2.33288500e-02  5.00000000e+00  4.84005882e-01 -4.84005882e-04 
 2.33388500e-02  5.00000000e+00  4.79189903e-01 -4.79189903e-04 
 2.33488500e-02  5.00000000e+00  4.74421845e-01 -4.74421845e-04 
 2.33588500e-02  5.00000000e+00  4.69701229e-01 -4.69701229e-04 
 2.33688500e-02  5.00000000e+00  4.65027585e-01 -4.65027585e-04 
 2.33788500e-02  5.00000000e+00  4.60400445e-01 -4.60400445e-04 
 2.33888500e-02  5.00000000e+00  4.55819346e-01 -4.55819346e-04 
 2.33988500e-02  5.00000000e+00  4.51283830e-01 -4.51283830e-04 
 2.34088500e-02  5.00000000e+00  4.46793444e-01 -4.46793444e-04 
 2.34188500e-02  5.00000000e+00  4.42347738e-01 -4.42347738e-04 
 2.34288500e-02  5.00000000e+00  4.37946268e-01 -4.37946268e-04 
 2.34388500e-02  5.00000000e+00  4.33588594e-01 -4.33588594e-04 
 2.34488500e-02  5.00000000e+00  4.29274279e-01 -4.29274279e-04 
 2.34588500e-02  5.00000000e+00  4.25002893e-01 -4.25002893e-04 
 2.34688500e-02  5.00000000e+00  4.20774009e-01 -4.20774009e-04 
 2.34788500e-02  5.00000000e+00  4.16587203e-01 -4.16587203e-04 
 2.34888500e-02  5.00000000e+00  4.12442057e-01 -4.12442057e-04 
 2.34988500e-02  5.00000000e+00  4.08338155e-01 -4.08338155e-04 
 2.35088500e-02  5.00000000e+00  4.04275089e-01 -4.04275089e-04 
 2.35188500e-02  5.00000000e+00  4.00252452e-01 -4.00252452e-04 
 2.35288500e-02  5.00000000e+00  3.96269840e-01 -3.96269840e-04 
 2.35388500e-02  5.00000000e+00  3.92326857e-01 -3.92326857e-04 
 2.35488500e-02  5.00000000e+00  3.88423107e-01 -3.88423107e-04 
 2.35588500e-02  5.00000000e+00  3.84558200e-01 -3.84558200e-04 
 2.35688500e-02  5.00000000e+00  3.80731751e-01 -3.80731751e-04 
 2.35788500e-02  5.00000000e+00  3.76943375e-01 -3.76943375e-04 
 2.35888500e-02  5.00000000e+00  3.73192695e-01 -3.73192695e-04 
 2.35988500e-02  5.00000000e+00  3.69479334e-01 -3.69479334e-04 
 2.36088500e-02  5.00000000e+00  3.65802923e-01 -3.65802923e-04 
 2.36188500e-02  5.00000000e+00  3.62163093e-01 -3.62163093e-04 
 2.36288500e-02  5.00000000e+00  3.58559480e-01 -3.58559480e-04 
 2.36388500e-02  5.00000000e+00  3.54991724e-01 -3.54991724e-04 
 2.36488500e-02  5.00000000e+00  3.51459468e-01 -3.51459468e-04 
 2.36588500e-02  5.00000000e+00  3.47962359e-01 -3.47962359e-04 
 2.36688500e-02  5.00000000e+00  3.44500047e-01 -3.44500047e-04 
 2.36788500e-02  5.00000000e+00  3.41072186e-01 -3.41072186e-04 
 2.36888500e-02  5.00000000e+00  3.37678433e-01 -3.37678433e-04 
 2.36988500e-02  5.00000000e+00  3.34318448e-01 -3.34318448e-04 
 2.37088500e-02  5.00000000e+00  3.30991897e-01 -3.30991897e-04 
 2.37188500e-02  5.00000000e+00  3.27698445e-01 -3.27698445e-04 
 2.37288500e-02  5.00000000e+00  3.24437764e-01 -3.24437764e-04 
 2.37388500e-02  5.00000000e+00  3.21209527e-01 -3.21209527e-04 
 2.37488500e-02  5.00000000e+00  3.18013413e-01 -3.18013413e-04 
 2.37588500e-02  5.00000000e+00  3.14849100e-01 -3.14849100e-04 
 2.37688500e-02  5.00000000e+00  3.11716273e-01 -3.11716273e-04 
 2.37788500e-02  5.00000000e+00  3.08614619e-01 -3.08614619e-04 
 2.37888500e-02  5.00000000e+00  3.05543827e-01 -3.05543827e-04 
 2.37988500e-02  5.00000000e+00  3.02503590e-01 -3.02503590e-04 
 2.38088500e-02  5.00000000e+00  2.99493604e-01 -2.99493604e-04 
 2.38188500e-02  5.00000000e+00  2.96513568e-01 -2.96513568e-04 
 2.38288500e-02  5.00000000e+00  2.93563184e-01 -2.93563184e-04 
 2.38388500e-02  5.00000000e+00  2.90642157e-01 -2.90642157e-04 
 2.38488500e-02  5.00000000e+00  2.87750195e-01 -2.87750195e-04 
 2.38588500e-02  5.00000000e+00  2.84887009e-01 -2.84887009e-04 
 2.38688500e-02  5.00000000e+00  2.82052313e-01 -2.82052313e-04 
 2.38788500e-02  5.00000000e+00  2.79245822e-01 -2.79245822e-04 
 2.38888500e-02  5.00000000e+00  2.76467257e-01 -2.76467257e-04 
 2.38988500e-02  5.00000000e+00  2.73716339e-01 -2.73716339e-04 
 2.39088500e-02  5.00000000e+00  2.70992793e-01 -2.70992793e-04 
 2.39188500e-02  5.00000000e+00  2.68296347e-01 -2.68296347e-04 
 2.39288500e-02  5.00000000e+00  2.65626732e-01 -2.65626732e-04 
 2.39388500e-02  5.00000000e+00  2.62983680e-01 -2.62983680e-04 
 2.39488500e-02  5.00000000e+00  2.60366927e-01 -2.60366927e-04 
 2.39588500e-02  5.00000000e+00  2.57776211e-01 -2.57776211e-04 
 2.39688500e-02  5.00000000e+00  2.55211274e-01 -2.55211274e-04 
 2.39788500e-02  5.00000000e+00  2.52671858e-01 -2.52671858e-04 
 2.39888500e-02  5.00000000e+00  2.50157710e-01 -2.50157710e-04 
 2.39988500e-02  5.00000000e+00  2.47668579e-01 -2.47668579e-04 
 2.40088500e-02  5.00000000e+00  2.45204215e-01 -2.45204215e-04 
 2.40188500e-02  5.00000000e+00  2.42764372e-01 -2.42764372e-04 
 2.40288500e-02  5.00000000e+00  2.40348806e-01 -2.40348806e-04 
 2.40388500e-02  5.00000000e+00  2.37957276e-01 -2.37957276e-04 
 2.40488500e-02  5.00000000e+00  2.35589542e-01 -2.35589542e-04 
 2.40588500e-02  5.00000000e+00  2.33245367e-01 -2.33245367e-04 
 2.40688500e-02  5.00000000e+00  2.30924518e-01 -2.30924518e-04 
 2.40788500e-02  5.00000000e+00  2.28626761e-01 -2.28626761e-04 
 2.40888500e-02  5.00000000e+00  2.26351868e-01 -2.26351868e-04 
 2.40988500e-02  5.00000000e+00  2.24099611e-01 -2.24099611e-04 
 2.41088500e-02  5.00000000e+00  2.21869764e-01 -2.21869764e-04 
 2.41188500e-02  5.00000000e+00  2.19662104e-01 -2.19662104e-04 
 2.41288500e-02  5.00000000e+00  2.17476412e-01 -2.17476412e-04 
 2.41388500e-02  5.00000000e+00  2.15312467e-01 -2.15312467e-04 
 2.41488500e-02  5.00000000e+00  2.13170055e-01 -2.13170055e-04 
 2.41588500e-02  5.00000000e+00  2.11048960e-01 -2.11048960e-04 
 2.41688500e-02  5.00000000e+00  2.08948970e-01 -2.08948970e-04 
 2.41788500e-02  5.00000000e+00  2.06869876e-01 -2.06869876e-04 
 2.41888500e-02  5.00000000e+00  2.04811469e-01 -2.04811469e-04 
 2.41988500e-02  5.00000000e+00  2.02773544e-01 -2.02773544e-04 
 2.42088500e-02  5.00000000e+00  2.00755897e-01 -2.00755897e-04 
 2.42188500e-02  5.00000000e+00  1.98758326e-01 -1.98758326e-04 
 2.42288500e-02  5.00000000e+00  1.96780631e-01 -1.96780631e-04 
 2.42388500e-02  5.00000000e+00  1.94822615e-01 -1.94822615e-04 
 2.42488500e-02  5.00000000e+00  1.92884081e-01 -1.92884081e-04 
 2.42588500e-02  5.00000000e+00  1.90964837e-01 -1.90964837e-04 
 2.42688500e-02  5.00000000e+00  1.89064689e-01 -1.89064689e-04 
 2.42788500e-02  5.00000000e+00  1.87183448e-01 -1.87183448e-04 
 2.42888500e-02  5.00000000e+00  1.85320927e-01 -1.85320927e-04 
 2.42988500e-02  5.00000000e+00  1.83476937e-01 -1.83476937e-04 
 2.43088500e-02  5.00000000e+00  1.81651296e-01 -1.81651296e-04 
 2.43188500e-02  5.00000000e+00  1.79843820e-01 -1.79843820e-04 
 2.43288500e-02  5.00000000e+00  1.78054330e-01 -1.78054330e-04 
 2.43388500e-02  5.00000000e+00  1.76282645e-01 -1.76282645e-04 
 2.43488500e-02  5.00000000e+00  1.74528589e-01 -1.74528589e-04 
 2.43588500e-02  5.00000000e+00  1.72791986e-01 -1.72791986e-04 
 2.43688500e-02  5.00000000e+00  1.71072663e-01 -1.71072663e-04 
 2.43788500e-02  5.00000000e+00  1.69370447e-01 -1.69370447e-04 
 2.43888500e-02  5.00000000e+00  1.67685169e-01 -1.67685169e-04 
 2.43988500e-02  5.00000000e+00  1.66016660e-01 -1.66016660e-04 
 2.44088500e-02  5.00000000e+00  1.64364753e-01 -1.64364753e-04 
 2.44188500e-02  5.00000000e+00  1.62729283e-01 -1.62729283e-04 
 2.44288500e-02  5.00000000e+00  1.61110086e-01 -1.61110086e-04 
 2.44388500e-02  5.00000000e+00  1.59507000e-01 -1.59507000e-04 
 2.44488500e-02  5.00000000e+00  1.57919866e-01 -1.57919866e-04 
 2.44588500e-02  5.00000000e+00  1.56348524e-01 -1.56348524e-04 
 2.44688500e-02  5.00000000e+00  1.54792817e-01 -1.54792817e-04 
 2.44788500e-02  5.00000000e+00  1.53252590e-01 -1.53252590e-04 
 2.44888500e-02  5.00000000e+00  1.51727689e-01 -1.51727689e-04 
 2.44988500e-02  5.00000000e+00  1.50217961e-01 -1.50217961e-04 
 2.45088500e-02  5.00000000e+00  1.48723255e-01 -1.48723255e-04 
 2.45188500e-02  5.00000000e+00  1.47243421e-01 -1.47243421e-04 
 2.45288500e-02  5.00000000e+00  1.45778312e-01 -1.45778312e-04 
 2.45388500e-02  5.00000000e+00  1.44327782e-01 -1.44327782e-04 
 2.45488500e-02  5.00000000e+00  1.42891685e-01 -1.42891685e-04 
 2.45588500e-02  5.00000000e+00  1.41469877e-01 -1.41469877e-04 
 2.45688500e-02  5.00000000e+00  1.40062216e-01 -1.40062216e-04 
 2.45788500e-02  5.00000000e+00  1.38668563e-01 -1.38668563e-04 
 2.45888500e-02  5.00000000e+00  1.37288776e-01 -1.37288776e-04 
 2.45988500e-02  5.00000000e+00  1.35922718e-01 -1.35922718e-04 
 2.46088500e-02  5.00000000e+00  1.34570253e-01 -1.34570253e-04 
 2.46188500e-02  5.00000000e+00  1.33231246e-01 -1.33231246e-04 
 2.46288500e-02  5.00000000e+00  1.31905562e-01 -1.31905562e-04 
 2.46388500e-02  5.00000000e+00  1.30593069e-01 -1.30593069e-04 
 2.46488500e-02  5.00000000e+00  1.29293635e-01 -1.29293635e-04 
 2.46588500e-02  5.00000000e+00  1.28007131e-01 -1.28007131e-04 
 2.46688500e-02  5.00000000e+00  1.26733429e-01 -1.26733429e-04 
 2.46788500e-02  5.00000000e+00  1.25472400e-01 -1.25472400e-04 
 2.46888500e-02  5.00000000e+00  1.24223918e-01 -1.24223918e-04 
 2.46988500e-02  5.00000000e+00  1.22987859e-01 -1.22987859e-04 
 2.47088500e-02  5.00000000e+00  1.21764099e-01 -1.21764099e-04 
 2.47188500e-02  5.00000000e+00  1.20552516e-01 -1.20552516e-04 
 2.47288500e-02  5.00000000e+00  1.19352989e-01 -1.19352989e-04 
 2.47388500e-02  5.00000000e+00  1.18165397e-01 -1.18165397e-04 
 2.47488500e-02  5.00000000e+00  1.16989622e-01 -1.16989622e-04 
 2.47588500e-02  5.00000000e+00  1.15825546e-01 -1.15825546e-04 
 2.47688500e-02  5.00000000e+00  1.14673053e-01 -1.14673053e-04 
 2.47788500e-02  5.00000000e+00  1.13532027e-01 -1.13532027e-04 
 2.47888500e-02  5.00000000e+00  1.12402355e-01 -1.12402355e-04 
 2.47988500e-02  5.00000000e+00  1.11283924e-01 -1.11283924e-04 
 2.48088500e-02  5.00000000e+00  1.10176621e-01 -1.10176621e-04 
 2.48188500e-02  5.00000000e+00  1.09080337e-01 -1.09080337e-04 
 2.48288500e-02  5.00000000e+00  1.07994960e-01 -1.07994960e-04 
 2.48388500e-02  5.00000000e+00  1.06920383e-01 -1.06920383e-04 
 2.48488500e-02  5.00000000e+00  1.05856499e-01 -1.05856499e-04 
 2.48588500e-02  5.00000000e+00  1.04803200e-01 -1.04803200e-04 
 2.48688500e-02  5.00000000e+00  1.03760383e-01 -1.03760383e-04 
 2.48788500e-02  5.00000000e+00  1.02727941e-01 -1.02727941e-04 
 2.48888500e-02  5.00000000e+00  1.01705772e-01 -1.01705772e-04 
 2.48988500e-02  5.00000000e+00  1.00693775e-01 -1.00693775e-04 
 2.49088500e-02  5.00000000e+00  9.96918465e-02 -9.96918465e-05 
 2.49188500e-02  5.00000000e+00  9.86998878e-02 -9.86998878e-05 
 2.49288500e-02  5.00000000e+00  9.77177994e-02 -9.77177994e-05 
 2.49388500e-02  5.00000000e+00  9.67454830e-02 -9.67454830e-05 
 2.49488500e-02  5.00000000e+00  9.57828414e-02 -9.57828414e-05 
 2.49588500e-02  5.00000000e+00  9.48297783e-02 -9.48297783e-05 
 2.49688500e-02  5.00000000e+00  9.38861984e-02 -9.38861984e-05 
 2.49788500e-02  5.00000000e+00  9.29520074e-02 -9.29520074e-05 
 2.49888500e-02  5.00000000e+00  9.20271118e-02 -9.20271118e-05 
 2.49944250e-02  5.00000000e+00  9.15154868e-02 -9.15154868e-05 
 2.50000000e-02  5.00000000e+00  9.10067062e-02 -9.10067062e-05 
