 time            v(in)           v(out_a)        v(out_b)       
 0.00000000e+00  0.00000000e+00  0.00000000e+00  0.00000000e+00 
 1.00000000e-07  0.00000000e+00  0.00000000e+00  0.00000000e+00 
 2.00000000e-07  0.00000000e+00  0.00000000e+00  0.00000000e+00 
 4.00000000e-07  0.00000000e+00  0.00000000e+00  0.00000000e+00 
 8.00000000e-07  0.00000000e+00  0.00000000e+00  0.00000000e+00 
 1.60000000e-06  0.00000000e+00  0.00000000e+00  0.00000000e+00 
 3.20000000e-06  0.00000000e+00  0.00000000e+00  0.00000000e+00 
 6.40000000e-06  0.00000000e+00  0.00000000e+00  0.00000000e+00 
 1.28000000e-05  0.00000000e+00  0.00000000e+00  0.00000000e+00 
 2.28000000e-05  0.00000000e+00  0.00000000e+00  0.00000000e+00 
 3.28000000e-05  0.00000000e+00  0.00000000e+00  0.00000000e+00 
 4.28000000e-05  0.00000000e+00  0.00000000e+00  0.00000000e+00 
 5.28000000e-05  0.00000000e+00  0.00000000e+00  0.00000000e+00 
 6.28000000e-05  0.00000000e+00  0.00000000e+00  0.00000000e+00 
 7.28000000e-05  0.00000000e+00  0.00000000e+00  0.00000000e+00 
 8.28000000e-05  0.00000000e+00  0.00000000e+00  0.00000000e+00 
 9.28000000e-05  0.00000000e+00  0.00000000e+00  0.00000000e+00 
 1.02800000e-04  0.00000000e+00  0.00000000e+00  0.00000000e+00 
 1.12800000e-04  0.00000000e+00  0.00000000e+00  0.00000000e+00 
 1.22800000e-04  0.00000000e+00  0.00000000e+00  0.00000000e+00 
 1.32800000e-04  0.00000000e+00  0.00000000e+00  0.00000000e+00 
 1.42800000e-04  0.00000000e+00  0.00000000e+00  0.00000000e+00 
 1.52800000e-04  0.00000000e+00  0.00000000e+00  0.00000000e+00 
 1.62800000e-04  0.00000000e+00  0.00000000e+00  0.00000000e+00 
 1.72800000e-04  0.00000000e+00  0.00000000e+00  0.00000000e+00 
 1.82800000e-04  0.00000000e+00  0.00000000e+00  0.00000000e+00 
 1.92800000e-04  0.00000000e+00  0.00000000e+00  0.00000000e+00 
 2.02800000e-04  0.00000000e+00  0.00000000e+00  0.00000000e+00 
 2.12800000e-04  0.00000000e+00  0.00000000e+00  0.00000000e+00 
 2.22800000e-04  0.00000000e+00  0.00000000e+00  0.00000000e+00 
 2.32800000e-04  0.00000000e+00  0.00000000e+00  0.00000000e+00 
 2.42800000e-04  0.00000000e+00  0.00000000e+00  0.00000000e+00 
 2.52800000e-04  0.00000000e+00  0.00000000e+00  0.00000000e+00 
 2.62800000e-04  0.00000000e+00  0.00000000e+00  0.00000000e+00 
 2.72800000e-04  0.00000000e+00  0.00000000e+00  0.00000000e+00 
 2.82800000e-04  0.00000000e+00  0.00000000e+00  0.00000000e+00 
 2.92800000e-04  0.00000000e+00  0.00000000e+00  0.00000000e+00 
 3.02800000e-04  0.00000000e+00  0.00000000e+00  0.00000000e+00 
 3.12800000e-04  0.00000000e+00  0.00000000e+00  0.00000000e+00 
 3.22800000e-04  0.00000000e+00  0.00000000e+00  0.00000000e+00 
 3.32800000e-04  0.00000000e+00  0.00000000e+00  0.00000000e+00 
 3.42800000e-04  0.00000000e+00  0.00000000e+00  0.00000000e+00 
 3.52800000e-04  0.00000000e+00  0.00000000e+00  0.00000000e+00 
 3.62800000e-04  0.00000000e+00  0.00000000e+00  0.00000000e+00 
 3.72800000e-04  0.00000000e+00  0.00000000e+00  0.00000000e+00 
 3.82800000e-04  0.00000000e+00  0.00000000e+00  0.00000000e+00 
 3.92800000e-04  0.00000000e+00  0.00000000e+00  0.00000000e+00 
 4.02800000e-04  0.00000000e+00  0.00000000e+00  0.00000000e+00 
 4.12800000e-04  0.00000000e+00  0.00000000e+00  0.00000000e+00 
 4.22800000e-04  0.00000000e+00  0.00000000e+00  0.00000000e+00 
 4.32800000e-04  0.00000000e+00  0.00000000e+00  0.00000000e+00 
 4.42800000e-04  0.00000000e+00  0.00000000e+00  0.00000000e+00 
 4.52800000e-04  0.00000000e+00  0.00000000e+00  0.00000000e+00 
 4.62800000e-04  0.00000000e+00  0.00000000e+00  0.00000000e+00 
 4.72800000e-04  0.00000000e+00  0.00000000e+00  0.00000000e+00 
 4.82800000e-04  0.00000000e+00  0.00000000e+00  0.00000000e+00 
 4.92800000e-04  0.00000000e+00  0.00000000e+00  0.00000000e+00 
 5.02800000e-04  0.00000000e+00  0.00000000e+00  0.00000000e+00 
 5.12800000e-04  0.00000000e+00  0.00000000e+00  0.00000000e+00 
 5.22800000e-04  0.00000000e+00  0.00000000e+00  0.00000000e+00 
 5.32800000e-04  0.00000000e+00  0.00000000e+00  0.00000000e+00 
 5.42800000e-04  0.00000000e+00  0.00000000e+00  0.00000000e+00 
 5.52800000e-04  0.00000000e+00  0.00000000e+00  0.00000000e+00 
 5.62800000e-04  0.00000000e+00  0.00000000e+00  0.00000000e+00 
 5.72800000e-04  0.00000000e+00  0.00000000e+00  0.00000000e+00 
 5.82800000e-04  0.00000000e+00  0.00000000e+00  0.00000000e+00 
 5.92800000e-04  0.00000000e+00  0.00000000e+00  0.00000000e+00 
 6.02800000e-04  0.00000000e+00  0.00000000e+00  0.00000000e+00 
 6.12800000e-04  0.00000000e+00  0.00000000e+00  0.00000000e+00 
 6.22800000e-04  0.00000000e+00  0.00000000e+00  0.00000000e+00 
 6.32800000e-04  0.00000000e+00  0.00000000e+00  0.00000000e+00 
 6.42800000e-04  0.00000000e+00  0.00000000e+00  0.00000000e+00 
 6.52800000e-04  0.00000000e+00  0.00000000e+00  0.00000000e+00 
 6.62800000e-04  0.00000000e+00  0.00000000e+00  0.00000000e+00 
 6.72800000e-04  0.00000000e+00  0.00000000e+00  0.00000000e+00 
 6.82800000e-04  0.00000000e+00  0.00000000e+00  0.00000000e+00 
 6.92800000e-04  0.00000000e+00  0.00000000e+00  0.00000000e+00 
 7.02800000e-04  0.00000000e+00  0.00000000e+00  0.00000000e+00 
 7.12800000e-04  0.00000000e+00  0.00000000e+00  0.00000000e+00 
 7.22800000e-04  0.00000000e+00  0.00000000e+00  0.00000000e+00 
 7.32800000e-04  0.00000000e+00  0.00000000e+00  0.00000000e+00 
 7.42800000e-04  0.00000000e+00  0.00000000e+00  0.00000000e+00 
 7.52800000e-04  0.00000000e+00  0.00000000e+00  0.00000000e+00 
 7.62800000e-04  0.00000000e+00  0.00000000e+00  0.00000000e+00 
 7.72800000e-04  0.00000000e+00  0.00000000e+00  0.00000000e+00 
 7.82800000e-04  0.00000000e+00  0.00000000e+00  0.00000000e+00 
 7.92800000e-04  0.00000000e+00  0.00000000e+00  0.00000000e+00 
 8.02800000e-04  0.00000000e+00  0.00000000e+00  0.00000000e+00 
 8.12800000e-04  0.00000000e+00  0.00000000e+00  0.00000000e+00 
 8.22800000e-04  0.00000000e+00  0.00000000e+00  0.00000000e+00 
 8.32800000e-04  0.00000000e+00  0.00000000e+00  0.00000000e+00 
 8.42800000e-04  0.00000000e+00  0.00000000e+00  0.00000000e+00 
 8.52800000e-04  0.00000000e+00  0.00000000e+00  0.00000000e+00 
 8.62800000e-04  0.00000000e+00  0.00000000e+00  0.00000000e+00 
 8.72800000e-04  0.00000000e+00  0.00000000e+00  0.00000000e+00 
 8.82800000e-04  0.00000000e+00  0.00000000e+00  0.00000000e+00 
 8.92800000e-04  0.00000000e+00  0.00000000e+00  0.00000000e+00 
 9.02800000e-04  0.00000000e+00  0.00000000e+00  0.00000000e+00 
 9.12800000e-04  0.00000000e+00  0.00000000e+00  0.00000000e+00 
 9.22800000e-04  0.00000000e+00  0.00000000e+00  0.00000000e+00 
 9.32800000e-04  0.00000000e+00  0.00000000e+00  0.00000000e+00 
 9.42800000e-04  0.00000000e+00  0.00000000e+00  0.00000000e+00 
 9.52800000e-04  0.00000000e+00  0.00000000e+00  0.00000000e+00 
 9.62800000e-04  0.00000000e+00  0.00000000e+00  0.00000000e+00 
 9.72800000e-04  0.00000000e+00  0.00000000e+00  0.00000000e+00 
 9.82800000e-04  0.00000000e+00  0.00000000e+00  0.00000000e+00 
 9.91400000e-04  0.00000000e+00  0.00000000e+00  0.00000000e+00 
 1.00000000e-03  0.00000000e+00  0.00000000e+00  0.00000000e+00 
 1.00010000e-03  5.00000000e-01  4.99950005e-05  7.57564279e-06 
 1.00030000e-03  1.50000000e+00  2.49965004e-04  3.78779844e-05 
 1.00065000e-03  3.25000000e+00  1.08098209e-03  1.63819606e-04 
 1.00100000e-03  5.00000000e+00  2.52410120e-03  3.82555119e-04 
 1.00104615e-03  5.00000000e+00  2.75470816e-03  4.17511910e-04 
 1.00113844e-03  5.00000000e+00  3.21590081e-03  4.87425002e-04 
 1.00132303e-03  5.00000000e+00  4.13815842e-03  6.27248255e-04 
 1.00169220e-03  5.00000000e+00  5.98216303e-03  9.06883029e-04 
 1.00243055e-03  5.00000000e+00  9.66813072e-03  1.46610566e-03 
 1.00390725e-03  5.00000000e+00  1.70319075e-02  2.58436325e-03 
 1.00686065e-03  5.00000000e+00  3.17268870e-02  4.82012799e-03 
 1.01276744e-03  5.00000000e+00  6.09870291e-02  9.28865742e-03 
 1.02276744e-03  5.00000000e+00  1.10131437e-01  1.68446171e-02 
 1.03276744e-03  5.00000000e+00  1.58786845e-01  2.43891369e-02 
 1.04276744e-03  5.00000000e+00  2.06958121e-01  3.19222344e-02 
 1.05276744e-03  5.00000000e+00  2.54650080e-01  3.94439267e-02 
 1.06276744e-03  5.00000000e+00  3.01867492e-01  4.69542311e-02 
 1.07276744e-03  5.00000000e+00  3.48615079e-01  5.44531649e-02 
 1.08276744e-03  5.00000000e+00  3.94897516e-01  6.19407453e-02 
 1.09276744e-03  5.00000000e+00  4.40719431e-01  6.94169894e-02 
 1.10276744e-03  5.00000000e+00  4.86085407e-01  7.68819145e-02 
 1.11276744e-03  5.00000000e+00  5.30999980e-01  8.43355376e-02 
 1.12276744e-03  5.00000000e+00  5.75467642e-01  9.17778760e-02 
 1.13276744e-03  5.00000000e+00  6.19492840e-01  9.92089465e-02 
 1.14276744e-03  5.00000000e+00  6.63079975e-01  1.06628766e-01 
 1.15276744e-03  5.00000000e+00  7.06233409e-01  1.14037353e-01 
 1.16276744e-03  5.00000000e+00  7.48957454e-01  1.21434722e-01 
 1.17276744e-03  5.00000000e+00  7.91256385e-01  1.28820892e-01 
 1.18276744e-03  5.00000000e+00  8.33134431e-01  1.36195880e-01 
 1.19276744e-03  5.00000000e+00  8.74595780e-01  1.43559701e-01 
 1.20276744e-03  5.00000000e+00  9.15644578e-01  1.50912374e-01 
 1.21276744e-03  5.00000000e+00  9.56284931e-01  1.58253915e-01 
 1.22276744e-03  5.00000000e+00  9.96520901e-01  1.65584340e-01 
 1.23276744e-03  5.00000000e+00  1.03635651e+00  1.72903667e-01 
 1.24276744e-03  5.00000000e+00  1.07579575e+00  1.80211913e-01 
 1.25276744e-03  5.00000000e+00  1.11484256e+00  1.87509094e-01 
 1.26276744e-03  5.00000000e+00  1.15350084e+00  1.94795227e-01 
 1.27276744e-03  5.00000000e+00  1.19177447e+00  2.02070329e-01 
 1.28276744e-03  5.00000000e+00  1.22966726e+00  2.09334416e-01 
 1.29276744e-03  5.00000000e+00  1.26718301e+00  2.16587506e-01 
 1.30276744e-03  5.00000000e+00  1.30432547e+00  2.23829614e-01 
 1.31276744e-03  5.00000000e+00  1.34109835e+00  2.31060758e-01 
 1.32276744e-03  5.00000000e+00  1.37750533e+00  2.38280953e-01 
 1.33276744e-03  5.00000000e+00  1.41355005e+00  2.45490218e-01 
 1.34276744e-03  5.00000000e+00  1.44923612e+00  2.52688567e-01 
 1.35276744e-03  5.00000000e+00  1.48456710e+00  2.59876018e-01 
 1.36276744e-03  5.00000000e+00  1.51954654e+00  2.67052587e-01 
 1.37276744e-03  5.00000000e+00  1.55417791e+00  2.74218291e-01 
 1.38276744e-03  5.00000000e+00  1.58846470e+00  2.81373146e-01 
 1.39276744e-03  5.00000000e+00  1.62241033e+00  2.88517169e-01 
 1.40276744e-03  5.00000000e+00  1.65601818e+00  2.95650375e-01 
 1.41276744e-03  5.00000000e+00  1.68929163e+00  3.02772782e-01 
 1.42276744e-03  5.00000000e+00  1.72223401e+00  3.09884405e-01 
 1.43276744e-03  5.00000000e+00  1.75484859e+00  3.16985262e-01 
 1.44276744e-03  5.00000000e+00  1.78713866e+00  3.24075367e-01 
 1.45276744e-03  5.00000000e+00  1.81910743e+00  3.31154738e-01 
 1.46276744e-03  5.00000000e+00  1.85075810e+00  3.38223391e-01 
 1.47276744e-03  5.00000000e+00  1.88209384e+00  3.45281342e-01 
 1.48276744e-03  5.00000000e+00  1.91311778e+00  3.52328607e-01 
 1.49276744e-03  5.00000000e+00  1.94383303e+00  3.59365203e-01 
 1.50276744e-03  5.00000000e+00  1.97424265e+00  3.66391145e-01 
 1.51276744e-03  5.00000000e+00  2.00434969e+00  3.73406450e-01 
 1.52276744e-03  5.00000000e+00  2.03415715e+00  3.80411134e-01 
 1.53276744e-03  5.00000000e+00  2.06366803e+00  3.87405212e-01 
 1.54276744e-03  5.00000000e+00  2.09288526e+00  3.94388702e-01 
 1.55276744e-03  5.00000000e+00  2.12181177e+00  4.01361618e-01 
 1.56276744e-03  5.00000000e+00  2.15045046e+00  4.08323977e-01 
 1.57276744e-03  5.00000000e+00  2.17880419e+00  4.15275796e-01 
 1.58276744e-03  5.00000000e+00  2.20687579e+00  4.22217089e-01 
 1.59276744e-03  5.00000000e+00  2.23466807e+00  4.29147873e-01 
 1.60276744e-03  5.00000000e+00  2.26218381e+00  4.36068164e-01 
 1.61276744e-03  5.00000000e+00  2.28942576e+00  4.42977978e-01 
 1.62276744e-03  5.00000000e+00  2.31639665e+00  4.49877330e-01 
 1.63276744e-03  5.00000000e+00  2.34309917e+00  4.56766236e-01 
 1.64276744e-03  5.00000000e+00  2.36953600e+00  4.63644713e-01 
 1.65276744e-03  5.00000000e+00  2.39570977e+00  4.70512775e-01 
 1.66276744e-03  5.00000000e+00  2.42162310e+00  4.77370439e-01 
 1.67276744e-03  5.00000000e+00  2.44727860e+00  4.84217721e-01 
 1.68276744e-03  5.00000000e+00  2.47267881e+00  4.91054636e-01 
 1.69276744e-03  5.00000000e+00  2.49782628e+00  4.97881200e-01 
 1.70276744e-03  5.00000000e+00  2.52272353e+00  5.04697428e-01 
 1.71276744e-03  5.00000000e+00  2.54737305e+00  5.11503336e-01 
 1.72276744e-03  5.00000000e+00  2.57177730e+00  5.18298941e-01 
 1.73276744e-03  5.00000000e+00  2.59593872e+00  5.25084257e-01 
 1.74276744e-03  5.00000000e+00  2.61985973e+00  5.31859299e-01 
 1.75276744e-03  5.00000000e+00  2.64354271e+00  5.38624085e-01 
 1.76276744e-03  5.00000000e+00  2.66699005e+00  5.45378628e-01 
 1.77276744e-03  5.00000000e+00  2.69020408e+00  5.52122945e-01 
 1.78276744e-03  5.00000000e+00  2.71318712e+00  5.58857051e-01 
 1.79276744e-03  5.00000000e+00  2.73594148e+00  5.65580962e-01 
 1.80276744e-03  5.00000000e+00  2.75846943e+00  5.72294692e-01 
 1.81276744e-03  5.00000000e+00  2.78077321e+00  5.78998258e-01 
 1.82276744e-03  5.00000000e+00  2.80285507e+00  5.85691675e-01 
 1.83276744e-03  5.00000000e+00  2.82471721e+00  5.92374958e-01 
 1.84276744e-03  5.00000000e+00  2.84636182e+00  5.99048122e-01 
 1.85276744e-03  5.00000000e+00  2.86779105e+00  6.05711183e-01 
 1.86276744e-03  5.00000000e+00  2.88900706e+00  6.12364156e-01 
 1.87276744e-03  5.00000000e+00  2.91001197e+00  6.19007057e-01 
 1.88276744e-03  5.00000000e+00  2.93080787e+00  6.25639900e-01 
 1.89276744e-03  5.00000000e+00  2.95139684e+00  6.32262701e-01 
 1.90276744e-03  5.00000000e+00  2.97178095e+00  6.38875475e-01 
 1.91276744e-03  5.00000000e+00  2.99196224e+00  6.45478238e-01 
 1.92276744e-03  5.00000000e+00  3.01194271e+00  6.52071004e-01 
 1.93276744e-03  5.00000000e+00  3.03172438e+00  6.58653788e-01 
 1.94276744e-03  5.00000000e+00  3.05130921e+00  6.65226606e-01 
 1.95276744e-03  5.00000000e+00  3.07069917e+00  6.71789472e-01 
 1.96276744e-03  5.00000000e+00  3.08989619e+00  6.78342403e-01 
 1.97276744e-03  5.00000000e+00  3.10890220e+00  6.84885412e-01 
 1.98276744e-03  5.00000000e+00  3.12771909e+00  6.91418515e-01 
 1.99276744e-03  5.00000000e+00  3.14634875e+00  6.97941727e-01 
 2.00276744e-03  5.00000000e+00  3.16479304e+00  7.04455063e-01 
 2.01276744e-03  5.00000000e+00  3.18305381e+00  7.10958537e-01 
 2.02276744e-03  5.00000000e+00  3.20113288e+00  7.17452165e-01 
 2.03276744e-03  5.00000000e+00  3.21903205e+00  7.23935962e-01 
 2.04276744e-03  5.00000000e+00  3.23675313e+00  7.30409943e-01 
 2.05276744e-03  5.00000000e+00  3.25429787e+00  7.36874121e-01 
 2.06276744e-03  5.00000000e+00  3.27166804e+00  7.43328513e-01 
 2.07276744e-03  5.00000000e+00  3.28886537e+00  7.49773133e-01 
 2.08276744e-03  5.00000000e+00  3.30589159e+00  7.56207996e-01 
 2.09276744e-03  5.00000000e+00  3.32274839e+00  7.62633117e-01 
 2.10276744e-03  5.00000000e+00  3.33943746e+00  7.69048509e-01 
 2.11276744e-03  5.00000000e+00  3.35596047e+00  7.75454189e-01 
 2.12276744e-03  5.00000000e+00  3.37231907e+00  7.81850171e-01 
 2.13276744e-03  5.00000000e+00  3.38851490e+00  7.88236469e-01 
 2.14276744e-03  5.00000000e+00  3.40454958e+00  7.94613098e-01 
 2.15276744e-03  5.00000000e+00  3.42042471e+00  8.00980073e-01 
 2.16276744e-03  5.00000000e+00  3.43614188e+00  8.07337408e-01 
 2.17276744e-03  5.00000000e+00  3.45170265e+00  8.13685118e-01 
 2.18276744e-03  5.00000000e+00  3.46710860e+00  8.20023218e-01 
 2.19276744e-03  5.00000000e+00  3.48236125e+00  8.26351722e-01 
 2.20276744e-03  5.00000000e+00  3.49746213e+00  8.32670644e-01 
 2.21276744e-03  5.00000000e+00  3.51241276e+00  8.38980000e-01 
 2.22276744e-03  5.00000000e+00  3.52721462e+00  8.45279803e-01 
 2.23276744e-03  5.00000000e+00  3.54186920e+00  8.51570068e-01 
 2.24276744e-03  5.00000000e+00  3.55637796e+00  8.57850810e-01 
 2.25276744e-03  5.00000000e+00  3.57074236e+00  8.64122042e-01 
 2.26276744e-03  5.00000000e+00  3.58496383e+00  8.70383780e-01 
 2.27276744e-03  5.00000000e+00  3.59904379e+00  8.76636038e-01 
 2.28276744e-03  5.00000000e+00  3.61298366e+00  8.82878830e-01 
 2.29276744e-03  5.00000000e+00  3.62678481e+00  8.89112170e-01 
 2.30276744e-03  5.00000000e+00  3.64044865e+00  8.95336073e-01 
 2.31276744e-03  5.00000000e+00  3.65397652e+00  9.01550553e-01 
 2.32276744e-03  5.00000000e+00  3.66736979e+00  9.07755624e-01 
 2.33276744e-03  5.00000000e+00  3.68062979e+00  9.13951300e-01 
 2.34276744e-03  5.00000000e+00  3.69375785e+00  9.20137597e-01 
 2.35276744e-03  5.00000000e+00  3.70675529e+00  9.26314527e-01 
 2.36276744e-03  5.00000000e+00  3.71962339e+00  9.32482105e-01 
 2.37276744e-03  5.00000000e+00  3.73236346e+00  9.38640346e-01 
 2.38276744e-03  5.00000000e+00  3.74497676e+00  9.44789263e-01 
 2.39276744e-03  5.00000000e+00  3.75746455e+00  9.50928870e-01 
 2.40276744e-03  5.00000000e+00  3.76982809e+00  9.57059182e-01 
 2.41276744e-03  5.00000000e+00  3.78206861e+00  9.63180213e-01 
 2.42276744e-03  5.00000000e+00  3.79418733e+00  9.69291977e-01 
 2.43276744e-03  5.00000000e+00  3.80618546e+00  9.75394487e-01 
 2.44276744e-03  5.00000000e+00  3.81806421e+00  9.81487758e-01 
 2.45276744e-03  5.00000000e+00  3.82982477e+00  9.87571804e-01 
 2.46276744e-03  5.00000000e+00  3.84146830e+00  9.93646638e-01 
 2.47276744e-03  5.00000000e+00  3.85299598e+00  9.99712275e-01 
 2.48276744e-03  5.00000000e+00  3.86440896e+00  1.00576873e+00 
 2.49276744e-03  5.00000000e+00  3.87570837e+00  1.01181601e+00 
 2.50276744e-03  5.00000000e+00  3.88689535e+00  1.01785414e+00 
 2.51276744e-03  5.00000000e+00  3.89797102e+00  1.02388313e+00 
 2.52276744e-03  5.00000000e+00  3.90893648e+00  1.02990299e+00 
 2.53276744e-03  5.00000000e+00  3.91979284e+00  1.03591373e+00 
 2.54276744e-03  5.00000000e+00  3.93054117e+00  1.04191538e+00 
 2.55276744e-03  5.00000000e+00  3.94118255e+00  1.04790794e+00 
 2.56276744e-03  5.00000000e+00  3.95171804e+00  1.05389142e+00 
 2.57276744e-03  5.00000000e+00  3.96214871e+00  1.05986585e+00 
 2.58276744e-03  5.00000000e+00  3.97247559e+00  1.06583123e+00 
 2.59276744e-03  5.00000000e+00  3.98269971e+00  1.07178758e+00 
 2.60276744e-03  5.00000000e+00  3.99282210e+00  1.07773491e+00 
 2.61276744e-03  5.00000000e+00  4.00284377e+00  1.08367324e+00 
 2.62276744e-03  5.00000000e+00  4.01276573e+00  1.08960257e+00 
 2.63276744e-03  5.00000000e+00  4.02258895e+00  1.09552293e+00 
 2.64276744e-03  5.00000000e+00  4.03231444e+00  1.10143433e+00 
 2.65276744e-03  5.00000000e+00  4.04194315e+00  1.10733677e+00 
 2.66276744e-03  5.00000000e+00  4.05147605e+00  1.11323028e+00 
 2.67276744e-03  5.00000000e+00  4.06091410e+00  1.11911487e+00 
 2.68276744e-03  5.00000000e+00  4.07025824e+00  1.12499055e+00 
 2.69276744e-03  5.00000000e+00  4.07950940e+00  1.13085733e+00 
 2.70276744e-03  5.00000000e+00  4.08866851e+00  1.13671523e+00 
 2.71276744e-03  5.00000000e+00  4.09773649e+00  1.14256426e+00 
 2.72276744e-03  5.00000000e+00  4.10671423e+00  1.14840444e+00 
 2.73276744e-03  5.00000000e+00  4.11560265e+00  1.15423577e+00 
 2.74276744e-03  5.00000000e+00  4.12440262e+00  1.16005827e+00 
 2.75276744e-03  5.00000000e+00  4.13311503e+00  1.16587196e+00 
 2.76276744e-03  5.00000000e+00  4.14174076e+00  1.17167685e+00 
 2.77276744e-03  5.00000000e+00  4.15028065e+00  1.17747295e+00 
 2.78276744e-03  5.00000000e+00  4.15873557e+00  1.18326027e+00 
 2.79276744e-03  5.00000000e+00  4.16710636e+00  1.18903883e+00 
 2.80276744e-03  5.00000000e+00  4.17539386e+00  1.19480865e+00 
 2.81276744e-03  5.00000000e+00  4.18359889e+00  1.20056972e+00 
 2.82276744e-03  5.00000000e+00  4.19172229e+00  1.20632208e+00 
 2.83276744e-03  5.00000000e+00  4.19976485e+00  1.21206572e+00 
 2.84276744e-03  5.00000000e+00  4.20772739e+00  1.21780067e+00 
 2.85276744e-03  5.00000000e+00  4.21561070e+00  1.22352694e+00 
 2.86276744e-03  5.00000000e+00  4.22341557e+00  1.22924454e+00 
 2.87276744e-03  5.00000000e+00  4.23114278e+00  1.23495348e+00 
 2.88276744e-03  5.00000000e+00  4.23879310e+00  1.24065378e+00 
 2.89276744e-03  5.00000000e+00  4.24636730e+00  1.24634544e+00 
 2.90276744e-03  5.00000000e+00  4.25386613e+00  1.25202849e+00 
 2.91276744e-03  5.00000000e+00  4.26129035e+00  1.25770294e+00 
 2.92276744e-03  5.00000000e+00  4.26864069e+00  1.26336879e+00 
 2.93276744e-03  5.00000000e+00  4.27591790e+00  1.26902607e+00 
 2.94276744e-03  5.00000000e+00  4.28312270e+00  1.27467478e+00 
 2.95276744e-03  5.00000000e+00  4.29025580e+00  1.28031494e+00 
 2.96276744e-03  5.00000000e+00  4.29731793e+00  1.28594656e+00 
 2.97276744e-03  5.00000000e+00  4.30430980e+00  1.29156966e+00 
 2.98276744e-03  5.00000000e+00  4.31123209e+00  1.29718424e+00 
 2.99276744e-03  5.00000000e+00  4.31808550e+00  1.30279032e+00 
 3.00276744e-03  5.00000000e+00  4.32487072e+00  1.30838791e+00 
 3.01276744e-03  5.00000000e+00  4.33158842e+00  1.31397703e+00 
 3.02276744e-03  5.00000000e+00  4.33823928e+00  1.31955768e+00 
 3.03276744e-03  5.00000000e+00  4.34482397e+00  1.32512989e+00 
 3.04276744e-03  5.00000000e+00  4.35134313e+00  1.33069366e+00 
 3.05276744e-03  5.00000000e+00  4.35779743e+00  1.33624900e+00 
 3.06276744e-03  5.00000000e+00  4.36418750e+00  1.34179594e+00 
 3.07276744e-03  5.00000000e+00  4.37051400e+00  1.34733448e+00 
 3.08276744e-03  5.00000000e+00  4.37677754e+00  1.35286463e+00 
 3.09276744e-03  5.00000000e+00  4.38297876e+00  1.35838641e+00 
 3.10276744e-03  5.00000000e+00  4.38911827e+00  1.36389983e+00 
 3.11276744e-03  5.00000000e+00  4.39519670e+00  1.36940490e+00 
 3.12276744e-03  5.00000000e+00  4.40121464e+00  1.37490164e+00 
 3.13276744e-03  5.00000000e+00  4.40717270e+00  1.38039005e+00 
 3.14276744e-03  5.00000000e+00  4.41307148e+00  1.38587016e+00 
 3.15276744e-03  5.00000000e+00  4.41891157e+00  1.39134197e+00 
 3.16276744e-03  5.00000000e+00  4.42469354e+00  1.39680549e+00 
 3.17276744e-03  5.00000000e+00  4.43041798e+00  1.40226075e+00 
 3.18276744e-03  5.00000000e+00  4.43608547e+00  1.40770774e+00 
 3.19276744e-03  5.00000000e+00  4.44169656e+00  1.41314649e+00 
 3.20276744e-03  5.00000000e+00  4.44725181e+00  1.41857700e+00 
 3.21276744e-03  5.00000000e+00  4.45275180e+00  1.42399929e+00 
 3.22276744e-03  5.00000000e+00  4.45819705e+00  1.42941337e+00 
 3.23276744e-03  5.00000000e+00  4.46358813e+00  1.43481925e+00 
 3.24276744e-03  5.00000000e+00  4.46892556e+00  1.44021695e+00 
 3.25276744e-03  5.00000000e+00  4.47420988e+00  1.44560648e+00 
 3.26276744e-03  5.00000000e+00  4.47944162e+00  1.45098785e+00 
 3.27276744e-03  5.00000000e+00  4.48462131e+00  1.45636107e+00 
 3.28276744e-03  5.00000000e+00  4.48974945e+00  1.46172616e+00 
 3.29276744e-03  5.00000000e+00  4.49482657e+00  1.46708312e+00 
 3.30276744e-03  5.00000000e+00  4.49985318e+00  1.47243197e+00 
 3.31276744e-03  5.00000000e+00  4.50482976e+00  1.47777273e+00 
 3.32276744e-03  5.00000000e+00  4.50975683e+00  1.48310539e+00 
 3.33276744e-03  5.00000000e+00  4.51463487e+00  1.48842999e+00 
 3.34276744e-03  5.00000000e+00  4.51946437e+00  1.49374652e+00 
 3.35276744e-03  5.00000000e+00  4.52424582e+00  1.49905500e+00 
 3.36276744e-03  5.00000000e+00  4.52897970e+00  1.50435545e+00 
 3.37276744e-03  5.00000000e+00  4.53366646e+00  1.50964787e+00 
 3.38276744e-03  5.00000000e+00  4.53830660e+00  1.51493228e+00 
 3.39276744e-03  5.00000000e+00  4.54290056e+00  1.52020869e+00 
 3.40276744e-03  5.00000000e+00  4.54744882e+00  1.52547711e+00 
 3.41276744e-03  5.00000000e+00  4.55195181e+00  1.53073755e+00 
 3.42276744e-03  5.00000000e+00  4.55641000e+00  1.53599003e+00 
 3.43276744e-03  5.00000000e+00  4.56082383e+00  1.54123456e+00 
 3.44276744e-03  5.00000000e+00  4.56519375e+00  1.54647115e+00 
 3.45276744e-03  5.00000000e+00  4.56952018e+00  1.55169980e+00 
 3.46276744e-03  5.00000000e+00  4.57380356e+00  1.55692055e+00 
 3.47276744e-03  5.00000000e+00  4.57804432e+00  1.56213338e+00 
 3.48276744e-03  5.00000000e+00  4.58224288e+00  1.56733833e+00 
 3.49276744e-03  5.00000000e+00  4.58639967e+00  1.57253540e+00 
 3.50276744e-03  5.00000000e+00  4.59051510e+00  1.57772459e+00 
 3.51276744e-03  5.00000000e+00  4.59458957e+00  1.58290593e+00 
 3.52276744e-03  5.00000000e+00  4.59862351e+00  1.58807943e+00 
 3.53276744e-03  5.00000000e+00  4.60261730e+00  1.59324509e+00 
 3.54276744e-03  5.00000000e+00  4.60657136e+00  1.59840293e+00 
 3.55276744e-03  5.00000000e+00  4.61048607e+00  1.60355297e+00 
 3.56276744e-03  5.00000000e+00  4.61436183e+00  1.60869520e+00 
 3.57276744e-03  5.00000000e+00  4.61819903e+00  1.61382965e+00 
 3.58276744e-03  5.00000000e+00  4.62199804e+00  1.61895633e+00 
 3.59276744e-03  5.00000000e+00  4.62575926e+00  1.62407525e+00 
 3.60276744e-03  5.00000000e+00  4.62948305e+00  1.62918641e+00 
 3.61276744e-03  5.00000000e+00  4.63316978e+00  1.63428984e+00 
 3.62276744e-03  5.00000000e+00  4.63681983e+00  1.63938554e+00 
 3.63276744e-03  5.00000000e+00  4.64043357e+00  1.64447353e+00 
 3.64276744e-03  5.00000000e+00  4.64401134e+00  1.64955381e+00 
 3.65276744e-03  5.00000000e+00  4.64755352e+00  1.65462640e+00 
 3.66276744e-03  5.00000000e+00  4.65106045e+00  1.65969131e+00 
 3.67276744e-03  5.00000000e+00  4.65453248e+00  1.66474855e+00 
 3.68276744e-03  5.00000000e+00  4.65796997e+00  1.66979814e+00 
 3.69276744e-03  5.00000000e+00  4.66137326e+00  1.67484008e+00 
 3.70276744e-03  5.00000000e+00  4.66474268e+00  1.67987439e+00 
 3.71276744e-03  5.00000000e+00  4.66807857e+00  1.68490107e+00 
 3.72276744e-03  5.00000000e+00  4.67138127e+00  1.68992015e+00 
 3.73276744e-03  5.00000000e+00  4.67465111e+00  1.69493162e+00 
 3.74276744e-03  5.00000000e+00  4.67788841e+00  1.69993551e+00 
 3.75276744e-03  5.00000000e+00  4.68109350e+00  1.70493182e+00 
 3.76276744e-03  5.00000000e+00  4.68426670e+00  1.70992057e+00 
 3.77276744e-03  5.00000000e+00  4.68740832e+00  1.71490177e+00 
 3.78276744e-03  5.00000000e+00  4.69051869e+00  1.71987542e+00 
 3.79276744e-03  5.00000000e+00  4.69359811e+00  1.72484154e+00 
 3.80276744e-03  5.00000000e+00  4.69664688e+00  1.72980015e+00 
 3.81276744e-03  5.00000000e+00  4.69966532e+00  1.73475125e+00 
 3.82276744e-03  5.00000000e+00  4.70265372e+00  1.73969485e+00 
 3.83276744e-03  5.00000000e+00  4.70561239e+00  1.74463096e+00 
 3.84276744e-03  5.00000000e+00  4.70854162e+00  1.74955961e+00 
 3.85276744e-03  5.00000000e+00  4.71144171e+00  1.75448079e+00 
 3.86276744e-03  5.00000000e+00  4.71431293e+00  1.75939452e+00 
 3.87276744e-03  5.00000000e+00  4.71715559e+00  1.76430081e+00 
 3.88276744e-03  5.00000000e+00  4.71996996e+00  1.76919967e+00 
 3.89276744e-03  5.00000000e+00  4.72275633e+00  1.77409112e+00 
 3.90276744e-03  5.00000000e+00  4.72551498e+00  1.77897516e+00 
 3.91276744e-03  5.00000000e+00  4.72824617e+00  1.78385181e+00 
 3.92276744e-03  5.00000000e+00  4.73095019e+00  1.78872107e+00 
 3.93276744e-03  5.00000000e+00  4.73362730e+00  1.79358296e+00 
 3.94276744e-03  5.00000000e+00  4.73627778e+00  1.79843749e+00 
 3.95276744e-03  5.00000000e+00  4.73890188e+00  1.80328467e+00 
 3.96276744e-03  5.00000000e+00  4.74149987e+00  1.80812451e+00 
 3.97276744e-03  5.00000000e+00  4.74407201e+00  1.81295703e+00 
 3.98276744e-03  5.00000000e+00  4.74661856e+00  1.81778223e+00 
 3.99276744e-03  5.00000000e+00  4.74913976e+00  1.82260012e+00 
 4.00276744e-03  5.00000000e+00  4.75163589e+00  1.82741072e+00 
 4.01276744e-03  5.00000000e+00  4.75410717e+00  1.83221403e+00 
 4.02276744e-03  5.00000000e+00  4.75655387e+00  1.83701007e+00 
 4.03276744e-03  5.00000000e+00  4.75897622e+00  1.84179885e+00 
 4.04276744e-03  5.00000000e+00  4.76137446e+00  1.84658038e+00 
 4.05276744e-03  5.00000000e+00  4.76374885e+00  1.85135468e+00 
 4.06276744e-03  5.00000000e+00  4.76609960e+00  1.85612174e+00 
 4.07276744e-03  5.00000000e+00  4.76842697e+00  1.86088159e+00 
 4.08276744e-03  5.00000000e+00  4.77073118e+00  1.86563422e+00 
 4.09276744e-03  5.00000000e+00  4.77301246e+00  1.87037967e+00 
 4.10276744e-03  5.00000000e+00  4.77527104e+00  1.87511793e+00 
 4.11276744e-03  5.00000000e+00  4.77750715e+00  1.87984901e+00 
 4.12276744e-03  5.00000000e+00  4.77972101e+00  1.88457294e+00 
 4.13276744e-03  5.00000000e+00  4.78191284e+00  1.88928971e+00 
 4.14276744e-03  5.00000000e+00  4.78408286e+00  1.89399934e+00 
 4.15276744e-03  5.00000000e+00  4.78623129e+00  1.89870184e+00 
 4.16276744e-03  5.00000000e+00  4.78835835e+00  1.90339722e+00 
 4.17276744e-03  5.00000000e+00  4.79046423e+00  1.90808549e+00 
 4.18276744e-03  5.00000000e+00  4.79254917e+00  1.91276666e+00 
 4.19276744e-03  5.00000000e+00  4.79461335e+00  1.91744074e+00 
 4.20276744e-03  5.00000000e+00  4.79665700e+00  1.92210775e+00 
 4.21276744e-03  5.00000000e+00  4.79868031e+00  1.92676770e+00 
 4.22276744e-03  5.00000000e+00  4.80068350e+00  1.93142058e+00 
 4.23276744e-03  5.00000000e+00  4.80266674e+00  1.93606643e+00 
 4.24276744e-03  5.00000000e+00  4.80463026e+00  1.94070524e+00 
 4.25276744e-03  5.00000000e+00  4.80657424e+00  1.94533702e+00 
 4.26276744e-03  5.00000000e+00  4.80849887e+00  1.94996180e+00 
 4.27276744e-03  5.00000000e+00  4.81040436e+00  1.95457957e+00 
 4.28276744e-03  5.00000000e+00  4.81229088e+00  1.95919035e+00 
 4.29276744e-03  5.00000000e+00  4.81415863e+00  1.96379415e+00 
 4.30276744e-03  5.00000000e+00  4.81600780e+00  1.96839098e+00 
 4.31276744e-03  5.00000000e+00  4.81783857e+00  1.97298085e+00 
 4.32276744e-03  5.00000000e+00  4.81965112e+00  1.97756377e+00 
 4.33276744e-03  5.00000000e+00  4.82144564e+00  1.98213975e+00 
 4.34276744e-03  5.00000000e+00  4.82322230e+00  1.98670880e+00 
 4.35276744e-03  5.00000000e+00  4.82498128e+00  1.99127094e+00 
 4.36276744e-03  5.00000000e+00  4.82672276e+00  1.99582617e+00 
 4.37276744e-03  5.00000000e+00  4.82844691e+00  2.00037450e+00 
 4.38276744e-03  5.00000000e+00  4.83015391e+00  2.00491595e+00 
 4.39276744e-03  5.00000000e+00  4.83184392e+00  2.00945052e+00 
 4.40276744e-03  5.00000000e+00  4.83351711e+00  2.01397823e+00 
 4.41276744e-03  5.00000000e+00  4.83517366e+00  2.01849908e+00 
 4.42276744e-03  5.00000000e+00  4.83681372e+00  2.02301308e+00 
 4.43276744e-03  5.00000000e+00  4.83843746e+00  2.02752025e+00 
 4.44276744e-03  5.00000000e+00  4.84004505e+00  2.03202060e+00 
 4.45276744e-03  5.00000000e+00  4.84163664e+00  2.03651414e+00 
 4.46276744e-03  5.00000000e+00  4.84321240e+00  2.04100087e+00 
 4.47276744e-03  5.00000000e+00  4.84477247e+00  2.04548080e+00 
 4.48276744e-03  5.00000000e+00  4.84631703e+00  2.04995396e+00 
 4.49276744e-03  5.00000000e+00  4.84784621e+00  2.05442034e+00 
 4.50276744e-03  5.00000000e+00  4.84936018e+00  2.05887996e+00 
 4.51276744e-03  5.00000000e+00  4.85085908e+00  2.06333283e+00 
 4.52276744e-03  5.00000000e+00  4.85234307e+00  2.06777896e+00 
 4.53276744e-03  5.00000000e+00  4.85381229e+00  2.07221836e+00 
 4.54276744e-03  5.00000000e+00  4.85526690e+00  2.07665103e+00 
 4.55276744e-03  5.00000000e+00  4.85670703e+00  2.08107700e+00 
 4.56276744e-03  5.00000000e+00  4.85813283e+00  2.08549626e+00 
 4.57276744e-03  5.00000000e+00  4.85954444e+00  2.08990883e+00 
 4.58276744e-03  5.00000000e+00  4.86094201e+00  2.09431472e+00 
 4.59276744e-03  5.00000000e+00  4.86232567e+00  2.09871394e+00 
 4.60276744e-03  5.00000000e+00  4.86369557e+00  2.10310650e+00 
 4.61276744e-03  5.00000000e+00  4.86505183e+00  2.10749241e+00 
 4.62276744e-03  5.00000000e+00  4.86639460e+00  2.11187168e+00 
 4.63276744e-03  5.00000000e+00  4.86772400e+00  2.11624432e+00 
 4.64276744e-03  5.00000000e+00  4.86904018e+00  2.12061034e+00 
 4.65276744e-03  5.00000000e+00  4.87034327e+00  2.12496975e+00 
 4.66276744e-03  5.00000000e+00  4.87163338e+00  2.12932256e+00 
 4.67276744e-03  5.00000000e+00  4.87291066e+00  2.13366878e+00 
 4.68276744e-03  5.00000000e+00  4.87417523e+00  2.13800842e+00 
 4.69276744e-03  5.00000000e+00  4.87542722e+00  2.14234148e+00 
 4.70276744e-03  5.00000000e+00  4.87666675e+00  2.14666799e+00 
 4.71276744e-03  5.00000000e+00  4.87789395e+00  2.15098795e+00 
 4.72276744e-03  5.00000000e+00  4.87910893e+00  2.15530137e+00 
 4.73276744e-03  5.00000000e+00  4.88031183e+00  2.15960825e+00 
 4.74276744e-03  5.00000000e+00  4.88150276e+00  2.16390862e+00 
 4.75276744e-03  5.00000000e+00  4.88268183e+00  2.16820247e+00 
 4.76276744e-03  5.00000000e+00  4.88384918e+00  2.17248983e+00 
 4.77276744e-03  5.00000000e+00  4.88500491e+00  2.17677069e+00 
 4.78276744e-03  5.00000000e+00  4.88614914e+00  2.18104507e+00 
 4.79276744e-03  5.00000000e+00  4.88728198e+00  2.18531298e+00 
 4.80276744e-03  5.00000000e+00  4.88840355e+00  2.18957443e+00 
 4.81276744e-03  5.00000000e+00  4.88951397e+00  2.19382943e+00 
 4.82276744e-03  5.00000000e+00  4.89061333e+00  2.19807799e+00 
 4.83276744e-03  5.00000000e+00  4.89170175e+00  2.20232011e+00 
 4.84276744e-03  5.00000000e+00  4.89277935e+00  2.20655581e+00 
 4.85276744e-03  5.00000000e+00  4.89384622e+00  2.21078510e+00 
 4.86276744e-03  5.00000000e+00  4.89490248e+00  2.21500798e+00 
 4.87276744e-03  5.00000000e+00  4.89594822e+00  2.21922447e+00 
 4.88276744e-03  5.00000000e+00  4.89698357e+00  2.22343458e+00 
 4.89276744e-03  5.00000000e+00  4.89800860e+00  2.22763831e+00 
 4.90276744e-03  5.00000000e+00  4.89902344e+00  2.23183568e+00 
 4.91276744e-03  5.00000000e+00  4.90002819e+00  2.23602669e+00 
 4.92276744e-03  5.00000000e+00  4.90102293e+00  2.24021136e+00 
 4.93276744e-03  5.00000000e+00  4.90200778e+00  2.24438969e+00 
 4.94276744e-03  5.00000000e+00  4.90298282e+00  2.24856170e+00 
 4.95276744e-03  5.00000000e+00  4.90394817e+00  2.25272739e+00 
 4.96276744e-03  5.00000000e+00  4.90490391e+00  2.25688677e+00 
 4.97276744e-03  5.00000000e+00  4.90585014e+00  2.26103986e+00 
 4.98276744e-03  5.00000000e+00  4.90678695e+00  2.26518666e+00 
 4.99276744e-03  5.00000000e+00  4.90771445e+00  2.26932718e+00 
 5.00276744e-03  5.00000000e+00  4.90863271e+00  2.27346143e+00 
 5.01276744e-03  5.00000000e+00  4.90954184e+00  2.27758942e+00 
 5.02276744e-03  5.00000000e+00  4.91044192e+00  2.28171116e+00 
 5.03276744e-03  5.00000000e+00  4.91133304e+00  2.28582666e+00 
 5.04276744e-03  5.00000000e+00  4.91221530e+00  2.28993593e+00 
 5.05276744e-03  5.00000000e+00  4.91308878e+00  2.29403898e+00 
 5.06276744e-03  5.00000000e+00  4.91395357e+00  2.29813582e+00 
 5.07276744e-03  5.00000000e+00  4.91480975e+00  2.30222645e+00 
 5.08276744e-03  5.00000000e+00  4.91565742e+00  2.30631089e+00 
 5.09276744e-03  5.00000000e+00  4.91649665e+00  2.31038915e+00 
 5.10276744e-03  5.00000000e+00  4.91732753e+00  2.31446124e+00 
 5.11276744e-03  5.00000000e+00  4.91815014e+00  2.31852715e+00 
 5.12276744e-03  5.00000000e+00  4.91896456e+00  2.32258692e+00 
 5.13276744e-03  5.00000000e+00  4.91977089e+00  2.32664053e+00 
 5.14276744e-03  5.00000000e+00  4.92056919e+00  2.33068801e+00 
 5.15276744e-03  5.00000000e+00  4.92135954e+00  2.33472936e+00 
 5.16276744e-03  5.00000000e+00  4.92214204e+00  2.33876459e+00 
 5.17276744e-03  5.00000000e+00  4.92291674e+00  2.34279371e+00 
 5.18276744e-03  5.00000000e+00  4.92368374e+00  2.34681674e+00 
 5.19276744e-03  5.00000000e+00  4.92444310e+00  2.35083367e+00 
 5.20276744e-03  5.00000000e+00  4.92519491e+00  2.35484452e+00 
 5.21276744e-03  5.00000000e+00  4.92593924e+00  2.35884930e+00 
 5.22276744e-03  5.00000000e+00  4.92667617e+00  2.36284801e+00 
 5.23276744e-03  5.00000000e+00  4.92740576e+00  2.36684067e+00 
 5.24276744e-03  5.00000000e+00  4.92812809e+00  2.37082728e+00 
 5.25276744e-03  5.00000000e+00  4.92884323e+00  2.37480786e+00 
 5.26276744e-03  5.00000000e+00  4.92955126e+00  2.37878242e+00 
 5.27276744e-03  5.00000000e+00  4.93025224e+00  2.38275095e+00 
 5.28276744e-03  5.00000000e+00  4.93094625e+00  2.38671348e+00 
 5.29276744e-03  5.00000000e+00  4.93163335e+00  2.39067001e+00 
 5.30276744e-03  5.00000000e+00  4.93231362e+00  2.39462054e+00 
 5.31276744e-03  5.00000000e+00  4.93298711e+00  2.39856510e+00 
 5.32276744e-03  5.00000000e+00  4.93365391e+00  2.40250369e+00 
 5.33276744e-03  5.00000000e+00  4.93431407e+00  2.40643631e+00 
 5.34276744e-03  5.00000000e+00  4.93496766e+00  2.41036297e+00 
 5.35276744e-03  5.00000000e+00  4.93561475e+00  2.41428370e+00 
 5.36276744e-03  5.00000000e+00  4.93625540e+00  2.41819848e+00 
 5.37276744e-03  5.00000000e+00  4.93688967e+00  2.42210734e+00 
 5.38276744e-03  5.00000000e+00  4.93751763e+00  2.42601028e+00 
 5.39276744e-03  5.00000000e+00  4.93813935e+00  2.42990731e+00 
 5.40276744e-03  5.00000000e+00  4.93875488e+00  2.43379845e+00 
 5.41276744e-03  5.00000000e+00  4.93936428e+00  2.43768369e+00 
 5.42276744e-03  5.00000000e+00  4.93996762e+00  2.44156305e+00 
 5.43276744e-03  5.00000000e+00  4.94056496e+00  2.44543653e+00 
 5.44276744e-03  5.00000000e+00  4.94115635e+00  2.44930415e+00 
 5.45276744e-03  5.00000000e+00  4.94174186e+00  2.45316592e+00 
 5.46276744e-03  5.00000000e+00  4.94232155e+00  2.45702184e+00 
 5.47276744e-03  5.00000000e+00  4.94289546e+00  2.46087192e+00 
 5.48276744e-03  5.00000000e+00  4.94346366e+00  2.46471617e+00 
 5.49276744e-03  5.00000000e+00  4.94402622e+00  2.46855460e+00 
 5.50276744e-03  5.00000000e+00  4.94458317e+00  2.47238722e+00 
 5.51276744e-03  5.00000000e+00  4.94513458e+00  2.47621404e+00 
 5.52276744e-03  5.00000000e+00  4.94568050e+00  2.48003506e+00 
 5.53276744e-03  5.00000000e+00  4.94622100e+00  2.48385030e+00 
 5.54276744e-03  5.00000000e+00  4.94675611e+00  2.48765976e+00 
 5.55276744e-03  5.00000000e+00  4.94728590e+00  2.49146345e+00 
 5.56276744e-03  5.00000000e+00  4.94781042e+00  2.49526139e+00 
 5.57276744e-03  5.00000000e+00  4.94832972e+00  2.49905358e+00 
 5.58276744e-03  5.00000000e+00  4.94884385e+00  2.50284002e+00 
 5.59276744e-03  5.00000000e+00  4.94935287e+00  2.50662073e+00 
 5.60276744e-03  5.00000000e+00  4.94985682e+00  2.51039572e+00 
 5.61276744e-03  5.00000000e+00  4.95035576e+00  2.51416499e+00 
 5.62276744e-03  5.00000000e+00  4.95084973e+00  2.51792856e+00 
 5.63276744e-03  5.00000000e+00  4.95133879e+00  2.52168642e+00 
 5.64276744e-03  5.00000000e+00  4.95182298e+00  2.52543860e+00 
 5.65276744e-03  5.00000000e+00  4.95230235e+00  2.52918510e+00 
 5.66276744e-03  5.00000000e+00  4.95277695e+00  2.53292592e+00 
 5.67276744e-03  5.00000000e+00  4.95324684e+00  2.53666109e+00 
 5.68276744e-03  5.00000000e+00  4.95371204e+00  2.54039059e+00 
 5.69276744e-03  5.00000000e+00  4.95417262e+00  2.54411445e+00 
 5.70276744e-03  5.00000000e+00  4.95462861e+00  2.54783267e+00 
 5.71276744e-03  5.00000000e+00  4.95508007e+00  2.55154527e+00 
 5.72276744e-03  5.00000000e+00  4.95552703e+00  2.55525224e+00 
 5.73276744e-03  5.00000000e+00  4.95596955e+00  2.55895360e+00 
 5.74276744e-03  5.00000000e+00  4.95640766e+00  2.56264935e+00 
 5.75276744e-03  5.00000000e+00  4.95684142e+00  2.56633951e+00 
 5.76276744e-03  5.00000000e+00  4.95727086e+00  2.57002408e+00 
 5.77276744e-03  5.00000000e+00  4.95769602e+00  2.57370308e+00 
 5.78276744e-03  5.00000000e+00  4.95811696e+00  2.57737650e+00 
 5.79276744e-03  5.00000000e+00  4.95853370e+00  2.58104437e+00 
 5.80276744e-03  5.00000000e+00  4.95894630e+00  2.58470668e+00 
 5.81276744e-03  5.00000000e+00  4.95935480e+00  2.58836344e+00 
 5.82276744e-03  5.00000000e+00  4.95975923e+00  2.59201467e+00 
 5.83276744e-03  5.00000000e+00  4.96015963e+00  2.59566037e+00 
 5.84276744e-03  5.00000000e+00  4.96055606e+00  2.59930055e+00 
 5.85276744e-03  5.00000000e+00  4.96094853e+00  2.60293522e+00 
 5.86276744e-03  5.00000000e+00  4.96133710e+00  2.60656439e+00 
 5.87276744e-03  5.00000000e+00  4.96172181e+00  2.61018806e+00 
 5.88276744e-03  5.00000000e+00  4.96210269e+00  2.61380625e+00 
 5.89276744e-03  5.00000000e+00  4.96247978e+00  2.61741896e+00 
 5.90276744e-03  5.00000000e+00  4.96285311e+00  2.62102619e+00 
 5.91276744e-03  5.00000000e+00  4.96322273e+00  2.62462797e+00 
 5.92276744e-03  5.00000000e+00  4.96358867e+00  2.62822430e+00 
 5.93276744e-03  5.00000000e+00  4.96395098e+00  2.63181517e+00 
 5.94276744e-03  5.00000000e+00  4.96430967e+00  2.63540062e+00 
 5.95276744e-03  5.00000000e+00  4.96466480e+00  2.63898063e+00 
 5.96276744e-03  5.00000000e+00  4.96501639e+00  2.64255523e+00 
 5.97276744e-03  5.00000000e+00  4.96536449e+00  2.64612441e+00 
 5.98276744e-03  5.00000000e+00  4.96570912e+00  2.64968819e+00 
 5.99276744e-03  5.00000000e+00  4.96605032e+00  2.65324657e+00 
 6.00276744e-03  5.00000000e+00  4.96638813e+00  2.65679956e+00 
 6.01276744e-03  5.00000000e+00  4.96672258e+00  2.66034718e+00 
 6.02276744e-03  5.00000000e+00  4.96705370e+00  2.66388943e+00 
 6.03276744e-03  5.00000000e+00  4.96738152e+00  2.66742631e+00 
 6.04276744e-03  5.00000000e+00  4.96770608e+00  2.67095783e+00 
 6.05276744e-03  5.00000000e+00  4.96802742e+00  2.67448401e+00 
 6.06276744e-03  5.00000000e+00  4.96834555e+00  2.67800486e+00 
 6.07276744e-03  5.00000000e+00  4.96866052e+00  2.68152037e+00 
 6.08276744e-03  5.00000000e+00  4.96897236e+00  2.68503056e+00 
 6.09276744e-03  5.00000000e+00  4.96928109e+00  2.68853543e+00 
 6.10276744e-03  5.00000000e+00  4.96958675e+00  2.69203500e+00 
 6.11276744e-03  5.00000000e+00  4.96988937e+00  2.69552927e+00 
 6.12276744e-03  5.00000000e+00  4.97018898e+00  2.69901825e+00 
 6.13276744e-03  5.00000000e+00  4.97048560e+00  2.70250194e+00 
 6.14276744e-03  5.00000000e+00  4.97077928e+00  2.70598037e+00 
 6.15276744e-03  5.00000000e+00  4.97107003e+00  2.70945352e+00 
 6.16276744e-03  5.00000000e+00  4.97135789e+00  2.71292142e+00 
 6.17276744e-03  5.00000000e+00  4.97164289e+00  2.71638407e+00 
 6.18276744e-03  5.00000000e+00  4.97192505e+00  2.71984147e+00 
 6.19276744e-03  5.00000000e+00  4.97220440e+00  2.72329364e+00 
 6.20276744e-03  5.00000000e+00  4.97248098e+00  2.72674059e+00 
 6.21276744e-03  5.00000000e+00  4.97275480e+00  2.73018231e+00 
 6.22276744e-03  5.00000000e+00  4.97302589e+00  2.73361883e+00 
 6.23276744e-03  5.00000000e+00  4.97329429e+00  2.73705014e+00 
 6.24276744e-03  5.00000000e+00  4.97356002e+00  2.74047625e+00 
 6.25276744e-03  5.00000000e+00  4.97382311e+00  2.74389718e+00 
 6.26276744e-03  5.00000000e+00  4.97408357e+00  2.74731293e+00 
 6.27276744e-03  5.00000000e+00  4.97434145e+00  2.75072351e+00 
 6.28276744e-03  5.00000000e+00  4.97459676e+00  2.75412893e+00 
 6.29276744e-03  5.00000000e+00  4.97484952e+00  2.75752919e+00 
 6.30276744e-03  5.00000000e+00  4.97509978e+00  2.76092430e+00 
 6.31276744e-03  5.00000000e+00  4.97534754e+00  2.76431427e+00 
 6.32276744e-03  5.00000000e+00  4.97559284e+00  2.76769911e+00 
 6.33276744e-03  5.00000000e+00  4.97583570e+00  2.77107882e+00 
 6.34276744e-03  5.00000000e+00  4.97607614e+00  2.77445342e+00 
 6.35276744e-03  5.00000000e+00  4.97631419e+00  2.77782290e+00 
 6.36276744e-03  5.00000000e+00  4.97654987e+00  2.78118729e+00 
 6.37276744e-03  5.00000000e+00  4.97678320e+00  2.78454658e+00 
 6.38276744e-03  5.00000000e+00  4.97701421e+00  2.78790079e+00 
 6.39276744e-03  5.00000000e+00  4.97724293e+00  2.79124992e+00 
 6.40276744e-03  5.00000000e+00  4.97746937e+00  2.79459397e+00 
 6.41276744e-03  5.00000000e+00  4.97769355e+00  2.79793297e+00 
 6.42276744e-03  5.00000000e+00  4.97791551e+00  2.80126691e+00 
 6.43276744e-03  5.00000000e+00  4.97813525e+00  2.80459580e+00 
 6.44276744e-03  5.00000000e+00  4.97835281e+00  2.80791965e+00 
 6.45276744e-03  5.00000000e+00  4.97856821e+00  2.81123847e+00 
 6.46276744e-03  5.00000000e+00  4.97878146e+00  2.81455227e+00 
 6.47276744e-03  5.00000000e+00  4.97899259e+00  2.81786105e+00 
 6.48276744e-03  5.00000000e+00  4.97920162e+00  2.82116481e+00 
 6.49276744e-03  5.00000000e+00  4.97940857e+00  2.82446358e+00 
 6.50276744e-03  5.00000000e+00  4.97961346e+00  2.82775735e+00 
 6.51276744e-03  5.00000000e+00  4.97981631e+00  2.83104614e+00 
 6.52276744e-03  5.00000000e+00  4.98001714e+00  2.83432994e+00 
 6.53276744e-03  5.00000000e+00  4.98021598e+00  2.83760878e+00 
 6.54276744e-03  5.00000000e+00  4.98041283e+00  2.84088265e+00 
 6.55276744e-03  5.00000000e+00  4.98060773e+00  2.84415156e+00 
 6.56276744e-03  5.00000000e+00  4.98080069e+00  2.84741553e+00 
 6.57276744e-03  5.00000000e+00  4.98099172e+00  2.85067455e+00 
 6.58276744e-03  5.00000000e+00  4.98118086e+00  2.85392864e+00 
 6.59276744e-03  5.00000000e+00  4.98136812e+00  2.85717780e+00 
 6.60276744e-03  5.00000000e+00  4.98155351e+00  2.86042204e+00 
 6.61276744e-03  5.00000000e+00  4.98173706e+00  2.86366137e+00 
 6.62276744e-03  5.00000000e+00  4.98191878e+00  2.86689580e+00 
 6.63276744e-03  5.00000000e+00  4.98209869e+00  2.87012533e+00 
 6.64276744e-03  5.00000000e+00  4.98227681e+00  2.87334997e+00 
 6.65276744e-03  5.00000000e+00  4.98245316e+00  2.87656973e+00 
 6.66276744e-03  5.00000000e+00  4.98262776e+00  2.87978461e+00 
 6.67276744e-03  5.00000000e+00  4.98280062e+00  2.88299462e+00 
 6.68276744e-03  5.00000000e+00  4.98297175e+00  2.88619978e+00 
 6.69276744e-03  5.00000000e+00  4.98314119e+00  2.88940008e+00 
 6.70276744e-03  5.00000000e+00  4.98330894e+00  2.89259554e+00 
 6.71276744e-03  5.00000000e+00  4.98347502e+00  2.89578616e+00 
 6.72276744e-03  5.00000000e+00  4.98363945e+00  2.89897195e+00 
 6.73276744e-03  5.00000000e+00  4.98380224e+00  2.90215292e+00 
 6.74276744e-03  5.00000000e+00  4.98396341e+00  2.90532907e+00 
 6.75276744e-03  5.00000000e+00  4.98412298e+00  2.90850041e+00 
 6.76276744e-03  5.00000000e+00  4.98428096e+00  2.91166695e+00 
 6.77276744e-03  5.00000000e+00  4.98443737e+00  2.91482869e+00 
 6.78276744e-03  5.00000000e+00  4.98459222e+00  2.91798565e+00 
 6.79276744e-03  5.00000000e+00  4.98474553e+00  2.92113783e+00 
 6.80276744e-03  5.00000000e+00  4.98489732e+00  2.92428524e+00 
 6.81276744e-03  5.00000000e+00  4.98504759e+00  2.92742788e+00 
 6.82276744e-03  5.00000000e+00  4.98519637e+00  2.93056576e+00 
 6.83276744e-03  5.00000000e+00  4.98534367e+00  2.93369890e+00 
 6.84276744e-03  5.00000000e+00  4.98548950e+00  2.93682728e+00 
 6.85276744e-03  5.00000000e+00  4.98563389e+00  2.93995094e+00 
 6.86276744e-03  5.00000000e+00  4.98577683e+00  2.94306986e+00 
 6.87276744e-03  5.00000000e+00  4.98591836e+00  2.94618406e+00 
 6.88276744e-03  5.00000000e+00  4.98605847e+00  2.94929355e+00 
 6.89276744e-03  5.00000000e+00  4.98619720e+00  2.95239833e+00 
 6.90276744e-03  5.00000000e+00  4.98633454e+00  2.95549841e+00 
 6.91276744e-03  5.00000000e+00  4.98647051e+00  2.95859379e+00 
 6.92276744e-03  5.00000000e+00  4.98660513e+00  2.96168449e+00 
 6.93276744e-03  5.00000000e+00  4.98673842e+00  2.96477051e+00 
 6.94276744e-03  5.00000000e+00  4.98687037e+00  2.96785186e+00 
 6.95276744e-03  5.00000000e+00  4.98700101e+00  2.97092854e+00 
 6.96276744e-03  5.00000000e+00  4.98713036e+00  2.97400056e+00 
 6.97276744e-03  5.00000000e+00  4.98725841e+00  2.97706793e+00 
 6.98276744e-03  5.00000000e+00  4.98738520e+00  2.98013066e+00 
 6.99276744e-03  5.00000000e+00  4.98751072e+00  2.98318875e+00 
 7.00276744e-03  5.00000000e+00  4.98763499e+00  2.98624221e+00 
 7.01276744e-03  5.00000000e+00  4.98775802e+00  2.98929105e+00 
 7.02276744e-03  5.00000000e+00  4.98787983e+00  2.99233527e+00 
 7.03276744e-03  5.00000000e+00  4.98800043e+00  2.99537489e+00 
 7.04276744e-03  5.00000000e+00  4.98811983e+00  2.99840990e+00 
 7.05276744e-03  5.00000000e+00  4.98823804e+00  3.00144032e+00 
 7.06276744e-03  5.00000000e+00  4.98835508e+00  3.00446614e+00 
 7.07276744e-03  5.00000000e+00  4.98847095e+00  3.00748739e+00 
 7.08276744e-03  5.00000000e+00  4.98858566e+00  3.01050407e+00 
 7.09276744e-03  5.00000000e+00  4.98869924e+00  3.01351617e+00 
 7.10276744e-03  5.00000000e+00  4.98881168e+00  3.01652372e+00 
 7.11276744e-03  5.00000000e+00  4.98892301e+00  3.01952671e+00 
 7.12276744e-03  5.00000000e+00  4.98903323e+00  3.02252515e+00 
 7.13276744e-03  5.00000000e+00  4.98914235e+00  3.02551906e+00 
 7.14276744e-03  5.00000000e+00  4.98925039e+00  3.02850843e+00 
 7.15276744e-03  5.00000000e+00  4.98935735e+00  3.03149328e+00 
 7.16276744e-03  5.00000000e+00  4.98946325e+00  3.03447361e+00 
 7.17276744e-03  5.00000000e+00  4.98956809e+00  3.03744942e+00 
 7.18276744e-03  5.00000000e+00  4.98967189e+00  3.04042073e+00 
 7.19276744e-03  5.00000000e+00  4.98977466e+00  3.04338755e+00 
 7.20276744e-03  5.00000000e+00  4.98987640e+00  3.04634987e+00 
 7.21276744e-03  5.00000000e+00  4.98997713e+00  3.04930770e+00 
 7.22276744e-03  5.00000000e+00  4.99007686e+00  3.05226106e+00 
 7.23276744e-03  5.00000000e+00  4.99017560e+00  3.05520994e+00 
 7.24276744e-03  5.00000000e+00  4.99027336e+00  3.05815437e+00 
 7.25276744e-03  5.00000000e+00  4.99037014e+00  3.06109433e+00 
 7.26276744e-03  5.00000000e+00  4.99046596e+00  3.06402984e+00 
 7.27276744e-03  5.00000000e+00  4.99056082e+00  3.06696091e+00 
 7.28276744e-03  5.00000000e+00  4.99065475e+00  3.06988754e+00 
 7.29276744e-03  5.00000000e+00  4.99074773e+00  3.07280974e+00 
 7.30276744e-03  5.00000000e+00  4.99083980e+00  3.07572751e+00 
 7.31276744e-03  5.00000000e+00  4.99093094e+00  3.07864087e+00 
 7.32276744e-03  5.00000000e+00  4.99102118e+00  3.08154982e+00 
 7.33276744e-03  5.00000000e+00  4.99111052e+00  3.08445436e+00 
 7.34276744e-03  5.00000000e+00  4.99119898e+00  3.08735450e+00 
 7.35276744e-03  5.00000000e+00  4.99128655e+00  3.09025026e+00 
 7.36276744e-03  5.00000000e+00  4.99137325e+00  3.09314163e+00 
 7.37276744e-03  5.00000000e+00  4.99145909e+00  3.09602862e+00 
 7.38276744e-03  5.00000000e+00  4.99154407e+00  3.09891124e+00 
 7.39276744e-03  5.00000000e+00  4.99162821e+00  3.10178950e+00 
 7.40276744e-03  5.00000000e+00  4.99171151e+00  3.10466340e+00 
 7.41276744e-03  5.00000000e+00  4.99179398e+00  3.10753294e+00 
 7.42276744e-03  5.00000000e+00  4.99187564e+00  3.11039815e+00 
 7.43276744e-03  5.00000000e+00  4.99195648e+00  3.11325901e+00 
 7.44276744e-03  5.00000000e+00  4.99203651e+00  3.11611555e+00 
 7.45276744e-03  5.00000000e+00  4.99211575e+00  3.11896776e+00 
 7.46276744e-03  5.00000000e+00  4.99219420e+00  3.12181565e+00 
 7.47276744e-03  5.00000000e+00  4.99227187e+00  3.12465923e+00 
 7.48276744e-03  5.00000000e+00  4.99234877e+00  3.12749850e+00 
 7.49276744e-03  5.00000000e+00  4.99242490e+00  3.13033348e+00 
 7.50276744e-03  5.00000000e+00  4.99250027e+00  3.13316416e+00 
 7.51276744e-03  5.00000000e+00  4.99257490e+00  3.13599056e+00 
 7.52276744e-03  5.00000000e+00  4.99264878e+00  3.13881268e+00 
 7.53276744e-03  5.00000000e+00  4.99272192e+00  3.14163053e+00 
 7.54276744e-03  5.00000000e+00  4.99279434e+00  3.14444411e+00 
 7.55276744e-03  5.00000000e+00  4.99286604e+00  3.14725343e+00 
 7.56276744e-03  5.00000000e+00  4.99293703e+00  3.15005849e+00 
 7.57276744e-03  5.00000000e+00  4.99300730e+00  3.15285931e+00 
 7.58276744e-03  5.00000000e+00  4.99307688e+00  3.15565589e+00 
 7.59276744e-03  5.00000000e+00  4.99314577e+00  3.15844824e+00 
 7.60276744e-03  5.00000000e+00  4.99321397e+00  3.16123635e+00 
 7.61276744e-03  5.00000000e+00  4.99328149e+00  3.16402025e+00 
 7.62276744e-03  5.00000000e+00  4.99334834e+00  3.16679993e+00 
 7.63276744e-03  5.00000000e+00  4.99341453e+00  3.16957541e+00 
 7.64276744e-03  5.00000000e+00  4.99348006e+00  3.17234668e+00 
 7.65276744e-03  5.00000000e+00  4.99354493e+00  3.17511375e+00 
 7.66276744e-03  5.00000000e+00  4.99360916e+00  3.17787664e+00 
 7.67276744e-03  5.00000000e+00  4.99367275e+00  3.18063534e+00 
 7.68276744e-03  5.00000000e+00  4.99373571e+00  3.18338987e+00 
 7.69276744e-03  5.00000000e+00  4.99379804e+00  3.18614022e+00 
 7.70276744e-03  5.00000000e+00  4.99385975e+00  3.18888642e+00 
 7.71276744e-03  5.00000000e+00  4.99392085e+00  3.19162845e+00 
 7.72276744e-03  5.00000000e+00  4.99398134e+00  3.19436633e+00 
 7.73276744e-03  5.00000000e+00  4.99404123e+00  3.19710007e+00 
 7.74276744e-03  5.00000000e+00  4.99410052e+00  3.19982967e+00 
 7.75276744e-03  5.00000000e+00  4.99415922e+00  3.20255514e+00 
 7.76276744e-03  5.00000000e+00  4.99421734e+00  3.20527648e+00 
 7.77276744e-03  5.00000000e+00  4.99427487e+00  3.20799369e+00 
 7.78276744e-03  5.00000000e+00  4.99433184e+00  3.21070680e+00 
 7.79276744e-03  5.00000000e+00  4.99438824e+00  3.21341580e+00 
 7.80276744e-03  5.00000000e+00  4.99444408e+00  3.21612070e+00 
 7.81276744e-03  5.00000000e+00  4.99449936e+00  3.21882150e+00 
 7.82276744e-03  5.00000000e+00  4.99455409e+00  3.22151821e+00 
 7.83276744e-03  5.00000000e+00  4.99460828e+00  3.22421084e+00 
 7.84276744e-03  5.00000000e+00  4.99466193e+00  3.22689939e+00 
 7.85276744e-03  5.00000000e+00  4.99471505e+00  3.22958387e+00 
 7.86276744e-03  5.00000000e+00  4.99476763e+00  3.23226429e+00 
 7.87276744e-03  5.00000000e+00  4.99481970e+00  3.23494065e+00 
 7.88276744e-03  5.00000000e+00  4.99487124e+00  3.23761296e+00 
 7.89276744e-03  5.00000000e+00  4.99492227e+00  3.24028122e+00 
 7.90276744e-03  5.00000000e+00  4.99497280e+00  3.24294544e+00 
 7.91276744e-03  5.00000000e+00  4.99502282e+00  3.24560563e+00 
 7.92276744e-03  5.00000000e+00  4.99507235e+00  3.24826179e+00 
 7.93276744e-03  5.00000000e+00  4.99512138e+00  3.25091393e+00 
 7.94276744e-03  5.00000000e+00  4.99516992e+00  3.25356206e+00 
 7.95276744e-03  5.00000000e+00  4.99521798e+00  3.25620617e+00 
 7.96276744e-03  5.00000000e+00  4.99526556e+00  3.25884628e+00 
 7.97276744e-03  5.00000000e+00  4.99531267e+00  3.26148240e+00 
 7.98276744e-03  5.00000000e+00  4.99535931e+00  3.26411452e+00 
 7.99276744e-03  5.00000000e+00  4.99540549e+00  3.26674266e+00 
 8.00276744e-03  5.00000000e+00  4.99545120e+00  3.26936682e+00 
 8.01276744e-03  5.00000000e+00  4.99549647e+00  3.27198701e+00 
 8.02276744e-03  5.00000000e+00  4.99554128e+00  3.27460323e+00 
 8.03276744e-03  5.00000000e+00  4.99558564e+00  3.27721548e+00 
 8.04276744e-03  5.00000000e+00  4.99562957e+00  3.27982379e+00 
 8.05276744e-03  5.00000000e+00  4.99567305e+00  3.28242814e+00 
 8.06276744e-03  5.00000000e+00  4.99571611e+00  3.28502855e+00 
 8.07276744e-03  5.00000000e+00  4.99575873e+00  3.28762503e+00 
 8.08276744e-03  5.00000000e+00  4.99580094e+00  3.29021757e+00 
 8.09276744e-03  5.00000000e+00  4.99584272e+00  3.29280619e+00 
 8.10276744e-03  5.00000000e+00  4.99588408e+00  3.29539089e+00 
 8.11276744e-03  5.00000000e+00  4.99592504e+00  3.29797168e+00 
 8.12276744e-03  5.00000000e+00  4.99596558e+00  3.30054855e+00 
 8.13276744e-03  5.00000000e+00  4.99600573e+00  3.30312153e+00 
 8.14276744e-03  5.00000000e+00  4.99604547e+00  3.30569061e+00 
 8.15276744e-03  5.00000000e+00  4.99608482e+00  3.30825581e+00 
 8.16276744e-03  5.00000000e+00  4.99612378e+00  3.31081711e+00 
 8.17276744e-03  5.00000000e+00  4.99616235e+00  3.31337454e+00 
 8.18276744e-03  5.00000000e+00  4.99620053e+00  3.31592810e+00 
 8.19276744e-03  5.00000000e+00  4.99623834e+00  3.31847780e+00 
 8.20276744e-03  5.00000000e+00  4.99627577e+00  3.32102363e+00 
 8.21276744e-03  5.00000000e+00  4.99631282e+00  3.32356561e+00 
 8.22276744e-03  5.00000000e+00  4.99634951e+00  3.32610373e+00 
 8.23276744e-03  5.00000000e+00  4.99638584e+00  3.32863802e+00 
 8.24276744e-03  5.00000000e+00  4.99642180e+00  3.33116847e+00 
 8.25276744e-03  5.00000000e+00  4.99645740e+00  3.33369509e+00 
 8.26276744e-03  5.00000000e+00  4.99649265e+00  3.33621788e+00 
 8.27276744e-03  5.00000000e+00  4.99652755e+00  3.33873686e+00 
 8.28276744e-03  5.00000000e+00  4.99656210e+00  3.34125202e+00 
 8.29276744e-03  5.00000000e+00  4.99659631e+00  3.34376337e+00 
 8.30276744e-03  5.00000000e+00  4.99663018e+00  3.34627092e+00 
 8.31276744e-03  5.00000000e+00  4.99666371e+00  3.34877467e+00 
 8.32276744e-03  5.00000000e+00  4.99669691e+00  3.35127463e+00 
 8.33276744e-03  5.00000000e+00  4.99672977e+00  3.35377081e+00 
 8.34276744e-03  5.00000000e+00  4.99676231e+00  3.35626321e+00 
 8.35276744e-03  5.00000000e+00  4.99679453e+00  3.35875184e+00 
 8.36276744e-03  5.00000000e+00  4.99682642e+00  3.36123669e+00 
 8.37276744e-03  5.00000000e+00  4.99685800e+00  3.36371779e+00 
 8.38276744e-03  5.00000000e+00  4.99688926e+00  3.36619513e+00 
 8.39276744e-03  5.00000000e+00  4.99692022e+00  3.36866871e+00 
 8.40276744e-03  5.00000000e+00  4.99695086e+00  3.37113856e+00 
 8.41276744e-03  5.00000000e+00  4.99698120e+00  3.37360466e+00 
 8.42276744e-03  5.00000000e+00  4.99701124e+00  3.37606703e+00 
 8.43276744e-03  5.00000000e+00  4.99704098e+00  3.37852567e+00 
 8.44276744e-03  5.00000000e+00  4.99707042e+00  3.38098059e+00 
 8.45276744e-03  5.00000000e+00  4.99709957e+00  3.38343180e+00 
 8.46276744e-03  5.00000000e+00  4.99712843e+00  3.38587929e+00 
 8.47276744e-03  5.00000000e+00  4.99715700e+00  3.38832307e+00 
 8.48276744e-03  5.00000000e+00  4.99718529e+00  3.39076316e+00 
 8.49276744e-03  5.00000000e+00  4.99721330e+00  3.39319955e+00 
 8.50276744e-03  5.00000000e+00  4.99724103e+00  3.39563225e+00 
 8.51276744e-03  5.00000000e+00  4.99726848e+00  3.39806127e+00 
 8.52276744e-03  5.00000000e+00  4.99729566e+00  3.40048662e+00 
 8.53276744e-03  5.00000000e+00  4.99732257e+00  3.40290829e+00 
 8.54276744e-03  5.00000000e+00  4.99734921e+00  3.40532629e+00 
 8.55276744e-03  5.00000000e+00  4.99737559e+00  3.40774063e+00 
 8.56276744e-03  5.00000000e+00  4.99740170e+00  3.41015132e+00 
 8.57276744e-03  5.00000000e+00  4.99742755e+00  3.41255836e+00 
 8.58276744e-03  5.00000000e+00  4.99745315e+00  3.41496175e+00 
 8.59276744e-03  5.00000000e+00  4.99747849e+00  3.41736151e+00 
 8.60276744e-03  5.00000000e+00  4.99750358e+00  3.41975763e+00 
 8.61276744e-03  5.00000000e+00  4.99752842e+00  3.42215013e+00 
 8.62276744e-03  5.00000000e+00  4.99755301e+00  3.42453900e+00 
 8.63276744e-03  5.00000000e+00  4.99757736e+00  3.42692425e+00 
 8.64276744e-03  5.00000000e+00  4.99760147e+00  3.42930590e+00 
 8.65276744e-03  5.00000000e+00  4.99762533e+00  3.43168393e+00 
 8.66276744e-03  5.00000000e+00  4.99764896e+00  3.43405837e+00 
 8.67276744e-03  5.00000000e+00  4.99767236e+00  3.43642921e+00 
 8.68276744e-03  5.00000000e+00  4.99769552e+00  3.43879647e+00 
 8.69276744e-03  5.00000000e+00  4.99771845e+00  3.44116014e+00 
 8.70276744e-03  5.00000000e+00  4.99774115e+00  3.44352023e+00 
 8.71276744e-03  5.00000000e+00  4.99776362e+00  3.44587675e+00 
 8.72276744e-03  5.00000000e+00  4.99778588e+00  3.44822969e+00 
 8.73276744e-03  5.00000000e+00  4.99780791e+00  3.45057908e+00 
 8.74276744e-03  5.00000000e+00  4.99782972e+00  3.45292491e+00 
 8.75276744e-03  5.00000000e+00  4.99785131e+00  3.45526719e+00 
 8.76276744e-03  5.00000000e+00  4.99787269e+00  3.45760592e+00 
 8.77276744e-03  5.00000000e+00  4.99789386e+00  3.45994112e+00 
 8.78276744e-03  5.00000000e+00  4.99791482e+00  3.46227277e+00 
 8.79276744e-03  5.00000000e+00  4.99793557e+00  3.46460090e+00 
 8.80276744e-03  5.00000000e+00  4.99795611e+00  3.46692550e+00 
 8.81276744e-03  5.00000000e+00  4.99797645e+00  3.46924658e+00 
 8.82276744e-03  5.00000000e+00  4.99799658e+00  3.47156415e+00 
 8.83276744e-03  5.00000000e+00  4.99801651e+00  3.47387821e+00 
 8.84276744e-03  5.00000000e+00  4.99803625e+00  3.47618876e+00 
 8.85276744e-03  5.00000000e+00  4.99805579e+00  3.47849582e+00 
 8.86276744e-03  5.00000000e+00  4.99807514e+00  3.48079938e+00 
 8.87276744e-03  5.00000000e+00  4.99809429e+00  3.48309946e+00 
 8.88276744e-03  5.00000000e+00  4.99811325e+00  3.48539605e+00 
 8.89276744e-03  5.00000000e+00  4.99813202e+00  3.48768917e+00 
 8.90276744e-03  5.00000000e+00  4.99815061e+00  3.48997882e+00 
 8.91276744e-03  5.00000000e+00  4.99816901e+00  3.49226500e+00 
 8.92276744e-03  5.00000000e+00  4.99818723e+00  3.49454771e+00 
 8.93276744e-03  5.00000000e+00  4.99820527e+00  3.49682698e+00 
 8.94276744e-03  5.00000000e+00  4.99822313e+00  3.49910279e+00 
 8.95276744e-03  5.00000000e+00  4.99824081e+00  3.50137515e+00 
 8.96276744e-03  5.00000000e+00  4.99825831e+00  3.50364408e+00 
 8.97276744e-03  5.00000000e+00  4.99827564e+00  3.50590957e+00 
 8.98276744e-03  5.00000000e+00  4.99829280e+00  3.50817163e+00 
 8.99276744e-03  5.00000000e+00  4.99830979e+00  3.51043026e+00 
 9.00276744e-03  5.00000000e+00  4.99832661e+00  3.51268548e+00 
 9.01276744e-03  5.00000000e+00  4.99834326e+00  3.51493728e+00 
 9.02276744e-03  5.00000000e+00  4.99835974e+00  3.51718567e+00 
 9.03276744e-03  5.00000000e+00  4.99837606e+00  3.51943066e+00 
 9.04276744e-03  5.00000000e+00  4.99839222e+00  3.52167224e+00 
 9.05276744e-03  5.00000000e+00  4.99840822e+00  3.52391044e+00 
 9.06276744e-03  5.00000000e+00  4.99842406e+00  3.52614525e+00 
 9.07276744e-03  5.00000000e+00  4.99843974e+00  3.52837667e+00 
 9.08276744e-03  5.00000000e+00  4.99845526e+00  3.53060471e+00 
 9.09276744e-03  5.00000000e+00  4.99847063e+00  3.53282938e+00 
 9.10276744e-03  5.00000000e+00  4.99848585e+00  3.53505069e+00 
 9.11276744e-03  5.00000000e+00  4.99850092e+00  3.53726863e+00 
 9.12276744e-03  5.00000000e+00  4.99851583e+00  3.53948321e+00 
 9.13276744e-03  5.00000000e+00  4.99853060e+00  3.54169444e+00 
 9.14276744e-03  5.00000000e+00  4.99854522e+00  3.54390232e+00 
 9.15276744e-03  5.00000000e+00  4.99855970e+00  3.54610686e+00 
 9.16276744e-03  5.00000000e+00  4.99857403e+00  3.54830806e+00 
 9.17276744e-03  5.00000000e+00  4.99858822e+00  3.55050593e+00 
 9.18276744e-03  5.00000000e+00  4.99860227e+00  3.55270047e+00 
 9.19276744e-03  5.00000000e+00  4.99861617e+00  3.55489169e+00 
 9.20276744e-03  5.00000000e+00  4.99862994e+00  3.55707959e+00 
 9.21276744e-03  5.00000000e+00  4.99864358e+00  3.55926417e+00 
 9.22276744e-03  5.00000000e+00  4.99865707e+00  3.56144545e+00 
 9.23276744e-03  5.00000000e+00  4.99867043e+00  3.56362343e+00 
 9.24276744e-03  5.00000000e+00  4.99868366e+00  3.56579811e+00 
 9.25276744e-03  5.00000000e+00  4.99869676e+00  3.56796950e+00 
 9.26276744e-03  5.00000000e+00  4.99870973e+00  3.57013760e+00 
 9.27276744e-03  5.00000000e+00  4.99872257e+00  3.57230242e+00 
 9.28276744e-03  5.00000000e+00  4.99873528e+00  3.57446396e+00 
 9.29276744e-03  5.00000000e+00  4.99874786e+00  3.57662223e+00 
 9.30276744e-03  5.00000000e+00  4.99876032e+00  3.57877723e+00 
 9.31276744e-03  5.00000000e+00  4.99877266e+00  3.58092897e+00 
 9.32276744e-03  5.00000000e+00  4.99878487e+00  3.58307745e+00 
 9.33276744e-03  5.00000000e+00  4.99879696e+00  3.58522267e+00 
 9.34276744e-03  5.00000000e+00  4.99880893e+00  3.58736465e+00 
 9.35276744e-03  5.00000000e+00  4.99882078e+00  3.58950339e+00 
 9.36276744e-03  5.00000000e+00  4.99883252e+00  3.59163889e+00 
 9.37276744e-03  5.00000000e+00  4.99884413e+00  3.59377115e+00 
 9.38276744e-03  5.00000000e+00  4.99885563e+00  3.59590019e+00 
 9.39276744e-03  5.00000000e+00  4.99886702e+00  3.59802600e+00 
 9.40276744e-03  5.00000000e+00  4.99887829e+00  3.60014860e+00 
 9.41276744e-03  5.00000000e+00  4.99888946e+00  3.60226798e+00 
 9.42276744e-03  5.00000000e+00  4.99890051e+00  3.60438415e+00 
 9.43276744e-03  5.00000000e+00  4.99891145e+00  3.60649712e+00 
 9.44276744e-03  5.00000000e+00  4.99892228e+00  3.60860689e+00 
 9.45276744e-03  5.00000000e+00  4.99893300e+00  3.61071347e+00 
 9.46276744e-03  5.00000000e+00  4.99894362e+00  3.61281685e+00 
 9.47276744e-03  5.00000000e+00  4.99895413e+00  3.61491705e+00 
 9.48276744e-03  5.00000000e+00  4.99896454e+00  3.61701408e+00 
 9.49276744e-03  5.00000000e+00  4.99897484e+00  3.61910792e+00 
 9.50276744e-03  5.00000000e+00  4.99898504e+00  3.62119860e+00 
 9.51276744e-03  5.00000000e+00  4.99899514e+00  3.62328611e+00 
 9.52276744e-03  5.00000000e+00  4.99900514e+00  3.62537046e+00 
 9.53276744e-03  5.00000000e+00  4.99901504e+00  3.62745166e+00 
 9.54276744e-03  5.00000000e+00  4.99902484e+00  3.62952970e+00 
 9.55276744e-03  5.00000000e+00  4.99903454e+00  3.63160460e+00 
 9.56276744e-03  5.00000000e+00  4.99904415e+00  3.63367636e+00 
 9.57276744e-03  5.00000000e+00  4.99905366e+00  3.63574498e+00 
 9.58276744e-03  5.00000000e+00  4.99906307e+00  3.63781047e+00 
 9.59276744e-03  5.00000000e+00  4.99907240e+00  3.63987283e+00 
 9.60276744e-03  5.00000000e+00  4.99908163e+00  3.64193207e+00 
 9.61276744e-03  5.00000000e+00  4.99909076e+00  3.64398819e+00 
 9.62276744e-03  5.00000000e+00  4.99909981e+00  3.64604120e+00 
 9.63276744e-03  5.00000000e+00  4.99910877e+00  3.64809110e+00 
 9.64276744e-03  5.00000000e+00  4.99911764e+00  3.65013789e+00 
 9.65276744e-03  5.00000000e+00  4.99912642e+00  3.65218159e+00 
 9.66276744e-03  5.00000000e+00  4.99913511e+00  3.65422219e+00 
 9.67276744e-03  5.00000000e+00  4.99914371e+00  3.65625971e+00 
 9.68276744e-03  5.00000000e+00  4.99915223e+00  3.65829413e+00 
 9.69276744e-03  5.00000000e+00  4.99916067e+00  3.66032548e+00 
 9.70276744e-03  5.00000000e+00  4.99916902e+00  3.66235376e+00 
 9.71276744e-03  5.00000000e+00  4.99917729e+00  3.66437896e+00 
 9.72276744e-03  5.00000000e+00  4.99918548e+00  3.66640110e+00 
 9.73276744e-03  5.00000000e+00  4.99919358e+00  3.66842017e+00 
 9.74276744e-03  5.00000000e+00  4.99920161e+00  3.67043619e+00 
 9.75276744e-03  5.00000000e+00  4.99920955e+00  3.67244915e+00 
 9.76276744e-03  5.00000000e+00  4.99921741e+00  3.67445907e+00 
 9.77276744e-03  5.00000000e+00  4.99922520e+00  3.67646595e+00 
 9.78276744e-03  5.00000000e+00  4.99923291e+00  3.67846978e+00 
 9.79276744e-03  5.00000000e+00  4.99924054e+00  3.68047059e+00 
 9.80276744e-03  5.00000000e+00  4.99924810e+00  3.68246836e+00 
 9.81276744e-03  5.00000000e+00  4.99925558e+00  3.68446311e+00 
 9.82276744e-03  5.00000000e+00  4.99926299e+00  3.68645484e+00 
 9.83276744e-03  5.00000000e+00  4.99927032e+00  3.68844355e+00 
 9.84276744e-03  5.00000000e+00  4.99927758e+00  3.69042925e+00 
 9.85276744e-03  5.00000000e+00  4.99928477e+00  3.69241195e+00 
 9.86276744e-03  5.00000000e+00  4.99929189e+00  3.69439164e+00 
 9.87276744e-03  5.00000000e+00  4.99929893e+00  3.69636834e+00 
 9.88276744e-03  5.00000000e+00  4.99930591e+00  3.69834204e+00 
 9.89276744e-03  5.00000000e+00  4.99931282e+00  3.70031276e+00 
 9.90276744e-03  5.00000000e+00  4.99931965e+00  3.70228049e+00 
 9.91276744e-03  5.00000000e+00  4.99932642e+00  3.70424525e+00 
 9.92276744e-03  5.00000000e+00  4.99933313e+00  3.70620702e+00 
 9.93276744e-03  5.00000000e+00  4.99933976e+00  3.70816583e+00 
 9.94276744e-03  5.00000000e+00  4.99934633e+00  3.71012168e+00 
 9.95276744e-03  5.00000000e+00  4.99935283e+00  3.71207456e+00 
 9.96276744e-03  5.00000000e+00  4.99935927e+00  3.71402448e+00 
 9.97276744e-03  5.00000000e+00  4.99936565e+00  3.71597146e+00 
 9.98276744e-03  5.00000000e+00  4.99937196e+00  3.71791548e+00 
 9.99276744e-03  5.00000000e+00  4.99937821e+00  3.71985656e+00 
 1.00027674e-02  5.00000000e+00  4.99938440e+00  3.72179471e+00 
 1.00127674e-02  5.00000000e+00  4.99939052e+00  3.72372991e+00 
 1.00227674e-02  5.00000000e+00  4.99939659e+00  3.72566219e+00 
 1.00327674e-02  5.00000000e+00  4.99940259e+00  3.72759155e+00 
 1.00427674e-02  5.00000000e+00  4.99940854e+00  3.72951798e+00 
 1.00527674e-02  5.00000000e+00  4.99941442e+00  3.73144149e+00 
 1.00627674e-02  5.00000000e+00  4.99942025e+00  3.73336210e+00 
 1.00727674e-02  5.00000000e+00  4.99942602e+00  3.73527979e+00 
 1.00827674e-02  5.00000000e+00  4.99943173e+00  3.73719458e+00 
 1.00927674e-02  5.00000000e+00  4.99943738e+00  3.73910648e+00 
 1.01027674e-02  5.00000000e+00  4.99944298e+00  3.74101548e+00 
 1.01127674e-02  5.00000000e+00  4.99944852e+00  3.74292158e+00 
 1.01227674e-02  5.00000000e+00  4.99945401e+00  3.74482481e+00 
 1.01327674e-02  5.00000000e+00  4.99945944e+00  3.74672515e+00 
 1.01427674e-02  5.00000000e+00  4.99946482e+00  3.74862261e+00 
 1.01527674e-02  5.00000000e+00  4.99947015e+00  3.75051720e+00 
 1.01627674e-02  5.00000000e+00  4.99947542e+00  3.75240893e+00 
 1.01727674e-02  5.00000000e+00  4.99948064e+00  3.75429778e+00 
 1.01827674e-02  5.00000000e+00  4.99948581e+00  3.75618378e+00 
 1.01927674e-02  5.00000000e+00  4.99949092e+00  3.75806693e+00 
 1.02027674e-02  5.00000000e+00  4.99949599e+00  3.75994722e+00 
 1.02127674e-02  5.00000000e+00  4.99950100e+00  3.76182466e+00 
 1.02227674e-02  5.00000000e+00  4.99950597e+00  3.76369927e+00 
 1.02327674e-02  5.00000000e+00  4.99951088e+00  3.76557103e+00 
 1.02427674e-02  5.00000000e+00  4.99951575e+00  3.76743996e+00 
 1.02527674e-02  5.00000000e+00  4.99952057e+00  3.76930606e+00 
 1.02627674e-02  5.00000000e+00  4.99952534e+00  3.77116934e+00 
 1.02727674e-02  5.00000000e+00  4.99953006e+00  3.77302980e+00 
 1.02827674e-02  5.00000000e+00  4.99953474e+00  3.77488743e+00 
 1.02927674e-02  5.00000000e+00  4.99953937e+00  3.77674226e+00 
 1.03027674e-02  5.00000000e+00  4.99954395e+00  3.77859428e+00 
 1.03127674e-02  5.00000000e+00  4.99954849e+00  3.78044349e+00 
 1.03227674e-02  5.00000000e+00  4.99955298e+00  3.78228991e+00 
 1.03327674e-02  5.00000000e+00  4.99955743e+00  3.78413352e+00 
 1.03427674e-02  5.00000000e+00  4.99956183e+00  3.78597435e+00 
 1.03527674e-02  5.00000000e+00  4.99956619e+00  3.78781239e+00 
 1.03627674e-02  5.00000000e+00  4.99957051e+00  3.78964765e+00 
 1.03727674e-02  5.00000000e+00  4.99957478e+00  3.79148013e+00 
 1.03827674e-02  5.00000000e+00  4.99957901e+00  3.79330983e+00 
 1.03927674e-02  5.00000000e+00  4.99958320e+00  3.79513677e+00 
 1.04027674e-02  5.00000000e+00  4.99958735e+00  3.79696094e+00 
 1.04127674e-02  5.00000000e+00  4.99959146e+00  3.79878234e+00 
 1.04227674e-02  5.00000000e+00  4.99959552e+00  3.80060099e+00 
 1.04327674e-02  5.00000000e+00  4.99959955e+00  3.80241689e+00 
 1.04427674e-02  5.00000000e+00  4.99960353e+00  3.80423003e+00 
 1.04527674e-02  5.00000000e+00  4.99960748e+00  3.80604043e+00 
 1.04627674e-02  5.00000000e+00  4.99961138e+00  3.80784810e+00 
 1.04727674e-02  5.00000000e+00  4.99961525e+00  3.80965302e+00 
 1.04827674e-02  5.00000000e+00  4.99961908e+00  3.81145521e+00 
 1.04927674e-02  5.00000000e+00  4.99962287e+00  3.81325467e+00 
 1.05027674e-02  5.00000000e+00  4.99962662e+00  3.81505141e+00 
 1.05127674e-02  5.00000000e+00  4.99963034e+00  3.81684543e+00 
 1.05227674e-02  5.00000000e+00  4.99963401e+00  3.81863673e+00 
 1.05327674e-02  5.00000000e+00  4.99963766e+00  3.82042532e+00 
 1.05427674e-02  5.00000000e+00  4.99964126e+00  3.82221120e+00 
 1.05527674e-02  5.00000000e+00  4.99964483e+00  3.82399438e+00 
 1.05627674e-02  5.00000000e+00  4.99964836e+00  3.82577485e+00 
 1.05727674e-02  5.00000000e+00  4.99965186e+00  3.82755264e+00 
 1.05827674e-02  5.00000000e+00  4.99965533e+00  3.82932773e+00 
 1.05927674e-02  5.00000000e+00  4.99965876e+00  3.83110013e+00 
 1.06027674e-02  5.00000000e+00  4.99966215e+00  3.83286985e+00 
 1.06127674e-02  5.00000000e+00  4.99966551e+00  3.83463689e+00 
 1.06227674e-02  5.00000000e+00  4.99966884e+00  3.83640126e+00 
 1.06327674e-02  5.00000000e+00  4.99967214e+00  3.83816295e+00 
 1.06427674e-02  5.00000000e+00  4.99967540e+00  3.83992198e+00 
 1.06527674e-02  5.00000000e+00  4.99967863e+00  3.84167834e+00 
 1.06627674e-02  5.00000000e+00  4.99968183e+00  3.84343204e+00 
 1.06727674e-02  5.00000000e+00  4.99968499e+00  3.84518309e+00 
 1.06827674e-02  5.00000000e+00  4.99968813e+00  3.84693149e+00 
 1.06927674e-02  5.00000000e+00  4.99969123e+00  3.84867724e+00 
 1.07027674e-02  5.00000000e+00  4.99969430e+00  3.85042035e+00 
 1.07127674e-02  5.00000000e+00  4.99969734e+00  3.85216082e+00 
 1.07227674e-02  5.00000000e+00  4.99970036e+00  3.85389865e+00 
 1.07327674e-02  5.00000000e+00  4.99970334e+00  3.85563385e+00 
 1.07427674e-02  5.00000000e+00  4.99970629e+00  3.85736643e+00 
 1.07527674e-02  5.00000000e+00  4.99970921e+00  3.85909638e+00 
 1.07627674e-02  5.00000000e+00  4.99971211e+00  3.86082372e+00 
 1.07727674e-02  5.00000000e+00  4.99971497e+00  3.86254843e+00 
 1.07827674e-02  5.00000000e+00  4.99971781e+00  3.86427054e+00 
 1.07927674e-02  5.00000000e+00  4.99972061e+00  3.86599004e+00 
 1.08027674e-02  5.00000000e+00  4.99972339e+00  3.86770694e+00 
 1.08127674e-02  5.00000000e+00  4.99972615e+00  3.86942123e+00 
 1.08227674e-02  5.00000000e+00  4.99972887e+00  3.87113293e+00 
 1.08327674e-02  5.00000000e+00  4.99973157e+00  3.87284204e+00 
 1.08427674e-02  5.00000000e+00  4.99973424e+00  3.87454857e+00 
 1.08527674e-02  5.00000000e+00  4.99973688e+00  3.87625251e+00 
 1.08627674e-02  5.00000000e+00  4.99973950e+00  3.87795386e+00 
 1.08727674e-02  5.00000000e+00  4.99974209e+00  3.87965265e+00 
 1.08827674e-02  5.00000000e+00  4.99974466e+00  3.88134886e+00 
 1.08927674e-02  5.00000000e+00  4.99974720e+00  3.88304250e+00 
 1.09027674e-02  5.00000000e+00  4.99974972e+00  3.88473358e+00 
 1.09127674e-02  5.00000000e+00  4.99975221e+00  3.88642210e+00 
 1.09227674e-02  5.00000000e+00  4.99975467e+00  3.88810806e+00 
 1.09327674e-02  5.00000000e+00  4.99975711e+00  3.88979147e+00 
 1.09427674e-02  5.00000000e+00  4.99975953e+00  3.89147233e+00 
 1.09527674e-02  5.00000000e+00  4.99976192e+00  3.89315065e+00 
 1.09627674e-02  5.00000000e+00  4.99976429e+00  3.89482642e+00 
 1.09727674e-02  5.00000000e+00  4.99976664e+00  3.89649966e+00 
 1.09827674e-02  5.00000000e+00  4.99976896e+00  3.89817036e+00 
 1.09918837e-02  5.00000000e+00  4.99977106e+00  3.89969122e+00 
 1.10010000e-02  5.00000000e+00  4.99977313e+00  3.90120998e+00 
 1.10011000e-02  4.50000000e+00  4.99972316e+00  3.90121905e+00 
 1.10013000e-02  3.50000000e+00  4.99952324e+00  3.90122204e+00 
 1.10016500e-02  1.75000000e+00  4.99869230e+00  3.90115437e+00 
 1.10020000e-02  0.00000000e+00  4.99724926e+00  3.90099389e+00 
 1.10020700e-02  0.00000000e+00  4.99689948e+00  3.90095252e+00 
 1.10022100e-02  0.00000000e+00  4.99619996e+00  3.90086977e+00 
 1.10024900e-02  0.00000000e+00  4.99480122e+00  3.90070429e+00 
 1.10030500e-02  0.00000000e+00  4.99200491e+00  3.90037333e+00 
 1.10041700e-02  0.00000000e+00  4.98641700e+00  3.89971151e+00 
 1.10064100e-02  0.00000000e+00  4.97525992e+00  3.89838819e+00 
 1.10108900e-02  0.00000000e+00  4.95302057e+00  3.89574291e+00 
 1.10198500e-02  0.00000000e+00  4.90883944e+00  3.89045773e+00 
 1.10298500e-02  0.00000000e+00  4.85999526e+00  3.88456756e+00 
 1.10398500e-02  0.00000000e+00  4.81163710e+00  3.87868631e+00 
 1.10498500e-02  0.00000000e+00  4.76376012e+00  3.87281396e+00 
 1.10598500e-02  0.00000000e+00  4.71635952e+00  3.86695050e+00 
 1.10698500e-02  0.00000000e+00  4.66943057e+00  3.86109592e+00 
 1.10798500e-02  0.00000000e+00  4.62296857e+00  3.85525020e+00 
 1.10898500e-02  0.00000000e+00  4.57696888e+00  3.84941334e+00 
 1.10998500e-02  0.00000000e+00  4.53142691e+00  3.84358531e+00 
 1.11098500e-02  0.00000000e+00  4.48633808e+00  3.83776610e+00 
 1.11198500e-02  0.00000000e+00  4.44169790e+00  3.83195571e+00 
 1.11298500e-02  0.00000000e+00  4.39750190e+00  3.82615411e+00 
 1.11398500e-02  0.00000000e+00  4.35374566e+00  3.82036130e+00 
 1.11498500e-02  0.00000000e+00  4.31042481e+00  3.81457725e+00 
 1.11598500e-02  0.00000000e+00  4.26753501e+00  3.80880196e+00 
 1.11698500e-02  0.00000000e+00  4.22507198e+00  3.80303542e+00 
 1.11798500e-02  0.00000000e+00  4.18303146e+00  3.79727761e+00 
 1.11898500e-02  0.00000000e+00  4.14140926e+00  3.79152851e+00 
 1.11998500e-02  0.00000000e+00  4.10020120e+00  3.78578812e+00 
 1.12098500e-02  0.00000000e+00  4.05940318e+00  3.78005642e+00 
 1.12198500e-02  0.00000000e+00  4.01901111e+00  3.77433340e+00 
 1.12298500e-02  0.00000000e+00  3.97902095e+00  3.76861904e+00 
 1.12398500e-02  0.00000000e+00  3.93942870e+00  3.76291333e+00 
 1.12498500e-02  0.00000000e+00  3.90023041e+00  3.75721626e+00 
 1.12598500e-02  0.00000000e+00  3.86142214e+00  3.75152782e+00 
 1.12698500e-02  0.00000000e+00  3.82300003e+00  3.74584799e+00 
 1.12798500e-02  0.00000000e+00  3.78496023e+00  3.74017676e+00 
 1.12898500e-02  0.00000000e+00  3.74729894e+00  3.73451412e+00 
 1.12998500e-02  0.00000000e+00  3.71001238e+00  3.72886005e+00 
 1.13098500e-02  0.00000000e+00  3.67309683e+00  3.72321453e+00 
 1.13198500e-02  0.00000000e+00  3.63654861e+00  3.71757757e+00 
 1.13298500e-02  0.00000000e+00  3.60036404e+00  3.71194914e+00 
 1.13398500e-02  0.00000000e+00  3.56453953e+00  3.70632923e+00 
 1.13498500e-02  0.00000000e+00  3.52907147e+00  3.70071783e+00 
 1.13598500e-02  0.00000000e+00  3.49395633e+00  3.69511493e+00 
 1.13698500e-02  0.00000000e+00  3.45919060e+00  3.68952051e+00 
 1.13798500e-02  0.00000000e+00  3.42477079e+00  3.68393456e+00 
 1.13898500e-02  0.00000000e+00  3.39069347e+00  3.67835707e+00 
 1.13998500e-02  0.00000000e+00  3.35695523e+00  3.67278802e+00 
 1.14098500e-02  0.00000000e+00  3.32355269e+00  3.66722740e+00 
 1.14198500e-02  0.00000000e+00  3.29048251e+00  3.66167520e+00 
 1.14298500e-02  0.00000000e+00  3.25774139e+00  3.65613141e+00 
 1.14398500e-02  0.00000000e+00  3.22532605e+00  3.65059601e+00 
 1.14498500e-02  0.00000000e+00  3.19323326e+00  3.64506899e+00 
 1.14598500e-02  0.00000000e+00  3.16145979e+00  3.63955034e+00 
 1.14698500e-02  0.00000000e+00  3.13000248e+00  3.63404004e+00 
 1.14798500e-02  0.00000000e+00  3.09885818e+00  3.62853809e+00 
 1.14898500e-02  0.00000000e+00  3.06802377e+00  3.62304447e+00 
 1.14998500e-02  0.00000000e+00  3.03749617e+00  3.61755916e+00 
 1.15098500e-02  0.00000000e+00  3.00727232e+00  3.61208216e+00 
 1.15198500e-02  0.00000000e+00  2.97734922e+00  3.60661345e+00 
 1.15298500e-02  0.00000000e+00  2.94772385e+00  3.60115302e+00 
 1.15398500e-02  0.00000000e+00  2.91839327e+00  3.59570086e+00 
 1.15498500e-02  0.00000000e+00  2.88935453e+00  3.59025695e+00 
 1.15598500e-02  0.00000000e+00  2.86060473e+00  3.58482129e+00 
 1.15698500e-02  0.00000000e+00  2.83214100e+00  3.57939385e+00 
 1.15798500e-02  0.00000000e+00  2.80396049e+00  3.57397463e+00 
 1.15898500e-02  0.00000000e+00  2.77606039e+00  3.56856362e+00 
 1.15998500e-02  0.00000000e+00  2.74843790e+00  3.56316080e+00 
 1.16098500e-02  0.00000000e+00  2.72109026e+00  3.55776615e+00 
 1.16198500e-02  0.00000000e+00  2.69401473e+00  3.55237968e+00 
 1.16298500e-02  0.00000000e+00  2.66720862e+00  3.54700136e+00 
 1.16398500e-02  0.00000000e+00  2.64066923e+00  3.54163119e+00 
 1.16498500e-02  0.00000000e+00  2.61439391e+00  3.53626914e+00 
 1.16598500e-02  0.00000000e+00  2.58838004e+00  3.53091521e+00 
 1.16698500e-02  0.00000000e+00  2.56262502e+00  3.52556939e+00 
 1.16798500e-02  0.00000000e+00  2.53712626e+00  3.52023166e+00 
 1.16898500e-02  0.00000000e+00  2.51188122e+00  3.51490202e+00 
 1.16998500e-02  0.00000000e+00  2.48688738e+00  3.50958044e+00 
 1.17098500e-02  0.00000000e+00  2.46214223e+00  3.50426692e+00 
 1.17198500e-02  0.00000000e+00  2.43764330e+00  3.49896144e+00 
 1.17298500e-02  0.00000000e+00  2.41338815e+00  3.49366400e+00 
 1.17398500e-02  0.00000000e+00  2.38937433e+00  3.48837457e+00 
 1.17498500e-02  0.00000000e+00  2.36559947e+00  3.48309316e+00 
 1.17598500e-02  0.00000000e+00  2.34206116e+00  3.47781974e+00 
 1.17698500e-02  0.00000000e+00  2.31875707e+00  3.47255431e+00 
 1.17798500e-02  0.00000000e+00  2.29568486e+00  3.46729684e+00 
 1.17898500e-02  0.00000000e+00  2.27284223e+00  3.46204734e+00 
 1.17998500e-02  0.00000000e+00  2.25022688e+00  3.45680578e+00 
 1.18098500e-02  0.00000000e+00  2.22783656e+00  3.45157216e+00 
 1.18198500e-02  0.00000000e+00  2.20566903e+00  3.44634647e+00 
 1.18298500e-02  0.00000000e+00  2.18372208e+00  3.44112868e+00 
 1.18398500e-02  0.00000000e+00  2.16199350e+00  3.43591880e+00 
 1.18498500e-02  0.00000000e+00  2.14048113e+00  3.43071680e+00 
 1.18598500e-02  0.00000000e+00  2.11918281e+00  3.42552268e+00 
 1.18698500e-02  0.00000000e+00  2.09809641e+00  3.42033643e+00 
 1.18798500e-02  0.00000000e+00  2.07721983e+00  3.41515802e+00 
 1.18898500e-02  0.00000000e+00  2.05655098e+00  3.40998746e+00 
 1.18998500e-02  0.00000000e+00  2.03608778e+00  3.40482472e+00 
 1.19098500e-02  0.00000000e+00  2.01582820e+00  3.39966980e+00 
 1.19198500e-02  0.00000000e+00  1.99577021e+00  3.39452268e+00 
 1.19298500e-02  0.00000000e+00  1.97591180e+00  3.38938336e+00 
 1.19398500e-02  0.00000000e+00  1.95625099e+00  3.38425182e+00 
 1.19498500e-02  0.00000000e+00  1.93678580e+00  3.37912805e+00 
 1.19598500e-02  0.00000000e+00  1.91751430e+00  3.37401203e+00 
 1.19698500e-02  0.00000000e+00  1.89843456e+00  3.36890376e+00 
 1.19798500e-02  0.00000000e+00  1.87954466e+00  3.36380323e+00 
 1.19898500e-02  0.00000000e+00  1.86084273e+00  3.35871041e+00 
 1.19998500e-02  0.00000000e+00  1.84232688e+00  3.35362531e+00 
 1.20098500e-02  0.00000000e+00  1.82399527e+00  3.34854791e+00 
 1.20198500e-02  0.00000000e+00  1.80584606e+00  3.34347819e+00 
 1.20298500e-02  0.00000000e+00  1.78787744e+00  3.33841615e+00 
 1.20398500e-02  0.00000000e+00  1.77008762e+00  3.33336177e+00 
 1.20498500e-02  0.00000000e+00  1.75247481e+00  3.32831505e+00 
 1.20598500e-02  0.00000000e+00  1.73503725e+00  3.32327596e+00 
 1.20698500e-02  0.00000000e+00  1.71777319e+00  3.31824451e+00 
 1.20798500e-02  0.00000000e+00  1.70068092e+00  3.31322067e+00 
 1.20898500e-02  0.00000000e+00  1.68375872e+00  3.30820444e+00 
 1.20998500e-02  0.00000000e+00  1.66700491e+00  3.30319580e+00 
 1.21098500e-02  0.00000000e+00  1.65041779e+00  3.29819475e+00 
 1.21198500e-02  0.00000000e+00  1.63399572e+00  3.29320127e+00 
 1.21298500e-02  0.00000000e+00  1.61773706e+00  3.28821535e+00 
 1.21398500e-02  0.00000000e+00  1.60164017e+00  3.28323697e+00 
 1.21498500e-02  0.00000000e+00  1.58570346e+00  3.27826614e+00 
 1.21598500e-02  0.00000000e+00  1.56992531e+00  3.27330283e+00 
 1.21698500e-02  0.00000000e+00  1.55430417e+00  3.26834703e+00 
 1.21798500e-02  0.00000000e+00  1.53883845e+00  3.26339874e+00 
 1.21898500e-02  0.00000000e+00  1.52352663e+00  3.25845794e+00 
 1.21998500e-02  0.00000000e+00  1.50836716e+00  3.25352462e+00 
 1.22098500e-02  0.00000000e+00  1.49335853e+00  3.24859877e+00 
 1.22198500e-02  0.00000000e+00  1.47849924e+00  3.24368037e+00 
 1.22298500e-02  0.00000000e+00  1.46378781e+00  3.23876943e+00 
 1.22398500e-02  0.00000000e+00  1.44922275e+00  3.23386592e+00 
 1.22498500e-02  0.00000000e+00  1.43480263e+00  3.22896983e+00 
 1.22598500e-02  0.00000000e+00  1.42052598e+00  3.22408115e+00 
 1.22698500e-02  0.00000000e+00  1.40639140e+00  3.21919988e+00 
 1.22798500e-02  0.00000000e+00  1.39239745e+00  3.21432600e+00 
 1.22898500e-02  0.00000000e+00  1.37854275e+00  3.20945949e+00 
 1.22998500e-02  0.00000000e+00  1.36482591e+00  3.20460036e+00 
 1.23098500e-02  0.00000000e+00  1.35124555e+00  3.19974858e+00 
 1.23198500e-02  0.00000000e+00  1.33780032e+00  3.19490414e+00 
 1.23298500e-02  0.00000000e+00  1.32448887e+00  3.19006704e+00 
 1.23398500e-02  0.00000000e+00  1.31130988e+00  3.18523727e+00 
 1.23498500e-02  0.00000000e+00  1.29826202e+00  3.18041480e+00 
 1.23598500e-02  0.00000000e+00  1.28534399e+00  3.17559964e+00 
 1.23698500e-02  0.00000000e+00  1.27255450e+00  3.17079177e+00 
 1.23798500e-02  0.00000000e+00  1.25989227e+00  3.16599118e+00 
 1.23898500e-02  0.00000000e+00  1.24735602e+00  3.16119785e+00 
 1.23998500e-02  0.00000000e+00  1.23494452e+00  3.15641178e+00 
 1.24098500e-02  0.00000000e+00  1.22265652e+00  3.15163296e+00 
 1.24198500e-02  0.00000000e+00  1.21049078e+00  3.14686137e+00 
 1.24298500e-02  0.00000000e+00  1.19844609e+00  3.14209701e+00 
 1.24398500e-02  0.00000000e+00  1.18652126e+00  3.13733986e+00 
 1.24498500e-02  0.00000000e+00  1.17471508e+00  3.13258992e+00 
 1.24598500e-02  0.00000000e+00  1.16302637e+00  3.12784716e+00 
 1.24698500e-02  0.00000000e+00  1.15145397e+00  3.12311159e+00 
 1.24798500e-02  0.00000000e+00  1.13999671e+00  3.11838318e+00 
 1.24898500e-02  0.00000000e+00  1.12865346e+00  3.11366193e+00 
 1.24998500e-02  0.00000000e+00  1.11742308e+00  3.10894784e+00 
 1.25098500e-02  0.00000000e+00  1.10630444e+00  3.10424087e+00 
 1.25198500e-02  0.00000000e+00  1.09529644e+00  3.09954104e+00 
 1.25298500e-02  0.00000000e+00  1.08439797e+00  3.09484832e+00 
 1.25398500e-02  0.00000000e+00  1.07360794e+00  3.09016271e+00 
 1.25498500e-02  0.00000000e+00  1.06292527e+00  3.08548419e+00 
 1.25598500e-02  0.00000000e+00  1.05234890e+00  3.08081275e+00 
 1.25698500e-02  0.00000000e+00  1.04187777e+00  3.07614838e+00 
 1.25798500e-02  0.00000000e+00  1.03151082e+00  3.07149108e+00 
 1.25898500e-02  0.00000000e+00  1.02124703e+00  3.06684083e+00 
 1.25998500e-02  0.00000000e+00  1.01108537e+00  3.06219762e+00 
 1.26098500e-02  0.00000000e+00  1.00102482e+00  3.05756144e+00 
 1.26198500e-02  0.00000000e+00  9.91064375e-01  3.05293228e+00 
 1.26298500e-02  0.00000000e+00  9.81203038e-01  3.04831012e+00 
 1.26398500e-02  0.00000000e+00  9.71439824e-01  3.04369497e+00 
 1.26498500e-02  0.00000000e+00  9.61773756e-01  3.03908680e+00 
 1.26598500e-02  0.00000000e+00  9.52203868e-01  3.03448561e+00 
 1.26698500e-02  0.00000000e+00  9.42729203e-01  3.02989138e+00 
 1.26798500e-02  0.00000000e+00  9.33348813e-01  3.02530411e+00 
 1.26898500e-02  0.00000000e+00  9.24061760e-01  3.02072379e+00 
 1.26998500e-02  0.00000000e+00  9.14867115e-01  3.01615040e+00 
 1.27098500e-02  0.00000000e+00  9.05763960e-01  3.01158394e+00 
 1.27198500e-02  0.00000000e+00  8.96751383e-01  3.00702438e+00 
 1.27298500e-02  0.00000000e+00  8.87828484e-01  3.00247173e+00 
 1.27398500e-02  0.00000000e+00  8.78994370e-01  2.99792598e+00 
 1.27498500e-02  0.00000000e+00  8.70248157e-01  2.99338711e+00 
 1.27598500e-02  0.00000000e+00  8.61588971e-01  2.98885510e+00 
 1.27698500e-02  0.00000000e+00  8.53015947e-01  2.98432996e+00 
 1.27798500e-02  0.00000000e+00  8.44528226e-01  2.97981167e+00 
 1.27898500e-02  0.00000000e+00  8.36124960e-01  2.97530023e+00 
 1.27998500e-02  0.00000000e+00  8.27805309e-01  2.97079561e+00 
 1.28098500e-02  0.00000000e+00  8.19568440e-01  2.96629781e+00 
 1.28198500e-02  0.00000000e+00  8.11413530e-01  2.96180682e+00 
 1.28298500e-02  0.00000000e+00  8.03339764e-01  2.95732263e+00 
 1.28398500e-02  0.00000000e+00  7.95346333e-01  2.95284523e+00 
 1.28498500e-02  0.00000000e+00  7.87432439e-01  2.94837461e+00 
 1.28598500e-02  0.00000000e+00  7.79597291e-01  2.94391076e+00 
 1.28698500e-02  0.00000000e+00  7.71840104e-01  2.93945366e+00 
 1.28798500e-02  0.00000000e+00  7.64160103e-01  2.93500332e+00 
 1.28898500e-02  0.00000000e+00  7.56556520e-01  2.93055971e+00 
 1.28998500e-02  0.00000000e+00  7.49028594e-01  2.92612283e+00 
 1.29098500e-02  0.00000000e+00  7.41575573e-01  2.92169267e+00 
 1.29198500e-02  0.00000000e+00  7.34196712e-01  2.91726921e+00 
 1.29298500e-02  0.00000000e+00  7.26891272e-01  2.91285245e+00 
 1.29398500e-02  0.00000000e+00  7.19658523e-01  2.90844238e+00 
 1.29498500e-02  0.00000000e+00  7.12497741e-01  2.90403898e+00 
 1.29598500e-02  0.00000000e+00  7.05408212e-01  2.89964226e+00 
 1.29698500e-02  0.00000000e+00  6.98389225e-01  2.89525218e+00 
 1.29798500e-02  0.00000000e+00  6.91440078e-01  2.89086876e+00 
 1.29898500e-02  0.00000000e+00  6.84560077e-01  2.88649197e+00 
 1.29998500e-02  0.00000000e+00  6.77748534e-01  2.88212181e+00 
 1.30098500e-02  0.00000000e+00  6.71004768e-01  2.87775826e+00 
 1.30198500e-02  0.00000000e+00  6.64328103e-01  2.87340132e+00 
 1.30298500e-02  0.00000000e+00  6.57717873e-01  2.86905098e+00 
 1.30398500e-02  0.00000000e+00  6.51173417e-01  2.86470723e+00 
 1.30498500e-02  0.00000000e+00  6.44694079e-01  2.86037005e+00 
 1.30598500e-02  0.00000000e+00  6.38279213e-01  2.85603943e+00 
 1.30698500e-02  0.00000000e+00  6.31928176e-01  2.85171538e+00 
 1.30798500e-02  0.00000000e+00  6.25640334e-01  2.84739787e+00 
 1.30898500e-02  0.00000000e+00  6.19415057e-01  2.84308689e+00 
 1.30998500e-02  0.00000000e+00  6.13251723e-01  2.83878245e+00 
 1.31098500e-02  0.00000000e+00  6.07149716e-01  2.83448452e+00 
 1.31198500e-02  0.00000000e+00  6.01108425e-01  2.83019309e+00 
 1.31298500e-02  0.00000000e+00  5.95127246e-01  2.82590817e+00 
 1.31398500e-02  0.00000000e+00  5.89205582e-01  2.82162973e+00 
 1.31498500e-02  0.00000000e+00  5.83342840e-01  2.81735777e+00 
 1.31598500e-02  0.00000000e+00  5.77538434e-01  2.81309228e+00 
 1.31698500e-02  0.00000000e+00  5.71791783e-01  2.80883324e+00 
 1.31798500e-02  0.00000000e+00  5.66102312e-01  2.80458066e+00 
 1.31898500e-02  0.00000000e+00  5.60469453e-01  2.80033451e+00 
 1.31998500e-02  0.00000000e+00  5.54892643e-01  2.79609479e+00 
 1.32098500e-02  0.00000000e+00  5.49371323e-01  2.79186149e+00 
 1.32198500e-02  0.00000000e+00  5.43904942e-01  2.78763460e+00 
 1.32298500e-02  0.00000000e+00  5.38492952e-01  2.78341411e+00 
 1.32398500e-02  0.00000000e+00  5.33134813e-01  2.77920001e+00 
 1.32498500e-02  0.00000000e+00  5.27829989e-01  2.77499229e+00 
 1.32598500e-02  0.00000000e+00  5.22577950e-01  2.77079093e+00 
 1.32698500e-02  0.00000000e+00  5.17378169e-01  2.76659594e+00 
 1.32798500e-02  0.00000000e+00  5.12230128e-01  2.76240731e+00 
 1.32898500e-02  0.00000000e+00  5.07133311e-01  2.75822501e+00 
 1.32998500e-02  0.00000000e+00  5.02087208e-01  2.75404904e+00 
 1.33098500e-02  0.00000000e+00  4.97091315e-01  2.74987940e+00 
 1.33198500e-02  0.00000000e+00  4.92145133e-01  2.74571607e+00 
 1.33298500e-02  0.00000000e+00  4.87248167e-01  2.74155904e+00 
 1.33398500e-02  0.00000000e+00  4.82399926e-01  2.73740831e+00 
 1.33498500e-02  0.00000000e+00  4.77599927e-01  2.73326386e+00 
 1.33598500e-02  0.00000000e+00  4.72847689e-01  2.72912569e+00 
 1.33698500e-02  0.00000000e+00  4.68142737e-01  2.72499378e+00 
 1.33798500e-02  0.00000000e+00  4.63484600e-01  2.72086813e+00 
 1.33898500e-02  0.00000000e+00  4.58872813e-01  2.71674872e+00 
 1.33998500e-02  0.00000000e+00  4.54306914e-01  2.71263555e+00 
 1.34098500e-02  0.00000000e+00  4.49786447e-01  2.70852861e+00 
 1.34198500e-02  0.00000000e+00  4.45310960e-01  2.70442788e+00 
 1.34298500e-02  0.00000000e+00  4.40880006e-01  2.70033337e+00 
 1.34398500e-02  0.00000000e+00  4.36493140e-01  2.69624505e+00 
 1.34498500e-02  0.00000000e+00  4.32149925e-01  2.69216292e+00 
 1.34598500e-02  0.00000000e+00  4.27849925e-01  2.68808698e+00 
 1.34698500e-02  0.00000000e+00  4.23592712e-01  2.68401720e+00 
 1.34798500e-02  0.00000000e+00  4.19377859e-01  2.67995359e+00 
 1.34898500e-02  0.00000000e+00  4.15204945e-01  2.67589612e+00 
 1.34998500e-02  0.00000000e+00  4.11073553e-01  2.67184480e+00 
 1.35098500e-02  0.00000000e+00  4.06983269e-01  2.66779962e+00 
 1.35198500e-02  0.00000000e+00  4.02933684e-01  2.66376056e+00 
 1.35298500e-02  0.00000000e+00  3.98924393e-01  2.65972761e+00 
 1.35398500e-02  0.00000000e+00  3.94954997e-01  2.65570077e+00 
 1.35498500e-02  0.00000000e+00  3.91025096e-01  2.65168003e+00 
 1.35598500e-02  0.00000000e+00  3.87134299e-01  2.64766538e+00 
 1.35698500e-02  0.00000000e+00  3.83282216e-01  2.64365680e+00 
 1.35798500e-02  0.00000000e+00  3.79468463e-01  2.63965429e+00 
 1.35898500e-02  0.00000000e+00  3.75692657e-01  2.63565784e+00 
 1.35998500e-02  0.00000000e+00  3.71954422e-01  2.63166744e+00 
 1.36098500e-02  0.00000000e+00  3.68253383e-01  2.62768309e+00 
 1.36198500e-02  0.00000000e+00  3.64589170e-01  2.62370476e+00 
 1.36298500e-02  0.00000000e+00  3.60961417e-01  2.61973246e+00 
 1.36398500e-02  0.00000000e+00  3.57369761e-01  2.61576617e+00 
 1.36498500e-02  0.00000000e+00  3.53813843e-01  2.61180589e+00 
 1.36598500e-02  0.00000000e+00  3.50293308e-01  2.60785161e+00 
 1.36698500e-02  0.00000000e+00  3.46807802e-01  2.60390331e+00 
 1.36798500e-02  0.00000000e+00  3.43356978e-01  2.59996099e+00 
 1.36898500e-02  0.00000000e+00  3.39940491e-01  2.59602463e+00 
 1.36998500e-02  0.00000000e+00  3.36557998e-01  2.59209424e+00 
 1.37098500e-02  0.00000000e+00  3.33209163e-01  2.58816980e+00 
 1.37198500e-02  0.00000000e+00  3.29893649e-01  2.58425130e+00 
 1.37298500e-02  0.00000000e+00  3.26611125e-01  2.58033873e+00 
 1.37398500e-02  0.00000000e+00  3.23361263e-01  2.57643208e+00 
 1.37498500e-02  0.00000000e+00  3.20143738e-01  2.57253135e+00 
 1.37598500e-02  0.00000000e+00  3.16958228e-01  2.56863653e+00 
 1.37698500e-02  0.00000000e+00  3.13804415e-01  2.56474760e+00 
 1.37798500e-02  0.00000000e+00  3.10681983e-01  2.56086456e+00 
 1.37898500e-02  0.00000000e+00  3.07590620e-01  2.55698740e+00 
 1.37998500e-02  0.00000000e+00  3.04530017e-01  2.55311611e+00 
 1.38098500e-02  0.00000000e+00  3.01499867e-01  2.54925068e+00 
 1.38198500e-02  0.00000000e+00  2.98499868e-01  2.54539111e+00 
 1.38298500e-02  0.00000000e+00  2.95529721e-01  2.54153737e+00 
 1.38398500e-02  0.00000000e+00  2.92589126e-01  2.53768947e+00 
 1.38498500e-02  0.00000000e+00  2.89677792e-01  2.53384740e+00 
 1.38598500e-02  0.00000000e+00  2.86795426e-01  2.53001114e+00 
 1.38698500e-02  0.00000000e+00  2.83941740e-01  2.52618069e+00 
 1.38798500e-02  0.00000000e+00  2.81116449e-01  2.52235605e+00 
 1.38898500e-02  0.00000000e+00  2.78319270e-01  2.51853719e+00 
 1.38998500e-02  0.00000000e+00  2.75549924e-01  2.51472411e+00 
 1.39098500e-02  0.00000000e+00  2.72808134e-01  2.51091681e+00 
 1.39198500e-02  0.00000000e+00  2.70093625e-01  2.50711527e+00 
 1.39298500e-02  0.00000000e+00  2.67406126e-01  2.50331948e+00 
 1.39398500e-02  0.00000000e+00  2.64745369e-01  2.49952945e+00 
 1.39498500e-02  0.00000000e+00  2.62111087e-01  2.49574515e+00 
 1.39598500e-02  0.00000000e+00  2.59503016e-01  2.49196658e+00 
 1.39698500e-02  0.00000000e+00  2.56920897e-01  2.48819373e+00 
 1.39798500e-02  0.00000000e+00  2.54364470e-01  2.48442659e+00 
 1.39898500e-02  0.00000000e+00  2.51833480e-01  2.48066516e+00 
 1.39998500e-02  0.00000000e+00  2.49327674e-01  2.47690942e+00 
 1.40098500e-02  0.00000000e+00  2.46846802e-01  2.47315937e+00 
 1.40198500e-02  0.00000000e+00  2.44390615e-01  2.46941499e+00 
 1.40298500e-02  0.00000000e+00  2.41958867e-01  2.46567629e+00 
 1.40398500e-02  0.00000000e+00  2.39551316e-01  2.46194324e+00 
 1.40498500e-02  0.00000000e+00  2.37167721e-01  2.45821585e+00 
 1.40598500e-02  0.00000000e+00  2.34807843e-01  2.45449410e+00 
 1.40698500e-02  0.00000000e+00  2.32471447e-01  2.45077799e+00 
 1.40798500e-02  0.00000000e+00  2.30158298e-01  2.44706750e+00 
 1.40898500e-02  0.00000000e+00  2.27868166e-01  2.44336262e+00 
 1.40998500e-02  0.00000000e+00  2.25600821e-01  2.43966336e+00 
 1.41098500e-02  0.00000000e+00  2.23356037e-01  2.43596970e+00 
 1.41198500e-02  0.00000000e+00  2.21133589e-01  2.43228163e+00 
 1.41298500e-02  0.00000000e+00  2.18933254e-01  2.42859915e+00 
 1.41398500e-02  0.00000000e+00  2.16754814e-01  2.42492224e+00 
 1.41498500e-02  0.00000000e+00  2.14598050e-01  2.42125089e+00 
 1.41598500e-02  0.00000000e+00  2.12462746e-01  2.41758511e+00 
 1.41698500e-02  0.00000000e+00  2.10348689e-01  2.41392487e+00 
 1.41798500e-02  0.00000000e+00  2.08255667e-01  2.41027018e+00 
 1.41898500e-02  0.00000000e+00  2.06183471e-01  2.40662102e+00 
 1.41998500e-02  0.00000000e+00  2.04131894e-01  2.40297739e+00 
 1.42098500e-02  0.00000000e+00  2.02100731e-01  2.39933927e+00 
 1.42198500e-02  0.00000000e+00  2.00089779e-01  2.39570666e+00 
 1.42298500e-02  0.00000000e+00  1.98098836e-01  2.39207955e+00 
 1.42398500e-02  0.00000000e+00  1.96127703e-01  2.38845793e+00 
 1.42498500e-02  0.00000000e+00  1.94176183e-01  2.38484179e+00 
 1.42598500e-02  0.00000000e+00  1.92244082e-01  2.38123113e+00 
 1.42698500e-02  0.00000000e+00  1.90331206e-01  2.37762593e+00 
 1.42798500e-02  0.00000000e+00  1.88437363e-01  2.37402620e+00 
 1.42898500e-02  0.00000000e+00  1.86562364e-01  2.37043191e+00 
 1.42998500e-02  0.00000000e+00  1.84706022e-01  2.36684307e+00 
 1.43098500e-02  0.00000000e+00  1.82868151e-01  2.36325966e+00 
 1.43198500e-02  0.00000000e+00  1.81048568e-01  2.35968167e+00 
 1.43298500e-02  0.00000000e+00  1.79247089e-01  2.35610910e+00 
 1.43398500e-02  0.00000000e+00  1.77463536e-01  2.35254194e+00 
 1.43498500e-02  0.00000000e+00  1.75697730e-01  2.34898018e+00 
 1.43598500e-02  0.00000000e+00  1.73949494e-01  2.34542381e+00 
 1.43698500e-02  0.00000000e+00  1.72218653e-01  2.34187283e+00 
 1.43798500e-02  0.00000000e+00  1.70505035e-01  2.33832723e+00 
 1.43898500e-02  0.00000000e+00  1.68808467e-01  2.33478699e+00 
 1.43998500e-02  0.00000000e+00  1.67128781e-01  2.33125211e+00 
 1.44098500e-02  0.00000000e+00  1.65465808e-01  2.32772258e+00 
 1.44198500e-02  0.00000000e+00  1.63819382e-01  2.32419840e+00 
 1.44298500e-02  0.00000000e+00  1.62189338e-01  2.32067955e+00 
 1.44398500e-02  0.00000000e+00  1.60575514e-01  2.31716603e+00 
 1.44498500e-02  0.00000000e+00  1.58977748e-01  2.31365784e+00 
 1.44598500e-02  0.00000000e+00  1.57395880e-01  2.31015495e+00 
 1.44698500e-02  0.00000000e+00  1.55829752e-01  2.30665736e+00 
 1.44798500e-02  0.00000000e+00  1.54279207e-01  2.30316507e+00 
 1.44898500e-02  0.00000000e+00  1.52744090e-01  2.29967807e+00 
 1.44998500e-02  0.00000000e+00  1.51224249e-01  2.29619635e+00 
 1.45098500e-02  0.00000000e+00  1.49719530e-01  2.29271989e+00 
 1.45198500e-02  0.00000000e+00  1.48229783e-01  2.28924871e+00 
 1.45298500e-02  0.00000000e+00  1.46754860e-01  2.28578277e+00 
 1.45398500e-02  0.00000000e+00  1.45294613e-01  2.28232209e+00 
 1.45498500e-02  0.00000000e+00  1.43848895e-01  2.27886664e+00 
 1.45598500e-02  0.00000000e+00  1.42417563e-01  2.27541643e+00 
 1.45698500e-02  0.00000000e+00  1.41000473e-01  2.27197144e+00 
 1.45798500e-02  0.00000000e+00  1.39597483e-01  2.26853166e+00 
 1.45898500e-02  0.00000000e+00  1.38208453e-01  2.26509709e+00 
 1.45998500e-02  0.00000000e+00  1.36833245e-01  2.26166773e+00 
 1.46098500e-02  0.00000000e+00  1.35471720e-01  2.25824355e+00 
 1.46198500e-02  0.00000000e+00  1.34123743e-01  2.25482456e+00 
 1.46298500e-02  0.00000000e+00  1.32789178e-01  2.25141075e+00 
 1.46398500e-02  0.00000000e+00  1.31467893e-01  2.24800210e+00 
 1.46498500e-02  0.00000000e+00  1.30159754e-01  2.24459861e+00 
 1.46598500e-02  0.00000000e+00  1.28864632e-01  2.24120028e+00 
 1.46698500e-02  0.00000000e+00  1.27582397e-01  2.23780709e+00 
 1.46798500e-02  0.00000000e+00  1.26312921e-01  2.23441904e+00 
 1.46898500e-02  0.00000000e+00  1.25056076e-01  2.23103612e+00 
 1.46998500e-02  0.00000000e+00  1.23811737e-01  2.22765833e+00 
 1.47098500e-02  0.00000000e+00  1.22579779e-01  2.22428564e+00 
 1.47198500e-02  0.00000000e+00  1.21360080e-01  2.22091806e+00 
 1.47298500e-02  0.00000000e+00  1.20152517e-01  2.21755558e+00 
 1.47398500e-02  0.00000000e+00  1.18956969e-01  2.21419819e+00 
 1.47498500e-02  0.00000000e+00  1.17773318e-01  2.21084589e+00 
 1.47598500e-02  0.00000000e+00  1.16601444e-01  2.20749866e+00 
 1.47698500e-02  0.00000000e+00  1.15441231e-01  2.20415649e+00 
 1.47798500e-02  0.00000000e+00  1.14292562e-01  2.20081939e+00 
 1.47898500e-02  0.00000000e+00  1.13155322e-01  2.19748734e+00 
 1.47998500e-02  0.00000000e+00  1.12029399e-01  2.19416033e+00 
 1.48098500e-02  0.00000000e+00  1.10914678e-01  2.19083836e+00 
 1.48198500e-02  0.00000000e+00  1.09811050e-01  2.18752143e+00 
 1.48298500e-02  0.00000000e+00  1.08718402e-01  2.18420951e+00 
 1.48398500e-02  0.00000000e+00  1.07636627e-01  2.18090261e+00 
 1.48498500e-02  0.00000000e+00  1.06565616e-01  2.17760071e+00 
 1.48598500e-02  0.00000000e+00  1.05505262e-01  2.17430381e+00 
 1.48698500e-02  0.00000000e+00  1.04455458e-01  2.17101191e+00 
 1.48798500e-02  0.00000000e+00  1.03416100e-01  2.16772498e+00 
 1.48898500e-02  0.00000000e+00  1.02387084e-01  2.16444304e+00 
 1.48998500e-02  0.00000000e+00  1.01368307e-01  2.16116606e+00 
 1.49098500e-02  0.00000000e+00  1.00359668e-01  2.15789405e+00 
 1.49198500e-02  0.00000000e+00  9.93610639e-02  2.15462698e+00 
 1.49298500e-02  0.00000000e+00  9.83723966e-02  2.15136487e+00 
 1.49398500e-02  0.00000000e+00  9.73935668e-02  2.14810769e+00 
 1.49498500e-02  0.00000000e+00  9.64244765e-02  2.14485545e+00 
 1.49598500e-02  0.00000000e+00  9.54650290e-02  2.14160813e+00 
 1.49698500e-02  0.00000000e+00  9.45151282e-02  2.13836572e+00 
 1.49798500e-02  0.00000000e+00  9.35746792e-02  2.13512823e+00 
 1.49898500e-02  0.00000000e+00  9.26435878e-02  2.13189563e+00 
 1.49998500e-02  0.00000000e+00  9.17217611e-02  2.12866793e+00 
 1.50098500e-02  0.00000000e+00  9.08091068e-02  2.12544512e+00 
 1.50198500e-02  0.00000000e+00  8.99055336e-02  2.12222719e+00 
 1.50298500e-02  0.00000000e+00  8.90109511e-02  2.11901413e+00 
 1.50398500e-02  0.00000000e+00  8.81252700e-02  2.11580593e+00 
 1.50498500e-02  0.00000000e+00  8.72484017e-02  2.11260259e+00 
 1.50598500e-02  0.00000000e+00  8.63802584e-02  2.10940410e+00 
 1.50698500e-02  0.00000000e+00  8.55207533e-02  2.10621045e+00 
 1.50798500e-02  0.00000000e+00  8.46698005e-02  2.10302164e+00 
 1.50898500e-02  0.00000000e+00  8.38273150e-02  2.09983766e+00 
 1.50998500e-02  0.00000000e+00  8.29932123e-02  2.09665849e+00 
 1.51098500e-02  0.00000000e+00  8.21674092e-02  2.09348414e+00 
 1.51198500e-02  0.00000000e+00  8.13498231e-02  2.09031460e+00 
 1.51298500e-02  0.00000000e+00  8.05403721e-02  2.08714985e+00 
 1.51398500e-02  0.00000000e+00  7.97389754e-02  2.08398990e+00 
 1.51498500e-02  0.00000000e+00  7.89455527e-02  2.08083473e+00 
 1.51598500e-02  0.00000000e+00  7.81600248e-02  2.07768433e+00 
 1.51698500e-02  0.00000000e+00  7.73823131e-02  2.07453871e+00 
 1.51798500e-02  0.00000000e+00  7.66123399e-02  2.07139785e+00 
 1.51898500e-02  0.00000000e+00  7.58500280e-02  2.06826174e+00 
 1.51998500e-02  0.00000000e+00  7.50953014e-02  2.06513039e+00 
 1.52098500e-02  0.00000000e+00  7.43480845e-02  2.06200377e+00 
 1.52198500e-02  0.00000000e+00  7.36083025e-02  2.05888189e+00 
 1.52298500e-02  0.00000000e+00  7.28758816e-02  2.05576473e+00 
 1.52398500e-02  0.00000000e+00  7.21507484e-02  2.05265229e+00 
 1.52498500e-02  0.00000000e+00  7.14328306e-02  2.04954457e+00 
 1.52598500e-02  0.00000000e+00  7.07220561e-02  2.04644155e+00 
 1.52698500e-02  0.00000000e+00  7.00183541e-02  2.04334323e+00 
 1.52798500e-02  0.00000000e+00  6.93216540e-02  2.04024959e+00 
 1.52898500e-02  0.00000000e+00  6.86318863e-02  2.03716065e+00 
 1.52998500e-02  0.00000000e+00  6.79489820e-02  2.03407638e+00 
 1.53098500e-02  0.00000000e+00  6.72728727e-02  2.03099678e+00 
 1.53198500e-02  0.00000000e+00  6.66034909e-02  2.02792184e+00 
 1.53298500e-02  0.00000000e+00  6.59407696e-02  2.02485156e+00 
 1.53398500e-02  0.00000000e+00  6.52846425e-02  2.02178592e+00 
 1.53498500e-02  0.00000000e+00  6.46350441e-02  2.01872493e+00 
 1.53598500e-02  0.00000000e+00  6.39919093e-02  2.01566857e+00 
 1.53698500e-02  0.00000000e+00  6.33551739e-02  2.01261684e+00 
 1.53798500e-02  0.00000000e+00  6.27247742e-02  2.00956973e+00 
 1.53898500e-02  0.00000000e+00  6.21006471e-02  2.00652723e+00 
 1.53998500e-02  0.00000000e+00  6.14827302e-02  2.00348934e+00 
 1.54098500e-02  0.00000000e+00  6.08709617e-02  2.00045605e+00 
 1.54198500e-02  0.00000000e+00  6.02652805e-02  1.99742735e+00 
 1.54298500e-02  0.00000000e+00  5.96656260e-02  1.99440323e+00 
 1.54398500e-02  0.00000000e+00  5.90719382e-02  1.99138370e+00 
 1.54498500e-02  0.00000000e+00  5.84841577e-02  1.98836873e+00 
 1.54598500e-02  0.00000000e+00  5.79022258e-02  1.98535833e+00 
 1.54698500e-02  0.00000000e+00  5.73260842e-02  1.98235249e+00 
 1.54798500e-02  0.00000000e+00  5.67556754e-02  1.97935120e+00 
 1.54898500e-02  0.00000000e+00  5.61909423e-02  1.97635445e+00 
 1.54998500e-02  0.00000000e+00  5.56318285e-02  1.97336224e+00 
 1.55098500e-02  0.00000000e+00  5.50782779e-02  1.97037457e+00 
 1.55198500e-02  0.00000000e+00  5.45302354e-02  1.96739141e+00 
 1.55298500e-02  0.00000000e+00  5.39876460e-02  1.96441277e+00 
 1.55398500e-02  0.00000000e+00  5.34504555e-02  1.96143864e+00 
 1.55498500e-02  0.00000000e+00  5.29186101e-02  1.95846901e+00 
 1.55598500e-02  0.00000000e+00  5.23920568e-02  1.95550388e+00 
 1.55698500e-02  0.00000000e+00  5.18707428e-02  1.95254324e+00 
 1.55798500e-02  0.00000000e+00  5.13546160e-02  1.94958708e+00 
 1.55898500e-02  0.00000000e+00  5.08436248e-02  1.94663540e+00 
 1.55998500e-02  0.00000000e+00  5.03377181e-02  1.94368818e+00 
 1.56098500e-02  0.00000000e+00  4.98368453e-02  1.94074543e+00 
 1.56198500e-02  0.00000000e+00  4.93409563e-02  1.93780713e+00 
 1.56298500e-02  0.00000000e+00  4.88500015e-02  1.93487328e+00 
 1.56398500e-02  0.00000000e+00  4.83639318e-02  1.93194388e+00 
 1.56498500e-02  0.00000000e+00  4.78826987e-02  1.92901890e+00 
 1.56598500e-02  0.00000000e+00  4.74062539e-02  1.92609836e+00 
 1.56698500e-02  0.00000000e+00  4.69345499e-02  1.92318224e+00 
 1.56798500e-02  0.00000000e+00  4.64675394e-02  1.92027053e+00 
 1.56898500e-02  0.00000000e+00  4.60051758e-02  1.91736323e+00 
 1.56998500e-02  0.00000000e+00  4.55474129e-02  1.91446034e+00 
 1.57098500e-02  0.00000000e+00  4.50942048e-02  1.91156184e+00 
 1.57198500e-02  0.00000000e+00  4.46455063e-02  1.90866772e+00 
 1.57298500e-02  0.00000000e+00  4.42012724e-02  1.90577799e+00 
 1.57398500e-02  0.00000000e+00  4.37614587e-02  1.90289263e+00 
 1.57498500e-02  0.00000000e+00  4.33260213e-02  1.90001165e+00 
 1.57598500e-02  0.00000000e+00  4.28949166e-02  1.89713502e+00 
 1.57698500e-02  0.00000000e+00  4.24681015e-02  1.89426275e+00 
 1.57798500e-02  0.00000000e+00  4.20455334e-02  1.89139483e+00 
 1.57898500e-02  0.00000000e+00  4.16271698e-02  1.88853125e+00 
 1.57998500e-02  0.00000000e+00  4.12129691e-02  1.88567200e+00 
 1.58098500e-02  0.00000000e+00  4.08028899e-02  1.88281709e+00 
 1.58198500e-02  0.00000000e+00  4.03968909e-02  1.87996649e+00 
 1.58298500e-02  0.00000000e+00  3.99949318e-02  1.87712021e+00 
 1.58398500e-02  0.00000000e+00  3.95969723e-02  1.87427825e+00 
 1.58498500e-02  0.00000000e+00  3.92029726e-02  1.87144058e+00 
 1.58598500e-02  0.00000000e+00  3.88128933e-02  1.86860721e+00 
 1.58698500e-02  0.00000000e+00  3.84266953e-02  1.86577813e+00 
 1.58798500e-02  0.00000000e+00  3.80443401e-02  1.86295333e+00 
 1.58898500e-02  0.00000000e+00  3.76657895e-02  1.86013281e+00 
 1.58998500e-02  0.00000000e+00  3.72910055e-02  1.85731656e+00 
 1.59098500e-02  0.00000000e+00  3.69199507e-02  1.85450458e+00 
 1.59198500e-02  0.00000000e+00  3.65525880e-02  1.85169685e+00 
 1.59298500e-02  0.00000000e+00  3.61888807e-02  1.84889337e+00 
 1.59398500e-02  0.00000000e+00  3.58287923e-02  1.84609414e+00 
 1.59498500e-02  0.00000000e+00  3.54722869e-02  1.84329915e+00 
 1.59598500e-02  0.00000000e+00  3.51193289e-02  1.84050838e+00 
 1.59698500e-02  0.00000000e+00  3.47698828e-02  1.83772184e+00 
 1.59798500e-02  0.00000000e+00  3.44239138e-02  1.83493952e+00 
 1.59898500e-02  0.00000000e+00  3.40813873e-02  1.83216142e+00 
 1.59998500e-02  0.00000000e+00  3.37422690e-02  1.82938752e+00 
 1.60098500e-02  0.00000000e+00  3.34065251e-02  1.82661782e+00 
 1.60198500e-02  0.00000000e+00  3.30741218e-02  1.82385231e+00 
 1.60298500e-02  0.00000000e+00  3.27450261e-02  1.82109099e+00 
 1.60398500e-02  0.00000000e+00  3.24192049e-02  1.81833385e+00 
 1.60498500e-02  0.00000000e+00  3.20966258e-02  1.81558088e+00 
 1.60598500e-02  0.00000000e+00  3.17772564e-02  1.81283208e+00 
 1.60698500e-02  0.00000000e+00  3.14610648e-02  1.81008745e+00 
 1.60798500e-02  0.00000000e+00  3.11480193e-02  1.80734697e+00 
 1.60898500e-02  0.00000000e+00  3.08380888e-02  1.80461064e+00 
 1.60998500e-02  0.00000000e+00  3.05312421e-02  1.80187845e+00 
 1.61098500e-02  0.00000000e+00  3.02274487e-02  1.79915040e+00 
 1.61198500e-02  0.00000000e+00  2.99266781e-02  1.79642647e+00 
 1.61298500e-02  0.00000000e+00  2.96289002e-02  1.79370668e+00 
 1.61398500e-02  0.00000000e+00  2.93340852e-02  1.79099100e+00 
 1.61498500e-02  0.00000000e+00  2.90422038e-02  1.78827943e+00 
 1.61598500e-02  0.00000000e+00  2.87532266e-02  1.78557196e+00 
 1.61698500e-02  0.00000000e+00  2.84671249e-02  1.78286860e+00 
 1.61798500e-02  0.00000000e+00  2.81838699e-02  1.78016933e+00 
 1.61898500e-02  0.00000000e+00  2.79034334e-02  1.77747414e+00 
 1.61998500e-02  0.00000000e+00  2.76257873e-02  1.77478304e+00 
 1.62098500e-02  0.00000000e+00  2.73509038e-02  1.77209601e+00 
 1.62198500e-02  0.00000000e+00  2.70787555e-02  1.76941305e+00 
 1.62298500e-02  0.00000000e+00  2.68093152e-02  1.76673415e+00 
 1.62398500e-02  0.00000000e+00  2.65425558e-02  1.76405931e+00 
 1.62498500e-02  0.00000000e+00  2.62784508e-02  1.76138851e+00 
 1.62598500e-02  0.00000000e+00  2.60169737e-02  1.75872176e+00 
 1.62698500e-02  0.00000000e+00  2.57580983e-02  1.75605905e+00 
 1.62798500e-02  0.00000000e+00  2.55017988e-02  1.75340037e+00 
 1.62898500e-02  0.00000000e+00  2.52480496e-02  1.75074571e+00 
 1.62998500e-02  0.00000000e+00  2.49968252e-02  1.74809508e+00 
 1.63098500e-02  0.00000000e+00  2.47481006e-02  1.74544845e+00 
 1.63198500e-02  0.00000000e+00  2.45018508e-02  1.74280583e+00 
 1.63298500e-02  0.00000000e+00  2.42580513e-02  1.74016722e+00 
 1.63398500e-02  0.00000000e+00  2.40166777e-02  1.73753260e+00 
 1.63498500e-02  0.00000000e+00  2.37777058e-02  1.73490197e+00 
 1.63598500e-02  0.00000000e+00  2.35411117e-02  1.73227532e+00 
 1.63698500e-02  0.00000000e+00  2.33068717e-02  1.72965264e+00 
 1.63798500e-02  0.00000000e+00  2.30749626e-02  1.72703394e+00 
 1.63898500e-02  0.00000000e+00  2.28453610e-02  1.72441920e+00 
 1.63998500e-02  0.00000000e+00  2.26180439e-02  1.72180843e+00 
 1.64098500e-02  0.00000000e+00  2.23929888e-02  1.71920160e+00 
 1.64198500e-02  0.00000000e+00  2.21701730e-02  1.71659872e+00 
 1.64298500e-02  0.00000000e+00  2.19495742e-02  1.71399978e+00 
 1.64398500e-02  0.00000000e+00  2.17311705e-02  1.71140478e+00 
 1.64498500e-02  0.00000000e+00  2.15149399e-02  1.70881370e+00 
 1.64598500e-02  0.00000000e+00  2.13008609e-02  1.70622655e+00 
 1.64698500e-02  0.00000000e+00  2.10889121e-02  1.70364332e+00 
 1.64798500e-02  0.00000000e+00  2.08790722e-02  1.70106399e+00 
 1.64898500e-02  0.00000000e+00  2.06713202e-02  1.69848858e+00 
 1.64998500e-02  0.00000000e+00  2.04656354e-02  1.69591706e+00 
 1.65098500e-02  0.00000000e+00  2.02619973e-02  1.69334943e+00 
 1.65198500e-02  0.00000000e+00  2.00603853e-02  1.69078569e+00 
 1.65298500e-02  0.00000000e+00  1.98607795e-02  1.68822583e+00 
 1.65398500e-02  0.00000000e+00  1.96631598e-02  1.68566985e+00 
 1.65498500e-02  0.00000000e+00  1.94675065e-02  1.68311774e+00 
 1.65598500e-02  0.00000000e+00  1.92738000e-02  1.68056949e+00 
 1.65698500e-02  0.00000000e+00  1.90820209e-02  1.67802510e+00 
 1.65798500e-02  0.00000000e+00  1.88921500e-02  1.67548457e+00 
 1.65898500e-02  0.00000000e+00  1.87041684e-02  1.67294787e+00 
 1.65998500e-02  0.00000000e+00  1.85180573e-02  1.67041502e+00 
 1.66098500e-02  0.00000000e+00  1.83337980e-02  1.66788601e+00 
 1.66198500e-02  0.00000000e+00  1.81513722e-02  1.66536082e+00 
 1.66298500e-02  0.00000000e+00  1.79707615e-02  1.66283946e+00 
 1.66398500e-02  0.00000000e+00  1.77919479e-02  1.66032191e+00 
 1.66498500e-02  0.00000000e+00  1.76149136e-02  1.65780818e+00 
 1.66598500e-02  0.00000000e+00  1.74396409e-02  1.65529825e+00 
 1.66698500e-02  0.00000000e+00  1.72661121e-02  1.65279212e+00 
 1.66798500e-02  0.00000000e+00  1.70943100e-02  1.65028978e+00 
 1.66898500e-02  0.00000000e+00  1.69242173e-02  1.64779124e+00 
 1.66998500e-02  0.00000000e+00  1.67558172e-02  1.64529647e+00 
 1.67098500e-02  0.00000000e+00  1.65890926e-02  1.64280549e+00 
 1.67198500e-02  0.00000000e+00  1.64240270e-02  1.64031827e+00 
 1.67298500e-02  0.00000000e+00  1.62606039e-02  1.63783482e+00 
 1.67398500e-02  0.00000000e+00  1.60988068e-02  1.63535513e+00 
 1.67498500e-02  0.00000000e+00  1.59386197e-02  1.63287920e+00 
 1.67598500e-02  0.00000000e+00  1.57800265e-02  1.63040701e+00 
 1.67698500e-02  0.00000000e+00  1.56230113e-02  1.62793857e+00 
 1.67798500e-02  0.00000000e+00  1.54675584e-02  1.62547386e+00 
 1.67898500e-02  0.00000000e+00  1.53136524e-02  1.62301289e+00 
 1.67998500e-02  0.00000000e+00  1.51612777e-02  1.62055564e+00 
 1.68098500e-02  0.00000000e+00  1.50104192e-02  1.61810211e+00 
 1.68198500e-02  0.00000000e+00  1.48610618e-02  1.61565229e+00 
 1.68298500e-02  0.00000000e+00  1.47131906e-02  1.61320619e+00 
 1.68398500e-02  0.00000000e+00  1.45667907e-02  1.61076379e+00 
 1.68498500e-02  0.00000000e+00  1.44218475e-02  1.60832508e+00 
 1.68598500e-02  0.00000000e+00  1.42783465e-02  1.60589007e+00 
 1.68698500e-02  0.00000000e+00  1.41362734e-02  1.60345875e+00 
 1.68798500e-02  0.00000000e+00  1.39956140e-02  1.60103110e+00 
 1.68898500e-02  0.00000000e+00  1.38563541e-02  1.59860714e+00 
 1.68998500e-02  0.00000000e+00  1.37184799e-02  1.59618684e+00 
 1.69098500e-02  0.00000000e+00  1.35819777e-02  1.59377020e+00 
 1.69198500e-02  0.00000000e+00  1.34468336e-02  1.59135723e+00 
 1.69298500e-02  0.00000000e+00  1.33130343e-02  1.58894791e+00 
 1.69398500e-02  0.00000000e+00  1.31805663e-02  1.58654223e+00 
 1.69498500e-02  0.00000000e+00  1.30494163e-02  1.58414020e+00 
 1.69598500e-02  0.00000000e+00  1.29195714e-02  1.58174180e+00 
 1.69698500e-02  0.00000000e+00  1.27910185e-02  1.57934704e+00 
 1.69798500e-02  0.00000000e+00  1.26637446e-02  1.57695590e+00 
 1.69898500e-02  0.00000000e+00  1.25377372e-02  1.57456838e+00 
 1.69998500e-02  0.00000000e+00  1.24129836e-02  1.57218448e+00 
 1.70098500e-02  0.00000000e+00  1.22894714e-02  1.56980418e+00 
 1.70198500e-02  0.00000000e+00  1.21671881e-02  1.56742749e+00 
 1.70298500e-02  0.00000000e+00  1.20461215e-02  1.56505440e+00 
 1.70398500e-02  0.00000000e+00  1.19262596e-02  1.56268490e+00 
 1.70498500e-02  0.00000000e+00  1.18075904e-02  1.56031899e+00 
 1.70598500e-02  0.00000000e+00  1.16901019e-02  1.55795666e+00 
 1.70698500e-02  0.00000000e+00  1.15737825e-02  1.55559791e+00 
 1.70798500e-02  0.00000000e+00  1.14586205e-02  1.55324272e+00 
 1.70898500e-02  0.00000000e+00  1.13446043e-02  1.55089111e+00 
 1.70998500e-02  0.00000000e+00  1.12317227e-02  1.54854305e+00 
 1.71098500e-02  0.00000000e+00  1.11199643e-02  1.54619855e+00 
 1.71198500e-02  0.00000000e+00  1.10093179e-02  1.54385760e+00 
 1.71298500e-02  0.00000000e+00  1.08997724e-02  1.54152019e+00 
 1.71398500e-02  0.00000000e+00  1.07913170e-02  1.53918632e+00 
 1.71498500e-02  0.00000000e+00  1.06839407e-02  1.53685599e+00 
 1.71598500e-02  0.00000000e+00  1.05776328e-02  1.53452918e+00 
 1.71698500e-02  0.00000000e+00  1.04723827e-02  1.53220590e+00 
 1.71798500e-02  0.00000000e+00  1.03681799e-02  1.52988613e+00 
 1.71898500e-02  0.00000000e+00  1.02650139e-02  1.52756988e+00 
 1.71998500e-02  0.00000000e+00  1.01628745e-02  1.52525713e+00 
 1.72098500e-02  0.00000000e+00  1.00617514e-02  1.52294788e+00 
 1.72198500e-02  0.00000000e+00  9.96163444e-03  1.52064213e+00 
 1.72298500e-02  0.00000000e+00  9.86251370e-03  1.51833987e+00 
 1.72398500e-02  0.00000000e+00  9.76437923e-03  1.51604110e+00 
 1.72498500e-02  0.00000000e+00  9.66722123e-03  1.51374581e+00 
 1.72598500e-02  0.00000000e+00  9.57102998e-03  1.51145399e+00 
 1.72698500e-02  0.00000000e+00  9.47579585e-03  1.50916564e+00 
 1.72798500e-02  0.00000000e+00  9.38150932e-03  1.50688076e+00 
 1.72898500e-02  0.00000000e+00  9.28816097e-03  1.50459933e+00 
 1.72998500e-02  0.00000000e+00  9.19574146e-03  1.50232136e+00 
 1.73098500e-02  0.00000000e+00  9.10424154e-03  1.50004684e+00 
 1.73198500e-02  0.00000000e+00  9.01365207e-03  1.49777576e+00 
 1.73298500e-02  0.00000000e+00  8.92396399e-03  1.49550812e+00 
 1.73398500e-02  0.00000000e+00  8.83516833e-03  1.49324392e+00 
 1.73498500e-02  0.00000000e+00  8.74725621e-03  1.49098314e+00 
 1.73598500e-02  0.00000000e+00  8.66021883e-03  1.48872578e+00 
 1.73698500e-02  0.00000000e+00  8.57404750e-03  1.48647185e+00 
 1.73798500e-02  0.00000000e+00  8.48873360e-03  1.48422132e+00 
 1.73898500e-02  0.00000000e+00  8.40426859e-03  1.48197420e+00 
 1.73998500e-02  0.00000000e+00  8.32064402e-03  1.47973049e+00 
 1.74098500e-02  0.00000000e+00  8.23785154e-03  1.47749017e+00 
 1.74198500e-02  0.00000000e+00  8.15588287e-03  1.47525324e+00 
 1.74298500e-02  0.00000000e+00  8.07472981e-03  1.47301970e+00 
 1.74398500e-02  0.00000000e+00  7.99438424e-03  1.47078954e+00 
 1.74498500e-02  0.00000000e+00  7.91483813e-03  1.46856276e+00 
 1.74598500e-02  0.00000000e+00  7.83608352e-03  1.46633935e+00 
 1.74698500e-02  0.00000000e+00  7.75811254e-03  1.46411931e+00 
 1.74798500e-02  0.00000000e+00  7.68091739e-03  1.46190262e+00 
 1.74898500e-02  0.00000000e+00  7.60449035e-03  1.45968930e+00 
 1.74998500e-02  0.00000000e+00  7.52882378e-03  1.45747932e+00 
 1.75098500e-02  0.00000000e+00  7.45391011e-03  1.45527269e+00 
 1.75198500e-02  0.00000000e+00  7.37974185e-03  1.45306940e+00 
 1.75298500e-02  0.00000000e+00  7.30631158e-03  1.45086945e+00 
 1.75398500e-02  0.00000000e+00  7.23361197e-03  1.44867282e+00 
 1.75498500e-02  0.00000000e+00  7.16163573e-03  1.44647953e+00 
 1.75598500e-02  0.00000000e+00  7.09037567e-03  1.44428955e+00 
 1.75698500e-02  0.00000000e+00  7.01982467e-03  1.44210289e+00 
 1.75798500e-02  0.00000000e+00  6.94997567e-03  1.43991954e+00 
 1.75898500e-02  0.00000000e+00  6.88082168e-03  1.43773949e+00 
 1.75998500e-02  0.00000000e+00  6.81235579e-03  1.43556275e+00 
 1.76098500e-02  0.00000000e+00  6.74457116e-03  1.43338930e+00 
 1.76198500e-02  0.00000000e+00  6.67746100e-03  1.43121914e+00 
 1.76298500e-02  0.00000000e+00  6.61101860e-03  1.42905227e+00 
 1.76398500e-02  0.00000000e+00  6.54523732e-03  1.42688868e+00 
 1.76498500e-02  0.00000000e+00  6.48011058e-03  1.42472836e+00 
 1.76598500e-02  0.00000000e+00  6.41563187e-03  1.42257132e+00 
 1.76698500e-02  0.00000000e+00  6.35179473e-03  1.42041754e+00 
 1.76798500e-02  0.00000000e+00  6.28859280e-03  1.41826702e+00 
 1.76898500e-02  0.00000000e+00  6.22601973e-03  1.41611976e+00 
 1.76998500e-02  0.00000000e+00  6.16406929e-03  1.41397575e+00 
 1.77098500e-02  0.00000000e+00  6.10273527e-03  1.41183498e+00 
 1.77198500e-02  0.00000000e+00  6.04201153e-03  1.40969745e+00 
 1.77298500e-02  0.00000000e+00  5.98189201e-03  1.40756317e+00 
 1.77398500e-02  0.00000000e+00  5.92237070e-03  1.40543211e+00 
 1.77498500e-02  0.00000000e+00  5.86344164e-03  1.40330428e+00 
 1.77598500e-02  0.00000000e+00  5.80509894e-03  1.40117967e+00 
 1.77698500e-02  0.00000000e+00  5.74733676e-03  1.39905828e+00 
 1.77798500e-02  0.00000000e+00  5.69014933e-03  1.39694010e+00 
 1.77898500e-02  0.00000000e+00  5.63353093e-03  1.39482512e+00 
 1.77998500e-02  0.00000000e+00  5.57747589e-03  1.39271335e+00 
 1.78098500e-02  0.00000000e+00  5.52197862e-03  1.39060478e+00 
 1.78198500e-02  0.00000000e+00  5.46703356e-03  1.38849940e+00 
 1.78298500e-02  0.00000000e+00  5.41263521e-03  1.38639720e+00 
 1.78398500e-02  0.00000000e+00  5.35877815e-03  1.38429819e+00 
 1.78498500e-02  0.00000000e+00  5.30545697e-03  1.38220236e+00 
 1.78598500e-02  0.00000000e+00  5.25266636e-03  1.38010969e+00 
 1.78698500e-02  0.00000000e+00  5.20040102e-03  1.37802020e+00 
 1.78798500e-02  0.00000000e+00  5.14865574e-03  1.37593387e+00 
 1.78898500e-02  0.00000000e+00  5.09742533e-03  1.37385070e+00 
 1.78998500e-02  0.00000000e+00  5.04670468e-03  1.37177069e+00 
 1.79098500e-02  0.00000000e+00  4.99648871e-03  1.36969382e+00 
 1.79198500e-02  0.00000000e+00  4.94677241e-03  1.36762010e+00 
 1.79298500e-02  0.00000000e+00  4.89755079e-03  1.36554951e+00 
 1.79398500e-02  0.00000000e+00  4.84881894e-03  1.36348207e+00 
 1.79498500e-02  0.00000000e+00  4.80057199e-03  1.36141775e+00 
 1.79598500e-02  0.00000000e+00  4.75280510e-03  1.35935656e+00 
 1.79698500e-02  0.00000000e+00  4.70551351e-03  1.35729848e+00 
 1.79798500e-02  0.00000000e+00  4.65869248e-03  1.35524353e+00 
 1.79898500e-02  0.00000000e+00  4.61233733e-03  1.35319168e+00 
 1.79998500e-02  0.00000000e+00  4.56644343e-03  1.35114294e+00 
 1.80098500e-02  0.00000000e+00  4.52100618e-03  1.34909731e+00 
 1.80198500e-02  0.00000000e+00  4.47602104e-03  1.34705477e+00 
 1.80298500e-02  0.00000000e+00  4.43148352e-03  1.34501532e+00 
 1.80398500e-02  0.00000000e+00  4.38738916e-03  1.34297896e+00 
 1.80498500e-02  0.00000000e+00  4.34373354e-03  1.34094569e+00 
 1.80598500e-02  0.00000000e+00  4.30051231e-03  1.33891549e+00 
 1.80698500e-02  0.00000000e+00  4.25772115e-03  1.33688836e+00 
 1.80798500e-02  0.00000000e+00  4.21535576e-03  1.33486431e+00 
 1.80898500e-02  0.00000000e+00  4.17341192e-03  1.33284332e+00 
 1.80998500e-02  0.00000000e+00  4.13188544e-03  1.33082539e+00 
 1.81098500e-02  0.00000000e+00  4.09077215e-03  1.32881051e+00 
 1.81198500e-02  0.00000000e+00  4.05006795e-03  1.32679869e+00 
 1.81298500e-02  0.00000000e+00  4.00976876e-03  1.32478991e+00 
 1.81398500e-02  0.00000000e+00  3.96987057e-03  1.32278417e+00 
 1.81498500e-02  0.00000000e+00  3.93036937e-03  1.32078147e+00 
 1.81598500e-02  0.00000000e+00  3.89126122e-03  1.31878180e+00 
 1.81698500e-02  0.00000000e+00  3.85254220e-03  1.31678516e+00 
 1.81798500e-02  0.00000000e+00  3.81420845e-03  1.31479154e+00 
 1.81898500e-02  0.00000000e+00  3.77625612e-03  1.31280094e+00 
 1.81998500e-02  0.00000000e+00  3.73868143e-03  1.31081335e+00 
 1.82098500e-02  0.00000000e+00  3.70148062e-03  1.30882877e+00 
 1.82198500e-02  0.00000000e+00  3.66464997e-03  1.30684720e+00 
 1.82298500e-02  0.00000000e+00  3.62818579e-03  1.30486863e+00 
 1.82398500e-02  0.00000000e+00  3.59208444e-03  1.30289305e+00 
 1.82498500e-02  0.00000000e+00  3.55634231e-03  1.30092047e+00 
 1.82598500e-02  0.00000000e+00  3.52095582e-03  1.29895087e+00 
 1.82698500e-02  0.00000000e+00  3.48592143e-03  1.29698425e+00 
 1.82798500e-02  0.00000000e+00  3.45123565e-03  1.29502061e+00 
 1.82898500e-02  0.00000000e+00  3.41689499e-03  1.29305994e+00 
 1.82998500e-02  0.00000000e+00  3.38289604e-03  1.29110224e+00 
 1.83098500e-02  0.00000000e+00  3.34923538e-03  1.28914751e+00 
 1.83198500e-02  0.00000000e+00  3.31590965e-03  1.28719573e+00 
 1.83298500e-02  0.00000000e+00  3.28291553e-03  1.28524691e+00 
 1.83398500e-02  0.00000000e+00  3.25024970e-03  1.28330104e+00 
 1.83498500e-02  0.00000000e+00  3.21790891e-03  1.28135812e+00 
 1.83598500e-02  0.00000000e+00  3.18588992e-03  1.27941814e+00 
 1.83698500e-02  0.00000000e+00  3.15418952e-03  1.27748109e+00 
 1.83798500e-02  0.00000000e+00  3.12280455e-03  1.27554698e+00 
 1.83898500e-02  0.00000000e+00  3.09173187e-03  1.27361580e+00 
 1.83998500e-02  0.00000000e+00  3.06096836e-03  1.27168754e+00 
 1.84098500e-02  0.00000000e+00  3.03051097e-03  1.26976220e+00 
 1.84198500e-02  0.00000000e+00  3.00035663e-03  1.26783977e+00 
 1.84298500e-02  0.00000000e+00  2.97050234e-03  1.26592026e+00 
 1.84398500e-02  0.00000000e+00  2.94094510e-03  1.26400365e+00 
 1.84498500e-02  0.00000000e+00  2.91168196e-03  1.26208994e+00 
 1.84598500e-02  0.00000000e+00  2.88271000e-03  1.26017913e+00 
 1.84698500e-02  0.00000000e+00  2.85402632e-03  1.25827121e+00 
 1.84798500e-02  0.00000000e+00  2.82562805e-03  1.25636618e+00 
 1.84898500e-02  0.00000000e+00  2.79751235e-03  1.25446404e+00 
 1.84998500e-02  0.00000000e+00  2.76967640e-03  1.25256478e+00 
 1.85098500e-02  0.00000000e+00  2.74211743e-03  1.25066839e+00 
 1.85198500e-02  0.00000000e+00  2.71483268e-03  1.24877487e+00 
 1.85298500e-02  0.00000000e+00  2.68781942e-03  1.24688422e+00 
 1.85398500e-02  0.00000000e+00  2.66107495e-03  1.24499643e+00 
 1.85498500e-02  0.00000000e+00  2.63459659e-03  1.24311150e+00 
 1.85598500e-02  0.00000000e+00  2.60838170e-03  1.24122942e+00 
 1.85698500e-02  0.00000000e+00  2.58242766e-03  1.23935020e+00 
 1.85798500e-02  0.00000000e+00  2.55673186e-03  1.23747381e+00 
 1.85898500e-02  0.00000000e+00  2.53129174e-03  1.23560027e+00 
 1.85998500e-02  0.00000000e+00  2.50610476e-03  1.23372957e+00 
 1.86098500e-02  0.00000000e+00  2.48116839e-03  1.23186170e+00 
 1.86198500e-02  0.00000000e+00  2.45648015e-03  1.22999665e+00 
 1.86298500e-02  0.00000000e+00  2.43203756e-03  1.22813443e+00 
 1.86398500e-02  0.00000000e+00  2.40783818e-03  1.22627503e+00 
 1.86498500e-02  0.00000000e+00  2.38387959e-03  1.22441844e+00 
 1.86598500e-02  0.00000000e+00  2.36015940e-03  1.22256467e+00 
 1.86698500e-02  0.00000000e+00  2.33667522e-03  1.22071370e+00 
 1.86798500e-02  0.00000000e+00  2.31342473e-03  1.21886554e+00 
 1.86898500e-02  0.00000000e+00  2.29040557e-03  1.21702017e+00 
 1.86998500e-02  0.00000000e+00  2.26761547e-03  1.21517759e+00 
 1.87098500e-02  0.00000000e+00  2.24505213e-03  1.21333781e+00 
 1.87198500e-02  0.00000000e+00  2.22271330e-03  1.21150081e+00 
 1.87298500e-02  0.00000000e+00  2.20059675e-03  1.20966659e+00 
 1.87398500e-02  0.00000000e+00  2.17870027e-03  1.20783515e+00 
 1.87498500e-02  0.00000000e+00  2.15702166e-03  1.20600648e+00 
 1.87598500e-02  0.00000000e+00  2.13555876e-03  1.20418058e+00 
 1.87698500e-02  0.00000000e+00  2.11430942e-03  1.20235745e+00 
 1.87798500e-02  0.00000000e+00  2.09327151e-03  1.20053707e+00 
 1.87898500e-02  0.00000000e+00  2.07244294e-03  1.19871946e+00 
 1.87998500e-02  0.00000000e+00  2.05182162e-03  1.19690459e+00 
 1.88098500e-02  0.00000000e+00  2.03140548e-03  1.19509247e+00 
 1.88198500e-02  0.00000000e+00  2.01119249e-03  1.19328310e+00 
 1.88298500e-02  0.00000000e+00  1.99118062e-03  1.19147646e+00 
 1.88398500e-02  0.00000000e+00  1.97136788e-03  1.18967256e+00 
 1.88498500e-02  0.00000000e+00  1.95175228e-03  1.18787139e+00 
 1.88598500e-02  0.00000000e+00  1.93233186e-03  1.18607295e+00 
 1.88698500e-02  0.00000000e+00  1.91310468e-03  1.18427723e+00 
 1.88798500e-02  0.00000000e+00  1.89406881e-03  1.18248423e+00 
 1.88898500e-02  0.00000000e+00  1.87522235e-03  1.18069394e+00 
 1.88998500e-02  0.00000000e+00  1.85656343e-03  1.17890636e+00 
 1.89098500e-02  0.00000000e+00  1.83809016e-03  1.17712149e+00 
 1.89198500e-02  0.00000000e+00  1.81980070e-03  1.17533933e+00 
 1.89298500e-02  0.00000000e+00  1.80169323e-03  1.17355986e+00 
 1.89398500e-02  0.00000000e+00  1.78376594e-03  1.17178308e+00 
 1.89498500e-02  0.00000000e+00  1.76601702e-03  1.17000900e+00 
 1.89598500e-02  0.00000000e+00  1.74844471e-03  1.16823760e+00 
 1.89698500e-02  0.00000000e+00  1.73104725e-03  1.16646888e+00 
 1.89798500e-02  0.00000000e+00  1.71382290e-03  1.16470284e+00 
 1.89898500e-02  0.00000000e+00  1.69676994e-03  1.16293948e+00 
 1.89998500e-02  0.00000000e+00  1.67988666e-03  1.16117878e+00 
 1.90098500e-02  0.00000000e+00  1.66317137e-03  1.15942075e+00 
 1.90198500e-02  0.00000000e+00  1.64662240e-03  1.15766538e+00 
 1.90298500e-02  0.00000000e+00  1.63023810e-03  1.15591267e+00 
 1.90398500e-02  0.00000000e+00  1.61401682e-03  1.15416261e+00 
 1.90498500e-02  0.00000000e+00  1.59795695e-03  1.15241521e+00 
 1.90598500e-02  0.00000000e+00  1.58205688e-03  1.15067045e+00 
 1.90698500e-02  0.00000000e+00  1.56631502e-03  1.14892833e+00 
 1.90798500e-02  0.00000000e+00  1.55072980e-03  1.14718884e+00 
 1.90898500e-02  0.00000000e+00  1.53529965e-03  1.14545199e+00 
 1.90998500e-02  0.00000000e+00  1.52002304e-03  1.14371777e+00 
 1.91098500e-02  0.00000000e+00  1.50489843e-03  1.14198618e+00 
 1.91198500e-02  0.00000000e+00  1.48992432e-03  1.14025721e+00 
 1.91298500e-02  0.00000000e+00  1.47509920e-03  1.13853085e+00 
 1.91398500e-02  0.00000000e+00  1.46042160e-03  1.13680711e+00 
 1.91498500e-02  0.00000000e+00  1.44589004e-03  1.13508598e+00 
 1.91598500e-02  0.00000000e+00  1.43150307e-03  1.13336746e+00 
 1.91698500e-02  0.00000000e+00  1.41725926e-03  1.13165153e+00 
 1.91798500e-02  0.00000000e+00  1.40315718e-03  1.12993821e+00 
 1.91898500e-02  0.00000000e+00  1.38919542e-03  1.12822747e+00 
 1.91998500e-02  0.00000000e+00  1.37537258e-03  1.12651933e+00 
 1.92098500e-02  0.00000000e+00  1.36168728e-03  1.12481378e+00 
 1.92198500e-02  0.00000000e+00  1.34813815e-03  1.12311080e+00 
 1.92298500e-02  0.00000000e+00  1.33472384e-03  1.12141041e+00 
 1.92398500e-02  0.00000000e+00  1.32144300e-03  1.11971259e+00 
 1.92498500e-02  0.00000000e+00  1.30829432e-03  1.11801734e+00 
 1.92598500e-02  0.00000000e+00  1.29527646e-03  1.11632466e+00 
 1.92698500e-02  0.00000000e+00  1.28238814e-03  1.11463454e+00 
 1.92798500e-02  0.00000000e+00  1.26962806e-03  1.11294697e+00 
 1.92898500e-02  0.00000000e+00  1.25699495e-03  1.11126197e+00 
 1.92998500e-02  0.00000000e+00  1.24448753e-03  1.10957951e+00 
 1.93098500e-02  0.00000000e+00  1.23210457e-03  1.10789960e+00 
 1.93198500e-02  0.00000000e+00  1.21984483e-03  1.10622224e+00 
 1.93298500e-02  0.00000000e+00  1.20770707e-03  1.10454741e+00 
 1.93398500e-02  0.00000000e+00  1.19569008e-03  1.10287512e+00 
 1.93498500e-02  0.00000000e+00  1.18379267e-03  1.10120536e+00 
 1.93598500e-02  0.00000000e+00  1.17201363e-03  1.09953813e+00 
 1.93698500e-02  0.00000000e+00  1.16035181e-03  1.09787343e+00 
 1.93798500e-02  0.00000000e+00  1.14880602e-03  1.09621124e+00 
 1.93898500e-02  0.00000000e+00  1.13737511e-03  1.09455158e+00 
 1.93998500e-02  0.00000000e+00  1.12605795e-03  1.09289442e+00 
 1.94098500e-02  0.00000000e+00  1.11485339e-03  1.09123977e+00 
 1.94198500e-02  0.00000000e+00  1.10376032e-03  1.08958763e+00 
 1.94298500e-02  0.00000000e+00  1.09277763e-03  1.08793799e+00 
 1.94398500e-02  0.00000000e+00  1.08190422e-03  1.08629085e+00 
 1.94498500e-02  0.00000000e+00  1.07113901e-03  1.08464620e+00 
 1.94598500e-02  0.00000000e+00  1.06048091e-03  1.08300404e+00 
 1.94698500e-02  0.00000000e+00  1.04992886e-03  1.08136436e+00 
 1.94798500e-02  0.00000000e+00  1.03948181e-03  1.07972717e+00 
 1.94898500e-02  0.00000000e+00  1.02913870e-03  1.07809246e+00 
 1.94998500e-02  0.00000000e+00  1.01889852e-03  1.07646023e+00 
 1.95098500e-02  0.00000000e+00  1.00876022e-03  1.07483046e+00 
 1.95198500e-02  0.00000000e+00  9.98722808e-04  1.07320316e+00 
 1.95298500e-02  0.00000000e+00  9.88785267e-04  1.07157833e+00 
 1.95398500e-02  0.00000000e+00  9.78946608e-04  1.06995595e+00 
 1.95498500e-02  0.00000000e+00  9.69205846e-04  1.06833603e+00 
 1.95598500e-02  0.00000000e+00  9.59562006e-04  1.06671857e+00 
 1.95698500e-02  0.00000000e+00  9.50014126e-04  1.06510355e+00 
 1.95798500e-02  0.00000000e+00  9.40561249e-04  1.06349098e+00 
 1.95898500e-02  0.00000000e+00  9.31202431e-04  1.06188085e+00 
 1.95998500e-02  0.00000000e+00  9.21936735e-04  1.06027316e+00 
 1.96098500e-02  0.00000000e+00  9.12763235e-04  1.05866790e+00 
 1.96198500e-02  0.00000000e+00  9.03681014e-04  1.05706507e+00 
 1.96298500e-02  0.00000000e+00  8.94689163e-04  1.05546467e+00 
 1.96398500e-02  0.00000000e+00  8.85786783e-04  1.05386669e+00 
 1.96498500e-02  0.00000000e+00  8.76972984e-04  1.05227113e+00 
 1.96598500e-02  0.00000000e+00  8.68246885e-04  1.05067799e+00 
 1.96698500e-02  0.00000000e+00  8.59607612e-04  1.04908726e+00 
 1.96798500e-02  0.00000000e+00  8.51054303e-04  1.04749894e+00 
 1.96898500e-02  0.00000000e+00  8.42586101e-04  1.04591302e+00 
 1.96998500e-02  0.00000000e+00  8.34202159e-04  1.04432950e+00 
 1.97098500e-02  0.00000000e+00  8.25901640e-04  1.04274838e+00 
 1.97198500e-02  0.00000000e+00  8.17683714e-04  1.04116965e+00 
 1.97298500e-02  0.00000000e+00  8.09547557e-04  1.03959332e+00 
 1.97398500e-02  0.00000000e+00  8.01492358e-04  1.03801937e+00 
 1.97498500e-02  0.00000000e+00  7.93517309e-04  1.03644780e+00 
 1.97598500e-02  0.00000000e+00  7.85621615e-04  1.03487862e+00 
 1.97698500e-02  0.00000000e+00  7.77804484e-04  1.03331181e+00 
 1.97798500e-02  0.00000000e+00  7.70065136e-04  1.03174737e+00 
 1.97898500e-02  0.00000000e+00  7.62402797e-04  1.03018530e+00 
 1.97998500e-02  0.00000000e+00  7.54816699e-04  1.02862559e+00 
 1.98098500e-02  0.00000000e+00  7.47306085e-04  1.02706825e+00 
 1.98198500e-02  0.00000000e+00  7.39870204e-04  1.02551326e+00 
 1.98298500e-02  0.00000000e+00  7.32508311e-04  1.02396063e+00 
 1.98398500e-02  0.00000000e+00  7.25219671e-04  1.02241035e+00 
 1.98498500e-02  0.00000000e+00  7.18003555e-04  1.02086242e+00 
 1.98598500e-02  0.00000000e+00  7.10859241e-04  1.01931683e+00 
 1.98698500e-02  0.00000000e+00  7.03786015e-04  1.01777358e+00 
 1.98798500e-02  0.00000000e+00  6.96783169e-04  1.01623266e+00 
 1.98898500e-02  0.00000000e+00  6.89850003e-04  1.01469408e+00 
 1.98998500e-02  0.00000000e+00  6.82985824e-04  1.01315783e+00 
 1.99098500e-02  0.00000000e+00  6.76189945e-04  1.01162390e+00 
 1.99198500e-02  0.00000000e+00  6.69461687e-04  1.01009230e+00 
 1.99298500e-02  0.00000000e+00  6.62800377e-04  1.00856302e+00 
 1.99398500e-02  0.00000000e+00  6.56205348e-04  1.00703605e+00 
 1.99498500e-02  0.00000000e+00  6.49675942e-04  1.00551139e+00 
 1.99598500e-02  0.00000000e+00  6.43211504e-04  1.00398904e+00 
 1.99698500e-02  0.00000000e+00  6.36811390e-04  1.00246900e+00 
 1.99798500e-02  0.00000000e+00  6.30474958e-04  1.00095125e+00 
 1.99898500e-02  0.00000000e+00  6.24201575e-04  9.99435810e-01 
 1.99998500e-02  0.00000000e+00  6.17990614e-04  9.97922659e-01 
 2.00098500e-02  0.00000000e+00  6.11841454e-04  9.96411800e-01 
 2.00198500e-02  0.00000000e+00  6.05753479e-04  9.94903228e-01 
 2.00298500e-02  0.00000000e+00  5.99726082e-04  9.93396940e-01 
 2.00398500e-02  0.00000000e+00  5.93758658e-04  9.91892933e-01 
 2.00498500e-02  0.00000000e+00  5.87850612e-04  9.90391202e-01 
 2.00598500e-02  0.00000000e+00  5.82001352e-04  9.88891745e-01 
 2.00698500e-02  0.00000000e+00  5.76210294e-04  9.87394559e-01 
 2.00798500e-02  0.00000000e+00  5.70476858e-04  9.85899639e-01 
 2.00898500e-02  0.00000000e+00  5.64800471e-04  9.84406982e-01 
 2.00998500e-02  0.00000000e+00  5.59180566e-04  9.82916586e-01 
 2.01098500e-02  0.00000000e+00  5.53616580e-04  9.81428446e-01 
 2.01198500e-02  0.00000000e+00  5.48107958e-04  9.79942558e-01 
 2.01298500e-02  0.00000000e+00  5.42654147e-04  9.78458921e-01 
 2.01398500e-02  0.00000000e+00  5.37254603e-04  9.76977530e-01 
 2.01498500e-02  0.00000000e+00  5.31908786e-04  9.75498381e-01 
 2.01598500e-02  0.00000000e+00  5.26616162e-04  9.74021472e-01 
 2.01698500e-02  0.00000000e+00  5.21376200e-04  9.72546799e-01 
 2.01798500e-02  0.00000000e+00  5.16188377e-04  9.71074359e-01 
 2.01898500e-02  0.00000000e+00  5.11052174e-04  9.69604148e-01 
 2.01998500e-02  0.00000000e+00  5.05967078e-04  9.68136163e-01 
 2.02098500e-02  0.00000000e+00  5.00932580e-04  9.66670400e-01 
 2.02198500e-02  0.00000000e+00  4.95948176e-04  9.65206857e-01 
 2.02298500e-02  0.00000000e+00  4.91013368e-04  9.63745530e-01 
 2.02398500e-02  0.00000000e+00  4.86127663e-04  9.62286414e-01 
 2.02498500e-02  0.00000000e+00  4.81290572e-04  9.60829508e-01 
 2.02598500e-02  0.00000000e+00  4.76501611e-04  9.59374808e-01 
 2.02698500e-02  0.00000000e+00  4.71760301e-04  9.57922310e-01 
 2.02798500e-02  0.00000000e+00  4.67066169e-04  9.56472012e-01 
 2.02898500e-02  0.00000000e+00  4.62418744e-04  9.55023909e-01 
 2.02998500e-02  0.00000000e+00  4.57817563e-04  9.53577998e-01 
 2.03098500e-02  0.00000000e+00  4.53262164e-04  9.52134277e-01 
 2.03198500e-02  0.00000000e+00  4.48752093e-04  9.50692741e-01 
 2.03298500e-02  0.00000000e+00  4.44286898e-04  9.49253388e-01 
 2.03398500e-02  0.00000000e+00  4.39866133e-04  9.47816214e-01 
 2.03498500e-02  0.00000000e+00  4.35489355e-04  9.46381216e-01 
 2.03598500e-02  0.00000000e+00  4.31156128e-04  9.44948390e-01 
 2.03698500e-02  0.00000000e+00  4.26866017e-04  9.43517734e-01 
 2.03798500e-02  0.00000000e+00  4.22618594e-04  9.42089244e-01 
 2.03898500e-02  0.00000000e+00  4.18413434e-04  9.40662917e-01 
 2.03998500e-02  0.00000000e+00  4.14250116e-04  9.39238749e-01 
 2.04098500e-02  0.00000000e+00  4.10128225e-04  9.37816737e-01 
 2.04198500e-02  0.00000000e+00  4.06047347e-04  9.36396878e-01 
 2.04298500e-02  0.00000000e+00  4.02007075e-04  9.34979169e-01 
 2.04398500e-02  0.00000000e+00  3.98007004e-04  9.33563607e-01 
 2.04498500e-02  0.00000000e+00  3.94046736e-04  9.32150187e-01 
 2.04598500e-02  0.00000000e+00  3.90125872e-04  9.30738907e-01 
 2.04698500e-02  0.00000000e+00  3.86244023e-04  9.29329764e-01 
 2.04798500e-02  0.00000000e+00  3.82400799e-04  9.27922755e-01 
 2.04898500e-02  0.00000000e+00  3.78595816e-04  9.26517876e-01 
 2.04998500e-02  0.00000000e+00  3.74828693e-04  9.25115123e-01 
 2.05098500e-02  0.00000000e+00  3.71099055e-04  9.23714495e-01 
 2.05198500e-02  0.00000000e+00  3.67406527e-04  9.22315987e-01 
 2.05298500e-02  0.00000000e+00  3.63750740e-04  9.20919596e-01 
 2.05398500e-02  0.00000000e+00  3.60131330e-04  9.19525320e-01 
 2.05498500e-02  0.00000000e+00  3.56547934e-04  9.18133154e-01 
 2.05598500e-02  0.00000000e+00  3.53000193e-04  9.16743097e-01 
 2.05698500e-02  0.00000000e+00  3.49487753e-04  9.15355143e-01 
 2.05798500e-02  0.00000000e+00  3.46010263e-04  9.13969292e-01 
 2.05898500e-02  0.00000000e+00  3.42567375e-04  9.12585538e-01 
 2.05998500e-02  0.00000000e+00  3.39158744e-04  9.11203879e-01 
 2.06098500e-02  0.00000000e+00  3.35784031e-04  9.09824312e-01 
 2.06198500e-02  0.00000000e+00  3.32442896e-04  9.08446834e-01 
 2.06298500e-02  0.00000000e+00  3.29135006e-04  9.07071442e-01 
 2.06398500e-02  0.00000000e+00  3.25860031e-04  9.05698131e-01 
 2.06498500e-02  0.00000000e+00  3.22617643e-04  9.04326900e-01 
 2.06598500e-02  0.00000000e+00  3.19407517e-04  9.02957745e-01 
 2.06698500e-02  0.00000000e+00  3.16229333e-04  9.01590663e-01 
 2.06798500e-02  0.00000000e+00  3.13082772e-04  9.00225651e-01 
 2.06898500e-02  0.00000000e+00  3.09967521e-04  8.98862705e-01 
 2.06998500e-02  0.00000000e+00  3.06883267e-04  8.97501823e-01 
 2.07098500e-02  0.00000000e+00  3.03829702e-04  8.96143001e-01 
 2.07198500e-02  0.00000000e+00  3.00806521e-04  8.94786236e-01 
 2.07298500e-02  0.00000000e+00  2.97813421e-04  8.93431526e-01 
 2.07398500e-02  0.00000000e+00  2.94850104e-04  8.92078867e-01 
 2.07498500e-02  0.00000000e+00  2.91916272e-04  8.90728255e-01 
 2.07598500e-02  0.00000000e+00  2.89011632e-04  8.89379689e-01 
 2.07698500e-02  0.00000000e+00  2.86135895e-04  8.88033164e-01 
 2.07798500e-02  0.00000000e+00  2.83288771e-04  8.86688677e-01 
 2.07898500e-02  0.00000000e+00  2.80469977e-04  8.85346227e-01 
 2.07998500e-02  0.00000000e+00  2.77679231e-04  8.84005809e-01 
 2.08098500e-02  0.00000000e+00  2.74916254e-04  8.82667420e-01 
 2.08198500e-02  0.00000000e+00  2.72180769e-04  8.81331057e-01 
 2.08298500e-02  0.00000000e+00  2.69472502e-04  8.79996718e-01 
 2.08398500e-02  0.00000000e+00  2.66791184e-04  8.78664399e-01 
 2.08498500e-02  0.00000000e+00  2.64136545e-04  8.77334097e-01 
 2.08598500e-02  0.00000000e+00  2.61508321e-04  8.76005809e-01 
 2.08698500e-02  0.00000000e+00  2.58906248e-04  8.74679533e-01 
 2.08798500e-02  0.00000000e+00  2.56330067e-04  8.73355264e-01 
 2.08898500e-02  0.00000000e+00  2.53779519e-04  8.72033000e-01 
 2.08998500e-02  0.00000000e+00  2.51254349e-04  8.70712738e-01 
 2.09098500e-02  0.00000000e+00  2.48754306e-04  8.69394475e-01 
 2.09198500e-02  0.00000000e+00  2.46279139e-04  8.68078208e-01 
 2.09298500e-02  0.00000000e+00  2.43828600e-04  8.66763933e-01 
 2.09398500e-02  0.00000000e+00  2.41402445e-04  8.65451649e-01 
 2.09498500e-02  0.00000000e+00  2.39000431e-04  8.64141351e-01 
 2.09598500e-02  0.00000000e+00  2.36622317e-04  8.62833037e-01 
 2.09698500e-02  0.00000000e+00  2.34267866e-04  8.61526704e-01 
 2.09798500e-02  0.00000000e+00  2.31936842e-04  8.60222349e-01 
 2.09898500e-02  0.00000000e+00  2.29629013e-04  8.58919968e-01 
 2.09949250e-02  0.00000000e+00  2.28466596e-04  8.58259765e-01 
 2.10000000e-02  0.00000000e+00  2.27310062e-04  8.57600068e-01 
 2.10000889e-02  4.44582649e-01  2.66817084e-04  8.57594504e-01 
 2.10002667e-02  1.33374795e+00  4.24878567e-04  8.57595355e-01 
 2.10006224e-02  3.11207854e+00  1.21520183e-03  8.57668928e-01 
 2.10010000e-02  5.00000000e+00  2.74595071e-03  8.57851901e-01 
 2.10010463e-02  5.00000000e+00  2.97739117e-03  8.57880968e-01 
 2.10011389e-02  5.00000000e+00  3.44025064e-03  8.57939103e-01 
 2.10013242e-02  5.00000000e+00  4.36584097e-03  8.58055369e-01 
 2.10016947e-02  5.00000000e+00  6.21650730e-03  8.58287892e-01 
 2.10024358e-02  5.00000000e+00  9.91578357e-03  8.58752900e-01 
 2.10039179e-02  5.00000000e+00  1.73061181e-02  8.59682757e-01 
 2.10068821e-02  5.00000000e+00  3.20539762e-02  8.61541846e-01 
 2.10128105e-02  5.00000000e+00  6.14189330e-02  8.65257519e-01 
 2.10228105e-02  5.00000000e+00  1.10559043e-01  8.71517538e-01 
 2.10328105e-02  5.00000000e+00  1.59210197e-01  8.77768079e-01 
 2.10428105e-02  5.00000000e+00  2.07377260e-01  8.84009157e-01 
 2.10528105e-02  5.00000000e+00  2.55065048e-01  8.90240786e-01 
 2.10628105e-02  5.00000000e+00  3.02278331e-01  8.96462980e-01 
 2.10728105e-02  5.00000000e+00  3.49021830e-01  9.02675754e-01 
 2.10828105e-02  5.00000000e+00  3.95300220e-01  9.08879121e-01 
 2.10928105e-02  5.00000000e+00  4.41118128e-01  9.15073097e-01 
 2.11028105e-02  5.00000000e+00  4.86480137e-01  9.21257695e-01 
 2.11128105e-02  5.00000000e+00  5.31390782e-01  9.27432929e-01 
 2.11228105e-02  5.00000000e+00  5.75854556e-01  9.33598814e-01 
 2.11328105e-02  5.00000000e+00  6.19875904e-01  9.39755364e-01 
 2.11428105e-02  5.00000000e+00  6.63459228e-01  9.45902593e-01 
 2.11528105e-02  5.00000000e+00  7.06608887e-01  9.52040515e-01 
 2.11628105e-02  5.00000000e+00  7.49329197e-01  9.58169144e-01 
 2.11728105e-02  5.00000000e+00  7.91624429e-01  9.64288494e-01 
 2.11828105e-02  5.00000000e+00  8.33498813e-01  9.70398580e-01 
 2.11928105e-02  5.00000000e+00  8.74956536e-01  9.76499415e-01 
 2.12028105e-02  5.00000000e+00  9.16001744e-01  9.82591013e-01 
 2.12128105e-02  5.00000000e+00  9.56638543e-01  9.88673388e-01 
 2.12228105e-02  5.00000000e+00  9.96870995e-01  9.94746555e-01 
 2.12328105e-02  5.00000000e+00  1.03670312e+00  1.00081053e+00 
 2.12428105e-02  5.00000000e+00  1.07613891e+00  1.00686532e+00 
 2.12528105e-02  5.00000000e+00  1.11518231e+00  1.01291094e+00 
 2.12628105e-02  5.00000000e+00  1.15383721e+00  1.01894741e+00 
 2.12728105e-02  5.00000000e+00  1.19210749e+00  1.02497474e+00 
 2.12828105e-02  5.00000000e+00  1.22999696e+00  1.03099295e+00 
 2.12928105e-02  5.00000000e+00  1.26750943e+00  1.03700205e+00 
 2.13028105e-02  5.00000000e+00  1.30464864e+00  1.04300204e+00 
 2.13128105e-02  5.00000000e+00  1.34141831e+00  1.04899296e+00 
 2.13228105e-02  5.00000000e+00  1.37782211e+00  1.05497480e+00 
 2.13328105e-02  5.00000000e+00  1.41386368e+00  1.06094758e+00 
 2.13428105e-02  5.00000000e+00  1.44954663e+00  1.06691133e+00 
 2.13528105e-02  5.00000000e+00  1.48487452e+00  1.07286604e+00 
 2.13628105e-02  5.00000000e+00  1.51985089e+00  1.07881174e+00 
 2.13728105e-02  5.00000000e+00  1.55447924e+00  1.08474844e+00 
 2.13828105e-02  5.00000000e+00  1.58876303e+00  1.09067615e+00 
 2.13928105e-02  5.00000000e+00  1.62270569e+00  1.09659488e+00 
 2.14028105e-02  5.00000000e+00  1.65631061e+00  1.10250465e+00 
 2.14128105e-02  5.00000000e+00  1.68958115e+00  1.10840548e+00 
 2.14228105e-02  5.00000000e+00  1.72252064e+00  1.11429737e+00 
 2.14328105e-02  5.00000000e+00  1.75513237e+00  1.12018034e+00 
 2.14428105e-02  5.00000000e+00  1.78741961e+00  1.12605441e+00 
 2.14528105e-02  5.00000000e+00  1.81938559e+00  1.13191958e+00 
 2.14628105e-02  5.00000000e+00  1.85103349e+00  1.13777587e+00 
 2.14728105e-02  5.00000000e+00  1.88236649e+00  1.14362329e+00 
 2.14828105e-02  5.00000000e+00  1.91338772e+00  1.14946187e+00 
 2.14928105e-02  5.00000000e+00  1.94410028e+00  1.15529160e+00 
 2.15028105e-02  5.00000000e+00  1.97450724e+00  1.16111250e+00 
 2.15128105e-02  5.00000000e+00  2.00461165e+00  1.16692460e+00 
 2.15228105e-02  5.00000000e+00  2.03441651e+00  1.17272789e+00 
 2.15328105e-02  5.00000000e+00  2.06392480e+00  1.17852240e+00 
 2.15428105e-02  5.00000000e+00  2.09313948e+00  1.18430813e+00 
 2.15528105e-02  5.00000000e+00  2.12206346e+00  1.19008511e+00 
 2.15628105e-02  5.00000000e+00  2.15069965e+00  1.19585334e+00 
 2.15728105e-02  5.00000000e+00  2.17905090e+00  1.20161283e+00 
 2.15828105e-02  5.00000000e+00  2.20712004e+00  1.20736361e+00 
 2.15928105e-02  5.00000000e+00  2.23490989e+00  1.21310567e+00 
 2.16028105e-02  5.00000000e+00  2.26242323e+00  1.21883905e+00 
 2.16128105e-02  5.00000000e+00  2.28966280e+00  1.22456374e+00 
 2.16228105e-02  5.00000000e+00  2.31663133e+00  1.23027977e+00 
 2.16328105e-02  5.00000000e+00  2.34333151e+00  1.23598715e+00 
 2.16428105e-02  5.00000000e+00  2.36976602e+00  1.24168588e+00 
 2.16528105e-02  5.00000000e+00  2.39593751e+00  1.24737598e+00 
 2.16628105e-02  5.00000000e+00  2.42184858e+00  1.25305747e+00 
 2.16728105e-02  5.00000000e+00  2.44750182e+00  1.25873036e+00 
 2.16828105e-02  5.00000000e+00  2.47289982e+00  1.26439466e+00 
 2.16928105e-02  5.00000000e+00  2.49804509e+00  1.27005038e+00 
 2.17028105e-02  5.00000000e+00  2.52294017e+00  1.27569754e+00 
 2.17128105e-02  5.00000000e+00  2.54758753e+00  1.28133616e+00 
 2.17228105e-02  5.00000000e+00  2.57198964e+00  1.28696623e+00 
 2.17328105e-02  5.00000000e+00  2.59614895e+00  1.29258778e+00 
 2.17428105e-02  5.00000000e+00  2.62006786e+00  1.29820082e+00 
 2.17528105e-02  5.00000000e+00  2.64374878e+00  1.30380536e+00 
 2.17628105e-02  5.00000000e+00  2.66719407e+00  1.30940141e+00 
 2.17728105e-02  5.00000000e+00  2.69040607e+00  1.31498900e+00 
 2.17828105e-02  5.00000000e+00  2.71338710e+00  1.32056812e+00 
 2.17928105e-02  5.00000000e+00  2.73613947e+00  1.32613880e+00 
 2.18028105e-02  5.00000000e+00  2.75866544e+00  1.33170104e+00 
 2.18128105e-02  5.00000000e+00  2.78096728e+00  1.33725486e+00 
 2.18228105e-02  5.00000000e+00  2.80304721e+00  1.34280027e+00 
 2.18328105e-02  5.00000000e+00  2.82490743e+00  1.34833729e+00 
 2.18428105e-02  5.00000000e+00  2.84655015e+00  1.35386592e+00 
 2.18528105e-02  5.00000000e+00  2.86797751e+00  1.35938619e+00 
 2.18628105e-02  5.00000000e+00  2.88919166e+00  1.36489809e+00 
 2.18728105e-02  5.00000000e+00  2.91019473e+00  1.37040166e+00 
 2.18828105e-02  5.00000000e+00  2.93098881e+00  1.37589688e+00 
 2.18928105e-02  5.00000000e+00  2.95157599e+00  1.38138379e+00 
 2.19028105e-02  5.00000000e+00  2.97195832e+00  1.38686239e+00 
 2.19128105e-02  5.00000000e+00  2.99213784e+00  1.39233270e+00 
 2.19228105e-02  5.00000000e+00  3.01211656e+00  1.39779472e+00 
 2.19328105e-02  5.00000000e+00  3.03189650e+00  1.40324848e+00 
 2.19428105e-02  5.00000000e+00  3.05147962e+00  1.40869398e+00 
 2.19528105e-02  5.00000000e+00  3.07086788e+00  1.41413123e+00 
 2.19628105e-02  5.00000000e+00  3.09006322e+00  1.41956025e+00 
 2.19728105e-02  5.00000000e+00  3.10906757e+00  1.42498106e+00 
 2.19828105e-02  5.00000000e+00  3.12788282e+00  1.43039365e+00 
 2.19928105e-02  5.00000000e+00  3.14651085e+00  1.43579805e+00 
 2.20028105e-02  5.00000000e+00  3.16495353e+00  1.44119427e+00 
 2.20128105e-02  5.00000000e+00  3.18321270e+00  1.44658232e+00 
 2.20228105e-02  5.00000000e+00  3.20129018e+00  1.45196221e+00 
 2.20328105e-02  5.00000000e+00  3.21918779e+00  1.45733395e+00 
 2.20428105e-02  5.00000000e+00  3.23690732e+00  1.46269756e+00 
 2.20528105e-02  5.00000000e+00  3.25445053e+00  1.46805306e+00 
 2.20628105e-02  5.00000000e+00  3.27181918e+00  1.47340044e+00 
 2.20728105e-02  5.00000000e+00  3.28901501e+00  1.47873973e+00 
 2.20828105e-02  5.00000000e+00  3.30603973e+00  1.48407093e+00 
 2.20928105e-02  5.00000000e+00  3.32289506e+00  1.48939406e+00 
 2.21028105e-02  5.00000000e+00  3.33958267e+00  1.49470914e+00 
 2.21128105e-02  5.00000000e+00  3.35610424e+00  1.50001616e+00 
 2.21228105e-02  5.00000000e+00  3.37246141e+00  1.50531516e+00 
 2.21328105e-02  5.00000000e+00  3.38865582e+00  1.51060612e+00 
 2.21428105e-02  5.00000000e+00  3.40468910e+00  1.51588908e+00 
 2.21528105e-02  5.00000000e+00  3.42056284e+00  1.52116404e+00 
 2.21628105e-02  5.00000000e+00  3.43627863e+00  1.52643102e+00 
 2.21728105e-02  5.00000000e+00  3.45183805e+00  1.53169002e+00 
 2.21828105e-02  5.00000000e+00  3.46724264e+00  1.53694105e+00 
 2.21928105e-02  5.00000000e+00  3.48249396e+00  1.54218414e+00 
 2.22028105e-02  5.00000000e+00  3.49759352e+00  1.54741929e+00 
 2.22128105e-02  5.00000000e+00  3.51254284e+00  1.55264651e+00 
 2.22228105e-02  5.00000000e+00  3.52734341e+00  1.55786582e+00 
 2.22328105e-02  5.00000000e+00  3.54199671e+00  1.56307723e+00 
 2.22428105e-02  5.00000000e+00  3.55650421e+00  1.56828074e+00 
 2.22528105e-02  5.00000000e+00  3.57086735e+00  1.57347638e+00 
 2.22628105e-02  5.00000000e+00  3.58508757e+00  1.57866415e+00 
 2.22728105e-02  5.00000000e+00  3.59916630e+00  1.58384407e+00 
 2.22828105e-02  5.00000000e+00  3.61310495e+00  1.58901615e+00 
 2.22928105e-02  5.00000000e+00  3.62690490e+00  1.59418039e+00 
 2.23028105e-02  5.00000000e+00  3.64056754e+00  1.59933682e+00 
 2.23128105e-02  5.00000000e+00  3.65409423e+00  1.60448544e+00 
 2.23228105e-02  5.00000000e+00  3.66748632e+00  1.60962626e+00 
 2.23328105e-02  5.00000000e+00  3.68074517e+00  1.61475930e+00 
 2.23428105e-02  5.00000000e+00  3.69387208e+00  1.61988457e+00 
 2.23528105e-02  5.00000000e+00  3.70686838e+00  1.62500208e+00 
 2.23628105e-02  5.00000000e+00  3.71973536e+00  1.63011185e+00 
 2.23728105e-02  5.00000000e+00  3.73247431e+00  1.63521387e+00 
 2.23828105e-02  5.00000000e+00  3.74508651e+00  1.64030817e+00 
 2.23928105e-02  5.00000000e+00  3.75757321e+00  1.64539476e+00 
 2.24028105e-02  5.00000000e+00  3.76993566e+00  1.65047365e+00 
 2.24128105e-02  5.00000000e+00  3.78217511e+00  1.65554485e+00 
 2.24228105e-02  5.00000000e+00  3.79429277e+00  1.66060837e+00 
 2.24328105e-02  5.00000000e+00  3.80628986e+00  1.66566422e+00 
 2.24428105e-02  5.00000000e+00  3.81816757e+00  1.67071242e+00 
 2.24528105e-02  5.00000000e+00  3.82992710e+00  1.67575298e+00 
 2.24628105e-02  5.00000000e+00  3.84156961e+00  1.68078590e+00 
 2.24728105e-02  5.00000000e+00  3.85309628e+00  1.68581121e+00 
 2.24828105e-02  5.00000000e+00  3.86450826e+00  1.69082891e+00 
 2.24928105e-02  5.00000000e+00  3.87580669e+00  1.69583901e+00 
 2.25028105e-02  5.00000000e+00  3.88699269e+00  1.70084152e+00 
 2.25128105e-02  5.00000000e+00  3.89806739e+00  1.70583646e+00 
 2.25228105e-02  5.00000000e+00  3.90903189e+00  1.71082384e+00 
 2.25328105e-02  5.00000000e+00  3.91988730e+00  1.71580367e+00 
 2.25428105e-02  5.00000000e+00  3.93063469e+00  1.72077596e+00 
 2.25528105e-02  5.00000000e+00  3.94127514e+00  1.72574072e+00 
 2.25628105e-02  5.00000000e+00  3.95180971e+00  1.73069796e+00 
 2.25728105e-02  5.00000000e+00  3.96223947e+00  1.73564770e+00 
 2.25828105e-02  5.00000000e+00  3.97256544e+00  1.74058994e+00 
 2.25928105e-02  5.00000000e+00  3.98278867e+00  1.74552470e+00 
 2.26028105e-02  5.00000000e+00  3.99291018e+00  1.75045199e+00 
 2.26128105e-02  5.00000000e+00  4.00293097e+00  1.75537182e+00 
 2.26228105e-02  5.00000000e+00  4.01285206e+00  1.76028421e+00 
 2.26328105e-02  5.00000000e+00  4.02267443e+00  1.76518915e+00 
 2.26428105e-02  5.00000000e+00  4.03239906e+00  1.77008667e+00 
 2.26528105e-02  5.00000000e+00  4.04202693e+00  1.77497677e+00 
 2.26628105e-02  5.00000000e+00  4.05155900e+00  1.77985947e+00 
 2.26728105e-02  5.00000000e+00  4.06099622e+00  1.78473478e+00 
 2.26828105e-02  5.00000000e+00  4.07033954e+00  1.78960271e+00 
 2.26928105e-02  5.00000000e+00  4.07958990e+00  1.79446326e+00 
 2.27028105e-02  5.00000000e+00  4.08874821e+00  1.79931646e+00 
 2.27128105e-02  5.00000000e+00  4.09781539e+00  1.80416231e+00 
 2.27228105e-02  5.00000000e+00  4.10679235e+00  1.80900082e+00 
 2.27328105e-02  5.00000000e+00  4.11567999e+00  1.81383201e+00 
 2.27428105e-02  5.00000000e+00  4.12447919e+00  1.81865588e+00 
 2.27528105e-02  5.00000000e+00  4.13319084e+00  1.82347245e+00 
 2.27628105e-02  5.00000000e+00  4.14181581e+00  1.82828173e+00 
 2.27728105e-02  5.00000000e+00  4.15035495e+00  1.83308372e+00 
 2.27828105e-02  5.00000000e+00  4.15880913e+00  1.83787845e+00 
 2.27928105e-02  5.00000000e+00  4.16717919e+00  1.84266592e+00 
 2.28028105e-02  5.00000000e+00  4.17546597e+00  1.84744613e+00 
 2.28128105e-02  5.00000000e+00  4.18367029e+00  1.85221911e+00 
 2.28228105e-02  5.00000000e+00  4.19179297e+00  1.85698487e+00 
 2.28328105e-02  5.00000000e+00  4.19983483e+00  1.86174341e+00 
 2.28428105e-02  5.00000000e+00  4.20779667e+00  1.86649474e+00 
 2.28528105e-02  5.00000000e+00  4.21567929e+00  1.87123888e+00 
 2.28628105e-02  5.00000000e+00  4.22348348e+00  1.87597584e+00 
 2.28728105e-02  5.00000000e+00  4.23121001e+00  1.88070563e+00 
 2.28828105e-02  5.00000000e+00  4.23885966e+00  1.88542826e+00 
 2.28928105e-02  5.00000000e+00  4.24643320e+00  1.89014373e+00 
 2.29028105e-02  5.00000000e+00  4.25393138e+00  1.89485207e+00 
 2.29128105e-02  5.00000000e+00  4.26135494e+00  1.89955328e+00 
 2.29228105e-02  5.00000000e+00  4.26870465e+00  1.90424737e+00 
 2.29328105e-02  5.00000000e+00  4.27598122e+00  1.90893435e+00 
 2.29428105e-02  5.00000000e+00  4.28318538e+00  1.91361424e+00 
 2.29528105e-02  5.00000000e+00  4.29031787e+00  1.91828704e+00 
 2.29628105e-02  5.00000000e+00  4.29737938e+00  1.92295277e+00 
 2.29728105e-02  5.00000000e+00  4.30437063e+00  1.92761143e+00 
 2.29828105e-02  5.00000000e+00  4.31129232e+00  1.93226304e+00 
 2.29928105e-02  5.00000000e+00  4.31814513e+00  1.93690761e+00 
 2.30028105e-02  5.00000000e+00  4.32492976e+00  1.94154514e+00 
 2.30128105e-02  5.00000000e+00  4.33164687e+00  1.94617566e+00 
 2.30228105e-02  5.00000000e+00  4.33829715e+00  1.95079916e+00 
 2.30328105e-02  5.00000000e+00  4.34488126e+00  1.95541567e+00 
 2.30428105e-02  5.00000000e+00  4.35139985e+00  1.96002518e+00 
 2.30528105e-02  5.00000000e+00  4.35785359e+00  1.96462772e+00 
 2.30628105e-02  5.00000000e+00  4.36424310e+00  1.96922328e+00 
 2.30728105e-02  5.00000000e+00  4.37056904e+00  1.97381189e+00 
 2.30828105e-02  5.00000000e+00  4.37683204e+00  1.97839356e+00 
 2.30928105e-02  5.00000000e+00  4.38303271e+00  1.98296828e+00 
 2.31028105e-02  5.00000000e+00  4.38917169e+00  1.98753608e+00 
 2.31128105e-02  5.00000000e+00  4.39524959e+00  1.99209697e+00 
 2.31228105e-02  5.00000000e+00  4.40126700e+00  1.99665094e+00 
 2.31328105e-02  5.00000000e+00  4.40722454e+00  2.00119803e+00 
 2.31428105e-02  5.00000000e+00  4.41312281e+00  2.00573823e+00 
 2.31528105e-02  5.00000000e+00  4.41896238e+00  2.01027155e+00 
 2.31628105e-02  5.00000000e+00  4.42474385e+00  2.01479802e+00 
 2.31728105e-02  5.00000000e+00  4.43046779e+00  2.01931763e+00 
 2.31828105e-02  5.00000000e+00  4.43613478e+00  2.02383039e+00 
 2.31928105e-02  5.00000000e+00  4.44174538e+00  2.02833633e+00 
 2.32028105e-02  5.00000000e+00  4.44730015e+00  2.03283544e+00 
 2.32128105e-02  5.00000000e+00  4.45279965e+00  2.03732774e+00 
 2.32228105e-02  5.00000000e+00  4.45824443e+00  2.04181324e+00 
 2.32328105e-02  5.00000000e+00  4.46363503e+00  2.04629195e+00 
 2.32428105e-02  5.00000000e+00  4.46897200e+00  2.05076388e+00 
 2.32528105e-02  5.00000000e+00  4.47425586e+00  2.05522903e+00 
 2.32628105e-02  5.00000000e+00  4.47948714e+00  2.05968743e+00 
 2.32728105e-02  5.00000000e+00  4.48466638e+00  2.06413908e+00 
 2.32828105e-02  5.00000000e+00  4.48979408e+00  2.06858398e+00 
 2.32928105e-02  5.00000000e+00  4.49487075e+00  2.07302216e+00 
 2.33028105e-02  5.00000000e+00  4.49989691e+00  2.07745362e+00 
 2.33128105e-02  5.00000000e+00  4.50487306e+00  2.08187837e+00 
 2.33228105e-02  5.00000000e+00  4.50979970e+00  2.08629641e+00 
 2.33328105e-02  5.00000000e+00  4.51467731e+00  2.09070778e+00 
 2.33428105e-02  5.00000000e+00  4.51950640e+00  2.09511246e+00 
 2.33528105e-02  5.00000000e+00  4.52428743e+00  2.09951047e+00 
 2.33628105e-02  5.00000000e+00  4.52902088e+00  2.10390182e+00 
 2.33728105e-02  5.00000000e+00  4.53370724e+00  2.10828653e+00 
 2.33828105e-02  5.00000000e+00  4.53834697e+00  2.11266460e+00 
 2.33928105e-02  5.00000000e+00  4.54294054e+00  2.11703604e+00 
 2.34028105e-02  5.00000000e+00  4.54748839e+00  2.12140086e+00 
 2.34128105e-02  5.00000000e+00  4.55199099e+00  2.12575907e+00 
 2.34228105e-02  5.00000000e+00  4.55644879e+00  2.13011068e+00 
 2.34328105e-02  5.00000000e+00  4.56086224e+00  2.13445571e+00 
 2.34428105e-02  5.00000000e+00  4.56523177e+00  2.13879416e+00 
 2.34528105e-02  5.00000000e+00  4.56955782e+00  2.14312603e+00 
 2.34628105e-02  5.00000000e+00  4.57384083e+00  2.14745135e+00 
 2.34728105e-02  5.00000000e+00  4.57808122e+00  2.15177013e+00 
 2.34828105e-02  5.00000000e+00  4.58227942e+00  2.15608236e+00 
 2.34928105e-02  5.00000000e+00  4.58643584e+00  2.16038806e+00 
 2.35028105e-02  5.00000000e+00  4.59055091e+00  2.16468725e+00 
 2.35128105e-02  5.00000000e+00  4.59462503e+00  2.16897992e+00 
 2.35228105e-02  5.00000000e+00  4.59865861e+00  2.17326610e+00 
 2.35328105e-02  5.00000000e+00  4.60265205e+00  2.17754579e+00 
 2.35428105e-02  5.00000000e+00  4.60660576e+00  2.18181900e+00 
 2.35528105e-02  5.00000000e+00  4.61052014e+00  2.18608574e+00 
 2.35628105e-02  5.00000000e+00  4.61439556e+00  2.19034602e+00 
 2.35728105e-02  5.00000000e+00  4.61823242e+00  2.19459985e+00 
 2.35828105e-02  5.00000000e+00  4.62203110e+00  2.19884723e+00 
 2.35928105e-02  5.00000000e+00  4.62579198e+00  2.20308819e+00 
 2.36028105e-02  5.00000000e+00  4.62951545e+00  2.20732273e+00 
 2.36128105e-02  5.00000000e+00  4.63320186e+00  2.21155085e+00 
 2.36228105e-02  5.00000000e+00  4.63685159e+00  2.21577258e+00 
 2.36328105e-02  5.00000000e+00  4.64046501e+00  2.21998791e+00 
 2.36428105e-02  5.00000000e+00  4.64404247e+00  2.22419686e+00 
 2.36528105e-02  5.00000000e+00  4.64758434e+00  2.22839944e+00 
 2.36628105e-02  5.00000000e+00  4.65109096e+00  2.23259566e+00 
 2.36728105e-02  5.00000000e+00  4.65456269e+00  2.23678552e+00 
 2.36828105e-02  5.00000000e+00  4.65799988e+00  2.24096904e+00 
 2.36928105e-02  5.00000000e+00  4.66140287e+00  2.24514623e+00 
 2.37028105e-02  5.00000000e+00  4.66477199e+00  2.24931709e+00 
 2.37128105e-02  5.00000000e+00  4.66810759e+00  2.25348163e+00 
 2.37228105e-02  5.00000000e+00  4.67141001e+00  2.25763987e+00 
 2.37328105e-02  5.00000000e+00  4.67467956e+00  2.26179182e+00 
 2.37428105e-02  5.00000000e+00  4.67791658e+00  2.26593748e+00 
 2.37528105e-02  5.00000000e+00  4.68112139e+00  2.27007686e+00 
 2.37628105e-02  5.00000000e+00  4.68429431e+00  2.27420998e+00 
 2.37728105e-02  5.00000000e+00  4.68743566e+00  2.27833684e+00 
 2.37828105e-02  5.00000000e+00  4.69054575e+00  2.28245745e+00 
 2.37928105e-02  5.00000000e+00  4.69362490e+00  2.28657182e+00 
 2.38028105e-02  5.00000000e+00  4.69667341e+00  2.29067996e+00 
 2.38128105e-02  5.00000000e+00  4.69969158e+00  2.29478188e+00 
 2.38228105e-02  5.00000000e+00  4.70267973e+00  2.29887760e+00 
 2.38328105e-02  5.00000000e+00  4.70563814e+00  2.30296711e+00 
 2.38428105e-02  5.00000000e+00  4.70856711e+00  2.30705043e+00 
 2.38528105e-02  5.00000000e+00  4.71146694e+00  2.31112757e+00 
 2.38628105e-02  5.00000000e+00  4.71433792e+00  2.31519853e+00 
 2.38728105e-02  5.00000000e+00  4.71718033e+00  2.31926333e+00 
 2.38828105e-02  5.00000000e+00  4.71999445e+00  2.32332198e+00 
 2.38928105e-02  5.00000000e+00  4.72278058e+00  2.32737448e+00 
 2.39028105e-02  5.00000000e+00  4.72553898e+00  2.33142085e+00 
 2.39128105e-02  5.00000000e+00  4.72826993e+00  2.33546109e+00 
 2.39228105e-02  5.00000000e+00  4.73097372e+00  2.33949522e+00 
 2.39328105e-02  5.00000000e+00  4.73365059e+00  2.34352323e+00 
 2.39428105e-02  5.00000000e+00  4.73630084e+00  2.34754515e+00 
 2.39528105e-02  5.00000000e+00  4.73892471e+00  2.35156098e+00 
 2.39628105e-02  5.00000000e+00  4.74152247e+00  2.35557073e+00 
 2.39728105e-02  5.00000000e+00  4.74409439e+00  2.35957441e+00 
 2.39828105e-02  5.00000000e+00  4.74664071e+00  2.36357202e+00 
 2.39928105e-02  5.00000000e+00  4.74916170e+00  2.36756359e+00 
 2.40028105e-02  5.00000000e+00  4.75165761e+00  2.37154911e+00 
 2.40128105e-02  5.00000000e+00  4.75412867e+00  2.37552859e+00 
 2.40228105e-02  5.00000000e+00  4.75657515e+00  2.37950205e+00 
 2.40328105e-02  5.00000000e+00  4.75899729e+00  2.38346950e+00 
 2.40428105e-02  5.00000000e+00  4.76139533e+00  2.38743094e+00 
 2.40528105e-02  5.00000000e+00  4.76376951e+00  2.39138638e+00 
 2.40628105e-02  5.00000000e+00  4.76612006e+00  2.39533583e+00 
 2.40728105e-02  5.00000000e+00  4.76844722e+00  2.39927931e+00 
 2.40828105e-02  5.00000000e+00  4.77075123e+00  2.40321681e+00 
 2.40928105e-02  5.00000000e+00  4.77303231e+00  2.40714835e+00 
 2.41028105e-02  5.00000000e+00  4.77529070e+00  2.41107394e+00 
 2.41128105e-02  5.00000000e+00  4.77752661e+00  2.41499359e+00 
 2.41228105e-02  5.00000000e+00  4.77974027e+00  2.41890730e+00 
 2.41328105e-02  5.00000000e+00  4.78193191e+00  2.42281508e+00 
 2.41428105e-02  5.00000000e+00  4.78410175e+00  2.42671695e+00 
 2.41528105e-02  5.00000000e+00  4.78624999e+00  2.43061292e+00 
 2.41628105e-02  5.00000000e+00  4.78837685e+00  2.43450298e+00 
 2.41728105e-02  5.00000000e+00  4.79048256e+00  2.43838715e+00 
 2.41828105e-02  5.00000000e+00  4.79256731e+00  2.44226545e+00 
 2.41928105e-02  5.00000000e+00  4.79463131e+00  2.44613787e+00 
 2.42028105e-02  5.00000000e+00  4.79667478e+00  2.45000443e+00 
 2.42128105e-02  5.00000000e+00  4.79869792e+00  2.45386513e+00 
 2.42228105e-02  5.00000000e+00  4.80070093e+00  2.45771999e+00 
 2.42328105e-02  5.00000000e+00  4.80268400e+00  2.46156902e+00 
 2.42428105e-02  5.00000000e+00  4.80464734e+00  2.46541221e+00 
 2.42528105e-02  5.00000000e+00  4.80659115e+00  2.46924959e+00 
 2.42628105e-02  5.00000000e+00  4.80851562e+00  2.47308116e+00 
 2.42728105e-02  5.00000000e+00  4.81042093e+00  2.47690692e+00 
 2.42828105e-02  5.00000000e+00  4.81230729e+00  2.48072690e+00 
 2.42928105e-02  5.00000000e+00  4.81417488e+00  2.48454109e+00 
 2.43028105e-02  5.00000000e+00  4.81602389e+00  2.48834951e+00 
 2.43128105e-02  5.00000000e+00  4.81785450e+00  2.49215216e+00 
 2.43228105e-02  5.00000000e+00  4.81966689e+00  2.49594905e+00 
 2.43328105e-02  5.00000000e+00  4.82146125e+00  2.49974019e+00 
 2.43428105e-02  5.00000000e+00  4.82323775e+00  2.50352560e+00 
 2.43528105e-02  5.00000000e+00  4.82499658e+00  2.50730527e+00 
 2.43628105e-02  5.00000000e+00  4.82673791e+00  2.51107922e+00 
 2.43728105e-02  5.00000000e+00  4.82846191e+00  2.51484746e+00 
 2.43828105e-02  5.00000000e+00  4.83016876e+00  2.51860999e+00 
 2.43928105e-02  5.00000000e+00  4.83185862e+00  2.52236683e+00 
 2.44028105e-02  5.00000000e+00  4.83353167e+00  2.52611798e+00 
 2.44128105e-02  5.00000000e+00  4.83518807e+00  2.52986344e+00 
 2.44228105e-02  5.00000000e+00  4.83682799e+00  2.53360324e+00 
 2.44328105e-02  5.00000000e+00  4.83845159e+00  2.53733738e+00 
 2.44428105e-02  5.00000000e+00  4.84005904e+00  2.54106586e+00 
 2.44528105e-02  5.00000000e+00  4.84165049e+00  2.54478870e+00 
 2.44628105e-02  5.00000000e+00  4.84322611e+00  2.54850590e+00 
 2.44728105e-02  5.00000000e+00  4.84478605e+00  2.55221747e+00 
 2.44828105e-02  5.00000000e+00  4.84633047e+00  2.55592343e+00 
 2.44928105e-02  5.00000000e+00  4.84785952e+00  2.55962377e+00 
 2.45028105e-02  5.00000000e+00  4.84937335e+00  2.56331851e+00 
 2.45128105e-02  5.00000000e+00  4.85087212e+00  2.56700766e+00 
 2.45228105e-02  5.00000000e+00  4.85235598e+00  2.57069122e+00 
 2.45328105e-02  5.00000000e+00  4.85382508e+00  2.57436920e+00 
 2.45428105e-02  5.00000000e+00  4.85527955e+00  2.57804162e+00 
 2.45528105e-02  5.00000000e+00  4.85671956e+00  2.58170847e+00 
 2.45628105e-02  5.00000000e+00  4.85814524e+00  2.58536978e+00 
 2.45728105e-02  5.00000000e+00  4.85955673e+00  2.58902554e+00 
 2.45828105e-02  5.00000000e+00  4.86095417e+00  2.59267577e+00 
 2.45928105e-02  5.00000000e+00  4.86233771e+00  2.59632047e+00 
 2.46028105e-02  5.00000000e+00  4.86370749e+00  2.59995965e+00 
 2.46128105e-02  5.00000000e+00  4.86506363e+00  2.60359332e+00 
 2.46228105e-02  5.00000000e+00  4.86640628e+00  2.60722149e+00 
 2.46328105e-02  5.00000000e+00  4.86773557e+00  2.61084417e+00 
 2.46428105e-02  5.00000000e+00  4.86905164e+00  2.61446136e+00 
 2.46528105e-02  5.00000000e+00  4.87035460e+00  2.61807308e+00 
 2.46628105e-02  5.00000000e+00  4.87164461e+00  2.62167933e+00 
 2.46728105e-02  5.00000000e+00  4.87292178e+00  2.62528011e+00 
 2.46828105e-02  5.00000000e+00  4.87418624e+00  2.62887545e+00 
 2.46928105e-02  5.00000000e+00  4.87543811e+00  2.63246534e+00 
 2.47028105e-02  5.00000000e+00  4.87667754e+00  2.63604980e+00 
 2.47128105e-02  5.00000000e+00  4.87790462e+00  2.63962883e+00 
 2.47228105e-02  5.00000000e+00  4.87911950e+00  2.64320245e+00 
 2.47328105e-02  5.00000000e+00  4.88032230e+00  2.64677065e+00 
 2.47428105e-02  5.00000000e+00  4.88151312e+00  2.65033345e+00 
 2.47528105e-02  5.00000000e+00  4.88269209e+00  2.65389085e+00 
 2.47628105e-02  5.00000000e+00  4.88385934e+00  2.65744287e+00 
 2.47728105e-02  5.00000000e+00  4.88501496e+00  2.66098952e+00 
 2.47828105e-02  5.00000000e+00  4.88615909e+00  2.66453079e+00 
 2.47928105e-02  5.00000000e+00  4.88729184e+00  2.66806670e+00 
 2.48028105e-02  5.00000000e+00  4.88841331e+00  2.67159726e+00 
 2.48128105e-02  5.00000000e+00  4.88952363e+00  2.67512247e+00 
 2.48228105e-02  5.00000000e+00  4.89062290e+00  2.67864234e+00 
 2.48328105e-02  5.00000000e+00  4.89171122e+00  2.68215689e+00 
 2.48428105e-02  5.00000000e+00  4.89278873e+00  2.68566612e+00 
 2.48528105e-02  5.00000000e+00  4.89385550e+00  2.68917003e+00 
 2.48628105e-02  5.00000000e+00  4.89491167e+00  2.69266863e+00 
 2.48728105e-02  5.00000000e+00  4.89595732e+00  2.69616194e+00 
 2.48828105e-02  5.00000000e+00  4.89699257e+00  2.69964997e+00 
 2.48928105e-02  5.00000000e+00  4.89801752e+00  2.70313271e+00 
 2.49028105e-02  5.00000000e+00  4.89903227e+00  2.70661017e+00 
 2.49128105e-02  5.00000000e+00  4.90003693e+00  2.71008238e+00 
 2.49228105e-02  5.00000000e+00  4.90103159e+00  2.71354932e+00 
 2.49328105e-02  5.00000000e+00  4.90201635e+00  2.71701102e+00 
 2.49428105e-02  5.00000000e+00  4.90299131e+00  2.72046747e+00 
 2.49528105e-02  5.00000000e+00  4.90395657e+00  2.72391870e+00 
 2.49628105e-02  5.00000000e+00  4.90491222e+00  2.72736469e+00 
 2.49728105e-02  5.00000000e+00  4.90585837e+00  2.73080547e+00 
 2.49828105e-02  5.00000000e+00  4.90679510e+00  2.73424105e+00 
 2.49928105e-02  5.00000000e+00  4.90772252e+00  2.73767141e+00 
 2.50028105e-02  5.00000000e+00  4.90864070e+00  2.74109659e+00 
 2.50128105e-02  5.00000000e+00  4.90954975e+00  2.74451658e+00 
 2.50228105e-02  5.00000000e+00  4.91044975e+00  2.74793139e+00 
 2.50328105e-02  5.00000000e+00  4.91134080e+00  2.75134103e+00 
 2.50428105e-02  5.00000000e+00  4.91222298e+00  2.75474551e+00 
 2.50528105e-02  5.00000000e+00  4.91309638e+00  2.75814484e+00 
 2.50628105e-02  5.00000000e+00  4.91396109e+00  2.76153902e+00 
 2.50728105e-02  5.00000000e+00  4.91481720e+00  2.76492806e+00 
 2.50828105e-02  5.00000000e+00  4.91566479e+00  2.76831197e+00 
 2.50928105e-02  5.00000000e+00  4.91650395e+00  2.77169075e+00 
 2.51028105e-02  5.00000000e+00  4.91733476e+00  2.77506442e+00 
 2.51128105e-02  5.00000000e+00  4.91815730e+00  2.77843299e+00 
 2.51228105e-02  5.00000000e+00  4.91897165e+00  2.78179645e+00 
 2.51328105e-02  5.00000000e+00  4.91977790e+00  2.78515482e+00 
 2.51428105e-02  5.00000000e+00  4.92057613e+00  2.78850811e+00 
 2.51528105e-02  5.00000000e+00  4.92136642e+00  2.79185631e+00 
 2.51628105e-02  5.00000000e+00  4.92214884e+00  2.79519945e+00 
 2.51728105e-02  5.00000000e+00  4.92292348e+00  2.79853753e+00 
 2.51828105e-02  5.00000000e+00  4.92369041e+00  2.80187056e+00 
 2.51928105e-02  5.00000000e+00  4.92444971e+00  2.80519853e+00 
 2.52028105e-02  5.00000000e+00  4.92520146e+00  2.80852147e+00 
 2.52128105e-02  5.00000000e+00  4.92594572e+00  2.81183938e+00 
 2.52228105e-02  5.00000000e+00  4.92668258e+00  2.81515227e+00 
 2.52328105e-02  5.00000000e+00  4.92741211e+00  2.81846014e+00 
 2.52428105e-02  5.00000000e+00  4.92813437e+00  2.82176300e+00 
 2.52528105e-02  5.00000000e+00  4.92884945e+00  2.82506086e+00 
 2.52628105e-02  5.00000000e+00  4.92955742e+00  2.82835373e+00 
 2.52728105e-02  5.00000000e+00  4.93025834e+00  2.83164161e+00 
 2.52828105e-02  5.00000000e+00  4.93095229e+00  2.83492451e+00 
 2.52928105e-02  5.00000000e+00  4.93163933e+00  2.83820245e+00 
 2.53028105e-02  5.00000000e+00  4.93231954e+00  2.84147542e+00 
 2.53128105e-02  5.00000000e+00  4.93299297e+00  2.84474343e+00 
 2.53228105e-02  5.00000000e+00  4.93365971e+00  2.84800650e+00 
 2.53328105e-02  5.00000000e+00  4.93431981e+00  2.85126463e+00 
 2.53428105e-02  5.00000000e+00  4.93497335e+00  2.85451783e+00 
 2.53528105e-02  5.00000000e+00  4.93562038e+00  2.85776610e+00 
 2.53628105e-02  5.00000000e+00  4.93626097e+00  2.86100945e+00 
 2.53728105e-02  5.00000000e+00  4.93689519e+00  2.86424789e+00 
 2.53828105e-02  5.00000000e+00  4.93752310e+00  2.86748143e+00 
 2.53928105e-02  5.00000000e+00  4.93814476e+00  2.87071007e+00 
 2.54028105e-02  5.00000000e+00  4.93876023e+00  2.87393382e+00 
 2.54128105e-02  5.00000000e+00  4.93936958e+00  2.87715270e+00 
 2.54228105e-02  5.00000000e+00  4.93997287e+00  2.88036670e+00 
 2.54328105e-02  5.00000000e+00  4.94057016e+00  2.88357583e+00 
 2.54428105e-02  5.00000000e+00  4.94116150e+00  2.88678011e+00 
 2.54528105e-02  5.00000000e+00  4.94174696e+00  2.88997953e+00 
 2.54628105e-02  5.00000000e+00  4.94232659e+00  2.89317411e+00 
 2.54728105e-02  5.00000000e+00  4.94290045e+00  2.89636386e+00 
 2.54828105e-02  5.00000000e+00  4.94346861e+00  2.89954877e+00 
 2.54928105e-02  5.00000000e+00  4.94403111e+00  2.90272887e+00 
 2.55028105e-02  5.00000000e+00  4.94458801e+00  2.90590414e+00 
 2.55128105e-02  5.00000000e+00  4.94513938e+00  2.90907461e+00 
 2.55228105e-02  5.00000000e+00  4.94568525e+00  2.91224028e+00 
 2.55328105e-02  5.00000000e+00  4.94622570e+00  2.91540116e+00 
 2.55428105e-02  5.00000000e+00  4.94676077e+00  2.91855725e+00 
 2.55528105e-02  5.00000000e+00  4.94729051e+00  2.92170857e+00 
 2.55628105e-02  5.00000000e+00  4.94781498e+00  2.92485511e+00 
 2.55728105e-02  5.00000000e+00  4.94833424e+00  2.92799689e+00 
 2.55828105e-02  5.00000000e+00  4.94884832e+00  2.93113391e+00 
 2.55928105e-02  5.00000000e+00  4.94935730e+00  2.93426618e+00 
 2.56028105e-02  5.00000000e+00  4.94986120e+00  2.93739371e+00 
 2.56128105e-02  5.00000000e+00  4.95036010e+00  2.94051651e+00 
 2.56228105e-02  5.00000000e+00  4.95085403e+00  2.94363458e+00 
 2.56328105e-02  5.00000000e+00  4.95134304e+00  2.94674792e+00 
 2.56428105e-02  5.00000000e+00  4.95182719e+00  2.94985656e+00 
 2.56528105e-02  5.00000000e+00  4.95230652e+00  2.95296048e+00 
 2.56628105e-02  5.00000000e+00  4.95278108e+00  2.95605971e+00 
 2.56728105e-02  5.00000000e+00  4.95325092e+00  2.95915425e+00 
 2.56828105e-02  5.00000000e+00  4.95371609e+00  2.96224410e+00 
 2.56928105e-02  5.00000000e+00  4.95417662e+00  2.96532927e+00 
 2.57028105e-02  5.00000000e+00  4.95463258e+00  2.96840977e+00 
 2.57128105e-02  5.00000000e+00  4.95508400e+00  2.97148560e+00 
 2.57228105e-02  5.00000000e+00  4.95553092e+00  2.97455678e+00 
 2.57328105e-02  5.00000000e+00  4.95597340e+00  2.97762331e+00 
 2.57428105e-02  5.00000000e+00  4.95641148e+00  2.98068520e+00 
 2.57528105e-02  5.00000000e+00  4.95684519e+00  2.98374245e+00 
 2.57628105e-02  5.00000000e+00  4.95727459e+00  2.98679508e+00 
 2.57728105e-02  5.00000000e+00  4.95769972e+00  2.98984308e+00 
 2.57828105e-02  5.00000000e+00  4.95812062e+00  2.99288647e+00 
 2.57928105e-02  5.00000000e+00  4.95853733e+00  2.99592524e+00 
 2.58028105e-02  5.00000000e+00  4.95894989e+00  2.99895942e+00 
 2.58128105e-02  5.00000000e+00  4.95935835e+00  3.00198901e+00 
 2.58228105e-02  5.00000000e+00  4.95976275e+00  3.00501400e+00 
 2.58328105e-02  5.00000000e+00  4.96016312e+00  3.00803442e+00 
 2.58428105e-02  5.00000000e+00  4.96055950e+00  3.01105027e+00 
 2.58528105e-02  5.00000000e+00  4.96095195e+00  3.01406155e+00 
 2.58628105e-02  5.00000000e+00  4.96134049e+00  3.01706827e+00 
 2.58728105e-02  5.00000000e+00  4.96172516e+00  3.02007043e+00 
 2.58828105e-02  5.00000000e+00  4.96210600e+00  3.02306806e+00 
 2.58928105e-02  5.00000000e+00  4.96248306e+00  3.02606114e+00 
 2.59028105e-02  5.00000000e+00  4.96285636e+00  3.02904969e+00 
 2.59128105e-02  5.00000000e+00  4.96322595e+00  3.03203372e+00 
 2.59228105e-02  5.00000000e+00  4.96359186e+00  3.03501323e+00 
 2.59328105e-02  5.00000000e+00  4.96395413e+00  3.03798823e+00 
 2.59428105e-02  5.00000000e+00  4.96431279e+00  3.04095872e+00 
 2.59528105e-02  5.00000000e+00  4.96466789e+00  3.04392472e+00 
 2.59628105e-02  5.00000000e+00  4.96501945e+00  3.04688623e+00 
 2.59728105e-02  5.00000000e+00  4.96536752e+00  3.04984325e+00 
 2.59828105e-02  5.00000000e+00  4.96571212e+00  3.05279580e+00 
 2.59928105e-02  5.00000000e+00  4.96605329e+00  3.05574387e+00 
 2.60028105e-02  5.00000000e+00  4.96639107e+00  3.05868749e+00 
 2.60128105e-02  5.00000000e+00  4.96672549e+00  3.06162664e+00 
 2.60228105e-02  5.00000000e+00  4.96705658e+00  3.06456135e+00 
 2.60328105e-02  5.00000000e+00  4.96738437e+00  3.06749161e+00 
 2.60428105e-02  5.00000000e+00  4.96770891e+00  3.07041744e+00 
 2.60528105e-02  5.00000000e+00  4.96803021e+00  3.07333883e+00 
 2.60628105e-02  5.00000000e+00  4.96834832e+00  3.07625581e+00 
 2.60728105e-02  5.00000000e+00  4.96866326e+00  3.07916837e+00 
 2.60828105e-02  5.00000000e+00  4.96897507e+00  3.08207651e+00 
 2.60928105e-02  5.00000000e+00  4.96928378e+00  3.08498026e+00 
 2.61028105e-02  5.00000000e+00  4.96958941e+00  3.08787961e+00 
 2.61128105e-02  5.00000000e+00  4.96989200e+00  3.09077457e+00 
 2.61228105e-02  5.00000000e+00  4.97019158e+00  3.09366514e+00 
 2.61328105e-02  5.00000000e+00  4.97048819e+00  3.09655134e+00 
 2.61428105e-02  5.00000000e+00  4.97078184e+00  3.09943317e+00 
 2.61528105e-02  5.00000000e+00  4.97107256e+00  3.10231064e+00 
 2.61628105e-02  5.00000000e+00  4.97136040e+00  3.10518375e+00 
 2.61728105e-02  5.00000000e+00  4.97164537e+00  3.10805251e+00 
 2.61828105e-02  5.00000000e+00  4.97192751e+00  3.11091693e+00 
 2.61928105e-02  5.00000000e+00  4.97220683e+00  3.11377701e+00 
 2.62028105e-02  5.00000000e+00  4.97248338e+00  3.11663276e+00 
 2.62128105e-02  5.00000000e+00  4.97275718e+00  3.11948418e+00 
 2.62228105e-02  5.00000000e+00  4.97302825e+00  3.12233129e+00 
 2.62328105e-02  5.00000000e+00  4.97329663e+00  3.12517409e+00 
 2.62428105e-02  5.00000000e+00  4.97356233e+00  3.12801259e+00 
 2.62528105e-02  5.00000000e+00  4.97382539e+00  3.13084678e+00 
 2.62628105e-02  5.00000000e+00  4.97408584e+00  3.13367669e+00 
 2.62728105e-02  5.00000000e+00  4.97434369e+00  3.13650231e+00 
 2.62828105e-02  5.00000000e+00  4.97459898e+00  3.13932366e+00 
 2.62928105e-02  5.00000000e+00  4.97485172e+00  3.14214073e+00 
 2.63028105e-02  5.00000000e+00  4.97510196e+00  3.14495354e+00 
 2.63128105e-02  5.00000000e+00  4.97534970e+00  3.14776208e+00 
 2.63228105e-02  5.00000000e+00  4.97559497e+00  3.15056638e+00 
 2.63328105e-02  5.00000000e+00  4.97583781e+00  3.15336643e+00 
 2.63428105e-02  5.00000000e+00  4.97607823e+00  3.15616224e+00 
 2.63528105e-02  5.00000000e+00  4.97631626e+00  3.15895382e+00 
 2.63628105e-02  5.00000000e+00  4.97655192e+00  3.16174117e+00 
 2.63728105e-02  5.00000000e+00  4.97678523e+00  3.16452431e+00 
 2.63828105e-02  5.00000000e+00  4.97701622e+00  3.16730323e+00 
 2.63928105e-02  5.00000000e+00  4.97724492e+00  3.17007794e+00 
 2.64028105e-02  5.00000000e+00  4.97747134e+00  3.17284845e+00 
 2.64128105e-02  5.00000000e+00  4.97769550e+00  3.17561476e+00 
 2.64228105e-02  5.00000000e+00  4.97791744e+00  3.17837689e+00 
 2.64328105e-02  5.00000000e+00  4.97813716e+00  3.18113484e+00 
 2.64428105e-02  5.00000000e+00  4.97835471e+00  3.18388861e+00 
 2.64528105e-02  5.00000000e+00  4.97857008e+00  3.18663821e+00 
 2.64628105e-02  5.00000000e+00  4.97878331e+00  3.18938365e+00 
 2.64728105e-02  5.00000000e+00  4.97899443e+00  3.19212493e+00 
 2.64828105e-02  5.00000000e+00  4.97920344e+00  3.19486206e+00 
 2.64928105e-02  5.00000000e+00  4.97941037e+00  3.19759504e+00 
 2.65028105e-02  5.00000000e+00  4.97961524e+00  3.20032389e+00 
 2.65128105e-02  5.00000000e+00  4.97981807e+00  3.20304861e+00 
 2.65228105e-02  5.00000000e+00  4.98001889e+00  3.20576920e+00 
 2.65328105e-02  5.00000000e+00  4.98021771e+00  3.20848568e+00 
 2.65428105e-02  5.00000000e+00  4.98041454e+00  3.21119804e+00 
 2.65528105e-02  5.00000000e+00  4.98060942e+00  3.21390629e+00 
 2.65628105e-02  5.00000000e+00  4.98080237e+00  3.21661045e+00 
 2.65728105e-02  5.00000000e+00  4.98099339e+00  3.21931051e+00 
 2.65828105e-02  5.00000000e+00  4.98118251e+00  3.22200648e+00 
 2.65928105e-02  5.00000000e+00  4.98136975e+00  3.22469837e+00 
 2.66028105e-02  5.00000000e+00  4.98155512e+00  3.22738618e+00 
 2.66128105e-02  5.00000000e+00  4.98173865e+00  3.23006993e+00 
 2.66228105e-02  5.00000000e+00  4.98192036e+00  3.23274961e+00 
 2.66328105e-02  5.00000000e+00  4.98210025e+00  3.23542524e+00 
 2.66428105e-02  5.00000000e+00  4.98227836e+00  3.23809681e+00 
 2.66528105e-02  5.00000000e+00  4.98245470e+00  3.24076434e+00 
 2.66628105e-02  5.00000000e+00  4.98262928e+00  3.24342783e+00 
 2.66728105e-02  5.00000000e+00  4.98280212e+00  3.24608729e+00 
 2.66828105e-02  5.00000000e+00  4.98297324e+00  3.24874272e+00 
 2.66928105e-02  5.00000000e+00  4.98314266e+00  3.25139413e+00 
 2.67028105e-02  5.00000000e+00  4.98331040e+00  3.25404153e+00 
 2.67128105e-02  5.00000000e+00  4.98347646e+00  3.25668492e+00 
 2.67228105e-02  5.00000000e+00  4.98364088e+00  3.25932431e+00 
 2.67328105e-02  5.00000000e+00  4.98380365e+00  3.26195970e+00 
 2.67428105e-02  5.00000000e+00  4.98396481e+00  3.26459110e+00 
 2.67528105e-02  5.00000000e+00  4.98412437e+00  3.26721851e+00 
 2.67628105e-02  5.00000000e+00  4.98428233e+00  3.26984195e+00 
 2.67728105e-02  5.00000000e+00  4.98443873e+00  3.27246142e+00 
 2.67828105e-02  5.00000000e+00  4.98459357e+00  3.27507692e+00 
 2.67928105e-02  5.00000000e+00  4.98474686e+00  3.27768846e+00 
 2.68028105e-02  5.00000000e+00  4.98489864e+00  3.28029605e+00 
 2.68128105e-02  5.00000000e+00  4.98504890e+00  3.28289969e+00 
 2.68228105e-02  5.00000000e+00  4.98519767e+00  3.28549939e+00 
 2.68328105e-02  5.00000000e+00  4.98534495e+00  3.28809515e+00 
 2.68428105e-02  5.00000000e+00  4.98549077e+00  3.29068698e+00 
 2.68528105e-02  5.00000000e+00  4.98563514e+00  3.29327489e+00 
 2.68628105e-02  5.00000000e+00  4.98577808e+00  3.29585888e+00 
 2.68728105e-02  5.00000000e+00  4.98591959e+00  3.29843896e+00 
 2.68828105e-02  5.00000000e+00  4.98605969e+00  3.30101513e+00 
 2.68928105e-02  5.00000000e+00  4.98619840e+00  3.30358740e+00 
 2.69028105e-02  5.00000000e+00  4.98633573e+00  3.30615577e+00 
 2.69128105e-02  5.00000000e+00  4.98647169e+00  3.30872026e+00 
 2.69228105e-02  5.00000000e+00  4.98660630e+00  3.31128087e+00 
 2.69328105e-02  5.00000000e+00  4.98673958e+00  3.31383760e+00 
 2.69428105e-02  5.00000000e+00  4.98687152e+00  3.31639045e+00 
 2.69528105e-02  5.00000000e+00  4.98700215e+00  3.31893945e+00 
 2.69628105e-02  5.00000000e+00  4.98713148e+00  3.32148458e+00 
 2.69728105e-02  5.00000000e+00  4.98725953e+00  3.32402586e+00 
 2.69828105e-02  5.00000000e+00  4.98738630e+00  3.32656329e+00 
 2.69928105e-02  5.00000000e+00  4.98751181e+00  3.32909688e+00 
 2.70028105e-02  5.00000000e+00  4.98763607e+00  3.33162664e+00 
 2.70128105e-02  5.00000000e+00  4.98775909e+00  3.33415256e+00 
 2.70228105e-02  5.00000000e+00  4.98788089e+00  3.33667466e+00 
 2.70328105e-02  5.00000000e+00  4.98800148e+00  3.33919294e+00 
 2.70428105e-02  5.00000000e+00  4.98812087e+00  3.34170741e+00 
 2.70528105e-02  5.00000000e+00  4.98823907e+00  3.34421808e+00 
 2.70628105e-02  5.00000000e+00  4.98835609e+00  3.34672494e+00 
 2.70728105e-02  5.00000000e+00  4.98847195e+00  3.34922800e+00 
 2.70828105e-02  5.00000000e+00  4.98858666e+00  3.35172728e+00 
 2.70928105e-02  5.00000000e+00  4.98870023e+00  3.35422277e+00 
 2.71028105e-02  5.00000000e+00  4.98881266e+00  3.35671449e+00 
 2.71128105e-02  5.00000000e+00  4.98892398e+00  3.35920243e+00 
 2.71228105e-02  5.00000000e+00  4.98903419e+00  3.36168660e+00 
 2.71328105e-02  5.00000000e+00  4.98914330e+00  3.36416702e+00 
 2.71428105e-02  5.00000000e+00  4.98925133e+00  3.36664368e+00 
 2.71528105e-02  5.00000000e+00  4.98935828e+00  3.36911659e+00 
 2.71628105e-02  5.00000000e+00  4.98946417e+00  3.37158575e+00 
 2.71728105e-02  5.00000000e+00  4.98956900e+00  3.37405118e+00 
 2.71828105e-02  5.00000000e+00  4.98967279e+00  3.37651287e+00 
 2.71928105e-02  5.00000000e+00  4.98977555e+00  3.37897084e+00 
 2.72028105e-02  5.00000000e+00  4.98987729e+00  3.38142508e+00 
 2.72128105e-02  5.00000000e+00  4.98997801e+00  3.38387561e+00 
 2.72228105e-02  5.00000000e+00  4.99007773e+00  3.38632243e+00 
 2.72328105e-02  5.00000000e+00  4.99017646e+00  3.38876555e+00 
 2.72428105e-02  5.00000000e+00  4.99027421e+00  3.39120496e+00 
 2.72528105e-02  5.00000000e+00  4.99037098e+00  3.39364069e+00 
 2.72628105e-02  5.00000000e+00  4.99046679e+00  3.39607272e+00 
 2.72728105e-02  5.00000000e+00  4.99056165e+00  3.39850108e+00 
 2.72828105e-02  5.00000000e+00  4.99065556e+00  3.40092575e+00 
 2.72928105e-02  5.00000000e+00  4.99074854e+00  3.40334676e+00 
 2.73028105e-02  5.00000000e+00  4.99084060e+00  3.40576410e+00 
 2.73128105e-02  5.00000000e+00  4.99093174e+00  3.40817778e+00 
 2.73228105e-02  5.00000000e+00  4.99102197e+00  3.41058780e+00 
 2.73328105e-02  5.00000000e+00  4.99111130e+00  3.41299418e+00 
 2.73428105e-02  5.00000000e+00  4.99119975e+00  3.41539692e+00 
 2.73528105e-02  5.00000000e+00  4.99128731e+00  3.41779601e+00 
 2.73628105e-02  5.00000000e+00  4.99137400e+00  3.42019148e+00 
 2.73728105e-02  5.00000000e+00  4.99145983e+00  3.42258331e+00 
 2.73828105e-02  5.00000000e+00  4.99154481e+00  3.42497153e+00 
 2.73928105e-02  5.00000000e+00  4.99162894e+00  3.42735613e+00 
 2.74028105e-02  5.00000000e+00  4.99171224e+00  3.42973712e+00 
 2.74128105e-02  5.00000000e+00  4.99179470e+00  3.43211450e+00 
 2.74228105e-02  5.00000000e+00  4.99187635e+00  3.43448829e+00 
 2.74328105e-02  5.00000000e+00  4.99195718e+00  3.43685848e+00 
 2.74428105e-02  5.00000000e+00  4.99203721e+00  3.43922509e+00 
 2.74528105e-02  5.00000000e+00  4.99211644e+00  3.44158811e+00 
 2.74628105e-02  5.00000000e+00  4.99219488e+00  3.44394755e+00 
 2.74728105e-02  5.00000000e+00  4.99227255e+00  3.44630342e+00 
 2.74828105e-02  5.00000000e+00  4.99234944e+00  3.44865572e+00 
 2.74928105e-02  5.00000000e+00  4.99242556e+00  3.45100446e+00 
 2.75028105e-02  5.00000000e+00  4.99250093e+00  3.45334965e+00 
 2.75128105e-02  5.00000000e+00  4.99257555e+00  3.45569129e+00 
 2.75228105e-02  5.00000000e+00  4.99264942e+00  3.45802938e+00 
 2.75328105e-02  5.00000000e+00  4.99272256e+00  3.46036393e+00 
 2.75428105e-02  5.00000000e+00  4.99279497e+00  3.46269494e+00 
 2.75528105e-02  5.00000000e+00  4.99286667e+00  3.46502243e+00 
 2.75628105e-02  5.00000000e+00  4.99293764e+00  3.46734639e+00 
 2.75728105e-02  5.00000000e+00  4.99300792e+00  3.46966684e+00 
 2.75828105e-02  5.00000000e+00  4.99307749e+00  3.47198377e+00 
 2.75928105e-02  5.00000000e+00  4.99314637e+00  3.47429719e+00 
 2.76028105e-02  5.00000000e+00  4.99321456e+00  3.47660711e+00 
 2.76128105e-02  5.00000000e+00  4.99328208e+00  3.47891354e+00 
 2.76228105e-02  5.00000000e+00  4.99334893e+00  3.48121647e+00 
 2.76328105e-02  5.00000000e+00  4.99341511e+00  3.48351591e+00 
 2.76428105e-02  5.00000000e+00  4.99348063e+00  3.48581188e+00 
 2.76528105e-02  5.00000000e+00  4.99354550e+00  3.48810437e+00 
 2.76628105e-02  5.00000000e+00  4.99360972e+00  3.49039338e+00 
 2.76728105e-02  5.00000000e+00  4.99367331e+00  3.49267893e+00 
 2.76828105e-02  5.00000000e+00  4.99373626e+00  3.49496103e+00 
 2.76928105e-02  5.00000000e+00  4.99379858e+00  3.49723966e+00 
 2.77028105e-02  5.00000000e+00  4.99386029e+00  3.49951485e+00 
 2.77128105e-02  5.00000000e+00  4.99392138e+00  3.50178659e+00 
 2.77228105e-02  5.00000000e+00  4.99398186e+00  3.50405489e+00 
 2.77328105e-02  5.00000000e+00  4.99404175e+00  3.50631976e+00 
 2.77428105e-02  5.00000000e+00  4.99410103e+00  3.50858120e+00 
 2.77528105e-02  5.00000000e+00  4.99415973e+00  3.51083921e+00 
 2.77628105e-02  5.00000000e+00  4.99421784e+00  3.51309381e+00 
 2.77728105e-02  5.00000000e+00  4.99427538e+00  3.51534499e+00 
 2.77828105e-02  5.00000000e+00  4.99433234e+00  3.51759276e+00 
 2.77928105e-02  5.00000000e+00  4.99438873e+00  3.51983714e+00 
 2.78028105e-02  5.00000000e+00  4.99444456e+00  3.52207811e+00 
 2.78128105e-02  5.00000000e+00  4.99449984e+00  3.52431569e+00 
 2.78228105e-02  5.00000000e+00  4.99455457e+00  3.52654988e+00 
 2.78328105e-02  5.00000000e+00  4.99460875e+00  3.52878069e+00 
 2.78428105e-02  5.00000000e+00  4.99466240e+00  3.53100813e+00 
 2.78528105e-02  5.00000000e+00  4.99471551e+00  3.53323219e+00 
 2.78628105e-02  5.00000000e+00  4.99476809e+00  3.53545288e+00 
 2.78728105e-02  5.00000000e+00  4.99482015e+00  3.53767021e+00 
 2.78828105e-02  5.00000000e+00  4.99487169e+00  3.53988418e+00 
 2.78928105e-02  5.00000000e+00  4.99492272e+00  3.54209481e+00 
 2.79028105e-02  5.00000000e+00  4.99497324e+00  3.54430208e+00 
 2.79128105e-02  5.00000000e+00  4.99502326e+00  3.54650601e+00 
 2.79228105e-02  5.00000000e+00  4.99507278e+00  3.54870661e+00 
 2.79328105e-02  5.00000000e+00  4.99512180e+00  3.55090388e+00 
 2.79428105e-02  5.00000000e+00  4.99517034e+00  3.55309781e+00 
 2.79528105e-02  5.00000000e+00  4.99521840e+00  3.55528843e+00 
 2.79628105e-02  5.00000000e+00  4.99526598e+00  3.55747573e+00 
 2.79728105e-02  5.00000000e+00  4.99531308e+00  3.55965972e+00 
 2.79828105e-02  5.00000000e+00  4.99535972e+00  3.56184040e+00 
 2.79928105e-02  5.00000000e+00  4.99540589e+00  3.56401778e+00 
 2.80028105e-02  5.00000000e+00  4.99545160e+00  3.56619186e+00 
 2.80128105e-02  5.00000000e+00  4.99549686e+00  3.56836266e+00 
 2.80228105e-02  5.00000000e+00  4.99554167e+00  3.57053016e+00 
 2.80328105e-02  5.00000000e+00  4.99558603e+00  3.57269439e+00 
 2.80428105e-02  5.00000000e+00  4.99562995e+00  3.57485533e+00 
 2.80528105e-02  5.00000000e+00  4.99567343e+00  3.57701301e+00 
 2.80628105e-02  5.00000000e+00  4.99571648e+00  3.57916742e+00 
 2.80728105e-02  5.00000000e+00  4.99575910e+00  3.58131856e+00 
 2.80828105e-02  5.00000000e+00  4.99580130e+00  3.58346645e+00 
 2.80928105e-02  5.00000000e+00  4.99584308e+00  3.58561109e+00 
 2.81028105e-02  5.00000000e+00  4.99588444e+00  3.58775248e+00 
 2.81128105e-02  5.00000000e+00  4.99592539e+00  3.58989063e+00 
 2.81228105e-02  5.00000000e+00  4.99596594e+00  3.59202554e+00 
 2.81328105e-02  5.00000000e+00  4.99600608e+00  3.59415722e+00 
 2.81428105e-02  5.00000000e+00  4.99604582e+00  3.59628568e+00 
 2.81528105e-02  5.00000000e+00  4.99608516e+00  3.59841091e+00 
 2.81628105e-02  5.00000000e+00  4.99612412e+00  3.60053292e+00 
 2.81728105e-02  5.00000000e+00  4.99616268e+00  3.60265172e+00 
 2.81828105e-02  5.00000000e+00  4.99620086e+00  3.60476731e+00 
 2.81928105e-02  5.00000000e+00  4.99623867e+00  3.60687970e+00 
 2.82028105e-02  5.00000000e+00  4.99627609e+00  3.60898889e+00 
 2.82128105e-02  5.00000000e+00  4.99631315e+00  3.61109489e+00 
 2.82228105e-02  5.00000000e+00  4.99634983e+00  3.61319769e+00 
 2.82328105e-02  5.00000000e+00  4.99638615e+00  3.61529732e+00 
 2.82428105e-02  5.00000000e+00  4.99642211e+00  3.61739377e+00 
 2.82528105e-02  5.00000000e+00  4.99645771e+00  3.61948704e+00 
 2.82628105e-02  5.00000000e+00  4.99649296e+00  3.62157714e+00 
 2.82728105e-02  5.00000000e+00  4.99652785e+00  3.62366408e+00 
 2.82828105e-02  5.00000000e+00  4.99656240e+00  3.62574786e+00 
 2.82928105e-02  5.00000000e+00  4.99659661e+00  3.62782848e+00 
 2.83028105e-02  5.00000000e+00  4.99663047e+00  3.62990596e+00 
 2.83128105e-02  5.00000000e+00  4.99666400e+00  3.63198028e+00 
 2.83228105e-02  5.00000000e+00  4.99669719e+00  3.63405147e+00 
 2.83328105e-02  5.00000000e+00  4.99673006e+00  3.63611952e+00 
 2.83428105e-02  5.00000000e+00  4.99676259e+00  3.63818445e+00 
 2.83528105e-02  5.00000000e+00  4.99679481e+00  3.64024624e+00 
 2.83628105e-02  5.00000000e+00  4.99682670e+00  3.64230491e+00 
 2.83728105e-02  5.00000000e+00  4.99685828e+00  3.64436047e+00 
 2.83828105e-02  5.00000000e+00  4.99688954e+00  3.64641292e+00 
 2.83928105e-02  5.00000000e+00  4.99692049e+00  3.64846225e+00 
 2.84028105e-02  5.00000000e+00  4.99695113e+00  3.65050849e+00 
 2.84128105e-02  5.00000000e+00  4.99698146e+00  3.65255162e+00 
 2.84228105e-02  5.00000000e+00  4.99701150e+00  3.65459167e+00 
 2.84328105e-02  5.00000000e+00  4.99704124e+00  3.65662862e+00 
 2.84428105e-02  5.00000000e+00  4.99707068e+00  3.65866249e+00 
 2.84528105e-02  5.00000000e+00  4.99709982e+00  3.66069328e+00 
 2.84628105e-02  5.00000000e+00  4.99712868e+00  3.66272100e+00 
 2.84728105e-02  5.00000000e+00  4.99715725e+00  3.66474564e+00 
 2.84828105e-02  5.00000000e+00  4.99718554e+00  3.66676723e+00 
 2.84928105e-02  5.00000000e+00  4.99721354e+00  3.66878575e+00 
 2.85028105e-02  5.00000000e+00  4.99724127e+00  3.67080121e+00 
 2.85128105e-02  5.00000000e+00  4.99726872e+00  3.67281362e+00 
 2.85228105e-02  5.00000000e+00  4.99729590e+00  3.67482299e+00 
 2.85328105e-02  5.00000000e+00  4.99732280e+00  3.67682931e+00 
 2.85428105e-02  5.00000000e+00  4.99734944e+00  3.67883260e+00 
 2.85528105e-02  5.00000000e+00  4.99737581e+00  3.68083285e+00 
 2.85628105e-02  5.00000000e+00  4.99740193e+00  3.68283008e+00 
 2.85728105e-02  5.00000000e+00  4.99742778e+00  3.68482428e+00 
 2.85828105e-02  5.00000000e+00  4.99745337e+00  3.68681546e+00 
 2.85928105e-02  5.00000000e+00  4.99747871e+00  3.68880363e+00 
 2.86028105e-02  5.00000000e+00  4.99750380e+00  3.69078879e+00 
 2.86128105e-02  5.00000000e+00  4.99752864e+00  3.69277094e+00 
 2.86228105e-02  5.00000000e+00  4.99755323e+00  3.69475009e+00 
 2.86328105e-02  5.00000000e+00  4.99757757e+00  3.69672624e+00 
 2.86428105e-02  5.00000000e+00  4.99760168e+00  3.69869941e+00 
 2.86528105e-02  5.00000000e+00  4.99762554e+00  3.70066958e+00 
 2.86628105e-02  5.00000000e+00  4.99764917e+00  3.70263677e+00 
 2.86728105e-02  5.00000000e+00  4.99767256e+00  3.70460099e+00 
 2.86828105e-02  5.00000000e+00  4.99769572e+00  3.70656223e+00 
 2.86928105e-02  5.00000000e+00  4.99771865e+00  3.70852050e+00 
 2.87028105e-02  5.00000000e+00  4.99774135e+00  3.71047580e+00 
 2.87128105e-02  5.00000000e+00  4.99776382e+00  3.71242815e+00 
 2.87228105e-02  5.00000000e+00  4.99778607e+00  3.71437754e+00 
 2.87328105e-02  5.00000000e+00  4.99780810e+00  3.71632398e+00 
 2.87428105e-02  5.00000000e+00  4.99782991e+00  3.71826747e+00 
 2.87528105e-02  5.00000000e+00  4.99785150e+00  3.72020802e+00 
 2.87628105e-02  5.00000000e+00  4.99787288e+00  3.72214563e+00 
 2.87728105e-02  5.00000000e+00  4.99789405e+00  3.72408031e+00 
 2.87828105e-02  5.00000000e+00  4.99791500e+00  3.72601205e+00 
 2.87928105e-02  5.00000000e+00  4.99793575e+00  3.72794088e+00 
 2.88028105e-02  5.00000000e+00  4.99795629e+00  3.72986678e+00 
 2.88128105e-02  5.00000000e+00  4.99797662e+00  3.73178977e+00 
 2.88228105e-02  5.00000000e+00  4.99799676e+00  3.73370984e+00 
 2.88328105e-02  5.00000000e+00  4.99801669e+00  3.73562701e+00 
 2.88428105e-02  5.00000000e+00  4.99803642e+00  3.73754128e+00 
 2.88528105e-02  5.00000000e+00  4.99805596e+00  3.73945265e+00 
 2.88628105e-02  5.00000000e+00  4.99807530e+00  3.74136112e+00 
 2.88728105e-02  5.00000000e+00  4.99809446e+00  3.74326671e+00 
 2.88828105e-02  5.00000000e+00  4.99811342e+00  3.74516941e+00 
 2.88928105e-02  5.00000000e+00  4.99813219e+00  3.74706923e+00 
 2.89028105e-02  5.00000000e+00  4.99815077e+00  3.74896617e+00 
 2.89128105e-02  5.00000000e+00  4.99816917e+00  3.75086024e+00 
 2.89228105e-02  5.00000000e+00  4.99818739e+00  3.75275144e+00 
 2.89328105e-02  5.00000000e+00  4.99820543e+00  3.75463978e+00 
 2.89428105e-02  5.00000000e+00  4.99822328e+00  3.75652526e+00 
 2.89528105e-02  5.00000000e+00  4.99824096e+00  3.75840789e+00 
 2.89628105e-02  5.00000000e+00  4.99825846e+00  3.76028767e+00 
 2.89728105e-02  5.00000000e+00  4.99827579e+00  3.76216460e+00 
 2.89828105e-02  5.00000000e+00  4.99829295e+00  3.76403868e+00 
 2.89928105e-02  5.00000000e+00  4.99830994e+00  3.76590994e+00 
 2.90028105e-02  5.00000000e+00  4.99832675e+00  3.76777835e+00 
 2.90128105e-02  5.00000000e+00  4.99834340e+00  3.76964394e+00 
 2.90228105e-02  5.00000000e+00  4.99835988e+00  3.77150671e+00 
 2.90328105e-02  5.00000000e+00  4.99837620e+00  3.77336665e+00 
 2.90428105e-02  5.00000000e+00  4.99839236e+00  3.77522378e+00 
 2.90528105e-02  5.00000000e+00  4.99840836e+00  3.77707810e+00 
 2.90628105e-02  5.00000000e+00  4.99842420e+00  3.77892961e+00 
 2.90728105e-02  5.00000000e+00  4.99843987e+00  3.78077831e+00 
 2.90828105e-02  5.00000000e+00  4.99845540e+00  3.78262422e+00 
 2.90928105e-02  5.00000000e+00  4.99847077e+00  3.78446733e+00 
 2.91028105e-02  5.00000000e+00  4.99848598e+00  3.78630765e+00 
 2.91128105e-02  5.00000000e+00  4.99850105e+00  3.78814519e+00 
 2.91228105e-02  5.00000000e+00  4.99851596e+00  3.78997994e+00 
 2.91328105e-02  5.00000000e+00  4.99853073e+00  3.79181192e+00 
 2.91428105e-02  5.00000000e+00  4.99854535e+00  3.79364112e+00 
 2.91528105e-02  5.00000000e+00  4.99855982e+00  3.79546755e+00 
 2.91628105e-02  5.00000000e+00  4.99857415e+00  3.79729122e+00 
 2.91728105e-02  5.00000000e+00  4.99858834e+00  3.79911213e+00 
 2.91828105e-02  5.00000000e+00  4.99860239e+00  3.80093028e+00 
 2.91928105e-02  5.00000000e+00  4.99861629e+00  3.80274568e+00 
 2.92028105e-02  5.00000000e+00  4.99863006e+00  3.80455832e+00 
 2.92128105e-02  5.00000000e+00  4.99864369e+00  3.80636823e+00 
 2.92228105e-02  5.00000000e+00  4.99865719e+00  3.80817539e+00 
 2.92328105e-02  5.00000000e+00  4.99867055e+00  3.80997982e+00 
 2.92428105e-02  5.00000000e+00  4.99868378e+00  3.81178152e+00 
 2.92528105e-02  5.00000000e+00  4.99869688e+00  3.81358048e+00 
 2.92628105e-02  5.00000000e+00  4.99870984e+00  3.81537673e+00 
 2.92728105e-02  5.00000000e+00  4.99872268e+00  3.81717025e+00 
 2.92828105e-02  5.00000000e+00  4.99873539e+00  3.81896106e+00 
 2.92928105e-02  5.00000000e+00  4.99874797e+00  3.82074916e+00 
 2.93028105e-02  5.00000000e+00  4.99876043e+00  3.82253455e+00 
 2.93128105e-02  5.00000000e+00  4.99877276e+00  3.82431724e+00 
 2.93228105e-02  5.00000000e+00  4.99878498e+00  3.82609723e+00 
 2.93328105e-02  5.00000000e+00  4.99879707e+00  3.82787452e+00 
 2.93428105e-02  5.00000000e+00  4.99880903e+00  3.82964913e+00 
 2.93528105e-02  5.00000000e+00  4.99882089e+00  3.83142104e+00 
 2.93628105e-02  5.00000000e+00  4.99883262e+00  3.83319028e+00 
 2.93728105e-02  5.00000000e+00  4.99884423e+00  3.83495683e+00 
 2.93828105e-02  5.00000000e+00  4.99885573e+00  3.83672071e+00 
 2.93928105e-02  5.00000000e+00  4.99886712e+00  3.83848192e+00 
 2.94028105e-02  5.00000000e+00  4.99887839e+00  3.84024047e+00 
 2.94128105e-02  5.00000000e+00  4.99888955e+00  3.84199635e+00 
 2.94228105e-02  5.00000000e+00  4.99890060e+00  3.84374957e+00 
 2.94328105e-02  5.00000000e+00  4.99891154e+00  3.84550014e+00 
 2.94428105e-02  5.00000000e+00  4.99892237e+00  3.84724806e+00 
 2.94528105e-02  5.00000000e+00  4.99893309e+00  3.84899333e+00 
 2.94628105e-02  5.00000000e+00  4.99894371e+00  3.85073596e+00 
 2.94728105e-02  5.00000000e+00  4.99895422e+00  3.85247595e+00 
 2.94828105e-02  5.00000000e+00  4.99896463e+00  3.85421331e+00 
 2.94928105e-02  5.00000000e+00  4.99897493e+00  3.85594803e+00 
 2.95028105e-02  5.00000000e+00  4.99898513e+00  3.85768013e+00 
 2.95128105e-02  5.00000000e+00  4.99899523e+00  3.85940961e+00 
 2.95228105e-02  5.00000000e+00  4.99900522e+00  3.86113647e+00 
 2.95328105e-02  5.00000000e+00  4.99901512e+00  3.86286071e+00 
 2.95428105e-02  5.00000000e+00  4.99902492e+00  3.86458235e+00 
 2.95528105e-02  5.00000000e+00  4.99903462e+00  3.86630138e+00 
 2.95628105e-02  5.00000000e+00  4.99904423e+00  3.86801780e+00 
 2.95728105e-02  5.00000000e+00  4.99905374e+00  3.86973163e+00 
 2.95828105e-02  5.00000000e+00  4.99906316e+00  3.87144286e+00 
 2.95928105e-02  5.00000000e+00  4.99907248e+00  3.87315150e+00 
 2.96028105e-02  5.00000000e+00  4.99908171e+00  3.87485755e+00 
 2.96128105e-02  5.00000000e+00  4.99909084e+00  3.87656102e+00 
 2.96228105e-02  5.00000000e+00  4.99909989e+00  3.87826191e+00 
 2.96328105e-02  5.00000000e+00  4.99910885e+00  3.87996023e+00 
 2.96428105e-02  5.00000000e+00  4.99911771e+00  3.88165598e+00 
 2.96528105e-02  5.00000000e+00  4.99912649e+00  3.88334915e+00 
 2.96628105e-02  5.00000000e+00  4.99913518e+00  3.88503977e+00 
 2.96728105e-02  5.00000000e+00  4.99914379e+00  3.88672782e+00 
 2.96828105e-02  5.00000000e+00  4.99915231e+00  3.88841332e+00 
 2.96928105e-02  5.00000000e+00  4.99916074e+00  3.89009627e+00 
 2.97028105e-02  5.00000000e+00  4.99916909e+00  3.89177667e+00 
 2.97128105e-02  5.00000000e+00  4.99917736e+00  3.89345452e+00 
 2.97228105e-02  5.00000000e+00  4.99918555e+00  3.89512984e+00 
 2.97328105e-02  5.00000000e+00  4.99919365e+00  3.89680262e+00 
 2.97428105e-02  5.00000000e+00  4.99920167e+00  3.89847286e+00 
 2.97528105e-02  5.00000000e+00  4.99920962e+00  3.90014058e+00 
 2.97628105e-02  5.00000000e+00  4.99921748e+00  3.90180577e+00 
 2.97728105e-02  5.00000000e+00  4.99922527e+00  3.90346844e+00 
 2.97828105e-02  5.00000000e+00  4.99923298e+00  3.90512860e+00 
 2.97928105e-02  5.00000000e+00  4.99924061e+00  3.90678624e+00 
 2.98028105e-02  5.00000000e+00  4.99924817e+00  3.90844137e+00 
 2.98128105e-02  5.00000000e+00  4.99925565e+00  3.91009399e+00 
 2.98228105e-02  5.00000000e+00  4.99926305e+00  3.91174412e+00 
 2.98328105e-02  5.00000000e+00  4.99927039e+00  3.91339174e+00 
 2.98428105e-02  5.00000000e+00  4.99927765e+00  3.91503687e+00 
 2.98528105e-02  5.00000000e+00  4.99928483e+00  3.91667951e+00 
 2.98628105e-02  5.00000000e+00  4.99929195e+00  3.91831966e+00 
 2.98728105e-02  5.00000000e+00  4.99929900e+00  3.91995733e+00 
 2.98828105e-02  5.00000000e+00  4.99930597e+00  3.92159252e+00 
 2.98928105e-02  5.00000000e+00  4.99931288e+00  3.92322523e+00 
 2.99028105e-02  5.00000000e+00  4.99931971e+00  3.92485548e+00 
 2.99128105e-02  5.00000000e+00  4.99932648e+00  3.92648325e+00 
 2.99228105e-02  5.00000000e+00  4.99933318e+00  3.92810856e+00 
 2.99328105e-02  5.00000000e+00  4.99933982e+00  3.92973141e+00 
 2.99428105e-02  5.00000000e+00  4.99934639e+00  3.93135180e+00 
 2.99528105e-02  5.00000000e+00  4.99935289e+00  3.93296974e+00 
 2.99628105e-02  5.00000000e+00  4.99935933e+00  3.93458523e+00 
 2.99728105e-02  5.00000000e+00  4.99936571e+00  3.93619827e+00 
 2.99828105e-02  5.00000000e+00  4.99937202e+00  3.93780887e+00 
 2.99928105e-02  5.00000000e+00  4.99937827e+00  3.93941703e+00 
 3.00028105e-02  5.00000000e+00  4.99938445e+00  3.94102276e+00 
 3.00128105e-02  5.00000000e+00  4.99939058e+00  3.94262605e+00 
 3.00228105e-02  5.00000000e+00  4.99939664e+00  3.94422692e+00 
 3.00328105e-02  5.00000000e+00  4.99940264e+00  3.94582537e+00 
 3.00428105e-02  5.00000000e+00  4.99940859e+00  3.94742139e+00 
 3.00528105e-02  5.00000000e+00  4.99941447e+00  3.94901500e+00 
 3.00628105e-02  5.00000000e+00  4.99942030e+00  3.95060620e+00 
 3.00728105e-02  5.00000000e+00  4.99942607e+00  3.95219499e+00 
 3.00828105e-02  5.00000000e+00  4.99943178e+00  3.95378137e+00 
 3.00928105e-02  5.00000000e+00  4.99943743e+00  3.95536535e+00 
 3.01028105e-02  5.00000000e+00  4.99944303e+00  3.95694693e+00 
 3.01128105e-02  5.00000000e+00  4.99944857e+00  3.95852612e+00 
 3.01228105e-02  5.00000000e+00  4.99945406e+00  3.96010291e+00 
 3.01328105e-02  5.00000000e+00  4.99945949e+00  3.96167732e+00 
 3.01428105e-02  5.00000000e+00  4.99946487e+00  3.96324935e+00 
 3.01528105e-02  5.00000000e+00  4.99947019e+00  3.96481899e+00 
 3.01628105e-02  5.00000000e+00  4.99947546e+00  3.96638626e+00 
 3.01728105e-02  5.00000000e+00  4.99948068e+00  3.96795116e+00 
 3.01828105e-02  5.00000000e+00  4.99948585e+00  3.96951368e+00 
 3.01928105e-02  5.00000000e+00  4.99949097e+00  3.97107384e+00 
 3.02028105e-02  5.00000000e+00  4.99949603e+00  3.97263164e+00 
 3.02128105e-02  5.00000000e+00  4.99950105e+00  3.97418708e+00 
 3.02228105e-02  5.00000000e+00  4.99950601e+00  3.97574017e+00 
 3.02328105e-02  5.00000000e+00  4.99951093e+00  3.97729090e+00 
 3.02428105e-02  5.00000000e+00  4.99951579e+00  3.97883929e+00 
 3.02528105e-02  5.00000000e+00  4.99952061e+00  3.98038533e+00 
 3.02628105e-02  5.00000000e+00  4.99952538e+00  3.98192903e+00 
 3.02728105e-02  5.00000000e+00  4.99953010e+00  3.98347040e+00 
 3.02828105e-02  5.00000000e+00  4.99953478e+00  3.98500943e+00 
 3.02928105e-02  5.00000000e+00  4.99953941e+00  3.98654613e+00 
 3.03028105e-02  5.00000000e+00  4.99954399e+00  3.98808050e+00 
 3.03128105e-02  5.00000000e+00  4.99954853e+00  3.98961255e+00 
 3.03228105e-02  5.00000000e+00  4.99955302e+00  3.99114228e+00 
 3.03328105e-02  5.00000000e+00  4.99955747e+00  3.99266970e+00 
 3.03428105e-02  5.00000000e+00  4.99956187e+00  3.99419480e+00 
 3.03528105e-02  5.00000000e+00  4.99956623e+00  3.99571759e+00 
 3.03628105e-02  5.00000000e+00  4.99957055e+00  3.99723808e+00 
 3.03728105e-02  5.00000000e+00  4.99957482e+00  3.99875627e+00 
 3.03828105e-02  5.00000000e+00  4.99957905e+00  4.00027216e+00 
 3.03928105e-02  5.00000000e+00  4.99958324e+00  4.00178575e+00 
 3.04028105e-02  5.00000000e+00  4.99958739e+00  4.00329705e+00 
 3.04128105e-02  5.00000000e+00  4.99959149e+00  4.00480606e+00 
 3.04228105e-02  5.00000000e+00  4.99959556e+00  4.00631279e+00 
 3.04328105e-02  5.00000000e+00  4.99959958e+00  4.00781724e+00 
 3.04428105e-02  5.00000000e+00  4.99960357e+00  4.00931941e+00 
 3.04528105e-02  5.00000000e+00  4.99960751e+00  4.01081930e+00 
 3.04628105e-02  5.00000000e+00  4.99961142e+00  4.01231693e+00 
 3.04728105e-02  5.00000000e+00  4.99961528e+00  4.01381228e+00 
 3.04828105e-02  5.00000000e+00  4.99961911e+00  4.01530537e+00 
 3.04928105e-02  5.00000000e+00  4.99962290e+00  4.01679621e+00 
 3.05028105e-02  5.00000000e+00  4.99962665e+00  4.01828478e+00 
 3.05128105e-02  5.00000000e+00  4.99963037e+00  4.01977110e+00 
 3.05228105e-02  5.00000000e+00  4.99963405e+00  4.02125517e+00 
 3.05328105e-02  5.00000000e+00  4.99963769e+00  4.02273700e+00 
 3.05428105e-02  5.00000000e+00  4.99964129e+00  4.02421658e+00 
 3.05528105e-02  5.00000000e+00  4.99964486e+00  4.02569392e+00 
 3.05628105e-02  5.00000000e+00  4.99964839e+00  4.02716902e+00 
 3.05728105e-02  5.00000000e+00  4.99965189e+00  4.02864189e+00 
 3.05828105e-02  5.00000000e+00  4.99965536e+00  4.03011253e+00 
 3.05928105e-02  5.00000000e+00  4.99965879e+00  4.03158095e+00 
 3.06028105e-02  5.00000000e+00  4.99966218e+00  4.03304714e+00 
 3.06128105e-02  5.00000000e+00  4.99966554e+00  4.03451111e+00 
 3.06228105e-02  5.00000000e+00  4.99966887e+00  4.03597286e+00 
 3.06328105e-02  5.00000000e+00  4.99967217e+00  4.03743241e+00 
 3.06428105e-02  5.00000000e+00  4.99967543e+00  4.03888974e+00 
 3.06528105e-02  5.00000000e+00  4.99967866e+00  4.04034486e+00 
 3.06628105e-02  5.00000000e+00  4.99968185e+00  4.04179779e+00 
 3.06728105e-02  5.00000000e+00  4.99968502e+00  4.04324851e+00 
 3.06828105e-02  5.00000000e+00  4.99968815e+00  4.04469703e+00 
 3.06928105e-02  5.00000000e+00  4.99969126e+00  4.04614337e+00 
 3.07028105e-02  5.00000000e+00  4.99969433e+00  4.04758751e+00 
 3.07128105e-02  5.00000000e+00  4.99969737e+00  4.04902947e+00 
 3.07228105e-02  5.00000000e+00  4.99970038e+00  4.05046924e+00 
 3.07328105e-02  5.00000000e+00  4.99970336e+00  4.05190683e+00 
 3.07428105e-02  5.00000000e+00  4.99970632e+00  4.05334225e+00 
 3.07528105e-02  5.00000000e+00  4.99970924e+00  4.05477550e+00 
 3.07628105e-02  5.00000000e+00  4.99971213e+00  4.05620657e+00 
 3.07728105e-02  5.00000000e+00  4.99971499e+00  4.05763548e+00 
 3.07828105e-02  5.00000000e+00  4.99971783e+00  4.05906222e+00 
 3.07928105e-02  5.00000000e+00  4.99972064e+00  4.06048681e+00 
 3.08028105e-02  5.00000000e+00  4.99972342e+00  4.06190923e+00 
 3.08128105e-02  5.00000000e+00  4.99972617e+00  4.06332951e+00 
 3.08228105e-02  5.00000000e+00  4.99972889e+00  4.06474763e+00 
 3.08328105e-02  5.00000000e+00  4.99973159e+00  4.06616361e+00 
 3.08428105e-02  5.00000000e+00  4.99973426e+00  4.06757744e+00 
 3.08528105e-02  5.00000000e+00  4.99973691e+00  4.06898913e+00 
 3.08628105e-02  5.00000000e+00  4.99973953e+00  4.07039869e+00 
 3.08728105e-02  5.00000000e+00  4.99974212e+00  4.07180611e+00 
 3.08828105e-02  5.00000000e+00  4.99974468e+00  4.07321140e+00 
 3.08928105e-02  5.00000000e+00  4.99974722e+00  4.07461456e+00 
 3.09028105e-02  5.00000000e+00  4.99974974e+00  4.07601560e+00 
 3.09128105e-02  5.00000000e+00  4.99975223e+00  4.07741451e+00 
 3.09228105e-02  5.00000000e+00  4.99975469e+00  4.07881131e+00 
 3.09328105e-02  5.00000000e+00  4.99975713e+00  4.08020600e+00 
 3.09428105e-02  5.00000000e+00  4.99975955e+00  4.08159857e+00 
 3.09528105e-02  5.00000000e+00  4.99976194e+00  4.08298903e+00 
 3.09628105e-02  5.00000000e+00  4.99976431e+00  4.08437739e+00 
 3.09728105e-02  5.00000000e+00  4.99976666e+00  4.08576365e+00 
 3.09828105e-02  5.00000000e+00  4.99976898e+00  4.08714781e+00 
 3.09919052e-02  5.00000000e+00  4.99977107e+00  4.08840484e+00 
 3.10010000e-02  5.00000000e+00  4.99977314e+00  4.08966015e+00 
 3.10011000e-02  4.50000000e+00  4.99972317e+00  4.08966637e+00 
 3.10013000e-02  3.50000000e+00  4.99952325e+00  4.08966365e+00 
 3.10016500e-02  1.75000000e+00  4.99869231e+00  4.08958598e+00 
 3.10020000e-02  0.00000000e+00  4.99724927e+00  4.08941551e+00 
 3.10020700e-02  0.00000000e+00  4.99689949e+00  4.08937214e+00 
 3.10022100e-02  0.00000000e+00  4.99619997e+00  4.08928540e+00 
 3.10024900e-02  0.00000000e+00  4.99480123e+00  4.08911192e+00 
 3.10030500e-02  0.00000000e+00  4.99200492e+00  4.08876498e+00 
 3.10041700e-02  0.00000000e+00  4.98641701e+00  4.08807118e+00 
 3.10064100e-02  0.00000000e+00  4.97525993e+00  4.08668395e+00 
 3.10108900e-02  0.00000000e+00  4.95302058e+00  4.08391090e+00 
 3.10198500e-02  0.00000000e+00  4.90883945e+00  4.07837045e+00 
 3.10298500e-02  0.00000000e+00  4.85999527e+00  4.07219577e+00 
 3.10398500e-02  0.00000000e+00  4.81163711e+00  4.06603045e+00 
 3.10498500e-02  0.00000000e+00  4.76376013e+00  4.05987446e+00 
 3.10598500e-02  0.00000000e+00  4.71635953e+00  4.05372779e+00 
 3.10698500e-02  0.00000000e+00  4.66943058e+00  4.04759043e+00 
 3.10798500e-02  0.00000000e+00  4.62296858e+00  4.04146236e+00 
 3.10898500e-02  0.00000000e+00  4.57696889e+00  4.03534357e+00 
 3.10998500e-02  0.00000000e+00  4.53142692e+00  4.02923404e+00 
 3.11098500e-02  0.00000000e+00  4.48633809e+00  4.02313376e+00 
 3.11198500e-02  0.00000000e+00  4.44169791e+00  4.01704272e+00 
 3.11298500e-02  0.00000000e+00  4.39750191e+00  4.01096090e+00 
 3.11398500e-02  0.00000000e+00  4.35374567e+00  4.00488829e+00 
 3.11498500e-02  0.00000000e+00  4.31042482e+00  3.99882487e+00 
 3.11598500e-02  0.00000000e+00  4.26753502e+00  3.99277063e+00 
 3.11698500e-02  0.00000000e+00  4.22507199e+00  3.98672555e+00 
 3.11798500e-02  0.00000000e+00  4.18303147e+00  3.98068963e+00 
 3.11898500e-02  0.00000000e+00  4.14140927e+00  3.97466285e+00 
 3.11998500e-02  0.00000000e+00  4.10020121e+00  3.96864519e+00 
 3.12098500e-02  0.00000000e+00  4.05940319e+00  3.96263665e+00 
 3.12198500e-02  0.00000000e+00  4.01901112e+00  3.95663720e+00 
 3.12298500e-02  0.00000000e+00  3.97902096e+00  3.95064683e+00 
 3.12398500e-02  0.00000000e+00  3.93942871e+00  3.94466553e+00 
 3.12498500e-02  0.00000000e+00  3.90023042e+00  3.93869329e+00 
 3.12598500e-02  0.00000000e+00  3.86142215e+00  3.93273009e+00 
 3.12698500e-02  0.00000000e+00  3.82300004e+00  3.92677592e+00 
 3.12798500e-02  0.00000000e+00  3.78496024e+00  3.92083076e+00 
 3.12898500e-02  0.00000000e+00  3.74729894e+00  3.91489461e+00 
 3.12998500e-02  0.00000000e+00  3.71001239e+00  3.90896744e+00 
 3.13098500e-02  0.00000000e+00  3.67309684e+00  3.90304925e+00 
 3.13198500e-02  0.00000000e+00  3.63654861e+00  3.89714001e+00 
 3.13298500e-02  0.00000000e+00  3.60036405e+00  3.89123972e+00 
 3.13398500e-02  0.00000000e+00  3.56453953e+00  3.88534837e+00 
 3.13498500e-02  0.00000000e+00  3.52907148e+00  3.87946593e+00 
 3.13598500e-02  0.00000000e+00  3.49395634e+00  3.87359241e+00 
 3.13698500e-02  0.00000000e+00  3.45919060e+00  3.86772777e+00 
 3.13798500e-02  0.00000000e+00  3.42477080e+00  3.86187201e+00 
 3.13898500e-02  0.00000000e+00  3.39069348e+00  3.85602512e+00 
 3.13998500e-02  0.00000000e+00  3.35695523e+00  3.85018708e+00 
 3.14098500e-02  0.00000000e+00  3.32355269e+00  3.84435788e+00 
 3.14198500e-02  0.00000000e+00  3.29048252e+00  3.83853750e+00 
 3.14298500e-02  0.00000000e+00  3.25774140e+00  3.83272594e+00 
 3.14398500e-02  0.00000000e+00  3.22532606e+00  3.82692318e+00 
 3.14498500e-02  0.00000000e+00  3.19323326e+00  3.82112920e+00 
 3.14598500e-02  0.00000000e+00  3.16145980e+00  3.81534399e+00 
 3.14698500e-02  0.00000000e+00  3.13000249e+00  3.80956754e+00 
 3.14798500e-02  0.00000000e+00  3.09885818e+00  3.80379984e+00 
 3.14898500e-02  0.00000000e+00  3.06802377e+00  3.79804087e+00 
 3.14998500e-02  0.00000000e+00  3.03749617e+00  3.79229062e+00 
 3.15098500e-02  0.00000000e+00  3.00727233e+00  3.78654907e+00 
 3.15198500e-02  0.00000000e+00  2.97734922e+00  3.78081622e+00 
 3.15298500e-02  0.00000000e+00  2.94772386e+00  3.77509205e+00 
 3.15398500e-02  0.00000000e+00  2.91839327e+00  3.76937654e+00 
 3.15498500e-02  0.00000000e+00  2.88935453e+00  3.76366969e+00 
 3.15598500e-02  0.00000000e+00  2.86060474e+00  3.75797148e+00 
 3.15698500e-02  0.00000000e+00  2.83214101e+00  3.75228189e+00 
 3.15798500e-02  0.00000000e+00  2.80396050e+00  3.74660092e+00 
 3.15898500e-02  0.00000000e+00  2.77606040e+00  3.74092855e+00 
 3.15998500e-02  0.00000000e+00  2.74843790e+00  3.73526476e+00 
 3.16098500e-02  0.00000000e+00  2.72109026e+00  3.72960956e+00 
 3.16198500e-02  0.00000000e+00  2.69401474e+00  3.72396291e+00 
 3.16298500e-02  0.00000000e+00  2.66720862e+00  3.71832481e+00 
 3.16398500e-02  0.00000000e+00  2.64066923e+00  3.71269525e+00 
 3.16498500e-02  0.00000000e+00  2.61439392e+00  3.70707422e+00 
 3.16598500e-02  0.00000000e+00  2.58838005e+00  3.70146169e+00 
 3.16698500e-02  0.00000000e+00  2.56262502e+00  3.69585766e+00 
 3.16798500e-02  0.00000000e+00  2.53712627e+00  3.69026211e+00 
 3.16898500e-02  0.00000000e+00  2.51188123e+00  3.68467504e+00 
 3.16998500e-02  0.00000000e+00  2.48688738e+00  3.67909642e+00 
 3.17098500e-02  0.00000000e+00  2.46214224e+00  3.67352626e+00 
 3.17198500e-02  0.00000000e+00  2.43764331e+00  3.66796452e+00 
 3.17298500e-02  0.00000000e+00  2.41338815e+00  3.66241121e+00 
 3.17398500e-02  0.00000000e+00  2.38937434e+00  3.65686630e+00 
 3.17498500e-02  0.00000000e+00  2.36559947e+00  3.65132979e+00 
 3.17598500e-02  0.00000000e+00  2.34206117e+00  3.64580166e+00 
 3.17698500e-02  0.00000000e+00  2.31875708e+00  3.64028190e+00 
 3.17798500e-02  0.00000000e+00  2.29568487e+00  3.63477049e+00 
 3.17898500e-02  0.00000000e+00  2.27284223e+00  3.62926743e+00 
 3.17998500e-02  0.00000000e+00  2.25022688e+00  3.62377271e+00 
 3.18098500e-02  0.00000000e+00  2.22783657e+00  3.61828630e+00 
 3.18198500e-02  0.00000000e+00  2.20566904e+00  3.61280820e+00 
 3.18298500e-02  0.00000000e+00  2.18372208e+00  3.60733839e+00 
 3.18398500e-02  0.00000000e+00  2.16199351e+00  3.60187686e+00 
 3.18498500e-02  0.00000000e+00  2.14048113e+00  3.59642360e+00 
 3.18598500e-02  0.00000000e+00  2.11918281e+00  3.59097860e+00 
 3.18698500e-02  0.00000000e+00  2.09809642e+00  3.58554184e+00 
 3.18798500e-02  0.00000000e+00  2.07721984e+00  3.58011332e+00 
 3.18898500e-02  0.00000000e+00  2.05655098e+00  3.57469301e+00 
 3.18998500e-02  0.00000000e+00  2.03608779e+00  3.56928091e+00 
 3.19098500e-02  0.00000000e+00  2.01582821e+00  3.56387700e+00 
 3.19198500e-02  0.00000000e+00  1.99577022e+00  3.55848127e+00 
 3.19298500e-02  0.00000000e+00  1.97591181e+00  3.55309372e+00 
 3.19398500e-02  0.00000000e+00  1.95625099e+00  3.54771432e+00 
 3.19498500e-02  0.00000000e+00  1.93678581e+00  3.54234306e+00 
 3.19598500e-02  0.00000000e+00  1.91751431e+00  3.53697994e+00 
 3.19698500e-02  0.00000000e+00  1.89843456e+00  3.53162494e+00 
 3.19798500e-02  0.00000000e+00  1.87954467e+00  3.52627804e+00 
 3.19898500e-02  0.00000000e+00  1.86084273e+00  3.52093924e+00 
 3.19998500e-02  0.00000000e+00  1.84232688e+00  3.51560852e+00 
 3.20098500e-02  0.00000000e+00  1.82399527e+00  3.51028587e+00 
 3.20198500e-02  0.00000000e+00  1.80584606e+00  3.50497128e+00 
 3.20298500e-02  0.00000000e+00  1.78787745e+00  3.49966474e+00 
 3.20398500e-02  0.00000000e+00  1.77008762e+00  3.49436623e+00 
 3.20498500e-02  0.00000000e+00  1.75247481e+00  3.48907575e+00 
 3.20598500e-02  0.00000000e+00  1.73503725e+00  3.48379327e+00 
 3.20698500e-02  0.00000000e+00  1.71777320e+00  3.47851879e+00 
 3.20798500e-02  0.00000000e+00  1.70068093e+00  3.47325230e+00 
 3.20898500e-02  0.00000000e+00  1.68375873e+00  3.46799378e+00 
 3.20998500e-02  0.00000000e+00  1.66700491e+00  3.46274322e+00 
 3.21098500e-02  0.00000000e+00  1.65041780e+00  3.45750061e+00 
 3.21198500e-02  0.00000000e+00  1.63399573e+00  3.45226594e+00 
 3.21298500e-02  0.00000000e+00  1.61773706e+00  3.44703919e+00 
 3.21398500e-02  0.00000000e+00  1.60164018e+00  3.44182036e+00 
 3.21498500e-02  0.00000000e+00  1.58570346e+00  3.43660943e+00 
 3.21598500e-02  0.00000000e+00  1.56992532e+00  3.43140639e+00 
 3.21698500e-02  0.00000000e+00  1.55430417e+00  3.42621122e+00 
 3.21798500e-02  0.00000000e+00  1.53883846e+00  3.42102392e+00 
 3.21898500e-02  0.00000000e+00  1.52352663e+00  3.41584448e+00 
 3.21998500e-02  0.00000000e+00  1.50836716e+00  3.41067287e+00 
 3.22098500e-02  0.00000000e+00  1.49335853e+00  3.40550910e+00 
 3.22198500e-02  0.00000000e+00  1.47849924e+00  3.40035314e+00 
 3.22298500e-02  0.00000000e+00  1.46378781e+00  3.39520499e+00 
 3.22398500e-02  0.00000000e+00  1.44922276e+00  3.39006464e+00 
 3.22498500e-02  0.00000000e+00  1.43480263e+00  3.38493206e+00 
 3.22598500e-02  0.00000000e+00  1.42052599e+00  3.37980726e+00 
 3.22698500e-02  0.00000000e+00  1.40639140e+00  3.37469022e+00 
 3.22798500e-02  0.00000000e+00  1.39239745e+00  3.36958092e+00 
 3.22898500e-02  0.00000000e+00  1.37854275e+00  3.36447936e+00 
 3.22998500e-02  0.00000000e+00  1.36482591e+00  3.35938552e+00 
 3.23098500e-02  0.00000000e+00  1.35124555e+00  3.35429940e+00 
 3.23198500e-02  0.00000000e+00  1.33780032e+00  3.34922097e+00 
 3.23298500e-02  0.00000000e+00  1.32448888e+00  3.34415024e+00 
 3.23398500e-02  0.00000000e+00  1.31130988e+00  3.33908718e+00 
 3.23498500e-02  0.00000000e+00  1.29826202e+00  3.33403179e+00 
 3.23598500e-02  0.00000000e+00  1.28534399e+00  3.32898405e+00 
 3.23698500e-02  0.00000000e+00  1.27255450e+00  3.32394395e+00 
 3.23798500e-02  0.00000000e+00  1.25989227e+00  3.31891148e+00 
 3.23898500e-02  0.00000000e+00  1.24735603e+00  3.31388664e+00 
 3.23998500e-02  0.00000000e+00  1.23494452e+00  3.30886940e+00 
 3.24098500e-02  0.00000000e+00  1.22265652e+00  3.30385975e+00 
 3.24198500e-02  0.00000000e+00  1.21049078e+00  3.29885769e+00 
 3.24298500e-02  0.00000000e+00  1.19844610e+00  3.29386321e+00 
 3.24398500e-02  0.00000000e+00  1.18652126e+00  3.28887629e+00 
 3.24498500e-02  0.00000000e+00  1.17471508e+00  3.28389691e+00 
 3.24598500e-02  0.00000000e+00  1.16302637e+00  3.27892508e+00 
 3.24698500e-02  0.00000000e+00  1.15145397e+00  3.27396077e+00 
 3.24798500e-02  0.00000000e+00  1.13999672e+00  3.26900398e+00 
 3.24898500e-02  0.00000000e+00  1.12865347e+00  3.26405469e+00 
 3.24998500e-02  0.00000000e+00  1.11742308e+00  3.25911290e+00 
 3.25098500e-02  0.00000000e+00  1.10630445e+00  3.25417859e+00 
 3.25198500e-02  0.00000000e+00  1.09529644e+00  3.24925174e+00 
 3.25298500e-02  0.00000000e+00  1.08439797e+00  3.24433236e+00 
 3.25398500e-02  0.00000000e+00  1.07360794e+00  3.23942043e+00 
 3.25498500e-02  0.00000000e+00  1.06292527e+00  3.23451593e+00 
 3.25598500e-02  0.00000000e+00  1.05234890e+00  3.22961886e+00 
 3.25698500e-02  0.00000000e+00  1.04187777e+00  3.22472920e+00 
 3.25798500e-02  0.00000000e+00  1.03151083e+00  3.21984695e+00 
 3.25898500e-02  0.00000000e+00  1.02124704e+00  3.21497208e+00 
 3.25998500e-02  0.00000000e+00  1.01108537e+00  3.21010460e+00 
 3.26098500e-02  0.00000000e+00  1.00102482e+00  3.20524449e+00 
 3.26198500e-02  0.00000000e+00  9.91064377e-01  3.20039173e+00 
 3.26298500e-02  0.00000000e+00  9.81203040e-01  3.19554633e+00 
 3.26398500e-02  0.00000000e+00  9.71439826e-01  3.19070825e+00 
 3.26498500e-02  0.00000000e+00  9.61773758e-01  3.18587751e+00 
 3.26598500e-02  0.00000000e+00  9.52203870e-01  3.18105408e+00 
 3.26698500e-02  0.00000000e+00  9.42729205e-01  3.17623794e+00 
 3.26798500e-02  0.00000000e+00  9.33348814e-01  3.17142911e+00 
 3.26898500e-02  0.00000000e+00  9.24061762e-01  3.16662755e+00 
 3.26998500e-02  0.00000000e+00  9.14867117e-01  3.16183326e+00 
 3.27098500e-02  0.00000000e+00  9.05763962e-01  3.15704623e+00 
 3.27198500e-02  0.00000000e+00  8.96751385e-01  3.15226645e+00 
 3.27298500e-02  0.00000000e+00  8.87828486e-01  3.14749390e+00 
 3.27398500e-02  0.00000000e+00  8.78994371e-01  3.14272858e+00 
 3.27498500e-02  0.00000000e+00  8.70248159e-01  3.13797048e+00 
 3.27598500e-02  0.00000000e+00  8.61588973e-01  3.13321957e+00 
 3.27698500e-02  0.00000000e+00  8.53015949e-01  3.12847587e+00 
 3.27798500e-02  0.00000000e+00  8.44528228e-01  3.12373934e+00 
 3.27898500e-02  0.00000000e+00  8.36124962e-01  3.11900998e+00 
 3.27998500e-02  0.00000000e+00  8.27805310e-01  3.11428779e+00 
 3.28098500e-02  0.00000000e+00  8.19568442e-01  3.10957274e+00 
 3.28198500e-02  0.00000000e+00  8.11413532e-01  3.10486484e+00 
 3.28298500e-02  0.00000000e+00  8.03339765e-01  3.10016406e+00 
 3.28398500e-02  0.00000000e+00  7.95346335e-01  3.09547039e+00 
 3.28498500e-02  0.00000000e+00  7.87432441e-01  3.09078384e+00 
 3.28598500e-02  0.00000000e+00  7.79597292e-01  3.08610438e+00 
 3.28698500e-02  0.00000000e+00  7.71840105e-01  3.08143200e+00 
 3.28798500e-02  0.00000000e+00  7.64160104e-01  3.07676670e+00 
 3.28898500e-02  0.00000000e+00  7.56556521e-01  3.07210846e+00 
 3.28998500e-02  0.00000000e+00  7.49028595e-01  3.06745727e+00 
 3.29098500e-02  0.00000000e+00  7.41575575e-01  3.06281313e+00 
 3.29198500e-02  0.00000000e+00  7.34196713e-01  3.05817602e+00 
 3.29298500e-02  0.00000000e+00  7.26891273e-01  3.05354592e+00 
 3.29398500e-02  0.00000000e+00  7.19658524e-01  3.04892284e+00 
 3.29498500e-02  0.00000000e+00  7.12497743e-01  3.04430676e+00 
 3.29598500e-02  0.00000000e+00  7.05408213e-01  3.03969766e+00 
 3.29698500e-02  0.00000000e+00  6.98389226e-01  3.03509555e+00 
 3.29798500e-02  0.00000000e+00  6.91440079e-01  3.03050040e+00 
 3.29898500e-02  0.00000000e+00  6.84560079e-01  3.02591221e+00 
 3.29998500e-02  0.00000000e+00  6.77748536e-01  3.02133096e+00 
 3.30098500e-02  0.00000000e+00  6.71004769e-01  3.01675665e+00 
 3.30198500e-02  0.00000000e+00  6.64328105e-01  3.01218927e+00 
 3.30298500e-02  0.00000000e+00  6.57717875e-01  3.00762880e+00 
 3.30398500e-02  0.00000000e+00  6.51173418e-01  3.00307524e+00 
 3.30498500e-02  0.00000000e+00  6.44694081e-01  2.99852857e+00 
 3.30598500e-02  0.00000000e+00  6.38279214e-01  2.99398878e+00 
 3.30698500e-02  0.00000000e+00  6.31928177e-01  2.98945587e+00 
 3.30798500e-02  0.00000000e+00  6.25640335e-01  2.98492982e+00 
 3.30898500e-02  0.00000000e+00  6.19415058e-01  2.98041062e+00 
 3.30998500e-02  0.00000000e+00  6.13251724e-01  2.97589827e+00 
 3.31098500e-02  0.00000000e+00  6.07149717e-01  2.97139275e+00 
 3.31198500e-02  0.00000000e+00  6.01108426e-01  2.96689404e+00 
 3.31298500e-02  0.00000000e+00  5.95127248e-01  2.96240215e+00 
 3.31398500e-02  0.00000000e+00  5.89205583e-01  2.95791706e+00 
 3.31498500e-02  0.00000000e+00  5.83342841e-01  2.95343876e+00 
 3.31598500e-02  0.00000000e+00  5.77538435e-01  2.94896724e+00 
 3.31698500e-02  0.00000000e+00  5.71791784e-01  2.94450249e+00 
 3.31798500e-02  0.00000000e+00  5.66102313e-01  2.94004450e+00 
 3.31898500e-02  0.00000000e+00  5.60469455e-01  2.93559326e+00 
 3.31998500e-02  0.00000000e+00  5.54892644e-01  2.93114876e+00 
 3.32098500e-02  0.00000000e+00  5.49371324e-01  2.92671099e+00 
 3.32198500e-02  0.00000000e+00  5.43904943e-01  2.92227993e+00 
 3.32298500e-02  0.00000000e+00  5.38492953e-01  2.91785559e+00 
 3.32398500e-02  0.00000000e+00  5.33134815e-01  2.91343794e+00 
 3.32498500e-02  0.00000000e+00  5.27829991e-01  2.90902698e+00 
 3.32598500e-02  0.00000000e+00  5.22577951e-01  2.90462270e+00 
 3.32698500e-02  0.00000000e+00  5.17378170e-01  2.90022509e+00 
 3.32798500e-02  0.00000000e+00  5.12230129e-01  2.89583414e+00 
 3.32898500e-02  0.00000000e+00  5.07133312e-01  2.89144983e+00 
 3.32998500e-02  0.00000000e+00  5.02087209e-01  2.88707216e+00 
 3.33098500e-02  0.00000000e+00  4.97091316e-01  2.88270112e+00 
 3.33198500e-02  0.00000000e+00  4.92145134e-01  2.87833670e+00 
 3.33298500e-02  0.00000000e+00  4.87248168e-01  2.87397889e+00 
 3.33398500e-02  0.00000000e+00  4.82399927e-01  2.86962767e+00 
 3.33498500e-02  0.00000000e+00  4.77599928e-01  2.86528304e+00 
 3.33598500e-02  0.00000000e+00  4.72847690e-01  2.86094499e+00 
 3.33698500e-02  0.00000000e+00  4.68142738e-01  2.85661350e+00 
 3.33798500e-02  0.00000000e+00  4.63484601e-01  2.85228858e+00 
 3.33898500e-02  0.00000000e+00  4.58872814e-01  2.84797020e+00 
 3.33998500e-02  0.00000000e+00  4.54306915e-01  2.84365836e+00 
 3.34098500e-02  0.00000000e+00  4.49786448e-01  2.83935305e+00 
 3.34198500e-02  0.00000000e+00  4.45310961e-01  2.83505426e+00 
 3.34298500e-02  0.00000000e+00  4.40880006e-01  2.83076197e+00 
 3.34398500e-02  0.00000000e+00  4.36493141e-01  2.82647618e+00 
 3.34498500e-02  0.00000000e+00  4.32149925e-01  2.82219689e+00 
 3.34598500e-02  0.00000000e+00  4.27849926e-01  2.81792407e+00 
 3.34698500e-02  0.00000000e+00  4.23592713e-01  2.81365772e+00 
 3.34798500e-02  0.00000000e+00  4.19377860e-01  2.80939783e+00 
 3.34898500e-02  0.00000000e+00  4.15204946e-01  2.80514439e+00 
 3.34998500e-02  0.00000000e+00  4.11073554e-01  2.80089738e+00 
 3.35098500e-02  0.00000000e+00  4.06983269e-01  2.79665681e+00 
 3.35198500e-02  0.00000000e+00  4.02933685e-01  2.79242266e+00 
 3.35298500e-02  0.00000000e+00  3.98924394e-01  2.78819492e+00 
 3.35398500e-02  0.00000000e+00  3.94954997e-01  2.78397358e+00 
 3.35498500e-02  0.00000000e+00  3.91025097e-01  2.77975863e+00 
 3.35598500e-02  0.00000000e+00  3.87134300e-01  2.77555007e+00 
 3.35698500e-02  0.00000000e+00  3.83282217e-01  2.77134787e+00 
 3.35798500e-02  0.00000000e+00  3.79468464e-01  2.76715204e+00 
 3.35898500e-02  0.00000000e+00  3.75692658e-01  2.76296256e+00 
 3.35998500e-02  0.00000000e+00  3.71954423e-01  2.75877942e+00 
 3.36098500e-02  0.00000000e+00  3.68253384e-01  2.75460261e+00 
 3.36198500e-02  0.00000000e+00  3.64589171e-01  2.75043213e+00 
 3.36298500e-02  0.00000000e+00  3.60961418e-01  2.74626797e+00 
 3.36398500e-02  0.00000000e+00  3.57369762e-01  2.74211010e+00 
 3.36498500e-02  0.00000000e+00  3.53813844e-01  2.73795854e+00 
 3.36598500e-02  0.00000000e+00  3.50293308e-01  2.73381326e+00 
 3.36698500e-02  0.00000000e+00  3.46807803e-01  2.72967425e+00 
 3.36798500e-02  0.00000000e+00  3.43356979e-01  2.72554151e+00 
 3.36898500e-02  0.00000000e+00  3.39940492e-01  2.72141503e+00 
 3.36998500e-02  0.00000000e+00  3.36557999e-01  2.71729479e+00 
 3.37098500e-02  0.00000000e+00  3.33209163e-01  2.71318080e+00 
 3.37198500e-02  0.00000000e+00  3.29893649e-01  2.70907303e+00 
 3.37298500e-02  0.00000000e+00  3.26611125e-01  2.70497148e+00 
 3.37398500e-02  0.00000000e+00  3.23361263e-01  2.70087614e+00 
 3.37498500e-02  0.00000000e+00  3.20143738e-01  2.69678700e+00 
 3.37598500e-02  0.00000000e+00  3.16958229e-01  2.69270405e+00 
 3.37698500e-02  0.00000000e+00  3.13804415e-01  2.68862729e+00 
 3.37798500e-02  0.00000000e+00  3.10681983e-01  2.68455669e+00 
 3.37898500e-02  0.00000000e+00  3.07590620e-01  2.68049226e+00 
 3.37998500e-02  0.00000000e+00  3.04530017e-01  2.67643399e+00 
 3.38098500e-02  0.00000000e+00  3.01499868e-01  2.67238185e+00 
 3.38198500e-02  0.00000000e+00  2.98499869e-01  2.66833585e+00 
 3.38298500e-02  0.00000000e+00  2.95529721e-01  2.66429598e+00 
 3.38398500e-02  0.00000000e+00  2.92589127e-01  2.66026223e+00 
 3.38498500e-02  0.00000000e+00  2.89677792e-01  2.65623458e+00 
 3.38598500e-02  0.00000000e+00  2.86795426e-01  2.65221303e+00 
 3.38698500e-02  0.00000000e+00  2.83941740e-01  2.64819756e+00 
 3.38798500e-02  0.00000000e+00  2.81116449e-01  2.64418818e+00 
 3.38898500e-02  0.00000000e+00  2.78319271e-01  2.64018487e+00 
 3.38998500e-02  0.00000000e+00  2.75549925e-01  2.63618761e+00 
 3.39098500e-02  0.00000000e+00  2.72808135e-01  2.63219641e+00 
 3.39198500e-02  0.00000000e+00  2.70093626e-01  2.62821126e+00 
 3.39298500e-02  0.00000000e+00  2.67406127e-01  2.62423213e+00 
 3.39398500e-02  0.00000000e+00  2.64745369e-01  2.62025903e+00 
 3.39498500e-02  0.00000000e+00  2.62111087e-01  2.61629195e+00 
 3.39598500e-02  0.00000000e+00  2.59503017e-01  2.61233087e+00 
 3.39698500e-02  0.00000000e+00  2.56920897e-01  2.60837579e+00 
 3.39798500e-02  0.00000000e+00  2.54364470e-01  2.60442670e+00 
 3.39898500e-02  0.00000000e+00  2.51833481e-01  2.60048359e+00 
 3.39998500e-02  0.00000000e+00  2.49327675e-01  2.59654644e+00 
 3.40098500e-02  0.00000000e+00  2.46846802e-01  2.59261526e+00 
 3.40198500e-02  0.00000000e+00  2.44390615e-01  2.58869003e+00 
 3.40298500e-02  0.00000000e+00  2.41958868e-01  2.58477074e+00 
 3.40398500e-02  0.00000000e+00  2.39551317e-01  2.58085738e+00 
 3.40498500e-02  0.00000000e+00  2.37167722e-01  2.57694995e+00 
 3.40598500e-02  0.00000000e+00  2.34807844e-01  2.57304844e+00 
 3.40698500e-02  0.00000000e+00  2.32471447e-01  2.56915283e+00 
 3.40798500e-02  0.00000000e+00  2.30158299e-01  2.56526312e+00 
 3.40898500e-02  0.00000000e+00  2.27868166e-01  2.56137930e+00 
 3.40998500e-02  0.00000000e+00  2.25600821e-01  2.55750136e+00 
 3.41098500e-02  0.00000000e+00  2.23356037e-01  2.55362930e+00 
 3.41198500e-02  0.00000000e+00  2.21133589e-01  2.54976309e+00 
 3.41298500e-02  0.00000000e+00  2.18933255e-01  2.54590274e+00 
 3.41398500e-02  0.00000000e+00  2.16754814e-01  2.54204823e+00 
 3.41498500e-02  0.00000000e+00  2.14598050e-01  2.53819956e+00 
 3.41598500e-02  0.00000000e+00  2.12462746e-01  2.53435671e+00 
 3.41698500e-02  0.00000000e+00  2.10348689e-01  2.53051968e+00 
 3.41798500e-02  0.00000000e+00  2.08255667e-01  2.52668846e+00 
 3.41898500e-02  0.00000000e+00  2.06183472e-01  2.52286305e+00 
 3.41998500e-02  0.00000000e+00  2.04131895e-01  2.51904342e+00 
 3.42098500e-02  0.00000000e+00  2.02100732e-01  2.51522958e+00 
 3.42198500e-02  0.00000000e+00  2.00089779e-01  2.51142151e+00 
 3.42298500e-02  0.00000000e+00  1.98098836e-01  2.50761920e+00 
 3.42398500e-02  0.00000000e+00  1.96127703e-01  2.50382266e+00 
 3.42498500e-02  0.00000000e+00  1.94176184e-01  2.50003186e+00 
 3.42598500e-02  0.00000000e+00  1.92244082e-01  2.49624680e+00 
 3.42698500e-02  0.00000000e+00  1.90331206e-01  2.49246747e+00 
 3.42798500e-02  0.00000000e+00  1.88437363e-01  2.48869386e+00 
 3.42898500e-02  0.00000000e+00  1.86562365e-01  2.48492597e+00 
 3.42998500e-02  0.00000000e+00  1.84706023e-01  2.48116378e+00 
 3.43098500e-02  0.00000000e+00  1.82868152e-01  2.47740729e+00 
 3.43198500e-02  0.00000000e+00  1.81048568e-01  2.47365648e+00 
 3.43298500e-02  0.00000000e+00  1.79247090e-01  2.46991135e+00 
 3.43398500e-02  0.00000000e+00  1.77463537e-01  2.46617190e+00 
 3.43498500e-02  0.00000000e+00  1.75697730e-01  2.46243810e+00 
 3.43598500e-02  0.00000000e+00  1.73949494e-01  2.45870996e+00 
 3.43698500e-02  0.00000000e+00  1.72218654e-01  2.45498746e+00 
 3.43798500e-02  0.00000000e+00  1.70505035e-01  2.45127060e+00 
 3.43898500e-02  0.00000000e+00  1.68808468e-01  2.44755936e+00 
 3.43998500e-02  0.00000000e+00  1.67128781e-01  2.44385375e+00 
 3.44098500e-02  0.00000000e+00  1.65465808e-01  2.44015374e+00 
 3.44198500e-02  0.00000000e+00  1.63819382e-01  2.43645934e+00 
 3.44298500e-02  0.00000000e+00  1.62189339e-01  2.43277053e+00 
 3.44398500e-02  0.00000000e+00  1.60575515e-01  2.42908730e+00 
 3.44498500e-02  0.00000000e+00  1.58977748e-01  2.42540965e+00 
 3.44598500e-02  0.00000000e+00  1.57395880e-01  2.42173757e+00 
 3.44698500e-02  0.00000000e+00  1.55829752e-01  2.41807105e+00 
 3.44798500e-02  0.00000000e+00  1.54279207e-01  2.41441008e+00 
 3.44898500e-02  0.00000000e+00  1.52744091e-01  2.41075465e+00 
 3.44998500e-02  0.00000000e+00  1.51224249e-01  2.40710476e+00 
 3.45098500e-02  0.00000000e+00  1.49719530e-01  2.40346039e+00 
 3.45198500e-02  0.00000000e+00  1.48229783e-01  2.39982154e+00 
 3.45298500e-02  0.00000000e+00  1.46754860e-01  2.39618820e+00 
 3.45398500e-02  0.00000000e+00  1.45294613e-01  2.39256036e+00 
 3.45498500e-02  0.00000000e+00  1.43848895e-01  2.38893801e+00 
 3.45598500e-02  0.00000000e+00  1.42417563e-01  2.38532115e+00 
 3.45698500e-02  0.00000000e+00  1.41000473e-01  2.38170976e+00 
 3.45798500e-02  0.00000000e+00  1.39597483e-01  2.37810384e+00 
 3.45898500e-02  0.00000000e+00  1.38208453e-01  2.37450338e+00 
 3.45998500e-02  0.00000000e+00  1.36833245e-01  2.37090837e+00 
 3.46098500e-02  0.00000000e+00  1.35471720e-01  2.36731881e+00 
 3.46198500e-02  0.00000000e+00  1.34123743e-01  2.36373468e+00 
 3.46298500e-02  0.00000000e+00  1.32789178e-01  2.36015597e+00 
 3.46398500e-02  0.00000000e+00  1.31467893e-01  2.35658268e+00 
 3.46498500e-02  0.00000000e+00  1.30159755e-01  2.35301481e+00 
 3.46598500e-02  0.00000000e+00  1.28864633e-01  2.34945233e+00 
 3.46698500e-02  0.00000000e+00  1.27582397e-01  2.34589525e+00 
 3.46798500e-02  0.00000000e+00  1.26312921e-01  2.34234356e+00 
 3.46898500e-02  0.00000000e+00  1.25056076e-01  2.33879724e+00 
 3.46998500e-02  0.00000000e+00  1.23811737e-01  2.33525629e+00 
 3.47098500e-02  0.00000000e+00  1.22579779e-01  2.33172070e+00 
 3.47198500e-02  0.00000000e+00  1.21360080e-01  2.32819046e+00 
 3.47298500e-02  0.00000000e+00  1.20152517e-01  2.32466557e+00 
 3.47398500e-02  0.00000000e+00  1.18956970e-01  2.32114602e+00 
 3.47498500e-02  0.00000000e+00  1.17773318e-01  2.31763179e+00 
 3.47598500e-02  0.00000000e+00  1.16601444e-01  2.31412289e+00 
 3.47698500e-02  0.00000000e+00  1.15441231e-01  2.31061929e+00 
 3.47798500e-02  0.00000000e+00  1.14292562e-01  2.30712101e+00 
 3.47898500e-02  0.00000000e+00  1.13155323e-01  2.30362801e+00 
 3.47998500e-02  0.00000000e+00  1.12029399e-01  2.30014031e+00 
 3.48098500e-02  0.00000000e+00  1.10914679e-01  2.29665789e+00 
 3.48198500e-02  0.00000000e+00  1.09811050e-01  2.29318074e+00 
 3.48298500e-02  0.00000000e+00  1.08718403e-01  2.28970885e+00 
 3.48398500e-02  0.00000000e+00  1.07636627e-01  2.28624222e+00 
 3.48498500e-02  0.00000000e+00  1.06565616e-01  2.28278084e+00 
 3.48598500e-02  0.00000000e+00  1.05505262e-01  2.27932470e+00 
 3.48698500e-02  0.00000000e+00  1.04455458e-01  2.27587379e+00 
 3.48798500e-02  0.00000000e+00  1.03416100e-01  2.27242811e+00 
 3.48898500e-02  0.00000000e+00  1.02387085e-01  2.26898764e+00 
 3.48998500e-02  0.00000000e+00  1.01368308e-01  2.26555238e+00 
 3.49098500e-02  0.00000000e+00  1.00359668e-01  2.26212233e+00 
 3.49198500e-02  0.00000000e+00  9.93610641e-02  2.25869746e+00 
 3.49298500e-02  0.00000000e+00  9.83723968e-02  2.25527779e+00 
 3.49398500e-02  0.00000000e+00  9.73935669e-02  2.25186329e+00 
 3.49498500e-02  0.00000000e+00  9.64244767e-02  2.24845395e+00 
 3.49598500e-02  0.00000000e+00  9.54650292e-02  2.24504978e+00 
 3.49698500e-02  0.00000000e+00  9.45151284e-02  2.24165077e+00 
 3.49798500e-02  0.00000000e+00  9.35746794e-02  2.23825690e+00 
 3.49898500e-02  0.00000000e+00  9.26435880e-02  2.23486817e+00 
 3.49998500e-02  0.00000000e+00  9.17217613e-02  2.23148457e+00 
 3.50098500e-02  0.00000000e+00  9.08091069e-02  2.22810609e+00 
 3.50198500e-02  0.00000000e+00  8.99055337e-02  2.22473273e+00 
 3.50298500e-02  0.00000000e+00  8.90109513e-02  2.22136447e+00 
 3.50398500e-02  0.00000000e+00  8.81252702e-02  2.21800132e+00 
 3.50498500e-02  0.00000000e+00  8.72484019e-02  2.21464325e+00 
 3.50598500e-02  0.00000000e+00  8.63802585e-02  2.21129027e+00 
 3.50698500e-02  0.00000000e+00  8.55207535e-02  2.20794237e+00 
 3.50798500e-02  0.00000000e+00  8.46698007e-02  2.20459953e+00 
 3.50898500e-02  0.00000000e+00  8.38273151e-02  2.20126176e+00 
 3.50998500e-02  0.00000000e+00  8.29932125e-02  2.19792904e+00 
 3.51098500e-02  0.00000000e+00  8.21674094e-02  2.19460137e+00 
 3.51198500e-02  0.00000000e+00  8.13498232e-02  2.19127873e+00 
 3.51298500e-02  0.00000000e+00  8.05403723e-02  2.18796112e+00 
 3.51398500e-02  0.00000000e+00  7.97389755e-02  2.18464854e+00 
 3.51498500e-02  0.00000000e+00  7.89455529e-02  2.18134097e+00 
 3.51598500e-02  0.00000000e+00  7.81600250e-02  2.17803841e+00 
 3.51698500e-02  0.00000000e+00  7.73823133e-02  2.17474085e+00 
 3.51798500e-02  0.00000000e+00  7.66123400e-02  2.17144828e+00 
 3.51898500e-02  0.00000000e+00  7.58500282e-02  2.16816070e+00 
 3.51998500e-02  0.00000000e+00  7.50953015e-02  2.16487810e+00 
 3.52098500e-02  0.00000000e+00  7.43480846e-02  2.16160046e+00 
 3.52198500e-02  0.00000000e+00  7.36083027e-02  2.15832779e+00 
 3.52298500e-02  0.00000000e+00  7.28758817e-02  2.15506007e+00 
 3.52398500e-02  0.00000000e+00  7.21507486e-02  2.15179730e+00 
 3.52498500e-02  0.00000000e+00  7.14328307e-02  2.14853947e+00 
 3.52598500e-02  0.00000000e+00  7.07220563e-02  2.14528657e+00 
 3.52698500e-02  0.00000000e+00  7.00183542e-02  2.14203860e+00 
 3.52798500e-02  0.00000000e+00  6.93216542e-02  2.13879554e+00 
 3.52898500e-02  0.00000000e+00  6.86318865e-02  2.13555739e+00 
 3.52998500e-02  0.00000000e+00  6.79489821e-02  2.13232415e+00 
 3.53098500e-02  0.00000000e+00  6.72728728e-02  2.12909580e+00 
 3.53198500e-02  0.00000000e+00  6.66034910e-02  2.12587234e+00 
 3.53298500e-02  0.00000000e+00  6.59407697e-02  2.12265376e+00 
 3.53398500e-02  0.00000000e+00  6.52846427e-02  2.11944005e+00 
 3.53498500e-02  0.00000000e+00  6.46350442e-02  2.11623121e+00 
 3.53598500e-02  0.00000000e+00  6.39919095e-02  2.11302723e+00 
 3.53698500e-02  0.00000000e+00  6.33551740e-02  2.10982810e+00 
 3.53798500e-02  0.00000000e+00  6.27247743e-02  2.10663381e+00 
 3.53898500e-02  0.00000000e+00  6.21006472e-02  2.10344435e+00 
 3.53998500e-02  0.00000000e+00  6.14827303e-02  2.10025973e+00 
 3.54098500e-02  0.00000000e+00  6.08709618e-02  2.09707993e+00 
 3.54198500e-02  0.00000000e+00  6.02652806e-02  2.09390494e+00 
 3.54298500e-02  0.00000000e+00  5.96656261e-02  2.09073476e+00 
 3.54398500e-02  0.00000000e+00  5.90719383e-02  2.08756937e+00 
 3.54498500e-02  0.00000000e+00  5.84841578e-02  2.08440878e+00 
 3.54598500e-02  0.00000000e+00  5.79022259e-02  2.08125298e+00 
 3.54698500e-02  0.00000000e+00  5.73260843e-02  2.07810195e+00 
 3.54798500e-02  0.00000000e+00  5.67556755e-02  2.07495570e+00 
 3.54898500e-02  0.00000000e+00  5.61909424e-02  2.07181421e+00 
 3.54998500e-02  0.00000000e+00  5.56318286e-02  2.06867747e+00 
 3.55098500e-02  0.00000000e+00  5.50782780e-02  2.06554548e+00 
 3.55198500e-02  0.00000000e+00  5.45302355e-02  2.06241824e+00 
 3.55298500e-02  0.00000000e+00  5.39876461e-02  2.05929573e+00 
 3.55398500e-02  0.00000000e+00  5.34504556e-02  2.05617794e+00 
 3.55498500e-02  0.00000000e+00  5.29186102e-02  2.05306488e+00 
 3.55598500e-02  0.00000000e+00  5.23920569e-02  2.04995653e+00 
 3.55698500e-02  0.00000000e+00  5.18707429e-02  2.04685289e+00 
 3.55798500e-02  0.00000000e+00  5.13546161e-02  2.04375394e+00 
 3.55898500e-02  0.00000000e+00  5.08436249e-02  2.04065969e+00 
 3.55998500e-02  0.00000000e+00  5.03377182e-02  2.03757012e+00 
 3.56098500e-02  0.00000000e+00  4.98368454e-02  2.03448523e+00 
 3.56198500e-02  0.00000000e+00  4.93409564e-02  2.03140501e+00 
 3.56298500e-02  0.00000000e+00  4.88500016e-02  2.02832946e+00 
 3.56398500e-02  0.00000000e+00  4.83639319e-02  2.02525856e+00 
 3.56498500e-02  0.00000000e+00  4.78826987e-02  2.02219230e+00 
 3.56598500e-02  0.00000000e+00  4.74062540e-02  2.01913070e+00 
 3.56698500e-02  0.00000000e+00  4.69345500e-02  2.01607372e+00 
 3.56798500e-02  0.00000000e+00  4.64675395e-02  2.01302138e+00 
 3.56898500e-02  0.00000000e+00  4.60051759e-02  2.00997366e+00 
 3.56998500e-02  0.00000000e+00  4.55474130e-02  2.00693055e+00 
 3.57098500e-02  0.00000000e+00  4.50942049e-02  2.00389204e+00 
 3.57198500e-02  0.00000000e+00  4.46455064e-02  2.00085814e+00 
 3.57298500e-02  0.00000000e+00  4.42012725e-02  1.99782883e+00 
 3.57398500e-02  0.00000000e+00  4.37614588e-02  1.99480411e+00 
 3.57498500e-02  0.00000000e+00  4.33260214e-02  1.99178397e+00 
 3.57598500e-02  0.00000000e+00  4.28949167e-02  1.98876840e+00 
 3.57698500e-02  0.00000000e+00  4.24681016e-02  1.98575740e+00 
 3.57798500e-02  0.00000000e+00  4.20455334e-02  1.98275095e+00 
 3.57898500e-02  0.00000000e+00  4.16271699e-02  1.97974906e+00 
 3.57998500e-02  0.00000000e+00  4.12129692e-02  1.97675171e+00 
 3.58098500e-02  0.00000000e+00  4.08028899e-02  1.97375890e+00 
 3.58198500e-02  0.00000000e+00  4.03968910e-02  1.97077062e+00 
 3.58298500e-02  0.00000000e+00  3.99949319e-02  1.96778686e+00 
 3.58398500e-02  0.00000000e+00  3.95969724e-02  1.96480762e+00 
 3.58498500e-02  0.00000000e+00  3.92029727e-02  1.96183289e+00 
 3.58598500e-02  0.00000000e+00  3.88128933e-02  1.95886267e+00 
 3.58698500e-02  0.00000000e+00  3.84266954e-02  1.95589694e+00 
 3.58798500e-02  0.00000000e+00  3.80443402e-02  1.95293571e+00 
 3.58898500e-02  0.00000000e+00  3.76657896e-02  1.94997895e+00 
 3.58998500e-02  0.00000000e+00  3.72910056e-02  1.94702668e+00 
 3.59098500e-02  0.00000000e+00  3.69199508e-02  1.94407887e+00 
 3.59198500e-02  0.00000000e+00  3.65525881e-02  1.94113552e+00 
 3.59298500e-02  0.00000000e+00  3.61888808e-02  1.93819664e+00 
 3.59398500e-02  0.00000000e+00  3.58287924e-02  1.93526220e+00 
 3.59498500e-02  0.00000000e+00  3.54722870e-02  1.93233220e+00 
 3.59598500e-02  0.00000000e+00  3.51193289e-02  1.92940664e+00 
 3.59698500e-02  0.00000000e+00  3.47698829e-02  1.92648551e+00 
 3.59798500e-02  0.00000000e+00  3.44239139e-02  1.92356880e+00 
 3.59898500e-02  0.00000000e+00  3.40813874e-02  1.92065651e+00 
 3.59998500e-02  0.00000000e+00  3.37422691e-02  1.91774863e+00 
 3.60098500e-02  0.00000000e+00  3.34065251e-02  1.91484515e+00 
 3.60198500e-02  0.00000000e+00  3.30741219e-02  1.91194607e+00 
 3.60298500e-02  0.00000000e+00  3.27450261e-02  1.90905137e+00 
 3.60398500e-02  0.00000000e+00  3.24192050e-02  1.90616106e+00 
 3.60498500e-02  0.00000000e+00  3.20966258e-02  1.90327512e+00 
 3.60598500e-02  0.00000000e+00  3.17772564e-02  1.90039355e+00 
 3.60698500e-02  0.00000000e+00  3.14610648e-02  1.89751635e+00 
 3.60798500e-02  0.00000000e+00  3.11480194e-02  1.89464350e+00 
 3.60898500e-02  0.00000000e+00  3.08380889e-02  1.89177500e+00 
 3.60998500e-02  0.00000000e+00  3.05312422e-02  1.88891085e+00 
 3.61098500e-02  0.00000000e+00  3.02274487e-02  1.88605103e+00 
 3.61198500e-02  0.00000000e+00  2.99266781e-02  1.88319554e+00 
 3.61298500e-02  0.00000000e+00  2.96289002e-02  1.88034437e+00 
 3.61398500e-02  0.00000000e+00  2.93340853e-02  1.87749752e+00 
 3.61498500e-02  0.00000000e+00  2.90422038e-02  1.87465498e+00 
 3.61598500e-02  0.00000000e+00  2.87532267e-02  1.87181674e+00 
 3.61698500e-02  0.00000000e+00  2.84671249e-02  1.86898281e+00 
 3.61798500e-02  0.00000000e+00  2.81838700e-02  1.86615316e+00 
 3.61898500e-02  0.00000000e+00  2.79034334e-02  1.86332779e+00 
 3.61998500e-02  0.00000000e+00  2.76257873e-02  1.86050671e+00 
 3.62098500e-02  0.00000000e+00  2.73509039e-02  1.85768989e+00 
 3.62198500e-02  0.00000000e+00  2.70787556e-02  1.85487734e+00 
 3.62298500e-02  0.00000000e+00  2.68093152e-02  1.85206905e+00 
 3.62398500e-02  0.00000000e+00  2.65425559e-02  1.84926501e+00 
 3.62498500e-02  0.00000000e+00  2.62784508e-02  1.84646521e+00 
 3.62598500e-02  0.00000000e+00  2.60169737e-02  1.84366965e+00 
 3.62698500e-02  0.00000000e+00  2.57580984e-02  1.84087833e+00 
 3.62798500e-02  0.00000000e+00  2.55017989e-02  1.83809123e+00 
 3.62898500e-02  0.00000000e+00  2.52480496e-02  1.83530835e+00 
 3.62998500e-02  0.00000000e+00  2.49968253e-02  1.83252969e+00 
 3.63098500e-02  0.00000000e+00  2.47481006e-02  1.82975523e+00 
 3.63198500e-02  0.00000000e+00  2.45018509e-02  1.82698497e+00 
 3.63298500e-02  0.00000000e+00  2.42580514e-02  1.82421891e+00 
 3.63398500e-02  0.00000000e+00  2.40166777e-02  1.82145703e+00 
 3.63498500e-02  0.00000000e+00  2.37777058e-02  1.81869934e+00 
 3.63598500e-02  0.00000000e+00  2.35411117e-02  1.81594582e+00 
 3.63698500e-02  0.00000000e+00  2.33068718e-02  1.81319647e+00 
 3.63798500e-02  0.00000000e+00  2.30749626e-02  1.81045128e+00 
 3.63898500e-02  0.00000000e+00  2.28453610e-02  1.80771025e+00 
 3.63998500e-02  0.00000000e+00  2.26180440e-02  1.80497337e+00 
 3.64098500e-02  0.00000000e+00  2.23929888e-02  1.80224063e+00 
 3.64198500e-02  0.00000000e+00  2.21701730e-02  1.79951203e+00 
 3.64298500e-02  0.00000000e+00  2.19495743e-02  1.79678756e+00 
 3.64398500e-02  0.00000000e+00  2.17311705e-02  1.79406722e+00 
 3.64498500e-02  0.00000000e+00  2.15149400e-02  1.79135099e+00 
 3.64598500e-02  0.00000000e+00  2.13008610e-02  1.78863888e+00 
 3.64698500e-02  0.00000000e+00  2.10889121e-02  1.78593087e+00 
 3.64798500e-02  0.00000000e+00  2.08790722e-02  1.78322696e+00 
 3.64898500e-02  0.00000000e+00  2.06713202e-02  1.78052715e+00 
 3.64998500e-02  0.00000000e+00  2.04656355e-02  1.77783142e+00 
 3.65098500e-02  0.00000000e+00  2.02619973e-02  1.77513978e+00 
 3.65198500e-02  0.00000000e+00  2.00603854e-02  1.77245221e+00 
 3.65298500e-02  0.00000000e+00  1.98607796e-02  1.76976871e+00 
 3.65398500e-02  0.00000000e+00  1.96631599e-02  1.76708927e+00 
 3.65498500e-02  0.00000000e+00  1.94675065e-02  1.76441389e+00 
 3.65598500e-02  0.00000000e+00  1.92738000e-02  1.76174256e+00 
 3.65698500e-02  0.00000000e+00  1.90820209e-02  1.75907527e+00 
 3.65798500e-02  0.00000000e+00  1.88921500e-02  1.75641202e+00 
 3.65898500e-02  0.00000000e+00  1.87041684e-02  1.75375281e+00 
 3.65998500e-02  0.00000000e+00  1.85180573e-02  1.75109762e+00 
 3.66098500e-02  0.00000000e+00  1.83337980e-02  1.74844645e+00 
 3.66198500e-02  0.00000000e+00  1.81513722e-02  1.74579929e+00 
 3.66298500e-02  0.00000000e+00  1.79707615e-02  1.74315614e+00 
 3.66398500e-02  0.00000000e+00  1.77919480e-02  1.74051700e+00 
 3.66498500e-02  0.00000000e+00  1.76149137e-02  1.73788185e+00 
 3.66598500e-02  0.00000000e+00  1.74396409e-02  1.73525069e+00 
 3.66698500e-02  0.00000000e+00  1.72661121e-02  1.73262351e+00 
 3.66798500e-02  0.00000000e+00  1.70943100e-02  1.73000031e+00 
 3.66898500e-02  0.00000000e+00  1.69242174e-02  1.72738108e+00 
 3.66998500e-02  0.00000000e+00  1.67558172e-02  1.72476582e+00 
 3.67098500e-02  0.00000000e+00  1.65890927e-02  1.72215451e+00 
 3.67198500e-02  0.00000000e+00  1.64240271e-02  1.71954716e+00 
 3.67298500e-02  0.00000000e+00  1.62606039e-02  1.71694376e+00 
 3.67398500e-02  0.00000000e+00  1.60988068e-02  1.71434430e+00 
 3.67498500e-02  0.00000000e+00  1.59386197e-02  1.71174878e+00 
 3.67598500e-02  0.00000000e+00  1.57800265e-02  1.70915718e+00 
 3.67698500e-02  0.00000000e+00  1.56230113e-02  1.70656951e+00 
 3.67798500e-02  0.00000000e+00  1.54675584e-02  1.70398575e+00 
 3.67898500e-02  0.00000000e+00  1.53136524e-02  1.70140591e+00 
 3.67998500e-02  0.00000000e+00  1.51612777e-02  1.69882998e+00 
 3.68098500e-02  0.00000000e+00  1.50104193e-02  1.69625794e+00 
 3.68198500e-02  0.00000000e+00  1.48610619e-02  1.69368980e+00 
 3.68298500e-02  0.00000000e+00  1.47131906e-02  1.69112554e+00 
 3.68398500e-02  0.00000000e+00  1.45667907e-02  1.68856517e+00 
 3.68498500e-02  0.00000000e+00  1.44218475e-02  1.68600868e+00 
 3.68598500e-02  0.00000000e+00  1.42783465e-02  1.68345605e+00 
 3.68698500e-02  0.00000000e+00  1.41362734e-02  1.68090729e+00 
 3.68798500e-02  0.00000000e+00  1.39956140e-02  1.67836239e+00 
 3.68898500e-02  0.00000000e+00  1.38563541e-02  1.67582134e+00 
 3.68998500e-02  0.00000000e+00  1.37184800e-02  1.67328414e+00 
 3.69098500e-02  0.00000000e+00  1.35819777e-02  1.67075078e+00 
 3.69198500e-02  0.00000000e+00  1.34468336e-02  1.66822126e+00 
 3.69298500e-02  0.00000000e+00  1.33130343e-02  1.66569556e+00 
 3.69398500e-02  0.00000000e+00  1.31805663e-02  1.66317369e+00 
 3.69498500e-02  0.00000000e+00  1.30494164e-02  1.66065564e+00 
 3.69598500e-02  0.00000000e+00  1.29195714e-02  1.65814140e+00 
 3.69698500e-02  0.00000000e+00  1.27910185e-02  1.65563097e+00 
 3.69798500e-02  0.00000000e+00  1.26637447e-02  1.65312433e+00 
 3.69898500e-02  0.00000000e+00  1.25377373e-02  1.65062149e+00 
 3.69998500e-02  0.00000000e+00  1.24129837e-02  1.64812245e+00 
 3.70098500e-02  0.00000000e+00  1.22894714e-02  1.64562718e+00 
 3.70198500e-02  0.00000000e+00  1.21671881e-02  1.64313569e+00 
 3.70298500e-02  0.00000000e+00  1.20461215e-02  1.64064798e+00 
 3.70398500e-02  0.00000000e+00  1.19262596e-02  1.63816403e+00 
 3.70498500e-02  0.00000000e+00  1.18075904e-02  1.63568384e+00 
 3.70598500e-02  0.00000000e+00  1.16901019e-02  1.63320741e+00 
 3.70698500e-02  0.00000000e+00  1.15737825e-02  1.63073473e+00 
 3.70798500e-02  0.00000000e+00  1.14586205e-02  1.62826579e+00 
 3.70898500e-02  0.00000000e+00  1.13446044e-02  1.62580059e+00 
 3.70998500e-02  0.00000000e+00  1.12317227e-02  1.62333912e+00 
 3.71098500e-02  0.00000000e+00  1.11199643e-02  1.62088137e+00 
 3.71198500e-02  0.00000000e+00  1.10093179e-02  1.61842735e+00 
 3.71298500e-02  0.00000000e+00  1.08997724e-02  1.61597705e+00 
 3.71398500e-02  0.00000000e+00  1.07913170e-02  1.61353045e+00 
 3.71498500e-02  0.00000000e+00  1.06839407e-02  1.61108756e+00 
 3.71598500e-02  0.00000000e+00  1.05776328e-02  1.60864836e+00 
 3.71698500e-02  0.00000000e+00  1.04723827e-02  1.60621286e+00 
 3.71798500e-02  0.00000000e+00  1.03681799e-02  1.60378105e+00 
 3.71898500e-02  0.00000000e+00  1.02650140e-02  1.60135292e+00 
 3.71998500e-02  0.00000000e+00  1.01628745e-02  1.59892846e+00 
 3.72098500e-02  0.00000000e+00  1.00617514e-02  1.59650768e+00 
 3.72198500e-02  0.00000000e+00  9.96163446e-03  1.59409056e+00 
 3.72298500e-02  0.00000000e+00  9.86251372e-03  1.59167710e+00 
 3.72398500e-02  0.00000000e+00  9.76437925e-03  1.58926729e+00 
 3.72498500e-02  0.00000000e+00  9.66722125e-03  1.58686113e+00 
 3.72598500e-02  0.00000000e+00  9.57102999e-03  1.58445862e+00 
 3.72698500e-02  0.00000000e+00  9.47579586e-03  1.58205974e+00 
 3.72798500e-02  0.00000000e+00  9.38150934e-03  1.57966449e+00 
 3.72898500e-02  0.00000000e+00  9.28816099e-03  1.57727287e+00 
 3.72998500e-02  0.00000000e+00  9.19574148e-03  1.57488488e+00 
 3.73098500e-02  0.00000000e+00  9.10424156e-03  1.57250049e+00 
 3.73198500e-02  0.00000000e+00  9.01365209e-03  1.57011972e+00 
 3.73298500e-02  0.00000000e+00  8.92396401e-03  1.56774255e+00 
 3.73398500e-02  0.00000000e+00  8.83516835e-03  1.56536898e+00 
 3.73498500e-02  0.00000000e+00  8.74725623e-03  1.56299901e+00 
 3.73598500e-02  0.00000000e+00  8.66021885e-03  1.56063262e+00 
 3.73698500e-02  0.00000000e+00  8.57404752e-03  1.55826981e+00 
 3.73798500e-02  0.00000000e+00  8.48873361e-03  1.55591059e+00 
 3.73898500e-02  0.00000000e+00  8.40426860e-03  1.55355493e+00 
 3.73998500e-02  0.00000000e+00  8.32064404e-03  1.55120284e+00 
 3.74098500e-02  0.00000000e+00  8.23785156e-03  1.54885431e+00 
 3.74198500e-02  0.00000000e+00  8.15588289e-03  1.54650934e+00 
 3.74298500e-02  0.00000000e+00  8.07472983e-03  1.54416792e+00 
 3.74398500e-02  0.00000000e+00  7.99438425e-03  1.54183004e+00 
 3.74498500e-02  0.00000000e+00  7.91483814e-03  1.53949570e+00 
 3.74598500e-02  0.00000000e+00  7.83608353e-03  1.53716490e+00 
 3.74698500e-02  0.00000000e+00  7.75811255e-03  1.53483763e+00 
 3.74798500e-02  0.00000000e+00  7.68091740e-03  1.53251387e+00 
 3.74898500e-02  0.00000000e+00  7.60449037e-03  1.53019364e+00 
 3.74998500e-02  0.00000000e+00  7.52882379e-03  1.52787692e+00 
 3.75098500e-02  0.00000000e+00  7.45391013e-03  1.52556371e+00 
 3.75198500e-02  0.00000000e+00  7.37974187e-03  1.52325400e+00 
 3.75298500e-02  0.00000000e+00  7.30631160e-03  1.52094778e+00 
 3.75398500e-02  0.00000000e+00  7.23361198e-03  1.51864506e+00 
 3.75498500e-02  0.00000000e+00  7.16163574e-03  1.51634583e+00 
 3.75598500e-02  0.00000000e+00  7.09037568e-03  1.51405007e+00 
 3.75698500e-02  0.00000000e+00  7.01982468e-03  1.51175779e+00 
 3.75798500e-02  0.00000000e+00  6.94997568e-03  1.50946899e+00 
 3.75898500e-02  0.00000000e+00  6.88082169e-03  1.50718364e+00 
 3.75998500e-02  0.00000000e+00  6.81235581e-03  1.50490176e+00 
 3.76098500e-02  0.00000000e+00  6.74457117e-03  1.50262333e+00 
 3.76198500e-02  0.00000000e+00  6.67746101e-03  1.50034835e+00 
 3.76298500e-02  0.00000000e+00  6.61101861e-03  1.49807682e+00 
 3.76398500e-02  0.00000000e+00  6.54523733e-03  1.49580872e+00 
 3.76498500e-02  0.00000000e+00  6.48011059e-03  1.49354406e+00 
 3.76598500e-02  0.00000000e+00  6.41563188e-03  1.49128283e+00 
 3.76698500e-02  0.00000000e+00  6.35179475e-03  1.48902502e+00 
 3.76798500e-02  0.00000000e+00  6.28859281e-03  1.48677063e+00 
 3.76898500e-02  0.00000000e+00  6.22601975e-03  1.48451965e+00 
 3.76998500e-02  0.00000000e+00  6.16406930e-03  1.48227208e+00 
 3.77098500e-02  0.00000000e+00  6.10273528e-03  1.48002792e+00 
 3.77198500e-02  0.00000000e+00  6.04201154e-03  1.47778715e+00 
 3.77298500e-02  0.00000000e+00  5.98189203e-03  1.47554977e+00 
 3.77398500e-02  0.00000000e+00  5.92237071e-03  1.47331578e+00 
 3.77498500e-02  0.00000000e+00  5.86344165e-03  1.47108518e+00 
 3.77598500e-02  0.00000000e+00  5.80509895e-03  1.46885795e+00 
 3.77698500e-02  0.00000000e+00  5.74733677e-03  1.46663409e+00 
 3.77798500e-02  0.00000000e+00  5.69014934e-03  1.46441360e+00 
 3.77898500e-02  0.00000000e+00  5.63353094e-03  1.46219647e+00 
 3.77998500e-02  0.00000000e+00  5.57747590e-03  1.45998270e+00 
 3.78098500e-02  0.00000000e+00  5.52197863e-03  1.45777228e+00 
 3.78198500e-02  0.00000000e+00  5.46703357e-03  1.45556520e+00 
 3.78298500e-02  0.00000000e+00  5.41263523e-03  1.45336147e+00 
 3.78398500e-02  0.00000000e+00  5.35877816e-03  1.45116107e+00 
 3.78498500e-02  0.00000000e+00  5.30545698e-03  1.44896401e+00 
 3.78598500e-02  0.00000000e+00  5.25266637e-03  1.44677027e+00 
 3.78698500e-02  0.00000000e+00  5.20040103e-03  1.44457986e+00 
 3.78798500e-02  0.00000000e+00  5.14865575e-03  1.44239275e+00 
 3.78898500e-02  0.00000000e+00  5.09742534e-03  1.44020897e+00 
 3.78998500e-02  0.00000000e+00  5.04670469e-03  1.43802848e+00 
 3.79098500e-02  0.00000000e+00  4.99648872e-03  1.43585130e+00 
 3.79198500e-02  0.00000000e+00  4.94677242e-03  1.43367742e+00 
 3.79298500e-02  0.00000000e+00  4.89755080e-03  1.43150682e+00 
 3.79398500e-02  0.00000000e+00  4.84881895e-03  1.42933951e+00 
 3.79498500e-02  0.00000000e+00  4.80057200e-03  1.42717549e+00 
 3.79598500e-02  0.00000000e+00  4.75280511e-03  1.42501474e+00 
 3.79698500e-02  0.00000000e+00  4.70551352e-03  1.42285726e+00 
 3.79798500e-02  0.00000000e+00  4.65869249e-03  1.42070305e+00 
 3.79898500e-02  0.00000000e+00  4.61233734e-03  1.41855209e+00 
 3.79998500e-02  0.00000000e+00  4.56644344e-03  1.41640440e+00 
 3.80098500e-02  0.00000000e+00  4.52100619e-03  1.41425996e+00 
 3.80198500e-02  0.00000000e+00  4.47602105e-03  1.41211876e+00 
 3.80298500e-02  0.00000000e+00  4.43148353e-03  1.40998081e+00 
 3.80398500e-02  0.00000000e+00  4.38738917e-03  1.40784609e+00 
 3.80498500e-02  0.00000000e+00  4.34373355e-03  1.40571461e+00 
 3.80598500e-02  0.00000000e+00  4.30051232e-03  1.40358635e+00 
 3.80698500e-02  0.00000000e+00  4.25772115e-03  1.40146131e+00 
 3.80798500e-02  0.00000000e+00  4.21535577e-03  1.39933949e+00 
 3.80898500e-02  0.00000000e+00  4.17341193e-03  1.39722089e+00 
 3.80998500e-02  0.00000000e+00  4.13188544e-03  1.39510549e+00 
 3.81098500e-02  0.00000000e+00  4.09077216e-03  1.39299329e+00 
 3.81198500e-02  0.00000000e+00  4.05006796e-03  1.39088429e+00 
 3.81298500e-02  0.00000000e+00  4.00976877e-03  1.38877849e+00 
 3.81398500e-02  0.00000000e+00  3.96987058e-03  1.38667587e+00 
 3.81498500e-02  0.00000000e+00  3.93036938e-03  1.38457644e+00 
 3.81598500e-02  0.00000000e+00  3.89126122e-03  1.38248018e+00 
 3.81698500e-02  0.00000000e+00  3.85254221e-03  1.38038710e+00 
 3.81798500e-02  0.00000000e+00  3.81420845e-03  1.37829719e+00 
 3.81898500e-02  0.00000000e+00  3.77625613e-03  1.37621044e+00 
 3.81998500e-02  0.00000000e+00  3.73868144e-03  1.37412685e+00 
 3.82098500e-02  0.00000000e+00  3.70148063e-03  1.37204642e+00 
 3.82198500e-02  0.00000000e+00  3.66464998e-03  1.36996913e+00 
 3.82298500e-02  0.00000000e+00  3.62818580e-03  1.36789499e+00 
 3.82398500e-02  0.00000000e+00  3.59208445e-03  1.36582399e+00 
 3.82498500e-02  0.00000000e+00  3.55634231e-03  1.36375613e+00 
 3.82598500e-02  0.00000000e+00  3.52095582e-03  1.36169140e+00 
 3.82698500e-02  0.00000000e+00  3.48592144e-03  1.35962979e+00 
 3.82798500e-02  0.00000000e+00  3.45123565e-03  1.35757130e+00 
 3.82898500e-02  0.00000000e+00  3.41689500e-03  1.35551594e+00 
 3.82998500e-02  0.00000000e+00  3.38289604e-03  1.35346368e+00 
 3.83098500e-02  0.00000000e+00  3.34923539e-03  1.35141453e+00 
 3.83198500e-02  0.00000000e+00  3.31590966e-03  1.34936848e+00 
 3.83298500e-02  0.00000000e+00  3.28291554e-03  1.34732553e+00 
 3.83398500e-02  0.00000000e+00  3.25024971e-03  1.34528567e+00 
 3.83498500e-02  0.00000000e+00  3.21790892e-03  1.34324890e+00 
 3.83598500e-02  0.00000000e+00  3.18588992e-03  1.34121522e+00 
 3.83698500e-02  0.00000000e+00  3.15418952e-03  1.33918461e+00 
 3.83798500e-02  0.00000000e+00  3.12280455e-03  1.33715708e+00 
 3.83898500e-02  0.00000000e+00  3.09173187e-03  1.33513262e+00 
 3.83998500e-02  0.00000000e+00  3.06096837e-03  1.33311122e+00 
 3.84098500e-02  0.00000000e+00  3.03051097e-03  1.33109289e+00 
 3.84198500e-02  0.00000000e+00  3.00035664e-03  1.32907761e+00 
 3.84298500e-02  0.00000000e+00  2.97050234e-03  1.32706538e+00 
 3.84398500e-02  0.00000000e+00  2.94094510e-03  1.32505619e+00 
 3.84498500e-02  0.00000000e+00  2.91168197e-03  1.32305005e+00 
 3.84598500e-02  0.00000000e+00  2.88271001e-03  1.32104695e+00 
 3.84698500e-02  0.00000000e+00  2.85402633e-03  1.31904688e+00 
 3.84798500e-02  0.00000000e+00  2.82562806e-03  1.31704983e+00 
 3.84898500e-02  0.00000000e+00  2.79751235e-03  1.31505582e+00 
 3.84998500e-02  0.00000000e+00  2.76967641e-03  1.31306481e+00 
 3.85098500e-02  0.00000000e+00  2.74211744e-03  1.31107683e+00 
 3.85198500e-02  0.00000000e+00  2.71483269e-03  1.30909185e+00 
 3.85298500e-02  0.00000000e+00  2.68781943e-03  1.30710988e+00 
 3.85398500e-02  0.00000000e+00  2.66107496e-03  1.30513091e+00 
 3.85498500e-02  0.00000000e+00  2.63459660e-03  1.30315494e+00 
 3.85598500e-02  0.00000000e+00  2.60838171e-03  1.30118195e+00 
 3.85698500e-02  0.00000000e+00  2.58242766e-03  1.29921196e+00 
 3.85798500e-02  0.00000000e+00  2.55673186e-03  1.29724495e+00 
 3.85898500e-02  0.00000000e+00  2.53129174e-03  1.29528091e+00 
 3.85998500e-02  0.00000000e+00  2.50610476e-03  1.29331985e+00 
 3.86098500e-02  0.00000000e+00  2.48116840e-03  1.29136176e+00 
 3.86198500e-02  0.00000000e+00  2.45648015e-03  1.28940663e+00 
 3.86298500e-02  0.00000000e+00  2.43203757e-03  1.28745446e+00 
 3.86398500e-02  0.00000000e+00  2.40783819e-03  1.28550525e+00 
 3.86498500e-02  0.00000000e+00  2.38387960e-03  1.28355899e+00 
 3.86598500e-02  0.00000000e+00  2.36015940e-03  1.28161568e+00 
 3.86698500e-02  0.00000000e+00  2.33667523e-03  1.27967530e+00 
 3.86798500e-02  0.00000000e+00  2.31342473e-03  1.27773787e+00 
 3.86898500e-02  0.00000000e+00  2.29040558e-03  1.27580337e+00 
 3.86998500e-02  0.00000000e+00  2.26761547e-03  1.27387180e+00 
 3.87098500e-02  0.00000000e+00  2.24505213e-03  1.27194315e+00 
 3.87198500e-02  0.00000000e+00  2.22271331e-03  1.27001742e+00 
 3.87298500e-02  0.00000000e+00  2.20059676e-03  1.26809461e+00 
 3.87398500e-02  0.00000000e+00  2.17870027e-03  1.26617471e+00 
 3.87498500e-02  0.00000000e+00  2.15702166e-03  1.26425771e+00 
 3.87598500e-02  0.00000000e+00  2.13555876e-03  1.26234362e+00 
 3.87698500e-02  0.00000000e+00  2.11430942e-03  1.26043243e+00 
 3.87798500e-02  0.00000000e+00  2.09327151e-03  1.25852413e+00 
 3.87898500e-02  0.00000000e+00  2.07244294e-03  1.25661872e+00 
 3.87998500e-02  0.00000000e+00  2.05182162e-03  1.25471619e+00 
 3.88098500e-02  0.00000000e+00  2.03140548e-03  1.25281654e+00 
 3.88198500e-02  0.00000000e+00  2.01119249e-03  1.25091977e+00 
 3.88298500e-02  0.00000000e+00  1.99118063e-03  1.24902588e+00 
 3.88398500e-02  0.00000000e+00  1.97136789e-03  1.24713485e+00 
 3.88498500e-02  0.00000000e+00  1.95175229e-03  1.24524668e+00 
 3.88598500e-02  0.00000000e+00  1.93233186e-03  1.24336137e+00 
 3.88698500e-02  0.00000000e+00  1.91310468e-03  1.24147891e+00 
 3.88798500e-02  0.00000000e+00  1.89406881e-03  1.23959931e+00 
 3.88898500e-02  0.00000000e+00  1.87522236e-03  1.23772255e+00 
 3.88998500e-02  0.00000000e+00  1.85656343e-03  1.23584863e+00 
 3.89098500e-02  0.00000000e+00  1.83809016e-03  1.23397755e+00 
 3.89198500e-02  0.00000000e+00  1.81980071e-03  1.23210930e+00 
 3.89298500e-02  0.00000000e+00  1.80169324e-03  1.23024389e+00 
 3.89398500e-02  0.00000000e+00  1.78376594e-03  1.22838129e+00 
 3.89498500e-02  0.00000000e+00  1.76601703e-03  1.22652152e+00 
 3.89598500e-02  0.00000000e+00  1.74844472e-03  1.22466456e+00 
 3.89698500e-02  0.00000000e+00  1.73104726e-03  1.22281041e+00 
 3.89798500e-02  0.00000000e+00  1.71382291e-03  1.22095907e+00 
 3.89898500e-02  0.00000000e+00  1.69676994e-03  1.21911053e+00 
 3.89998500e-02  0.00000000e+00  1.67988666e-03  1.21726479e+00 
 3.90098500e-02  0.00000000e+00  1.66317137e-03  1.21542185e+00 
 3.90198500e-02  0.00000000e+00  1.64662240e-03  1.21358169e+00 
 3.90298500e-02  0.00000000e+00  1.63023810e-03  1.21174432e+00 
 3.90398500e-02  0.00000000e+00  1.61401682e-03  1.20990974e+00 
 3.90498500e-02  0.00000000e+00  1.59795696e-03  1.20807793e+00 
 3.90598500e-02  0.00000000e+00  1.58205689e-03  1.20624889e+00 
 3.90698500e-02  0.00000000e+00  1.56631503e-03  1.20442263e+00 
 3.90798500e-02  0.00000000e+00  1.55072980e-03  1.20259913e+00 
 3.90898500e-02  0.00000000e+00  1.53529965e-03  1.20077839e+00 
 3.90998500e-02  0.00000000e+00  1.52002304e-03  1.19896040e+00 
 3.91098500e-02  0.00000000e+00  1.50489843e-03  1.19714517e+00 
 3.91198500e-02  0.00000000e+00  1.48992432e-03  1.19533269e+00 
 3.91298500e-02  0.00000000e+00  1.47509920e-03  1.19352295e+00 
 3.91398500e-02  0.00000000e+00  1.46042160e-03  1.19171595e+00 
 3.91498500e-02  0.00000000e+00  1.44589004e-03  1.18991169e+00 
 3.91598500e-02  0.00000000e+00  1.43150307e-03  1.18811015e+00 
 3.91698500e-02  0.00000000e+00  1.41725926e-03  1.18631135e+00 
 3.91798500e-02  0.00000000e+00  1.40315718e-03  1.18451527e+00 
 3.91898500e-02  0.00000000e+00  1.38919542e-03  1.18272191e+00 
 3.91998500e-02  0.00000000e+00  1.37537258e-03  1.18093126e+00 
 3.92098500e-02  0.00000000e+00  1.36168728e-03  1.17914333e+00 
 3.92198500e-02  0.00000000e+00  1.34813815e-03  1.17735810e+00 
 3.92298500e-02  0.00000000e+00  1.33472384e-03  1.17557557e+00 
 3.92398500e-02  0.00000000e+00  1.32144301e-03  1.17379575e+00 
 3.92498500e-02  0.00000000e+00  1.30829432e-03  1.17201861e+00 
 3.92598500e-02  0.00000000e+00  1.29527647e-03  1.17024417e+00 
 3.92698500e-02  0.00000000e+00  1.28238814e-03  1.16847242e+00 
 3.92798500e-02  0.00000000e+00  1.26962806e-03  1.16670334e+00 
 3.92898500e-02  0.00000000e+00  1.25699495e-03  1.16493695e+00 
 3.92998500e-02  0.00000000e+00  1.24448754e-03  1.16317323e+00 
 3.93098500e-02  0.00000000e+00  1.23210457e-03  1.16141218e+00 
 3.93198500e-02  0.00000000e+00  1.21984483e-03  1.15965380e+00 
 3.93298500e-02  0.00000000e+00  1.20770707e-03  1.15789808e+00 
 3.93398500e-02  0.00000000e+00  1.19569008e-03  1.15614501e+00 
 3.93498500e-02  0.00000000e+00  1.18379267e-03  1.15439460e+00 
 3.93598500e-02  0.00000000e+00  1.17201364e-03  1.15264685e+00 
 3.93698500e-02  0.00000000e+00  1.16035181e-03  1.15090173e+00 
 3.93798500e-02  0.00000000e+00  1.14880602e-03  1.14915926e+00 
 3.93898500e-02  0.00000000e+00  1.13737512e-03  1.14741943e+00 
 3.93998500e-02  0.00000000e+00  1.12605795e-03  1.14568223e+00 
 3.94098500e-02  0.00000000e+00  1.11485339e-03  1.14394766e+00 
 3.94198500e-02  0.00000000e+00  1.10376032e-03  1.14221572e+00 
 3.94298500e-02  0.00000000e+00  1.09277763e-03  1.14048640e+00 
 3.94398500e-02  0.00000000e+00  1.08190423e-03  1.13875970e+00 
 3.94498500e-02  0.00000000e+00  1.07113901e-03  1.13703561e+00 
 3.94598500e-02  0.00000000e+00  1.06048091e-03  1.13531414e+00 
 3.94698500e-02  0.00000000e+00  1.04992886e-03  1.13359527e+00 
 3.94798500e-02  0.00000000e+00  1.03948181e-03  1.13187900e+00 
 3.94898500e-02  0.00000000e+00  1.02913870e-03  1.13016533e+00 
 3.94998500e-02  0.00000000e+00  1.01889852e-03  1.12845425e+00 
 3.95098500e-02  0.00000000e+00  1.00876022e-03  1.12674577e+00 
 3.95198500e-02  0.00000000e+00  9.98722810e-04  1.12503987e+00 
 3.95298500e-02  0.00000000e+00  9.88785269e-04  1.12333655e+00 
 3.95398500e-02  0.00000000e+00  9.78946610e-04  1.12163582e+00 
 3.95498500e-02  0.00000000e+00  9.69205848e-04  1.11993765e+00 
 3.95598500e-02  0.00000000e+00  9.59562008e-04  1.11824206e+00 
 3.95698500e-02  0.00000000e+00  9.50014128e-04  1.11654904e+00 
 3.95798500e-02  0.00000000e+00  9.40561251e-04  1.11485858e+00 
 3.95898500e-02  0.00000000e+00  9.31202432e-04  1.11317068e+00 
 3.95998500e-02  0.00000000e+00  9.21936737e-04  1.11148533e+00 
 3.96098500e-02  0.00000000e+00  9.12763237e-04  1.10980254e+00 
 3.96198500e-02  0.00000000e+00  9.03681015e-04  1.10812229e+00 
 3.96298500e-02  0.00000000e+00  8.94689165e-04  1.10644459e+00 
 3.96398500e-02  0.00000000e+00  8.85786785e-04  1.10476943e+00 
 3.96498500e-02  0.00000000e+00  8.76972986e-04  1.10309680e+00 
 3.96598500e-02  0.00000000e+00  8.68246887e-04  1.10142671e+00 
 3.96698500e-02  0.00000000e+00  8.59607614e-04  1.09975914e+00 
 3.96798500e-02  0.00000000e+00  8.51054304e-04  1.09809410e+00 
 3.96898500e-02  0.00000000e+00  8.42586102e-04  1.09643159e+00 
 3.96998500e-02  0.00000000e+00  8.34202161e-04  1.09477158e+00 
 3.97098500e-02  0.00000000e+00  8.25901642e-04  1.09311409e+00 
 3.97198500e-02  0.00000000e+00  8.17683715e-04  1.09145911e+00 
 3.97298500e-02  0.00000000e+00  8.09547559e-04  1.08980664e+00 
 3.97398500e-02  0.00000000e+00  8.01492359e-04  1.08815667e+00 
 3.97498500e-02  0.00000000e+00  7.93517311e-04  1.08650919e+00 
 3.97598500e-02  0.00000000e+00  7.85621616e-04  1.08486421e+00 
 3.97698500e-02  0.00000000e+00  7.77804486e-04  1.08322172e+00 
 3.97798500e-02  0.00000000e+00  7.70065138e-04  1.08158172e+00 
 3.97898500e-02  0.00000000e+00  7.62402798e-04  1.07994420e+00 
 3.97998500e-02  0.00000000e+00  7.54816701e-04  1.07830916e+00 
 3.98098500e-02  0.00000000e+00  7.47306087e-04  1.07667660e+00 
 3.98198500e-02  0.00000000e+00  7.39870205e-04  1.07504650e+00 
 3.98298500e-02  0.00000000e+00  7.32508313e-04  1.07341888e+00 
 3.98398500e-02  0.00000000e+00  7.25219673e-04  1.07179372e+00 
 3.98498500e-02  0.00000000e+00  7.18003557e-04  1.07017102e+00 
 3.98598500e-02  0.00000000e+00  7.10859243e-04  1.06855077e+00 
 3.98698500e-02  0.00000000e+00  7.03786016e-04  1.06693298e+00 
 3.98798500e-02  0.00000000e+00  6.96783170e-04  1.06531764e+00 
 3.98898500e-02  0.00000000e+00  6.89850004e-04  1.06370474e+00 
 3.98998500e-02  0.00000000e+00  6.82985825e-04  1.06209429e+00 
 3.99098500e-02  0.00000000e+00  6.76189946e-04  1.06048628e+00 
 3.99198500e-02  0.00000000e+00  6.69461688e-04  1.05888069e+00 
 3.99298500e-02  0.00000000e+00  6.62800378e-04  1.05727754e+00 
 3.99398500e-02  0.00000000e+00  6.56205349e-04  1.05567682e+00 
 3.99498500e-02  0.00000000e+00  6.49675943e-04  1.05407852e+00 
 3.99598500e-02  0.00000000e+00  6.43211506e-04  1.05248264e+00 
 3.99698500e-02  0.00000000e+00  6.36811391e-04  1.05088918e+00 
 3.99798500e-02  0.00000000e+00  6.30474959e-04  1.04929813e+00 
 3.99898500e-02  0.00000000e+00  6.24201577e-04  1.04770949e+00 
 3.99998500e-02  0.00000000e+00  6.17990616e-04  1.04612325e+00 
 4.00098500e-02  0.00000000e+00  6.11841455e-04  1.04453941e+00 
 4.00198500e-02  0.00000000e+00  6.05753481e-04  1.04295798e+00 
 4.00298500e-02  0.00000000e+00  5.99726083e-04  1.04137893e+00 
 4.00398500e-02  0.00000000e+00  5.93758659e-04  1.03980228e+00 
 4.00498500e-02  0.00000000e+00  5.87850613e-04  1.03822801e+00 
 4.00598500e-02  0.00000000e+00  5.82001353e-04  1.03665613e+00 
 4.00698500e-02  0.00000000e+00  5.76210295e-04  1.03508663e+00 
 4.00798500e-02  0.00000000e+00  5.70476859e-04  1.03351951e+00 
 4.00898500e-02  0.00000000e+00  5.64800472e-04  1.03195475e+00 
 4.00998500e-02  0.00000000e+00  5.59180567e-04  1.03039237e+00 
 4.01098500e-02  0.00000000e+00  5.53616581e-04  1.02883235e+00 
 4.01198500e-02  0.00000000e+00  5.48107959e-04  1.02727469e+00 
 4.01298500e-02  0.00000000e+00  5.42654148e-04  1.02571939e+00 
 4.01398500e-02  0.00000000e+00  5.37254604e-04  1.02416645e+00 
 4.01498500e-02  0.00000000e+00  5.31908787e-04  1.02261586e+00 
 4.01598500e-02  0.00000000e+00  5.26616163e-04  1.02106761e+00 
 4.01698500e-02  0.00000000e+00  5.21376201e-04  1.01952171e+00 
 4.01798500e-02  0.00000000e+00  5.16188378e-04  1.01797815e+00 
 4.01898500e-02  0.00000000e+00  5.11052175e-04  1.01643693e+00 
 4.01998500e-02  0.00000000e+00  5.05967079e-04  1.01489804e+00 
 4.02098500e-02  0.00000000e+00  5.00932581e-04  1.01336148e+00 
 4.02198500e-02  0.00000000e+00  4.95948177e-04  1.01182724e+00 
 4.02298500e-02  0.00000000e+00  4.91013369e-04  1.01029533e+00 
 4.02398500e-02  0.00000000e+00  4.86127664e-04  1.00876574e+00 
 4.02498500e-02  0.00000000e+00  4.81290573e-04  1.00723846e+00 
 4.02598500e-02  0.00000000e+00  4.76501612e-04  1.00571350e+00 
 4.02698500e-02  0.00000000e+00  4.71760302e-04  1.00419085e+00 
 4.02798500e-02  0.00000000e+00  4.67066170e-04  1.00267050e+00 
 4.02898500e-02  0.00000000e+00  4.62418745e-04  1.00115245e+00 
 4.02998500e-02  0.00000000e+00  4.57817564e-04  9.99636699e-01 
 4.03098500e-02  0.00000000e+00  4.53262165e-04  9.98123245e-01 
 4.03198500e-02  0.00000000e+00  4.48752094e-04  9.96612081e-01 
 4.03298500e-02  0.00000000e+00  4.44286899e-04  9.95103206e-01 
 4.03398500e-02  0.00000000e+00  4.39866134e-04  9.93596615e-01 
 4.03498500e-02  0.00000000e+00  4.35489356e-04  9.92092306e-01 
 4.03598500e-02  0.00000000e+00  4.31156129e-04  9.90590273e-01 
 4.03698500e-02  0.00000000e+00  4.26866018e-04  9.89090515e-01 
 4.03798500e-02  0.00000000e+00  4.22618595e-04  9.87593028e-01 
 4.03898500e-02  0.00000000e+00  4.18413435e-04  9.86097807e-01 
 4.03998500e-02  0.00000000e+00  4.14250117e-04  9.84604851e-01 
 4.04098500e-02  0.00000000e+00  4.10128225e-04  9.83114155e-01 
 4.04198500e-02  0.00000000e+00  4.06047348e-04  9.81625715e-01 
 4.04298500e-02  0.00000000e+00  4.02007075e-04  9.80139529e-01 
 4.04398500e-02  0.00000000e+00  3.98007005e-04  9.78655594e-01 
 4.04498500e-02  0.00000000e+00  3.94046736e-04  9.77173905e-01 
 4.04598500e-02  0.00000000e+00  3.90125873e-04  9.75694459e-01 
 4.04698500e-02  0.00000000e+00  3.86244024e-04  9.74217253e-01 
 4.04798500e-02  0.00000000e+00  3.82400800e-04  9.72742284e-01 
 4.04898500e-02  0.00000000e+00  3.78595817e-04  9.71269548e-01 
 4.04998500e-02  0.00000000e+00  3.74828694e-04  9.69799041e-01 
 4.05098500e-02  0.00000000e+00  3.71099055e-04  9.68330761e-01 
 4.05198500e-02  0.00000000e+00  3.67406527e-04  9.66864704e-01 
 4.05298500e-02  0.00000000e+00  3.63750741e-04  9.65400866e-01 
 4.05398500e-02  0.00000000e+00  3.60131331e-04  9.63939245e-01 
 4.05498500e-02  0.00000000e+00  3.56547934e-04  9.62479837e-01 
 4.05598500e-02  0.00000000e+00  3.53000194e-04  9.61022638e-01 
 4.05698500e-02  0.00000000e+00  3.49487754e-04  9.59567645e-01 
 4.05798500e-02  0.00000000e+00  3.46010264e-04  9.58114855e-01 
 4.05898500e-02  0.00000000e+00  3.42567376e-04  9.56664265e-01 
 4.05998500e-02  0.00000000e+00  3.39158745e-04  9.55215871e-01 
 4.06098500e-02  0.00000000e+00  3.35784031e-04  9.53769670e-01 
 4.06198500e-02  0.00000000e+00  3.32442897e-04  9.52325658e-01 
 4.06298500e-02  0.00000000e+00  3.29135007e-04  9.50883833e-01 
 4.06398500e-02  0.00000000e+00  3.25860032e-04  9.49444190e-01 
 4.06498500e-02  0.00000000e+00  3.22617643e-04  9.48006728e-01 
 4.06598500e-02  0.00000000e+00  3.19407518e-04  9.46571441e-01 
 4.06698500e-02  0.00000000e+00  3.16229333e-04  9.45138328e-01 
 4.06798500e-02  0.00000000e+00  3.13082773e-04  9.43707384e-01 
 4.06898500e-02  0.00000000e+00  3.09967521e-04  9.42278607e-01 
 4.06998500e-02  0.00000000e+00  3.06883267e-04  9.40851993e-01 
 4.07098500e-02  0.00000000e+00  3.03829703e-04  9.39427538e-01 
 4.07198500e-02  0.00000000e+00  3.00806521e-04  9.38005241e-01 
 4.07298500e-02  0.00000000e+00  2.97813422e-04  9.36585097e-01 
 4.07398500e-02  0.00000000e+00  2.94850104e-04  9.35167103e-01 
 4.07498500e-02  0.00000000e+00  2.91916272e-04  9.33751255e-01 
 4.07598500e-02  0.00000000e+00  2.89011633e-04  9.32337552e-01 
 4.07698500e-02  0.00000000e+00  2.86135895e-04  9.30925988e-01 
 4.07798500e-02  0.00000000e+00  2.83288772e-04  9.29516562e-01 
 4.07898500e-02  0.00000000e+00  2.80469978e-04  9.28109270e-01 
 4.07998500e-02  0.00000000e+00  2.77679232e-04  9.26704108e-01 
 4.08098500e-02  0.00000000e+00  2.74916255e-04  9.25301074e-01 
 4.08198500e-02  0.00000000e+00  2.72180769e-04  9.23900164e-01 
 4.08298500e-02  0.00000000e+00  2.69472503e-04  9.22501375e-01 
 4.08398500e-02  0.00000000e+00  2.66791185e-04  9.21104704e-01 
 4.08498500e-02  0.00000000e+00  2.64136546e-04  9.19710147e-01 
 4.08598500e-02  0.00000000e+00  2.61508322e-04  9.18317702e-01 
 4.08698500e-02  0.00000000e+00  2.58906249e-04  9.16927364e-01 
 4.08798500e-02  0.00000000e+00  2.56330067e-04  9.15539132e-01 
 4.08898500e-02  0.00000000e+00  2.53779519e-04  9.14153002e-01 
 4.08998500e-02  0.00000000e+00  2.51254350e-04  9.12768970e-01 
 4.09098500e-02  0.00000000e+00  2.48754307e-04  9.11387034e-01 
 4.09198500e-02  0.00000000e+00  2.46279139e-04  9.10007190e-01 
 4.09298500e-02  0.00000000e+00  2.43828601e-04  9.08629435e-01 
 4.09398500e-02  0.00000000e+00  2.41402445e-04  9.07253765e-01 
 4.09498500e-02  0.00000000e+00  2.39000431e-04  9.05880179e-01 
 4.09598500e-02  0.00000000e+00  2.36622317e-04  9.04508672e-01 
 4.09698500e-02  0.00000000e+00  2.34267866e-04  9.03139242e-01 
 4.09798500e-02  0.00000000e+00  2.31936843e-04  9.01771885e-01 
 4.09898500e-02  0.00000000e+00  2.29629014e-04  9.00406599e-01 
 4.09949250e-02  0.00000000e+00  2.28466596e-04  8.99714507e-01 
 4.10000000e-02  0.00000000e+00  2.27310063e-04  8.99022946e-01 
 4.10001000e-02  5.00000000e-01  2.77282334e-04  8.99016901e-01 
 4.10003000e-02  1.50000000e+00  4.77206886e-04  8.99019961e-01 
 4.10006500e-02  3.25000000e+00  1.30814445e-03  8.99098230e-01 
 4.10010000e-02  5.00000000e+00  2.75118407e-03  8.99269296e-01 
 4.10010495e-02  5.00000000e+00  2.99855444e-03  8.99300054e-01 
 4.10011485e-02  5.00000000e+00  3.49327069e-03  8.99361569e-01 
 4.10013465e-02  5.00000000e+00  4.48255626e-03  8.99484595e-01 
 4.10017426e-02  5.00000000e+00  6.46053984e-03  8.99730638e-01 
 4.10025346e-02  5.00000000e+00  1.04141579e-02  9.00222678e-01 
 4.10041187e-02  5.00000000e+00  1.83120070e-02  9.01206581e-01 
 4.10072870e-02  5.00000000e+00  3.40702310e-02  9.03173679e-01 
 4.10136235e-02  5.00000000e+00  6.54373746e-02  9.07105044e-01 
 4.10236235e-02  5.00000000e+00  1.14537500e-01  9.13301706e-01 
 4.10336235e-02  5.00000000e+00  1.63149067e-01  9.19488986e-01 
 4.10436235e-02  5.00000000e+00  2.11276937e-01  9.25666898e-01 
 4.10536235e-02  5.00000000e+00  2.58925923e-01  9.31835457e-01 
 4.10636235e-02  5.00000000e+00  3.06100789e-01  9.37994676e-01 
 4.10736235e-02  5.00000000e+00  3.52806254e-01  9.44144571e-01 
 4.10836235e-02  5.00000000e+00  3.99046988e-01  9.50285154e-01 
 4.10936235e-02  5.00000000e+00  4.44827615e-01  9.56416441e-01 
 4.11036235e-02  5.00000000e+00  4.90152713e-01  9.62538445e-01 
 4.11136235e-02  5.00000000e+00  5.35026816e-01  9.68651180e-01 
 4.11236235e-02  5.00000000e+00  5.79454410e-01  9.74754660e-01 
 4.11336235e-02  5.00000000e+00  6.23439938e-01  9.80848900e-01 
 4.11436235e-02  5.00000000e+00  6.66987799e-01  9.86933913e-01 
 4.11536235e-02  5.00000000e+00  7.10102348e-01  9.93009713e-01 
 4.11636235e-02  5.00000000e+00  7.52787897e-01  9.99076315e-01 
 4.11736235e-02  5.00000000e+00  7.95048714e-01  1.00513373e+00 
 4.11836235e-02  5.00000000e+00  8.36889025e-01  1.01118198e+00 
 4.11936235e-02  5.00000000e+00  8.78313015e-01  1.01722107e+00 
 4.12036235e-02  5.00000000e+00  9.19324826e-01  1.02325101e+00 
 4.12136235e-02  5.00000000e+00  9.59928559e-01  1.02927183e+00 
 4.12236235e-02  5.00000000e+00  1.00012827e+00  1.03528353e+00 
 4.12336235e-02  5.00000000e+00  1.03992799e+00  1.04128613e+00 
 4.12436235e-02  5.00000000e+00  1.07933170e+00  1.04727964e+00 
 4.12536235e-02  5.00000000e+00  1.11834332e+00  1.05326407e+00 
 4.12636235e-02  5.00000000e+00  1.15696677e+00  1.05923945e+00 
 4.12736235e-02  5.00000000e+00  1.19520591e+00  1.06520578e+00 
 4.12836235e-02  5.00000000e+00  1.23306455e+00  1.07116308e+00 
 4.12936235e-02  5.00000000e+00  1.27054650e+00  1.07711135e+00 
 4.13036235e-02  5.00000000e+00  1.30765549e+00  1.08305062e+00 
 4.13136235e-02  5.00000000e+00  1.34439524e+00  1.08898090e+00 
 4.13236235e-02  5.00000000e+00  1.38076941e+00  1.09490220e+00 
 4.13336235e-02  5.00000000e+00  1.41678166e+00  1.10081454e+00 
 4.13436235e-02  5.00000000e+00  1.45243557e+00  1.10671792e+00 
 4.13536235e-02  5.00000000e+00  1.48773472e+00  1.11261237e+00 
 4.13636235e-02  5.00000000e+00  1.52268263e+00  1.11849789e+00 
 4.13736235e-02  5.00000000e+00  1.55728281e+00  1.12437451e+00 
 4.13836235e-02  5.00000000e+00  1.59153870e+00  1.13024222e+00 
 4.13936235e-02  5.00000000e+00  1.62545374e+00  1.13610105e+00 
 4.14036235e-02  5.00000000e+00  1.65903131e+00  1.14195101e+00 
 4.14136235e-02  5.00000000e+00  1.69227478e+00  1.14779211e+00 
 4.14236235e-02  5.00000000e+00  1.72518747e+00  1.15362437e+00 
 4.14336235e-02  5.00000000e+00  1.75777267e+00  1.15944781e+00 
 4.14436235e-02  5.00000000e+00  1.79003364e+00  1.16526242e+00 
 4.14536235e-02  5.00000000e+00  1.82197360e+00  1.17106823e+00 
 4.14636235e-02  5.00000000e+00  1.85359575e+00  1.17686525e+00 
 4.14736235e-02  5.00000000e+00  1.88490326e+00  1.18265349e+00 
 4.14836235e-02  5.00000000e+00  1.91589925e+00  1.18843297e+00 
 4.14936235e-02  5.00000000e+00  1.94658682e+00  1.19420370e+00 
 4.15036235e-02  5.00000000e+00  1.97696904e+00  1.19996569e+00 
 4.15136235e-02  5.00000000e+00  2.00704895e+00  1.20571896e+00 
 4.15236235e-02  5.00000000e+00  2.03682955e+00  1.21146352e+00 
 4.15336235e-02  5.00000000e+00  2.06631384e+00  1.21719938e+00 
 4.15436235e-02  5.00000000e+00  2.09550474e+00  1.22292656e+00 
 4.15536235e-02  5.00000000e+00  2.12440519e+00  1.22864507e+00 
 4.15636235e-02  5.00000000e+00  2.15301808e+00  1.23435492e+00 
 4.15736235e-02  5.00000000e+00  2.18134626e+00  1.24005612e+00 
 4.15836235e-02  5.00000000e+00  2.20939256e+00  1.24574869e+00 
 4.15936235e-02  5.00000000e+00  2.23715980e+00  1.25143265e+00 
 4.16036235e-02  5.00000000e+00  2.26465075e+00  1.25710799e+00 
 4.16136235e-02  5.00000000e+00  2.29186815e+00  1.26277475e+00 
 4.16236235e-02  5.00000000e+00  2.31881474e+00  1.26843293e+00 
 4.16336235e-02  5.00000000e+00  2.34549320e+00  1.27408253e+00 
 4.16436235e-02  5.00000000e+00  2.37190620e+00  1.27972359e+00 
 4.16536235e-02  5.00000000e+00  2.39805639e+00  1.28535611e+00 
 4.16636235e-02  5.00000000e+00  2.42394638e+00  1.29098009e+00 
 4.16736235e-02  5.00000000e+00  2.44957875e+00  1.29659557e+00 
 4.16836235e-02  5.00000000e+00  2.47495608e+00  1.30220254e+00 
 4.16936235e-02  5.00000000e+00  2.50008089e+00  1.30780102e+00 
 4.17036235e-02  5.00000000e+00  2.52495571e+00  1.31339103e+00 
 4.17136235e-02  5.00000000e+00  2.54958301e+00  1.31897257e+00 
 4.17236235e-02  5.00000000e+00  2.57396527e+00  1.32454566e+00 
 4.17336235e-02  5.00000000e+00  2.59810492e+00  1.33011032e+00 
 4.17436235e-02  5.00000000e+00  2.62200438e+00  1.33566655e+00 
 4.17536235e-02  5.00000000e+00  2.64566602e+00  1.34121436e+00 
 4.17636235e-02  5.00000000e+00  2.66909223e+00  1.34675378e+00 
 4.17736235e-02  5.00000000e+00  2.69228534e+00  1.35228481e+00 
 4.17836235e-02  5.00000000e+00  2.71524768e+00  1.35780747e+00 
 4.17936235e-02  5.00000000e+00  2.73798153e+00  1.36332177e+00 
 4.18036235e-02  5.00000000e+00  2.76048918e+00  1.36882771e+00 
 4.18136235e-02  5.00000000e+00  2.78277287e+00  1.37432532e+00 
 4.18236235e-02  5.00000000e+00  2.80483483e+00  1.37981461e+00 
 4.18336235e-02  5.00000000e+00  2.82667727e+00  1.38529559e+00 
 4.18436235e-02  5.00000000e+00  2.84830237e+00  1.39076827e+00 
 4.18536235e-02  5.00000000e+00  2.86971230e+00  1.39623266e+00 
 4.18636235e-02  5.00000000e+00  2.89090919e+00  1.40168878e+00 
 4.18736235e-02  5.00000000e+00  2.91189517e+00  1.40713664e+00 
 4.18836235e-02  5.00000000e+00  2.93267233e+00  1.41257625e+00 
 4.18936235e-02  5.00000000e+00  2.95324276e+00  1.41800763e+00 
 4.19036235e-02  5.00000000e+00  2.97360850e+00  1.42343078e+00 
 4.19136235e-02  5.00000000e+00  2.99377160e+00  1.42884572e+00 
 4.19236235e-02  5.00000000e+00  3.01373407e+00  1.43425247e+00 
 4.19336235e-02  5.00000000e+00  3.03349791e+00  1.43965102e+00 
 4.19436235e-02  5.00000000e+00  3.05306510e+00  1.44504141e+00 
 4.19536235e-02  5.00000000e+00  3.07243758e+00  1.45042363e+00 
 4.19636235e-02  5.00000000e+00  3.09161731e+00  1.45579771e+00 
 4.19736235e-02  5.00000000e+00  3.11060619e+00  1.46116365e+00 
 4.19836235e-02  5.00000000e+00  3.12940613e+00  1.46652146e+00 
 4.19936235e-02  5.00000000e+00  3.14801900e+00  1.47187116e+00 
 4.20036235e-02  5.00000000e+00  3.16644668e+00  1.47721277e+00 
 4.20136235e-02  5.00000000e+00  3.18469099e+00  1.48254628e+00 
 4.20236235e-02  5.00000000e+00  3.20275376e+00  1.48787172e+00 
 4.20336235e-02  5.00000000e+00  3.22063681e+00  1.49318910e+00 
 4.20436235e-02  5.00000000e+00  3.23834192e+00  1.49849843e+00 
 4.20536235e-02  5.00000000e+00  3.25587085e+00  1.50379972e+00 
 4.20636235e-02  5.00000000e+00  3.27322537e+00  1.50909298e+00 
 4.20736235e-02  5.00000000e+00  3.29040721e+00  1.51437823e+00 
 4.20836235e-02  5.00000000e+00  3.30741808e+00  1.51965548e+00 
 4.20936235e-02  5.00000000e+00  3.32425969e+00  1.52492473e+00 
 4.21036235e-02  5.00000000e+00  3.34093373e+00  1.53018601e+00 
 4.21136235e-02  5.00000000e+00  3.35744185e+00  1.53543933e+00 
 4.21236235e-02  5.00000000e+00  3.37378571e+00  1.54068469e+00 
 4.21336235e-02  5.00000000e+00  3.38996695e+00  1.54592211e+00 
 4.21436235e-02  5.00000000e+00  3.40598718e+00  1.55115160e+00 
 4.21536235e-02  5.00000000e+00  3.42184800e+00  1.55637317e+00 
 4.21636235e-02  5.00000000e+00  3.43755101e+00  1.56158684e+00 
 4.21736235e-02  5.00000000e+00  3.45309776e+00  1.56679261e+00 
 4.21836235e-02  5.00000000e+00  3.46848982e+00  1.57199050e+00 
 4.21936235e-02  5.00000000e+00  3.48372873e+00  1.57718052e+00 
 4.22036235e-02  5.00000000e+00  3.49881601e+00  1.58236269e+00 
 4.22136235e-02  5.00000000e+00  3.51375316e+00  1.58753701e+00 
 4.22236235e-02  5.00000000e+00  3.52854169e+00  1.59270349e+00 
 4.22336235e-02  5.00000000e+00  3.54318306e+00  1.59786215e+00 
 4.22436235e-02  5.00000000e+00  3.55767875e+00  1.60301300e+00 
 4.22536235e-02  5.00000000e+00  3.57203021e+00  1.60815606e+00 
 4.22636235e-02  5.00000000e+00  3.58623886e+00  1.61329133e+00 
 4.22736235e-02  5.00000000e+00  3.60030614e+00  1.61841882e+00 
 4.22836235e-02  5.00000000e+00  3.61423344e+00  1.62353855e+00 
 4.22936235e-02  5.00000000e+00  3.62802216e+00  1.62865053e+00 
 4.23036235e-02  5.00000000e+00  3.64167368e+00  1.63375476e+00 
 4.23136235e-02  5.00000000e+00  3.65518937e+00  1.63885127e+00 
 4.23236235e-02  5.00000000e+00  3.66857057e+00  1.64394007e+00 
 4.23336235e-02  5.00000000e+00  3.68181862e+00  1.64902116e+00 
 4.23436235e-02  5.00000000e+00  3.69493486e+00  1.65409456e+00 
 4.23536235e-02  5.00000000e+00  3.70792058e+00  1.65916027e+00 
 4.23636235e-02  5.00000000e+00  3.72077709e+00  1.66421832e+00 
 4.23736235e-02  5.00000000e+00  3.73350568e+00  1.66926871e+00 
 4.23836235e-02  5.00000000e+00  3.74610761e+00  1.67431145e+00 
 4.23936235e-02  5.00000000e+00  3.75858415e+00  1.67934656e+00 
 4.24036235e-02  5.00000000e+00  3.77093655e+00  1.68437404e+00 
 4.24136235e-02  5.00000000e+00  3.78316603e+00  1.68939391e+00 
 4.24236235e-02  5.00000000e+00  3.79527384e+00  1.69440619e+00 
 4.24336235e-02  5.00000000e+00  3.80726116e+00  1.69941087e+00 
 4.24436235e-02  5.00000000e+00  3.81912921e+00  1.70440798e+00 
 4.24536235e-02  5.00000000e+00  3.83087917e+00  1.70939752e+00 
 4.24636235e-02  5.00000000e+00  3.84251221e+00  1.71437951e+00 
 4.24736235e-02  5.00000000e+00  3.85402950e+00  1.71935395e+00 
 4.24836235e-02  5.00000000e+00  3.86543219e+00  1.72432086e+00 
 4.24936235e-02  5.00000000e+00  3.87672142e+00  1.72928026e+00 
 4.25036235e-02  5.00000000e+00  3.88789833e+00  1.73423214e+00 
 4.25136235e-02  5.00000000e+00  3.89896401e+00  1.73917653e+00 
 4.25236235e-02  5.00000000e+00  3.90991960e+00  1.74411343e+00 
 4.25336235e-02  5.00000000e+00  3.92076617e+00  1.74904286e+00 
 4.25436235e-02  5.00000000e+00  3.93150481e+00  1.75396482e+00 
 4.25536235e-02  5.00000000e+00  3.94213661e+00  1.75887933e+00 
 4.25636235e-02  5.00000000e+00  3.95266261e+00  1.76378640e+00 
 4.25736235e-02  5.00000000e+00  3.96308388e+00  1.76868605e+00 
 4.25836235e-02  5.00000000e+00  3.97340145e+00  1.77357827e+00 
 4.25936235e-02  5.00000000e+00  3.98361636e+00  1.77846309e+00 
 4.26036235e-02  5.00000000e+00  3.99372963e+00  1.78334051e+00 
 4.26136235e-02  5.00000000e+00  4.00374227e+00  1.78821055e+00 
 4.26236235e-02  5.00000000e+00  4.01365528e+00  1.79307321e+00 
 4.26336235e-02  5.00000000e+00  4.02346966e+00  1.79792851e+00 
 4.26436235e-02  5.00000000e+00  4.03318638e+00  1.80277646e+00 
 4.26536235e-02  5.00000000e+00  4.04280642e+00  1.80761707e+00 
 4.26636235e-02  5.00000000e+00  4.05233073e+00  1.81245036e+00 
 4.26736235e-02  5.00000000e+00  4.06176027e+00  1.81727632e+00 
 4.26836235e-02  5.00000000e+00  4.07109599e+00  1.82209498e+00 
 4.26936235e-02  5.00000000e+00  4.08033882e+00  1.82690634e+00 
 4.27036235e-02  5.00000000e+00  4.08948968e+00  1.83171042e+00 
 4.27136235e-02  5.00000000e+00  4.09854948e+00  1.83650722e+00 
 4.27236235e-02  5.00000000e+00  4.10751914e+00  1.84129677e+00 
 4.27336235e-02  5.00000000e+00  4.11639954e+00  1.84607906e+00 
 4.27436235e-02  5.00000000e+00  4.12519159e+00  1.85085411e+00 
 4.27536235e-02  5.00000000e+00  4.13389615e+00  1.85562193e+00 
 4.27636235e-02  5.00000000e+00  4.14251410e+00  1.86038253e+00 
 4.27736235e-02  5.00000000e+00  4.15104630e+00  1.86513593e+00 
 4.27836235e-02  5.00000000e+00  4.15949360e+00  1.86988213e+00 
 4.27936235e-02  5.00000000e+00  4.16785684e+00  1.87462114e+00 
 4.28036235e-02  5.00000000e+00  4.17613688e+00  1.87935298e+00 
 4.28136235e-02  5.00000000e+00  4.18433452e+00  1.88407765e+00 
 4.28236235e-02  5.00000000e+00  4.19245059e+00  1.88879517e+00 
 4.28336235e-02  5.00000000e+00  4.20048591e+00  1.89350555e+00 
 4.28436235e-02  5.00000000e+00  4.20844128e+00  1.89820880e+00 
 4.28536235e-02  5.00000000e+00  4.21631748e+00  1.90290492e+00 
 4.28636235e-02  5.00000000e+00  4.22411532e+00  1.90759394e+00 
 4.28736235e-02  5.00000000e+00  4.23183556e+00  1.91227585e+00 
 4.28836235e-02  5.00000000e+00  4.23947899e+00  1.91695068e+00 
 4.28936235e-02  5.00000000e+00  4.24704636e+00  1.92161843e+00 
 4.29036235e-02  5.00000000e+00  4.25453844e+00  1.92627912e+00 
 4.29136235e-02  5.00000000e+00  4.26195597e+00  1.93093274e+00 
 4.29236235e-02  5.00000000e+00  4.26929969e+00  1.93557933e+00 
 4.29336235e-02  5.00000000e+00  4.27657034e+00  1.94021887e+00 
 4.29436235e-02  5.00000000e+00  4.28376864e+00  1.94485140e+00 
 4.29536235e-02  5.00000000e+00  4.29089532e+00  1.94947690e+00 
 4.29636235e-02  5.00000000e+00  4.29795109e+00  1.95409541e+00 
 4.29736235e-02  5.00000000e+00  4.30493665e+00  1.95870692e+00 
 4.29836235e-02  5.00000000e+00  4.31185271e+00  1.96331146e+00 
 4.29936235e-02  5.00000000e+00  4.31869994e+00  1.96790902e+00 
 4.30036235e-02  5.00000000e+00  4.32547905e+00  1.97249961e+00 
 4.30136235e-02  5.00000000e+00  4.33219070e+00  1.97708326e+00 
 4.30236235e-02  5.00000000e+00  4.33883557e+00  1.98165997e+00 
 4.30336235e-02  5.00000000e+00  4.34541432e+00  1.98622975e+00 
 4.30436235e-02  5.00000000e+00  4.35192761e+00  1.99079262e+00 
 4.30536235e-02  5.00000000e+00  4.35837609e+00  1.99534857e+00 
 4.30636235e-02  5.00000000e+00  4.36476041e+00  1.99989763e+00 
 4.30736235e-02  5.00000000e+00  4.37108120e+00  2.00443979e+00 
 4.30836235e-02  5.00000000e+00  4.37733910e+00  2.00897509e+00 
 4.30936235e-02  5.00000000e+00  4.38353473e+00  2.01350351e+00 
 4.31036235e-02  5.00000000e+00  4.38966871e+00  2.01802508e+00 
 4.31136235e-02  5.00000000e+00  4.39574166e+00  2.02253980e+00 
 4.31236235e-02  5.00000000e+00  4.40175418e+00  2.02704769e+00 
 4.31336235e-02  5.00000000e+00  4.40770688e+00  2.03154876e+00 
 4.31436235e-02  5.00000000e+00  4.41360034e+00  2.03604300e+00 
 4.31536235e-02  5.00000000e+00  4.41943516e+00  2.04053045e+00 
 4.31636235e-02  5.00000000e+00  4.42521193e+00  2.04501110e+00 
 4.31736235e-02  5.00000000e+00  4.43093121e+00  2.04948497e+00 
 4.31836235e-02  5.00000000e+00  4.43659359e+00  2.05395206e+00 
 4.31936235e-02  5.00000000e+00  4.44219962e+00  2.05841239e+00 
 4.32036235e-02  5.00000000e+00  4.44774987e+00  2.06286597e+00 
 4.32136235e-02  5.00000000e+00  4.45324490e+00  2.06731280e+00 
 4.32236235e-02  5.00000000e+00  4.45868525e+00  2.07175290e+00 
 4.32336235e-02  5.00000000e+00  4.46407147e+00  2.07618628e+00 
 4.32436235e-02  5.00000000e+00  4.46940409e+00  2.08061295e+00 
 4.32536235e-02  5.00000000e+00  4.47468365e+00  2.08503291e+00 
 4.32636235e-02  5.00000000e+00  4.47991068e+00  2.08944619e+00 
 4.32736235e-02  5.00000000e+00  4.48508570e+00  2.09385278e+00 
 4.32836235e-02  5.00000000e+00  4.49020922e+00  2.09825270e+00 
 4.32936235e-02  5.00000000e+00  4.49528177e+00  2.10264596e+00 
 4.33036235e-02  5.00000000e+00  4.50030384e+00  2.10703256e+00 
 4.33136235e-02  5.00000000e+00  4.50527594e+00  2.11141253e+00 
 4.33236235e-02  5.00000000e+00  4.51019857e+00  2.11578587e+00 
 4.33336235e-02  5.00000000e+00  4.51507221e+00  2.12015258e+00 
 4.33436235e-02  5.00000000e+00  4.51989737e+00  2.12451268e+00 
 4.33536235e-02  5.00000000e+00  4.52467451e+00  2.12886618e+00 
 4.33636235e-02  5.00000000e+00  4.52940411e+00  2.13321309e+00 
 4.33736235e-02  5.00000000e+00  4.53408666e+00  2.13755342e+00 
 4.33836235e-02  5.00000000e+00  4.53872261e+00  2.14188718e+00 
 4.33936235e-02  5.00000000e+00  4.54331244e+00  2.14621437e+00 
 4.34036235e-02  5.00000000e+00  4.54785659e+00  2.15053502e+00 
 4.34136235e-02  5.00000000e+00  4.55235553e+00  2.15484912e+00 
 4.34236235e-02  5.00000000e+00  4.55680971e+00  2.15915669e+00 
 4.34336235e-02  5.00000000e+00  4.56121956e+00  2.16345774e+00 
 4.34436235e-02  5.00000000e+00  4.56558553e+00  2.16775228e+00 
 4.34536235e-02  5.00000000e+00  4.56990807e+00  2.17204031e+00 
 4.34636235e-02  5.00000000e+00  4.57418759e+00  2.17632186e+00 
 4.34736235e-02  5.00000000e+00  4.57842453e+00  2.18059692e+00 
 4.34836235e-02  5.00000000e+00  4.58261931e+00  2.18486551e+00 
 4.34936235e-02  5.00000000e+00  4.58677235e+00  2.18912764e+00 
 4.35036235e-02  5.00000000e+00  4.59088407e+00  2.19338331e+00 
 4.35136235e-02  5.00000000e+00  4.59495487e+00  2.19763254e+00 
 4.35236235e-02  5.00000000e+00  4.59898517e+00  2.20187534e+00 
 4.35336235e-02  5.00000000e+00  4.60297537e+00  2.20611171e+00 
 4.35436235e-02  5.00000000e+00  4.60692586e+00  2.21034167e+00 
 4.35536235e-02  5.00000000e+00  4.61083705e+00  2.21456522e+00 
 4.35636235e-02  5.00000000e+00  4.61470932e+00  2.21878239e+00 
 4.35736235e-02  5.00000000e+00  4.61854305e+00  2.22299316e+00 
 4.35836235e-02  5.00000000e+00  4.62233865e+00  2.22719756e+00 
 4.35936235e-02  5.00000000e+00  4.62609647e+00  2.23139560e+00 
 4.36036235e-02  5.00000000e+00  4.62981690e+00  2.23558728e+00 
 4.36136235e-02  5.00000000e+00  4.63350032e+00  2.23977261e+00 
 4.36236235e-02  5.00000000e+00  4.63714708e+00  2.24395161e+00 
 4.36336235e-02  5.00000000e+00  4.64075756e+00  2.24812428e+00 
 4.36436235e-02  5.00000000e+00  4.64433211e+00  2.25229063e+00 
 4.36536235e-02  5.00000000e+00  4.64787109e+00  2.25645067e+00 
 4.36636235e-02  5.00000000e+00  4.65137486e+00  2.26060442e+00 
 4.36736235e-02  5.00000000e+00  4.65484377e+00  2.26475188e+00 
 4.36836235e-02  5.00000000e+00  4.65827816e+00  2.26889306e+00 
 4.36936235e-02  5.00000000e+00  4.66167838e+00  2.27302796e+00 
 4.37036235e-02  5.00000000e+00  4.66504476e+00  2.27715661e+00 
 4.37136235e-02  5.00000000e+00  4.66837765e+00  2.28127901e+00 
 4.37236235e-02  5.00000000e+00  4.67167738e+00  2.28539517e+00 
 4.37336235e-02  5.00000000e+00  4.67494427e+00  2.28950509e+00 
 4.37436235e-02  5.00000000e+00  4.67817865e+00  2.29360879e+00 
 4.37536235e-02  5.00000000e+00  4.68138085e+00  2.29770628e+00 
 4.37636235e-02  5.00000000e+00  4.68455119e+00  2.30179757e+00 
 4.37736235e-02  5.00000000e+00  4.68768999e+00  2.30588266e+00 
 4.37836235e-02  5.00000000e+00  4.69079755e+00  2.30996156e+00 
 4.37936235e-02  5.00000000e+00  4.69387419e+00  2.31403429e+00 
 4.38036235e-02  5.00000000e+00  4.69692022e+00  2.31810086e+00 
 4.38136235e-02  5.00000000e+00  4.69993594e+00  2.32216126e+00 
 4.38236235e-02  5.00000000e+00  4.70292165e+00  2.32621552e+00 
 4.38336235e-02  5.00000000e+00  4.70587765e+00  2.33026365e+00 
 4.38436235e-02  5.00000000e+00  4.70880425e+00  2.33430564e+00 
 4.38536235e-02  5.00000000e+00  4.71170172e+00  2.33834151e+00 
 4.38636235e-02  5.00000000e+00  4.71457036e+00  2.34237128e+00 
 4.38736235e-02  5.00000000e+00  4.71741045e+00  2.34639494e+00 
 4.38836235e-02  5.00000000e+00  4.72022229e+00  2.35041251e+00 
 4.38936235e-02  5.00000000e+00  4.72300615e+00  2.35442399e+00 
 4.39036235e-02  5.00000000e+00  4.72576230e+00  2.35842941e+00 
 4.39136235e-02  5.00000000e+00  4.72849104e+00  2.36242876e+00 
 4.39236235e-02  5.00000000e+00  4.73119262e+00  2.36642205e+00 
 4.39336235e-02  5.00000000e+00  4.73386732e+00  2.37040930e+00 
 4.39436235e-02  5.00000000e+00  4.73651540e+00  2.37439051e+00 
 4.39536235e-02  5.00000000e+00  4.73913714e+00  2.37836570e+00 
 4.39636235e-02  5.00000000e+00  4.74173279e+00  2.38233487e+00 
 4.39736235e-02  5.00000000e+00  4.74430262e+00  2.38629802e+00 
 4.39836235e-02  5.00000000e+00  4.74684687e+00  2.39025518e+00 
 4.39936235e-02  5.00000000e+00  4.74936580e+00  2.39420634e+00 
 4.40036235e-02  5.00000000e+00  4.75185968e+00  2.39815153e+00 
 4.40136235e-02  5.00000000e+00  4.75432874e+00  2.40209074e+00 
 4.40236235e-02  5.00000000e+00  4.75677323e+00  2.40602399e+00 
 4.40336235e-02  5.00000000e+00  4.75919339e+00  2.40995128e+00 
 4.40436235e-02  5.00000000e+00  4.76158948e+00  2.41387262e+00 
 4.40536235e-02  5.00000000e+00  4.76396172e+00  2.41778803e+00 
 4.40636235e-02  5.00000000e+00  4.76631036e+00  2.42169751e+00 
 4.40736235e-02  5.00000000e+00  4.76863563e+00  2.42560107e+00 
 4.40836235e-02  5.00000000e+00  4.77093776e+00  2.42949872e+00 
 4.40936235e-02  5.00000000e+00  4.77321699e+00  2.43339048e+00 
 4.41036235e-02  5.00000000e+00  4.77547354e+00  2.43727633e+00 
 4.41136235e-02  5.00000000e+00  4.77770763e+00  2.44115631e+00 
 4.41236235e-02  5.00000000e+00  4.77991950e+00  2.44503041e+00 
 4.41336235e-02  5.00000000e+00  4.78210935e+00  2.44889865e+00 
 4.41436235e-02  5.00000000e+00  4.78427742e+00  2.45276102e+00 
 4.41536235e-02  5.00000000e+00  4.78642391e+00  2.45661756e+00 
 4.41636235e-02  5.00000000e+00  4.78854905e+00  2.46046825e+00 
 4.41736235e-02  5.00000000e+00  4.79065304e+00  2.46431311e+00 
 4.41836235e-02  5.00000000e+00  4.79273609e+00  2.46815215e+00 
 4.41936235e-02  5.00000000e+00  4.79479842e+00  2.47198538e+00 
 4.42036235e-02  5.00000000e+00  4.79684023e+00  2.47581281e+00 
 4.42136235e-02  5.00000000e+00  4.79886172e+00  2.47963444e+00 
 4.42236235e-02  5.00000000e+00  4.80086309e+00  2.48345028e+00 
 4.42336235e-02  5.00000000e+00  4.80284455e+00  2.48726035e+00 
 4.42436235e-02  5.00000000e+00  4.80480630e+00  2.49106465e+00 
 4.42536235e-02  5.00000000e+00  4.80674852e+00  2.49486319e+00 
 4.42636235e-02  5.00000000e+00  4.80867143e+00  2.49865598e+00 
 4.42736235e-02  5.00000000e+00  4.81057519e+00  2.50244302e+00 
 4.42836235e-02  5.00000000e+00  4.81246002e+00  2.50622434e+00 
 4.42936235e-02  5.00000000e+00  4.81432609e+00  2.50999992e+00 
 4.43036235e-02  5.00000000e+00  4.81617359e+00  2.51376980e+00 
 4.43136235e-02  5.00000000e+00  4.81800271e+00  2.51753396e+00 
 4.43236235e-02  5.00000000e+00  4.81981362e+00  2.52129242e+00 
 4.43336235e-02  5.00000000e+00  4.82160652e+00  2.52504520e+00 
 4.43436235e-02  5.00000000e+00  4.82338158e+00  2.52879229e+00 
 4.43536235e-02  5.00000000e+00  4.82513898e+00  2.53253371e+00 
 4.43636235e-02  5.00000000e+00  4.82687889e+00  2.53626947e+00 
 4.43736235e-02  5.00000000e+00  4.82860149e+00  2.53999957e+00 
 4.43836235e-02  5.00000000e+00  4.83030695e+00  2.54372402e+00 
 4.43936235e-02  5.00000000e+00  4.83199543e+00  2.54744283e+00 
 4.44036235e-02  5.00000000e+00  4.83366712e+00  2.55115601e+00 
 4.44136235e-02  5.00000000e+00  4.83532218e+00  2.55486357e+00 
 4.44236235e-02  5.00000000e+00  4.83696076e+00  2.55856552e+00 
 4.44336235e-02  5.00000000e+00  4.83858304e+00  2.56226187e+00 
 4.44436235e-02  5.00000000e+00  4.84018918e+00  2.56595261e+00 
 4.44536235e-02  5.00000000e+00  4.84177934e+00  2.56963777e+00 
 4.44636235e-02  5.00000000e+00  4.84335367e+00  2.57331735e+00 
 4.44736235e-02  5.00000000e+00  4.84491234e+00  2.57699136e+00 
 4.44836235e-02  5.00000000e+00  4.84645550e+00  2.58065980e+00 
 4.44936235e-02  5.00000000e+00  4.84798331e+00  2.58432270e+00 
 4.45036235e-02  5.00000000e+00  4.84949591e+00  2.58798004e+00 
 4.45136235e-02  5.00000000e+00  4.85099347e+00  2.59163185e+00 
 4.45236235e-02  5.00000000e+00  4.85247612e+00  2.59527813e+00 
 4.45336235e-02  5.00000000e+00  4.85394402e+00  2.59891889e+00 
 4.45436235e-02  5.00000000e+00  4.85539731e+00  2.60255414e+00 
 4.45536235e-02  5.00000000e+00  4.85683614e+00  2.60618388e+00 
 4.45636235e-02  5.00000000e+00  4.85826066e+00  2.60980813e+00 
 4.45736235e-02  5.00000000e+00  4.85967100e+00  2.61342689e+00 
 4.45836235e-02  5.00000000e+00  4.86106731e+00  2.61704018e+00 
 4.45936235e-02  5.00000000e+00  4.86244972e+00  2.62064799e+00 
 4.46036235e-02  5.00000000e+00  4.86381838e+00  2.62425034e+00 
 4.46136235e-02  5.00000000e+00  4.86517343e+00  2.62784723e+00 
 4.46236235e-02  5.00000000e+00  4.86651498e+00  2.63143868e+00 
 4.46336235e-02  5.00000000e+00  4.86784319e+00  2.63502470e+00 
 4.46436235e-02  5.00000000e+00  4.86915819e+00  2.63860528e+00 
 4.46536235e-02  5.00000000e+00  4.87046009e+00  2.64218044e+00 
 4.46636235e-02  5.00000000e+00  4.87174905e+00  2.64575019e+00 
 4.46736235e-02  5.00000000e+00  4.87302518e+00  2.64931454e+00 
 4.46836235e-02  5.00000000e+00  4.87428861e+00  2.65287349e+00 
 4.46936235e-02  5.00000000e+00  4.87553947e+00  2.65642705e+00 
 4.47036235e-02  5.00000000e+00  4.87677788e+00  2.65997523e+00 
 4.47136235e-02  5.00000000e+00  4.87800397e+00  2.66351803e+00 
 4.47236235e-02  5.00000000e+00  4.87921786e+00  2.66705548e+00 
 4.47336235e-02  5.00000000e+00  4.88041968e+00  2.67058757e+00 
 4.47436235e-02  5.00000000e+00  4.88160953e+00  2.67411431e+00 
 4.47536235e-02  5.00000000e+00  4.88278754e+00  2.67763571e+00 
 4.47636235e-02  5.00000000e+00  4.88395384e+00  2.68115178e+00 
 4.47736235e-02  5.00000000e+00  4.88510853e+00  2.68466253e+00 
 4.47836235e-02  5.00000000e+00  4.88625172e+00  2.68816796e+00 
 4.47936235e-02  5.00000000e+00  4.88738355e+00  2.69166808e+00 
 4.48036235e-02  5.00000000e+00  4.88850411e+00  2.69516291e+00 
 4.48136235e-02  5.00000000e+00  4.88961352e+00  2.69865244e+00 
 4.48236235e-02  5.00000000e+00  4.89071189e+00  2.70213669e+00 
 4.48336235e-02  5.00000000e+00  4.89179934e+00  2.70561567e+00 
 4.48436235e-02  5.00000000e+00  4.89287596e+00  2.70908937e+00 
 4.48536235e-02  5.00000000e+00  4.89394187e+00  2.71255782e+00 
 4.48636235e-02  5.00000000e+00  4.89499718e+00  2.71602102e+00 
 4.48736235e-02  5.00000000e+00  4.89604198e+00  2.71947898e+00 
 4.48836235e-02  5.00000000e+00  4.89707639e+00  2.72293170e+00 
 4.48936235e-02  5.00000000e+00  4.89810050e+00  2.72637919e+00 
 4.49036235e-02  5.00000000e+00  4.89911443e+00  2.72982146e+00 
 4.49136235e-02  5.00000000e+00  4.90011827e+00  2.73325852e+00 
 4.49236235e-02  5.00000000e+00  4.90111211e+00  2.73669038e+00 
 4.49336235e-02  5.00000000e+00  4.90209607e+00  2.74011704e+00 
 4.49436235e-02  5.00000000e+00  4.90307024e+00  2.74353851e+00 
 4.49536235e-02  5.00000000e+00  4.90403472e+00  2.74695480e+00 
 4.49636235e-02  5.00000000e+00  4.90498960e+00  2.75036592e+00 
 4.49736235e-02  5.00000000e+00  4.90593497e+00  2.75377188e+00 
 4.49836235e-02  5.00000000e+00  4.90687094e+00  2.75717268e+00 
 4.49918117e-02  5.00000000e+00  4.90763040e+00  2.75995351e+00 
 4.50000000e-02  5.00000000e+00  4.90838366e+00  2.76273090e+00 
