 time            v(in)           v(out)          i(V1)          
 0.00000000e+00  0.00000000e+00  0.00000000e+00  0.00000000e+00 
 1.00000000e-07  0.00000000e+00  0.00000000e+00  0.00000000e+00 
 2.00000000e-07  0.00000000e+00  0.00000000e+00  0.00000000e+00 
 4.00000000e-07  0.00000000e+00  0.00000000e+00  0.00000000e+00 
 8.00000000e-07  0.00000000e+00  0.00000000e+00  0.00000000e+00 
 1.60000000e-06  0.00000000e+00  0.00000000e+00  0.00000000e+00 
 3.20000000e-06  0.00000000e+00  0.00000000e+00  0.00000000e+00 
 6.40000000e-06  0.00000000e+00  0.00000000e+00  0.00000000e+00 
 1.28000000e-05  0.00000000e+00  0.00000000e+00  0.00000000e+00 
 2.28000000e-05  0.00000000e+00  0.00000000e+00  0.00000000e+00 
 3.28000000e-05  0.00000000e+00  0.00000000e+00  0.00000000e+00 
 4.28000000e-05  0.00000000e+00  0.00000000e+00  0.00000000e+00 
 5.28000000e-05  0.00000000e+00  0.00000000e+00  0.00000000e+00 
 6.28000000e-05  0.00000000e+00  0.00000000e+00  0.00000000e+00 
 7.28000000e-05  0.00000000e+00  0.00000000e+00  0.00000000e+00 
 8.28000000e-05  0.00000000e+00  0.00000000e+00  0.00000000e+00 
 9.28000000e-05  0.00000000e+00  0.00000000e+00  0.00000000e+00 
 1.02800000e-04  0.00000000e+00  0.00000000e+00  0.00000000e+00 
 1.12800000e-04  0.00000000e+00  0.00000000e+00  0.00000000e+00 
 1.22800000e-04  0.00000000e+00  0.00000000e+00  0.00000000e+00 
 1.32800000e-04  0.00000000e+00  0.00000000e+00  0.00000000e+00 
 1.42800000e-04  0.00000000e+00  0.00000000e+00  0.00000000e+00 
 1.52800000e-04  0.00000000e+00  0.00000000e+00  0.00000000e+00 
 1.62800000e-04  0.00000000e+00  0.00000000e+00  0.00000000e+00 
 1.72800000e-04  0.00000000e+00  0.00000000e+00  0.00000000e+00 
 1.82800000e-04  0.00000000e+00  0.00000000e+00  0.00000000e+00 
 1.92800000e-04  0.00000000e+00  0.00000000e+00  0.00000000e+00 
 2.02800000e-04  0.00000000e+00  0.00000000e+00  0.00000000e+00 
 2.12800000e-04  0.00000000e+00  0.00000000e+00  0.00000000e+00 
 2.22800000e-04  0.00000000e+00  0.00000000e+00  0.00000000e+00 
 2.32800000e-04  0.00000000e+00  0.00000000e+00  0.00000000e+00 
 2.42800000e-04  0.00000000e+00  0.00000000e+00  0.00000000e+00 
 2.52800000e-04  0.00000000e+00  0.00000000e+00  0.00000000e+00 
 2.62800000e-04  0.00000000e+00  0.00000000e+00  0.00000000e+00 
 2.72800000e-04  0.00000000e+00  0.00000000e+00  0.00000000e+00 
 2.82800000e-04  0.00000000e+00  0.00000000e+00  0.00000000e+00 
 2.92800000e-04  0.00000000e+00  0.00000000e+00  0.00000000e+00 
 3.02800000e-04  0.00000000e+00  0.00000000e+00  0.00000000e+00 
 3.12800000e-04  0.00000000e+00  0.00000000e+00  0.00000000e+00 
 3.22800000e-04  0.00000000e+00  0.00000000e+00  0.00000000e+00 
 3.32800000e-04  0.00000000e+00  0.00000000e+00  0.00000000e+00 
 3.42800000e-04  0.00000000e+00  0.00000000e+00  0.00000000e+00 
 3.52800000e-04  0.00000000e+00  0.00000000e+00  0.00000000e+00 
 3.62800000e-04  0.00000000e+00  0.00000000e+00  0.00000000e+00 
 3.72800000e-04  0.00000000e+00  0.00000000e+00  0.00000000e+00 
 3.82800000e-04  0.00000000e+00  0.00000000e+00  0.00000000e+00 
 3.92800000e-04  0.00000000e+00  0.00000000e+00  0.00000000e+00 
 4.02800000e-04  0.00000000e+00  0.00000000e+00  0.00000000e+00 
 4.12800000e-04  0.00000000e+00  0.00000000e+00  0.00000000e+00 
 4.22800000e-04  0.00000000e+00  0.00000000e+00  0.00000000e+00 
 4.32800000e-04  0.00000000e+00  0.00000000e+00  0.00000000e+00 
 4.42800000e-04  0.00000000e+00  0.00000000e+00  0.00000000e+00 
 4.52800000e-04  0.00000000e+00  0.00000000e+00  0.00000000e+00 
 4.62800000e-04  0.00000000e+00  0.00000000e+00  0.00000000e+00 
 4.72800000e-04  0.00000000e+00  0.00000000e+00  0.00000000e+00 
 4.82800000e-04  0.00000000e+00  0.00000000e+00  0.00000000e+00 
 4.92800000e-04  0.00000000e+00  0.00000000e+00  0.00000000e+00 
 5.02800000e-04  0.00000000e+00  0.00000000e+00  0.00000000e+00 
 5.12800000e-04  0.00000000e+00  0.00000000e+00  0.00000000e+00 
 5.22800000e-04  0.00000000e+00  0.00000000e+00  0.00000000e+00 
 5.32800000e-04  0.00000000e+00  0.00000000e+00  0.00000000e+00 
 5.42800000e-04  0.00000000e+00  0.00000000e+00  0.00000000e+00 
 5.52800000e-04  0.00000000e+00  0.00000000e+00  0.00000000e+00 
 5.62800000e-04  0.00000000e+00  0.00000000e+00  0.00000000e+00 
 5.72800000e-04  0.00000000e+00  0.00000000e+00  0.00000000e+00 
 5.82800000e-04  0.00000000e+00  0.00000000e+00  0.00000000e+00 
 5.92800000e-04  0.00000000e+00  0.00000000e+00  0.00000000e+00 
 6.02800000e-04  0.00000000e+00  0.00000000e+00  0.00000000e+00 
 6.12800000e-04  0.00000000e+00  0.00000000e+00  0.00000000e+00 
 6.22800000e-04  0.00000000e+00  0.00000000e+00  0.00000000e+00 
 6.32800000e-04  0.00000000e+00  0.00000000e+00  0.00000000e+00 
 6.42800000e-04  0.00000000e+00  0.00000000e+00  0.00000000e+00 
 6.52800000e-04  0.00000000e+00  0.00000000e+00  0.00000000e+00 
 6.62800000e-04  0.00000000e+00  0.00000000e+00  0.00000000e+00 
 6.72800000e-04  0.00000000e+00  0.00000000e+00  0.00000000e+00 
 6.82800000e-04  0.00000000e+00  0.00000000e+00  0.00000000e+00 
 6.92800000e-04  0.00000000e+00  0.00000000e+00  0.00000000e+00 
 7.02800000e-04  0.00000000e+00  0.00000000e+00  0.00000000e+00 
 7.12800000e-04  0.00000000e+00  0.00000000e+00  0.00000000e+00 
 7.22800000e-04  0.00000000e+00  0.00000000e+00  0.00000000e+00 
 7.32800000e-04  0.00000000e+00  0.00000000e+00  0.00000000e+00 
 7.42800000e-04  0.00000000e+00  0.00000000e+00  0.00000000e+00 
 7.52800000e-04  0.00000000e+00  0.00000000e+00  0.00000000e+00 
 7.62800000e-04  0.00000000e+00  0.00000000e+00  0.00000000e+00 
 7.72800000e-04  0.00000000e+00  0.00000000e+00  0.00000000e+00 
 7.82800000e-04  0.00000000e+00  0.00000000e+00  0.00000000e+00 
 7.92800000e-04  0.00000000e+00  0.00000000e+00  0.00000000e+00 
 8.02800000e-04  0.00000000e+00  0.00000000e+00  0.00000000e+00 
 8.12800000e-04  0.00000000e+00  0.00000000e+00  0.00000000e+00 
 8.22800000e-04  0.00000000e+00  0.00000000e+00  0.00000000e+00 
 8.32800000e-04  0.00000000e+00  0.00000000e+00  0.00000000e+00 
 8.42800000e-04  0.00000000e+00  0.00000000e+00  0.00000000e+00 
 8.52800000e-04  0.00000000e+00  0.00000000e+00  0.00000000e+00 
 8.62800000e-04  0.00000000e+00  0.00000000e+00  0.00000000e+00 
 8.72800000e-04  0.00000000e+00  0.00000000e+00  0.00000000e+00 
 8.82800000e-04  0.00000000e+00  0.00000000e+00  0.00000000e+00 
 8.92800000e-04  0.00000000e+00  0.00000000e+00  0.00000000e+00 
 9.02800000e-04  0.00000000e+00  0.00000000e+00  0.00000000e+00 
 9.12800000e-04  0.00000000e+00  0.00000000e+00  0.00000000e+00 
 9.22800000e-04  0.00000000e+00  0.00000000e+00  0.00000000e+00 
 9.32800000e-04  0.00000000e+00  0.00000000e+00  0.00000000e+00 
 9.42800000e-04  0.00000000e+00  0.00000000e+00  0.00000000e+00 
 9.52800000e-04  0.00000000e+00  0.00000000e+00  0.00000000e+00 
 9.62800000e-04  0.00000000e+00  0.00000000e+00  0.00000000e+00 
 9.72800000e-04  0.00000000e+00  0.00000000e+00  0.00000000e+00 
 9.82800000e-04  0.00000000e+00  0.00000000e+00  0.00000000e+00 
 9.91400000e-04  0.00000000e+00  0.00000000e+00  0.00000000e+00 
 1.00000000e-03  0.00000000e+00  0.00000000e+00  0.00000000e+00 
 1.00010000e-03  5.00000000e-01  4.99900020e-05 -4.99950010e-04 
 1.00030000e-03  1.50000000e+00  2.49930018e-04 -1.49975007e-03 
 1.00065000e-03  3.25000000e+00  1.08071429e-03 -3.24891929e-03 
 1.00100000e-03  5.00000000e+00  2.52320292e-03 -4.99747680e-03 
 1.00104616e-03  5.00000000e+00  2.75376638e-03 -4.99724623e-03 
 1.00113849e-03  5.00000000e+00  3.21485074e-03 -4.99678515e-03 
 1.00132314e-03  5.00000000e+00  4.13676407e-03 -4.99586324e-03 
 1.00169245e-03  5.00000000e+00  5.97956971e-03 -4.99402043e-03 
 1.00243107e-03  5.00000000e+00  9.66110061e-03 -4.99033890e-03 
 1.00390830e-03  5.00000000e+00  1.70078710e-02 -4.98299213e-03 
 1.00686277e-03  5.00000000e+00  3.16364863e-02 -4.96836351e-03 
 1.01277170e-03  5.00000000e+00  6.06359217e-02 -4.93936408e-03 
 1.02277170e-03  5.00000000e+00  1.08940161e-01 -4.89105984e-03 
 1.03277170e-03  5.00000000e+00  1.56287880e-01 -4.84371212e-03 
 1.04277170e-03  5.00000000e+00  2.02698021e-01 -4.79730198e-03 
 1.05277170e-03  5.00000000e+00  2.48189150e-01 -4.75181085e-03 
 1.06277170e-03  5.00000000e+00  2.92779464e-01 -4.70722054e-03 
 1.07277170e-03  5.00000000e+00  3.36486801e-01 -4.66351320e-03 
 1.08277170e-03  5.00000000e+00  3.79328646e-01 -4.62067135e-03 
 1.09277170e-03  5.00000000e+00  4.21322139e-01 -4.57867786e-03 
 1.10277170e-03  5.00000000e+00  4.62484076e-01 -4.53751592e-03 
 1.11277170e-03  5.00000000e+00  5.02830926e-01 -4.49716907e-03 
 1.12277170e-03  5.00000000e+00  5.42378829e-01 -4.45762117e-03 
 1.13277170e-03  5.00000000e+00  5.81143605e-01 -4.41885640e-03 
 1.14277170e-03  5.00000000e+00  6.19140761e-01 -4.38085924e-03 
 1.15277170e-03  5.00000000e+00  6.56385498e-01 -4.34361450e-03 
 1.16277170e-03  5.00000000e+00  6.92892716e-01 -4.30710728e-03 
 1.17277170e-03  5.00000000e+00  7.28677019e-01 -4.27132298e-03 
 1.18277170e-03  5.00000000e+00  7.63752721e-01 -4.23624728e-03 
 1.19277170e-03  5.00000000e+00  7.98133856e-01 -4.20186614e-03 
 1.20277170e-03  5.00000000e+00  8.31834175e-01 -4.16816582e-03 
 1.21277170e-03  5.00000000e+00  8.64867162e-01 -4.13513284e-03 
 1.22277170e-03  5.00000000e+00  8.97246030e-01 -4.10275397e-03 
 1.23277170e-03  5.00000000e+00  9.28983732e-01 -4.07101627e-03 
 1.24277170e-03  5.00000000e+00  9.60092965e-01 -4.03990703e-03 
 1.25277170e-03  5.00000000e+00  9.90586174e-01 -4.00941383e-03 
 1.26277170e-03  5.00000000e+00  1.02047556e+00 -3.97952444e-03 
 1.27277170e-03  5.00000000e+00  1.04977307e+00 -3.95022693e-03 
 1.28277170e-03  5.00000000e+00  1.07849044e+00 -3.92150956e-03 
 1.29277170e-03  5.00000000e+00  1.10663914e+00 -3.89336086e-03 
 1.30277170e-03  5.00000000e+00  1.13423044e+00 -3.86576956e-03 
 1.31277170e-03  5.00000000e+00  1.16127539e+00 -3.83872461e-03 
 1.32277170e-03  5.00000000e+00  1.18778478e+00 -3.81221522e-03 
 1.33277170e-03  5.00000000e+00  1.21376924e+00 -3.78623076e-03 
 1.34277170e-03  5.00000000e+00  1.23923916e+00 -3.76076084e-03 
 1.35277170e-03  5.00000000e+00  1.26420472e+00 -3.73579528e-03 
 1.36277170e-03  5.00000000e+00  1.28867591e+00 -3.71132409e-03 
 1.37277170e-03  5.00000000e+00  1.31266253e+00 -3.68733747e-03 
 1.38277170e-03  5.00000000e+00  1.33617416e+00 -3.66382584e-03 
 1.39277170e-03  5.00000000e+00  1.35922022e+00 -3.64077978e-03 
 1.40277170e-03  5.00000000e+00  1.38180992e+00 -3.61819008e-03 
 1.41277170e-03  5.00000000e+00  1.40395230e+00 -3.59604770e-03 
 1.42277170e-03  5.00000000e+00  1.42565621e+00 -3.57434379e-03 
 1.43277170e-03  5.00000000e+00  1.44693035e+00 -3.55306965e-03 
 1.44277170e-03  5.00000000e+00  1.46778321e+00 -3.53221679e-03 
 1.45277170e-03  5.00000000e+00  1.48822315e+00 -3.51177685e-03 
 1.46277170e-03  5.00000000e+00  1.50825833e+00 -3.49174167e-03 
 1.47277170e-03  5.00000000e+00  1.52789678e+00 -3.47210322e-03 
 1.48277170e-03  5.00000000e+00  1.54714635e+00 -3.45285365e-03 
 1.49277170e-03  5.00000000e+00  1.56601474e+00 -3.43398526e-03 
 1.50277170e-03  5.00000000e+00  1.58450950e+00 -3.41549050e-03 
 1.51277170e-03  5.00000000e+00  1.60263802e+00 -3.39736198e-03 
 1.52277170e-03  5.00000000e+00  1.62040756e+00 -3.37959244e-03 
 1.53277170e-03  5.00000000e+00  1.63782524e+00 -3.36217476e-03 
 1.54277170e-03  5.00000000e+00  1.65489800e+00 -3.34510200e-03 
 1.55277170e-03  5.00000000e+00  1.67163270e+00 -3.32836730e-03 
 1.56277170e-03  5.00000000e+00  1.68803601e+00 -3.31196399e-03 
 1.57277170e-03  5.00000000e+00  1.70411450e+00 -3.29588550e-03 
 1.58277170e-03  5.00000000e+00  1.71987461e+00 -3.28012539e-03 
 1.59277170e-03  5.00000000e+00  1.73532264e+00 -3.26467736e-03 
 1.60277170e-03  5.00000000e+00  1.75046477e+00 -3.24953523e-03 
 1.61277170e-03  5.00000000e+00  1.76530705e+00 -3.23469295e-03 
 1.62277170e-03  5.00000000e+00  1.77985542e+00 -3.22014458e-03 
 1.63277170e-03  5.00000000e+00  1.79411571e+00 -3.20588429e-03 
 1.64277170e-03  5.00000000e+00  1.80809362e+00 -3.19190638e-03 
 1.65277170e-03  5.00000000e+00  1.82179474e+00 -3.17820526e-03 
 1.66277170e-03  5.00000000e+00  1.83522454e+00 -3.16477546e-03 
 1.67277170e-03  5.00000000e+00  1.84838841e+00 -3.15161159e-03 
 1.68277170e-03  5.00000000e+00  1.86129161e+00 -3.13870839e-03 
 1.69277170e-03  5.00000000e+00  1.87393930e+00 -3.12606070e-03 
 1.70277170e-03  5.00000000e+00  1.88633655e+00 -3.11366345e-03 
 1.71277170e-03  5.00000000e+00  1.89848830e+00 -3.10151170e-03 
 1.72277170e-03  5.00000000e+00  1.91039942e+00 -3.08960058e-03 
 1.73277170e-03  5.00000000e+00  1.92207468e+00 -3.07792532e-03 
 1.74277170e-03  5.00000000e+00  1.93351874e+00 -3.06648126e-03 
 1.75277170e-03  5.00000000e+00  1.94473620e+00 -3.05526380e-03 
 1.76277170e-03  5.00000000e+00  1.95573152e+00 -3.04426848e-03 
 1.77277170e-03  5.00000000e+00  1.96650911e+00 -3.03349089e-03 
 1.78277170e-03  5.00000000e+00  1.97707329e+00 -3.02292671e-03 
 1.79277170e-03  5.00000000e+00  1.98742827e+00 -3.01257173e-03 
 1.80277170e-03  5.00000000e+00  1.99757821e+00 -3.00242179e-03 
 1.81277170e-03  5.00000000e+00  2.00752715e+00 -2.99247285e-03 
 1.82277170e-03  5.00000000e+00  2.01727909e+00 -2.98272091e-03 
 1.83277170e-03  5.00000000e+00  2.02683792e+00 -2.97316208e-03 
 1.84277170e-03  5.00000000e+00  2.03620747e+00 -2.96379253e-03 
 1.85277170e-03  5.00000000e+00  2.04539148e+00 -2.95460852e-03 
 1.86277170e-03  5.00000000e+00  2.05439363e+00 -2.94560637e-03 
 1.87277170e-03  5.00000000e+00  2.06321752e+00 -2.93678248e-03 
 1.88277170e-03  5.00000000e+00  2.07186667e+00 -2.92813333e-03 
 1.89277170e-03  5.00000000e+00  2.08034456e+00 -2.91965544e-03 
 1.90277170e-03  5.00000000e+00  2.08865457e+00 -2.91134543e-03 
 1.91277170e-03  5.00000000e+00  2.09680002e+00 -2.90319998e-03 
 1.92277170e-03  5.00000000e+00  2.10478418e+00 -2.89521582e-03 
 1.93277170e-03  5.00000000e+00  2.11261024e+00 -2.88738976e-03 
 1.94277170e-03  5.00000000e+00  2.12028132e+00 -2.87971868e-03 
 1.95277170e-03  5.00000000e+00  2.12780050e+00 -2.87219950e-03 
 1.96277170e-03  5.00000000e+00  2.13517079e+00 -2.86482921e-03 
 1.97277170e-03  5.00000000e+00  2.14239513e+00 -2.85760487e-03 
 1.98277170e-03  5.00000000e+00  2.14947642e+00 -2.85052358e-03 
 1.99277170e-03  5.00000000e+00  2.15641748e+00 -2.84358252e-03 
 2.00277170e-03  5.00000000e+00  2.16322109e+00 -2.83677891e-03 
 2.01277170e-03  5.00000000e+00  2.16988998e+00 -2.83011002e-03 
 2.02277170e-03  5.00000000e+00  2.17642681e+00 -2.82357319e-03 
 2.03277170e-03  5.00000000e+00  2.18283420e+00 -2.81716580e-03 
 2.04277170e-03  5.00000000e+00  2.18911471e+00 -2.81088529e-03 
 2.05277170e-03  5.00000000e+00  2.19527086e+00 -2.80472914e-03 
 2.06277170e-03  5.00000000e+00  2.20130510e+00 -2.79869490e-03 
 2.07277170e-03  5.00000000e+00  2.20721985e+00 -2.79278015e-03 
 2.08277170e-03  5.00000000e+00  2.21301748e+00 -2.78698252e-03 
 2.09277170e-03  5.00000000e+00  2.21870030e+00 -2.78129970e-03 
 2.10277170e-03  5.00000000e+00  2.22427059e+00 -2.77572941e-03 
 2.11277170e-03  5.00000000e+00  2.22973058e+00 -2.77026942e-03 
 2.12277170e-03  5.00000000e+00  2.23508245e+00 -2.76491755e-03 
 2.13277170e-03  5.00000000e+00  2.24032834e+00 -2.75967166e-03 
 2.14277170e-03  5.00000000e+00  2.24547035e+00 -2.75452965e-03 
 2.15277170e-03  5.00000000e+00  2.25051054e+00 -2.74948946e-03 
 2.16277170e-03  5.00000000e+00  2.25545093e+00 -2.74454907e-03 
 2.17277170e-03  5.00000000e+00  2.26029348e+00 -2.73970652e-03 
 2.18277170e-03  5.00000000e+00  2.26504015e+00 -2.73495985e-03 
 2.19277170e-03  5.00000000e+00  2.26969282e+00 -2.73030718e-03 
 2.20277170e-03  5.00000000e+00  2.27425336e+00 -2.72574664e-03 
 2.21277170e-03  5.00000000e+00  2.27872359e+00 -2.72127641e-03 
 2.22277170e-03  5.00000000e+00  2.28310530e+00 -2.71689470e-03 
 2.23277170e-03  5.00000000e+00  2.28740024e+00 -2.71259976e-03 
 2.24277170e-03  5.00000000e+00  2.29161014e+00 -2.70838986e-03 
 2.25277170e-03  5.00000000e+00  2.29573667e+00 -2.70426333e-03 
 2.26277170e-03  5.00000000e+00  2.29978149e+00 -2.70021851e-03 
 2.27277170e-03  5.00000000e+00  2.30374621e+00 -2.69625379e-03 
 2.28277170e-03  5.00000000e+00  2.30763243e+00 -2.69236757e-03 
 2.29277170e-03  5.00000000e+00  2.31144169e+00 -2.68855831e-03 
 2.30277170e-03  5.00000000e+00  2.31517551e+00 -2.68482449e-03 
 2.31277170e-03  5.00000000e+00  2.31883540e+00 -2.68116460e-03 
 2.32277170e-03  5.00000000e+00  2.32242282e+00 -2.67757718e-03 
 2.33277170e-03  5.00000000e+00  2.32593920e+00 -2.67406080e-03 
 2.34277170e-03  5.00000000e+00  2.32938595e+00 -2.67061405e-03 
 2.35277170e-03  5.00000000e+00  2.33276445e+00 -2.66723555e-03 
 2.36277170e-03  5.00000000e+00  2.33607604e+00 -2.66392396e-03 
 2.37277170e-03  5.00000000e+00  2.33932206e+00 -2.66067794e-03 
 2.38277170e-03  5.00000000e+00  2.34250380e+00 -2.65749620e-03 
 2.39277170e-03  5.00000000e+00  2.34562254e+00 -2.65437746e-03 
 2.40277170e-03  5.00000000e+00  2.34867952e+00 -2.65132048e-03 
 2.41277170e-03  5.00000000e+00  2.35167596e+00 -2.64832404e-03 
 2.42277170e-03  5.00000000e+00  2.35461307e+00 -2.64538693e-03 
 2.43277170e-03  5.00000000e+00  2.35749202e+00 -2.64250798e-03 
 2.44277170e-03  5.00000000e+00  2.36031396e+00 -2.63968604e-03 
 2.45277170e-03  5.00000000e+00  2.36308002e+00 -2.63691998e-03 
 2.46277170e-03  5.00000000e+00  2.36579131e+00 -2.63420869e-03 
 2.47277170e-03  5.00000000e+00  2.36844891e+00 -2.63155109e-03 
 2.48277170e-03  5.00000000e+00  2.37105388e+00 -2.62894612e-03 
 2.49277170e-03  5.00000000e+00  2.37360727e+00 -2.62639273e-03 
 2.50277170e-03  5.00000000e+00  2.37611009e+00 -2.62388991e-03 
 2.51277170e-03  5.00000000e+00  2.37856336e+00 -2.62143664e-03 
 2.52277170e-03  5.00000000e+00  2.38096804e+00 -2.61903196e-03 
 2.53277170e-03  5.00000000e+00  2.38332511e+00 -2.61667489e-03 
 2.54277170e-03  5.00000000e+00  2.38563551e+00 -2.61436449e-03 
 2.55277170e-03  5.00000000e+00  2.38790015e+00 -2.61209985e-03 
 2.56277170e-03  5.00000000e+00  2.39011995e+00 -2.60988005e-03 
 2.57277170e-03  5.00000000e+00  2.39229579e+00 -2.60770421e-03 
 2.58277170e-03  5.00000000e+00  2.39442855e+00 -2.60557145e-03 
 2.59277170e-03  5.00000000e+00  2.39651907e+00 -2.60348093e-03 
 2.60277170e-03  5.00000000e+00  2.39856820e+00 -2.60143180e-03 
 2.61277170e-03  5.00000000e+00  2.40057675e+00 -2.59942325e-03 
 2.62277170e-03  5.00000000e+00  2.40254553e+00 -2.59745447e-03 
 2.63277170e-03  5.00000000e+00  2.40447532e+00 -2.59552468e-03 
 2.64277170e-03  5.00000000e+00  2.40636690e+00 -2.59363310e-03 
 2.65277170e-03  5.00000000e+00  2.40822102e+00 -2.59177898e-03 
 2.66277170e-03  5.00000000e+00  2.41003842e+00 -2.58996158e-03 
 2.67277170e-03  5.00000000e+00  2.41181984e+00 -2.58818016e-03 
 2.68277170e-03  5.00000000e+00  2.41356598e+00 -2.58643402e-03 
 2.69277170e-03  5.00000000e+00  2.41527755e+00 -2.58472245e-03 
 2.70277170e-03  5.00000000e+00  2.41695522e+00 -2.58304478e-03 
 2.71277170e-03  5.00000000e+00  2.41859967e+00 -2.58140033e-03 
 2.72277170e-03  5.00000000e+00  2.42021156e+00 -2.57978844e-03 
 2.73277170e-03  5.00000000e+00  2.42179153e+00 -2.57820847e-03 
 2.74277170e-03  5.00000000e+00  2.42334021e+00 -2.57665979e-03 
 2.75277170e-03  5.00000000e+00  2.42485823e+00 -2.57514177e-03 
 2.76277170e-03  5.00000000e+00  2.42634618e+00 -2.57365382e-03 
 2.77277170e-03  5.00000000e+00  2.42780467e+00 -2.57219533e-03 
 2.78277170e-03  5.00000000e+00  2.42923428e+00 -2.57076572e-03 
 2.79277170e-03  5.00000000e+00  2.43063558e+00 -2.56936442e-03 
 2.80277170e-03  5.00000000e+00  2.43200914e+00 -2.56799086e-03 
 2.81277170e-03  5.00000000e+00  2.43335549e+00 -2.56664451e-03 
 2.82277170e-03  5.00000000e+00  2.43467518e+00 -2.56532482e-03 
 2.83277170e-03  5.00000000e+00  2.43596875e+00 -2.56403125e-03 
 2.84277170e-03  5.00000000e+00  2.43723669e+00 -2.56276331e-03 
 2.85277170e-03  5.00000000e+00  2.43847953e+00 -2.56152047e-03 
 2.86277170e-03  5.00000000e+00  2.43969776e+00 -2.56030224e-03 
 2.87277170e-03  5.00000000e+00  2.44089186e+00 -2.55910814e-03 
 2.88277170e-03  5.00000000e+00  2.44206232e+00 -2.55793768e-03 
 2.89277170e-03  5.00000000e+00  2.44320960e+00 -2.55679040e-03 
 2.90277170e-03  5.00000000e+00  2.44433416e+00 -2.55566584e-03 
 2.91277170e-03  5.00000000e+00  2.44543645e+00 -2.55456355e-03 
 2.92277170e-03  5.00000000e+00  2.44651692e+00 -2.55348308e-03 
 2.93277170e-03  5.00000000e+00  2.44757599e+00 -2.55242401e-03 
 2.94277170e-03  5.00000000e+00  2.44861409e+00 -2.55138591e-03 
 2.95277170e-03  5.00000000e+00  2.44963163e+00 -2.55036837e-03 
 2.96277170e-03  5.00000000e+00  2.45062903e+00 -2.54937097e-03 
 2.97277170e-03  5.00000000e+00  2.45160667e+00 -2.54839333e-03 
 2.98277170e-03  5.00000000e+00  2.45256495e+00 -2.54743505e-03 
 2.99277170e-03  5.00000000e+00  2.45350426e+00 -2.54649574e-03 
 3.00277170e-03  5.00000000e+00  2.45442497e+00 -2.54557503e-03 
 3.01277170e-03  5.00000000e+00  2.45532745e+00 -2.54467255e-03 
 3.02277170e-03  5.00000000e+00  2.45621205e+00 -2.54378795e-03 
 3.03277170e-03  5.00000000e+00  2.45707914e+00 -2.54292086e-03 
 3.04277170e-03  5.00000000e+00  2.45792906e+00 -2.54207094e-03 
 3.05277170e-03  5.00000000e+00  2.45876214e+00 -2.54123786e-03 
 3.06277170e-03  5.00000000e+00  2.45957874e+00 -2.54042126e-03 
 3.07277170e-03  5.00000000e+00  2.46037916e+00 -2.53962084e-03 
 3.08277170e-03  5.00000000e+00  2.46116373e+00 -2.53883627e-03 
 3.09277170e-03  5.00000000e+00  2.46193276e+00 -2.53806724e-03 
 3.10277170e-03  5.00000000e+00  2.46268657e+00 -2.53731343e-03 
 3.11277170e-03  5.00000000e+00  2.46342545e+00 -2.53657455e-03 
 3.12277170e-03  5.00000000e+00  2.46414970e+00 -2.53585030e-03 
 3.13277170e-03  5.00000000e+00  2.46485961e+00 -2.53514039e-03 
 3.14277170e-03  5.00000000e+00  2.46555545e+00 -2.53444455e-03 
 3.15277170e-03  5.00000000e+00  2.46623752e+00 -2.53376248e-03 
 3.16277170e-03  5.00000000e+00  2.46690609e+00 -2.53309391e-03 
 3.17277170e-03  5.00000000e+00  2.46756141e+00 -2.53243859e-03 
 3.18277170e-03  5.00000000e+00  2.46820376e+00 -2.53179624e-03 
 3.19277170e-03  5.00000000e+00  2.46883339e+00 -2.53116661e-03 
 3.20277170e-03  5.00000000e+00  2.46945055e+00 -2.53054945e-03 
 3.21277170e-03  5.00000000e+00  2.47005549e+00 -2.52994451e-03 
 3.22277170e-03  5.00000000e+00  2.47064845e+00 -2.52935155e-03 
 3.23277170e-03  5.00000000e+00  2.47122967e+00 -2.52877033e-03 
 3.24277170e-03  5.00000000e+00  2.47179938e+00 -2.52820062e-03 
 3.25277170e-03  5.00000000e+00  2.47235781e+00 -2.52764219e-03 
 3.26277170e-03  5.00000000e+00  2.47290518e+00 -2.52709482e-03 
 3.27277170e-03  5.00000000e+00  2.47344171e+00 -2.52655829e-03 
 3.28277170e-03  5.00000000e+00  2.47396762e+00 -2.52603238e-03 
 3.29277170e-03  5.00000000e+00  2.47448311e+00 -2.52551689e-03 
 3.30277170e-03  5.00000000e+00  2.47498839e+00 -2.52501161e-03 
 3.31277170e-03  5.00000000e+00  2.47548367e+00 -2.52451633e-03 
 3.32277170e-03  5.00000000e+00  2.47596914e+00 -2.52403086e-03 
 3.33277170e-03  5.00000000e+00  2.47644500e+00 -2.52355500e-03 
 3.34277170e-03  5.00000000e+00  2.47691144e+00 -2.52308856e-03 
 3.35277170e-03  5.00000000e+00  2.47736864e+00 -2.52263136e-03 
 3.36277170e-03  5.00000000e+00  2.47781678e+00 -2.52218322e-03 
 3.37277170e-03  5.00000000e+00  2.47825606e+00 -2.52174394e-03 
 3.38277170e-03  5.00000000e+00  2.47868663e+00 -2.52131337e-03 
 3.39277170e-03  5.00000000e+00  2.47910868e+00 -2.52089132e-03 
 3.40277170e-03  5.00000000e+00  2.47952236e+00 -2.52047764e-03 
 3.41277170e-03  5.00000000e+00  2.47992786e+00 -2.52007214e-03 
 3.42277170e-03  5.00000000e+00  2.48032533e+00 -2.51967467e-03 
 3.43277170e-03  5.00000000e+00  2.48071493e+00 -2.51928507e-03 
 3.44277170e-03  5.00000000e+00  2.48109681e+00 -2.51890319e-03 
 3.45277170e-03  5.00000000e+00  2.48147113e+00 -2.51852887e-03 
 3.46277170e-03  5.00000000e+00  2.48183804e+00 -2.51816196e-03 
 3.47277170e-03  5.00000000e+00  2.48219768e+00 -2.51780232e-03 
 3.48277170e-03  5.00000000e+00  2.48255020e+00 -2.51744980e-03 
 3.49277170e-03  5.00000000e+00  2.48289574e+00 -2.51710426e-03 
 3.50277170e-03  5.00000000e+00  2.48323444e+00 -2.51676556e-03 
 3.51277170e-03  5.00000000e+00  2.48356643e+00 -2.51643357e-03 
 3.52277170e-03  5.00000000e+00  2.48389185e+00 -2.51610815e-03 
 3.53277170e-03  5.00000000e+00  2.48421082e+00 -2.51578918e-03 
 3.54277170e-03  5.00000000e+00  2.48452348e+00 -2.51547652e-03 
 3.55277170e-03  5.00000000e+00  2.48482995e+00 -2.51517005e-03 
 3.56277170e-03  5.00000000e+00  2.48513034e+00 -2.51486966e-03 
 3.57277170e-03  5.00000000e+00  2.48542479e+00 -2.51457521e-03 
 3.58277170e-03  5.00000000e+00  2.48571341e+00 -2.51428659e-03 
 3.59277170e-03  5.00000000e+00  2.48599631e+00 -2.51400369e-03 
 3.60277170e-03  5.00000000e+00  2.48627361e+00 -2.51372639e-03 
 3.61277170e-03  5.00000000e+00  2.48654542e+00 -2.51345458e-03 
 3.62277170e-03  5.00000000e+00  2.48681185e+00 -2.51318815e-03 
 3.63277170e-03  5.00000000e+00  2.48707300e+00 -2.51292700e-03 
 3.64277170e-03  5.00000000e+00  2.48732898e+00 -2.51267102e-03 
 3.65277170e-03  5.00000000e+00  2.48757989e+00 -2.51242011e-03 
 3.66277170e-03  5.00000000e+00  2.48782584e+00 -2.51217416e-03 
 3.67277170e-03  5.00000000e+00  2.48806691e+00 -2.51193309e-03 
 3.68277170e-03  5.00000000e+00  2.48830321e+00 -2.51169679e-03 
 3.69277170e-03  5.00000000e+00  2.48853483e+00 -2.51146517e-03 
 3.70277170e-03  5.00000000e+00  2.48876186e+00 -2.51123814e-03 
 3.71277170e-03  5.00000000e+00  2.48898440e+00 -2.51101560e-03 
 3.72277170e-03  5.00000000e+00  2.48920253e+00 -2.51079747e-03 
 3.73277170e-03  5.00000000e+00  2.48941634e+00 -2.51058366e-03 
 3.74277170e-03  5.00000000e+00  2.48962592e+00 -2.51037408e-03 
 3.75277170e-03  5.00000000e+00  2.48983134e+00 -2.51016866e-03 
 3.76277170e-03  5.00000000e+00  2.49003270e+00 -2.50996730e-03 
 3.77277170e-03  5.00000000e+00  2.49023008e+00 -2.50976992e-03 
 3.78277170e-03  5.00000000e+00  2.49042354e+00 -2.50957646e-03 
 3.79277170e-03  5.00000000e+00  2.49061317e+00 -2.50938683e-03 
 3.80277170e-03  5.00000000e+00  2.49079905e+00 -2.50920095e-03 
 3.81277170e-03  5.00000000e+00  2.49098125e+00 -2.50901875e-03 
 3.82277170e-03  5.00000000e+00  2.49115984e+00 -2.50884016e-03 
 3.83277170e-03  5.00000000e+00  2.49133489e+00 -2.50866511e-03 
 3.84277170e-03  5.00000000e+00  2.49150648e+00 -2.50849352e-03 
 3.85277170e-03  5.00000000e+00  2.49167466e+00 -2.50832534e-03 
 3.86277170e-03  5.00000000e+00  2.49183952e+00 -2.50816048e-03 
 3.87277170e-03  5.00000000e+00  2.49200112e+00 -2.50799888e-03 
 3.88277170e-03  5.00000000e+00  2.49215951e+00 -2.50784049e-03 
 3.89277170e-03  5.00000000e+00  2.49231477e+00 -2.50768523e-03 
 3.90277170e-03  5.00000000e+00  2.49246695e+00 -2.50753305e-03 
 3.91277170e-03  5.00000000e+00  2.49261612e+00 -2.50738388e-03 
 3.92277170e-03  5.00000000e+00  2.49276233e+00 -2.50723767e-03 
 3.93277170e-03  5.00000000e+00  2.49290566e+00 -2.50709434e-03 
 3.94277170e-03  5.00000000e+00  2.49304614e+00 -2.50695386e-03 
 3.95277170e-03  5.00000000e+00  2.49318384e+00 -2.50681616e-03 
 3.96277170e-03  5.00000000e+00  2.49331881e+00 -2.50668119e-03 
 3.97277170e-03  5.00000000e+00  2.49345111e+00 -2.50654889e-03 
 3.98277170e-03  5.00000000e+00  2.49358079e+00 -2.50641921e-03 
 3.99277170e-03  5.00000000e+00  2.49370791e+00 -2.50629209e-03 
 4.00277170e-03  5.00000000e+00  2.49383250e+00 -2.50616750e-03 
 4.01277170e-03  5.00000000e+00  2.49395463e+00 -2.50604537e-03 
 4.02277170e-03  5.00000000e+00  2.49407434e+00 -2.50592566e-03 
 4.03277170e-03  5.00000000e+00  2.49419168e+00 -2.50580832e-03 
 4.04277170e-03  5.00000000e+00  2.49430670e+00 -2.50569330e-03 
 4.05277170e-03  5.00000000e+00  2.49441944e+00 -2.50558056e-03 
 4.06277170e-03  5.00000000e+00  2.49452994e+00 -2.50547006e-03 
 4.07277170e-03  5.00000000e+00  2.49463826e+00 -2.50536174e-03 
 4.08277170e-03  5.00000000e+00  2.49474443e+00 -2.50525557e-03 
 4.09277170e-03  5.00000000e+00  2.49484850e+00 -2.50515150e-03 
 4.10277170e-03  5.00000000e+00  2.49495051e+00 -2.50504949e-03 
 4.11277170e-03  5.00000000e+00  2.49505050e+00 -2.50494950e-03 
 4.12277170e-03  5.00000000e+00  2.49514851e+00 -2.50485149e-03 
 4.13277170e-03  5.00000000e+00  2.49524458e+00 -2.50475542e-03 
 4.14277170e-03  5.00000000e+00  2.49533875e+00 -2.50466125e-03 
 4.15277170e-03  5.00000000e+00  2.49543105e+00 -2.50456895e-03 
 4.16277170e-03  5.00000000e+00  2.49552152e+00 -2.50447848e-03 
 4.17277170e-03  5.00000000e+00  2.49561021e+00 -2.50438979e-03 
 4.18277170e-03  5.00000000e+00  2.49569713e+00 -2.50430287e-03 
 4.19277170e-03  5.00000000e+00  2.49578234e+00 -2.50421766e-03 
 4.20277170e-03  5.00000000e+00  2.49586586e+00 -2.50413414e-03 
 4.21277170e-03  5.00000000e+00  2.49594772e+00 -2.50405228e-03 
 4.22277170e-03  5.00000000e+00  2.49602796e+00 -2.50397204e-03 
 4.23277170e-03  5.00000000e+00  2.49610662e+00 -2.50389338e-03 
 4.24277170e-03  5.00000000e+00  2.49618372e+00 -2.50381628e-03 
 4.25277170e-03  5.00000000e+00  2.49625929e+00 -2.50374071e-03 
 4.26277170e-03  5.00000000e+00  2.49633336e+00 -2.50366664e-03 
 4.27277170e-03  5.00000000e+00  2.49640597e+00 -2.50359403e-03 
 4.28277170e-03  5.00000000e+00  2.49647713e+00 -2.50352287e-03 
 4.29277170e-03  5.00000000e+00  2.49654689e+00 -2.50345311e-03 
 4.30277170e-03  5.00000000e+00  2.49661527e+00 -2.50338473e-03 
 4.31277170e-03  5.00000000e+00  2.49668230e+00 -2.50331770e-03 
 4.32277170e-03  5.00000000e+00  2.49674799e+00 -2.50325201e-03 
 4.33277170e-03  5.00000000e+00  2.49681239e+00 -2.50318761e-03 
 4.34277170e-03  5.00000000e+00  2.49687551e+00 -2.50312449e-03 
 4.35277170e-03  5.00000000e+00  2.49693738e+00 -2.50306262e-03 
 4.36277170e-03  5.00000000e+00  2.49699803e+00 -2.50300197e-03 
 4.37277170e-03  5.00000000e+00  2.49705747e+00 -2.50294253e-03 
 4.38277170e-03  5.00000000e+00  2.49711574e+00 -2.50288426e-03 
 4.39277170e-03  5.00000000e+00  2.49717286e+00 -2.50282714e-03 
 4.40277170e-03  5.00000000e+00  2.49722884e+00 -2.50277116e-03 
 4.41277170e-03  5.00000000e+00  2.49728371e+00 -2.50271629e-03 
 4.42277170e-03  5.00000000e+00  2.49733750e+00 -2.50266250e-03 
 4.43277170e-03  5.00000000e+00  2.49739022e+00 -2.50260978e-03 
 4.44277170e-03  5.00000000e+00  2.49744190e+00 -2.50255810e-03 
 4.45277170e-03  5.00000000e+00  2.49749256e+00 -2.50250744e-03 
 4.46277170e-03  5.00000000e+00  2.49754221e+00 -2.50245779e-03 
 4.47277170e-03  5.00000000e+00  2.49759088e+00 -2.50240912e-03 
 4.48277170e-03  5.00000000e+00  2.49763858e+00 -2.50236142e-03 
 4.49277170e-03  5.00000000e+00  2.49768535e+00 -2.50231465e-03 
 4.50277170e-03  5.00000000e+00  2.49773118e+00 -2.50226882e-03 
 4.51277170e-03  5.00000000e+00  2.49777611e+00 -2.50222389e-03 
 4.52277170e-03  5.00000000e+00  2.49782014e+00 -2.50217986e-03 
 4.53277170e-03  5.00000000e+00  2.49786331e+00 -2.50213669e-03 
 4.54277170e-03  5.00000000e+00  2.49790562e+00 -2.50209438e-03 
 4.55277170e-03  5.00000000e+00  2.49794709e+00 -2.50205291e-03 
 4.56277170e-03  5.00000000e+00  2.49798775e+00 -2.50201225e-03 
 4.57277170e-03  5.00000000e+00  2.49802759e+00 -2.50197241e-03 
 4.58277170e-03  5.00000000e+00  2.49806665e+00 -2.50193335e-03 
 4.59277170e-03  5.00000000e+00  2.49810493e+00 -2.50189507e-03 
 4.60277170e-03  5.00000000e+00  2.49814246e+00 -2.50185754e-03 
 4.61277170e-03  5.00000000e+00  2.49817924e+00 -2.50182076e-03 
 4.62277170e-03  5.00000000e+00  2.49821530e+00 -2.50178470e-03 
 4.63277170e-03  5.00000000e+00  2.49825064e+00 -2.50174936e-03 
 4.64277170e-03  5.00000000e+00  2.49828528e+00 -2.50171472e-03 
 4.65277170e-03  5.00000000e+00  2.49831923e+00 -2.50168077e-03 
 4.66277170e-03  5.00000000e+00  2.49835252e+00 -2.50164748e-03 
 4.67277170e-03  5.00000000e+00  2.49838514e+00 -2.50161486e-03 
 4.68277170e-03  5.00000000e+00  2.49841712e+00 -2.50158288e-03 
 4.69277170e-03  5.00000000e+00  2.49844846e+00 -2.50155154e-03 
 4.70277170e-03  5.00000000e+00  2.49847918e+00 -2.50152082e-03 
 4.71277170e-03  5.00000000e+00  2.49850930e+00 -2.50149070e-03 
 4.72277170e-03  5.00000000e+00  2.49853882e+00 -2.50146118e-03 
 4.73277170e-03  5.00000000e+00  2.49856775e+00 -2.50143225e-03 
 4.74277170e-03  5.00000000e+00  2.49859611e+00 -2.50140389e-03 
 4.75277170e-03  5.00000000e+00  2.49862391e+00 -2.50137609e-03 
 4.76277170e-03  5.00000000e+00  2.49865116e+00 -2.50134884e-03 
 4.77277170e-03  5.00000000e+00  2.49867787e+00 -2.50132213e-03 
 4.78277170e-03  5.00000000e+00  2.49870405e+00 -2.50129595e-03 
 4.79277170e-03  5.00000000e+00  2.49872972e+00 -2.50127028e-03 
 4.80277170e-03  5.00000000e+00  2.49875487e+00 -2.50124513e-03 
 4.81277170e-03  5.00000000e+00  2.49877953e+00 -2.50122047e-03 
 4.82277170e-03  5.00000000e+00  2.49880369e+00 -2.50119631e-03 
 4.83277170e-03  5.00000000e+00  2.49882738e+00 -2.50117262e-03 
 4.84277170e-03  5.00000000e+00  2.49885060e+00 -2.50114940e-03 
 4.85277170e-03  5.00000000e+00  2.49887336e+00 -2.50112664e-03 
 4.86277170e-03  5.00000000e+00  2.49889567e+00 -2.50110433e-03 
 4.87277170e-03  5.00000000e+00  2.49891754e+00 -2.50108246e-03 
 4.88277170e-03  5.00000000e+00  2.49893898e+00 -2.50106102e-03 
 4.89277170e-03  5.00000000e+00  2.49895999e+00 -2.50104001e-03 
 4.90277170e-03  5.00000000e+00  2.49898058e+00 -2.50101942e-03 
 4.91277170e-03  5.00000000e+00  2.49900077e+00 -2.50099923e-03 
 4.92277170e-03  5.00000000e+00  2.49902055e+00 -2.50097945e-03 
 4.93277170e-03  5.00000000e+00  2.49903995e+00 -2.50096005e-03 
 4.94277170e-03  5.00000000e+00  2.49905896e+00 -2.50094104e-03 
 4.95277170e-03  5.00000000e+00  2.49907759e+00 -2.50092241e-03 
 4.96277170e-03  5.00000000e+00  2.49909586e+00 -2.50090414e-03 
 4.97277170e-03  5.00000000e+00  2.49911376e+00 -2.50088624e-03 
 4.98277170e-03  5.00000000e+00  2.49913131e+00 -2.50086869e-03 
 4.99277170e-03  5.00000000e+00  2.49914851e+00 -2.50085149e-03 
 5.00277170e-03  5.00000000e+00  2.49916538e+00 -2.50083462e-03 
 5.01277170e-03  5.00000000e+00  2.49918190e+00 -2.50081810e-03 
 5.02277170e-03  5.00000000e+00  2.49919810e+00 -2.50080190e-03 
 5.03277170e-03  5.00000000e+00  2.49921398e+00 -2.50078602e-03 
 5.04277170e-03  5.00000000e+00  2.49922955e+00 -2.50077045e-03 
 5.05277170e-03  5.00000000e+00  2.49924480e+00 -2.50075520e-03 
 5.06277170e-03  5.00000000e+00  2.49925976e+00 -2.50074024e-03 
 5.07277170e-03  5.00000000e+00  2.49927442e+00 -2.50072558e-03 
 5.08277170e-03  5.00000000e+00  2.49928878e+00 -2.50071122e-03 
 5.09277170e-03  5.00000000e+00  2.49930287e+00 -2.50069713e-03 
 5.10277170e-03  5.00000000e+00  2.49931667e+00 -2.50068333e-03 
 5.11277170e-03  5.00000000e+00  2.49933020e+00 -2.50066980e-03 
 5.12277170e-03  5.00000000e+00  2.49934347e+00 -2.50065653e-03 
 5.13277170e-03  5.00000000e+00  2.49935647e+00 -2.50064353e-03 
 5.14277170e-03  5.00000000e+00  2.49936921e+00 -2.50063079e-03 
 5.15277170e-03  5.00000000e+00  2.49938170e+00 -2.50061830e-03 
 5.16277170e-03  5.00000000e+00  2.49939394e+00 -2.50060606e-03 
 5.17277170e-03  5.00000000e+00  2.49940595e+00 -2.50059405e-03 
 5.18277170e-03  5.00000000e+00  2.49941771e+00 -2.50058229e-03 
 5.19277170e-03  5.00000000e+00  2.49942924e+00 -2.50057076e-03 
 5.20277170e-03  5.00000000e+00  2.49944054e+00 -2.50055946e-03 
 5.21277170e-03  5.00000000e+00  2.49945162e+00 -2.50054838e-03 
 5.22277170e-03  5.00000000e+00  2.49946248e+00 -2.50053752e-03 
 5.23277170e-03  5.00000000e+00  2.49947312e+00 -2.50052688e-03 
 5.24277170e-03  5.00000000e+00  2.49948356e+00 -2.50051644e-03 
 5.25277170e-03  5.00000000e+00  2.49949378e+00 -2.50050622e-03 
 5.26277170e-03  5.00000000e+00  2.49950381e+00 -2.50049619e-03 
 5.27277170e-03  5.00000000e+00  2.49951363e+00 -2.50048637e-03 
 5.28277170e-03  5.00000000e+00  2.49952326e+00 -2.50047674e-03 
 5.29277170e-03  5.00000000e+00  2.49953270e+00 -2.50046730e-03 
 5.30277170e-03  5.00000000e+00  2.49954196e+00 -2.50045804e-03 
 5.31277170e-03  5.00000000e+00  2.49955103e+00 -2.50044897e-03 
 5.32277170e-03  5.00000000e+00  2.49955992e+00 -2.50044008e-03 
 5.33277170e-03  5.00000000e+00  2.49956863e+00 -2.50043137e-03 
 5.34277170e-03  5.00000000e+00  2.49957717e+00 -2.50042283e-03 
 5.35277170e-03  5.00000000e+00  2.49958555e+00 -2.50041445e-03 
 5.36277170e-03  5.00000000e+00  2.49959375e+00 -2.50040625e-03 
 5.37277170e-03  5.00000000e+00  2.49960180e+00 -2.50039820e-03 
 5.38277170e-03  5.00000000e+00  2.49960968e+00 -2.50039032e-03 
 5.39277170e-03  5.00000000e+00  2.49961741e+00 -2.50038259e-03 
 5.40277170e-03  5.00000000e+00  2.49962499e+00 -2.50037501e-03 
 5.41277170e-03  5.00000000e+00  2.49963241e+00 -2.50036759e-03 
 5.42277170e-03  5.00000000e+00  2.49963969e+00 -2.50036031e-03 
 5.43277170e-03  5.00000000e+00  2.49964683e+00 -2.50035317e-03 
 5.44277170e-03  5.00000000e+00  2.49965382e+00 -2.50034618e-03 
 5.45277170e-03  5.00000000e+00  2.49966068e+00 -2.50033932e-03 
 5.46277170e-03  5.00000000e+00  2.49966740e+00 -2.50033260e-03 
 5.47277170e-03  5.00000000e+00  2.49967398e+00 -2.50032602e-03 
 5.48277170e-03  5.00000000e+00  2.49968044e+00 -2.50031956e-03 
 5.49277170e-03  5.00000000e+00  2.49968677e+00 -2.50031323e-03 
 5.50277170e-03  5.00000000e+00  2.49969297e+00 -2.50030703e-03 
 5.51277170e-03  5.00000000e+00  2.49969905e+00 -2.50030095e-03 
 5.52277170e-03  5.00000000e+00  2.49970501e+00 -2.50029499e-03 
 5.53277170e-03  5.00000000e+00  2.49971085e+00 -2.50028915e-03 
 5.54277170e-03  5.00000000e+00  2.49971658e+00 -2.50028342e-03 
 5.55277170e-03  5.00000000e+00  2.49972219e+00 -2.50027781e-03 
 5.56277170e-03  5.00000000e+00  2.49972769e+00 -2.50027231e-03 
 5.57277170e-03  5.00000000e+00  2.49973308e+00 -2.50026692e-03 
 5.58277170e-03  5.00000000e+00  2.49973837e+00 -2.50026163e-03 
 5.59277170e-03  5.00000000e+00  2.49974355e+00 -2.50025645e-03 
 5.60277170e-03  5.00000000e+00  2.49974863e+00 -2.50025137e-03 
 5.61277170e-03  5.00000000e+00  2.49975360e+00 -2.50024640e-03 
 5.62277170e-03  5.00000000e+00  2.49975848e+00 -2.50024152e-03 
 5.63277170e-03  5.00000000e+00  2.49976327e+00 -2.50023673e-03 
 5.64277170e-03  5.00000000e+00  2.49976795e+00 -2.50023205e-03 
 5.65277170e-03  5.00000000e+00  2.49977255e+00 -2.50022745e-03 
 5.66277170e-03  5.00000000e+00  2.49977705e+00 -2.50022295e-03 
 5.67277170e-03  5.00000000e+00  2.49978147e+00 -2.50021853e-03 
 5.68277170e-03  5.00000000e+00  2.49978579e+00 -2.50021421e-03 
 5.69277170e-03  5.00000000e+00  2.49979004e+00 -2.50020996e-03 
 5.70277170e-03  5.00000000e+00  2.49979419e+00 -2.50020581e-03 
 5.71277170e-03  5.00000000e+00  2.49979827e+00 -2.50020173e-03 
 5.72277170e-03  5.00000000e+00  2.49980226e+00 -2.50019774e-03 
 5.73277170e-03  5.00000000e+00  2.49980618e+00 -2.50019382e-03 
 5.74277170e-03  5.00000000e+00  2.49981002e+00 -2.50018998e-03 
 5.75277170e-03  5.00000000e+00  2.49981378e+00 -2.50018622e-03 
 5.76277170e-03  5.00000000e+00  2.49981747e+00 -2.50018253e-03 
 5.77277170e-03  5.00000000e+00  2.49982108e+00 -2.50017892e-03 
 5.78277170e-03  5.00000000e+00  2.49982462e+00 -2.50017538e-03 
 5.79277170e-03  5.00000000e+00  2.49982810e+00 -2.50017190e-03 
 5.80277170e-03  5.00000000e+00  2.49983150e+00 -2.50016850e-03 
 5.81277170e-03  5.00000000e+00  2.49983484e+00 -2.50016516e-03 
 5.82277170e-03  5.00000000e+00  2.49983811e+00 -2.50016189e-03 
 5.83277170e-03  5.00000000e+00  2.49984131e+00 -2.50015869e-03 
 5.84277170e-03  5.00000000e+00  2.49984446e+00 -2.50015554e-03 
 5.85277170e-03  5.00000000e+00  2.49984754e+00 -2.50015246e-03 
 5.86277170e-03  5.00000000e+00  2.49985056e+00 -2.50014944e-03 
 5.87277170e-03  5.00000000e+00  2.49985351e+00 -2.50014649e-03 
 5.88277170e-03  5.00000000e+00  2.49985642e+00 -2.50014358e-03 
 5.89277170e-03  5.00000000e+00  2.49985926e+00 -2.50014074e-03 
 5.90277170e-03  5.00000000e+00  2.49986205e+00 -2.50013795e-03 
 5.91277170e-03  5.00000000e+00  2.49986478e+00 -2.50013522e-03 
 5.92277170e-03  5.00000000e+00  2.49986746e+00 -2.50013254e-03 
 5.93277170e-03  5.00000000e+00  2.49987008e+00 -2.50012992e-03 
 5.94277170e-03  5.00000000e+00  2.49987265e+00 -2.50012735e-03 
 5.95277170e-03  5.00000000e+00  2.49987517e+00 -2.50012483e-03 
 5.96277170e-03  5.00000000e+00  2.49987765e+00 -2.50012235e-03 
 5.97277170e-03  5.00000000e+00  2.49988007e+00 -2.50011993e-03 
 5.98277170e-03  5.00000000e+00  2.49988244e+00 -2.50011756e-03 
 5.99277170e-03  5.00000000e+00  2.49988477e+00 -2.50011523e-03 
 6.00277170e-03  5.00000000e+00  2.49988705e+00 -2.50011295e-03 
 6.01277170e-03  5.00000000e+00  2.49988929e+00 -2.50011071e-03 
 6.02277170e-03  5.00000000e+00  2.49989148e+00 -2.50010852e-03 
 6.03277170e-03  5.00000000e+00  2.49989363e+00 -2.50010637e-03 
 6.04277170e-03  5.00000000e+00  2.49989574e+00 -2.50010426e-03 
 6.05277170e-03  5.00000000e+00  2.49989780e+00 -2.50010220e-03 
 6.06277170e-03  5.00000000e+00  2.49989983e+00 -2.50010017e-03 
 6.07277170e-03  5.00000000e+00  2.49990181e+00 -2.50009819e-03 
 6.08277170e-03  5.00000000e+00  2.49990375e+00 -2.50009625e-03 
 6.09277170e-03  5.00000000e+00  2.49990566e+00 -2.50009434e-03 
 6.10277170e-03  5.00000000e+00  2.49990753e+00 -2.50009247e-03 
 6.11277170e-03  5.00000000e+00  2.49990936e+00 -2.50009064e-03 
 6.12277170e-03  5.00000000e+00  2.49991115e+00 -2.50008885e-03 
 6.13277170e-03  5.00000000e+00  2.49991291e+00 -2.50008709e-03 
 6.14277170e-03  5.00000000e+00  2.49991464e+00 -2.50008536e-03 
 6.15277170e-03  5.00000000e+00  2.49991633e+00 -2.50008367e-03 
 6.16277170e-03  5.00000000e+00  2.49991798e+00 -2.50008202e-03 
 6.17277170e-03  5.00000000e+00  2.49991961e+00 -2.50008039e-03 
 6.18277170e-03  5.00000000e+00  2.49992120e+00 -2.50007880e-03 
 6.19277170e-03  5.00000000e+00  2.49992276e+00 -2.50007724e-03 
 6.20277170e-03  5.00000000e+00  2.49992429e+00 -2.50007571e-03 
 6.21277170e-03  5.00000000e+00  2.49992579e+00 -2.50007421e-03 
 6.22277170e-03  5.00000000e+00  2.49992726e+00 -2.50007274e-03 
 6.23277170e-03  5.00000000e+00  2.49992870e+00 -2.50007130e-03 
 6.24277170e-03  5.00000000e+00  2.49993011e+00 -2.50006989e-03 
 6.25277170e-03  5.00000000e+00  2.49993150e+00 -2.50006850e-03 
 6.26277170e-03  5.00000000e+00  2.49993285e+00 -2.50006715e-03 
 6.27277170e-03  5.00000000e+00  2.49993418e+00 -2.50006582e-03 
 6.28277170e-03  5.00000000e+00  2.49993549e+00 -2.50006451e-03 
 6.29277170e-03  5.00000000e+00  2.49993676e+00 -2.50006324e-03 
 6.30277170e-03  5.00000000e+00  2.49993801e+00 -2.50006199e-03 
 6.31277170e-03  5.00000000e+00  2.49993924e+00 -2.50006076e-03 
 6.32277170e-03  5.00000000e+00  2.49994045e+00 -2.50005955e-03 
 6.33277170e-03  5.00000000e+00  2.49994162e+00 -2.50005838e-03 
 6.34277170e-03  5.00000000e+00  2.49994278e+00 -2.50005722e-03 
 6.35277170e-03  5.00000000e+00  2.49994391e+00 -2.50005609e-03 
 6.36277170e-03  5.00000000e+00  2.49994502e+00 -2.50005498e-03 
 6.37277170e-03  5.00000000e+00  2.49994611e+00 -2.50005389e-03 
 6.38277170e-03  5.00000000e+00  2.49994718e+00 -2.50005282e-03 
 6.39277170e-03  5.00000000e+00  2.49994823e+00 -2.50005177e-03 
 6.40277170e-03  5.00000000e+00  2.49994925e+00 -2.50005075e-03 
 6.41277170e-03  5.00000000e+00  2.49995026e+00 -2.50004974e-03 
 6.42277170e-03  5.00000000e+00  2.49995124e+00 -2.50004876e-03 
 6.43277170e-03  5.00000000e+00  2.49995221e+00 -2.50004779e-03 
 6.44277170e-03  5.00000000e+00  2.49995315e+00 -2.50004685e-03 
 6.45277170e-03  5.00000000e+00  2.49995408e+00 -2.50004592e-03 
 6.46277170e-03  5.00000000e+00  2.49995499e+00 -2.50004501e-03 
 6.47277170e-03  5.00000000e+00  2.49995588e+00 -2.50004412e-03 
 6.48277170e-03  5.00000000e+00  2.49995675e+00 -2.50004325e-03 
 6.49277170e-03  5.00000000e+00  2.49995761e+00 -2.50004239e-03 
 6.50277170e-03  5.00000000e+00  2.49995845e+00 -2.50004155e-03 
 6.51277170e-03  5.00000000e+00  2.49995927e+00 -2.50004073e-03 
 6.52277170e-03  5.00000000e+00  2.49996008e+00 -2.50003992e-03 
 6.53277170e-03  5.00000000e+00  2.49996087e+00 -2.50003913e-03 
 6.54277170e-03  5.00000000e+00  2.49996165e+00 -2.50003835e-03 
 6.55277170e-03  5.00000000e+00  2.49996240e+00 -2.50003760e-03 
 6.56277170e-03  5.00000000e+00  2.49996315e+00 -2.50003685e-03 
 6.57277170e-03  5.00000000e+00  2.49996388e+00 -2.50003612e-03 
 6.58277170e-03  5.00000000e+00  2.49996459e+00 -2.50003541e-03 
 6.59277170e-03  5.00000000e+00  2.49996530e+00 -2.50003470e-03 
 6.60277170e-03  5.00000000e+00  2.49996598e+00 -2.50003402e-03 
 6.61277170e-03  5.00000000e+00  2.49996666e+00 -2.50003334e-03 
 6.62277170e-03  5.00000000e+00  2.49996732e+00 -2.50003268e-03 
 6.63277170e-03  5.00000000e+00  2.49996796e+00 -2.50003204e-03 
 6.64277170e-03  5.00000000e+00  2.49996860e+00 -2.50003140e-03 
 6.65277170e-03  5.00000000e+00  2.49996922e+00 -2.50003078e-03 
 6.66277170e-03  5.00000000e+00  2.49996983e+00 -2.50003017e-03 
 6.67277170e-03  5.00000000e+00  2.49997043e+00 -2.50002957e-03 
 6.68277170e-03  5.00000000e+00  2.49997101e+00 -2.50002899e-03 
 6.69277170e-03  5.00000000e+00  2.49997159e+00 -2.50002841e-03 
 6.70277170e-03  5.00000000e+00  2.49997215e+00 -2.50002785e-03 
 6.71277170e-03  5.00000000e+00  2.49997270e+00 -2.50002730e-03 
 6.72277170e-03  5.00000000e+00  2.49997324e+00 -2.50002676e-03 
 6.73277170e-03  5.00000000e+00  2.49997377e+00 -2.50002623e-03 
 6.74277170e-03  5.00000000e+00  2.49997429e+00 -2.50002571e-03 
 6.75277170e-03  5.00000000e+00  2.49997480e+00 -2.50002520e-03 
 6.76277170e-03  5.00000000e+00  2.49997530e+00 -2.50002470e-03 
 6.77277170e-03  5.00000000e+00  2.49997579e+00 -2.50002421e-03 
 6.78277170e-03  5.00000000e+00  2.49997627e+00 -2.50002373e-03 
 6.79277170e-03  5.00000000e+00  2.49997674e+00 -2.50002326e-03 
 6.80277170e-03  5.00000000e+00  2.49997720e+00 -2.50002280e-03 
 6.81277170e-03  5.00000000e+00  2.49997765e+00 -2.50002235e-03 
 6.82277170e-03  5.00000000e+00  2.49997809e+00 -2.50002191e-03 
 6.83277170e-03  5.00000000e+00  2.49997853e+00 -2.50002147e-03 
 6.84277170e-03  5.00000000e+00  2.49997895e+00 -2.50002105e-03 
 6.85277170e-03  5.00000000e+00  2.49997937e+00 -2.50002063e-03 
 6.86277170e-03  5.00000000e+00  2.49997978e+00 -2.50002022e-03 
 6.87277170e-03  5.00000000e+00  2.49998018e+00 -2.50001982e-03 
 6.88277170e-03  5.00000000e+00  2.49998057e+00 -2.50001943e-03 
 6.89277170e-03  5.00000000e+00  2.49998095e+00 -2.50001905e-03 
 6.90277170e-03  5.00000000e+00  2.49998133e+00 -2.50001867e-03 
 6.91277170e-03  5.00000000e+00  2.49998170e+00 -2.50001830e-03 
 6.92277170e-03  5.00000000e+00  2.49998206e+00 -2.50001794e-03 
 6.93277170e-03  5.00000000e+00  2.49998242e+00 -2.50001758e-03 
 6.94277170e-03  5.00000000e+00  2.49998277e+00 -2.50001723e-03 
 6.95277170e-03  5.00000000e+00  2.49998311e+00 -2.50001689e-03 
 6.96277170e-03  5.00000000e+00  2.49998344e+00 -2.50001656e-03 
 6.97277170e-03  5.00000000e+00  2.49998377e+00 -2.50001623e-03 
 6.98277170e-03  5.00000000e+00  2.49998409e+00 -2.50001591e-03 
 6.99277170e-03  5.00000000e+00  2.49998441e+00 -2.50001559e-03 
 7.00277170e-03  5.00000000e+00  2.49998472e+00 -2.50001528e-03 
 7.01277170e-03  5.00000000e+00  2.49998502e+00 -2.50001498e-03 
 7.02277170e-03  5.00000000e+00  2.49998531e+00 -2.50001469e-03 
 7.03277170e-03  5.00000000e+00  2.49998561e+00 -2.50001439e-03 
 7.04277170e-03  5.00000000e+00  2.49998589e+00 -2.50001411e-03 
 7.05277170e-03  5.00000000e+00  2.49998617e+00 -2.50001383e-03 
 7.06277170e-03  5.00000000e+00  2.49998644e+00 -2.50001356e-03 
 7.07277170e-03  5.00000000e+00  2.49998671e+00 -2.50001329e-03 
 7.08277170e-03  5.00000000e+00  2.49998698e+00 -2.50001302e-03 
 7.09277170e-03  5.00000000e+00  2.49998723e+00 -2.50001277e-03 
 7.10277170e-03  5.00000000e+00  2.49998749e+00 -2.50001251e-03 
 7.11277170e-03  5.00000000e+00  2.49998773e+00 -2.50001227e-03 
 7.12277170e-03  5.00000000e+00  2.49998798e+00 -2.50001202e-03 
 7.13277170e-03  5.00000000e+00  2.49998821e+00 -2.50001179e-03 
 7.14277170e-03  5.00000000e+00  2.49998845e+00 -2.50001155e-03 
 7.15277170e-03  5.00000000e+00  2.49998868e+00 -2.50001132e-03 
 7.16277170e-03  5.00000000e+00  2.49998890e+00 -2.50001110e-03 
 7.17277170e-03  5.00000000e+00  2.49998912e+00 -2.50001088e-03 
 7.18277170e-03  5.00000000e+00  2.49998934e+00 -2.50001066e-03 
 7.19277170e-03  5.00000000e+00  2.49998955e+00 -2.50001045e-03 
 7.20277170e-03  5.00000000e+00  2.49998975e+00 -2.50001025e-03 
 7.21277170e-03  5.00000000e+00  2.49998996e+00 -2.50001004e-03 
 7.22277170e-03  5.00000000e+00  2.49999016e+00 -2.50000984e-03 
 7.23277170e-03  5.00000000e+00  2.49999035e+00 -2.50000965e-03 
 7.24277170e-03  5.00000000e+00  2.49999054e+00 -2.50000946e-03 
 7.25277170e-03  5.00000000e+00  2.49999073e+00 -2.50000927e-03 
 7.26277170e-03  5.00000000e+00  2.49999091e+00 -2.50000909e-03 
 7.27277170e-03  5.00000000e+00  2.49999109e+00 -2.50000891e-03 
 7.28277170e-03  5.00000000e+00  2.49999127e+00 -2.50000873e-03 
 7.29277170e-03  5.00000000e+00  2.49999144e+00 -2.50000856e-03 
 7.30277170e-03  5.00000000e+00  2.49999161e+00 -2.50000839e-03 
 7.31277170e-03  5.00000000e+00  2.49999178e+00 -2.50000822e-03 
 7.32277170e-03  5.00000000e+00  2.49999194e+00 -2.50000806e-03 
 7.33277170e-03  5.00000000e+00  2.49999210e+00 -2.50000790e-03 
 7.34277170e-03  5.00000000e+00  2.49999226e+00 -2.50000774e-03 
 7.35277170e-03  5.00000000e+00  2.49999241e+00 -2.50000759e-03 
 7.36277170e-03  5.00000000e+00  2.49999256e+00 -2.50000744e-03 
 7.37277170e-03  5.00000000e+00  2.49999271e+00 -2.50000729e-03 
 7.38277170e-03  5.00000000e+00  2.49999285e+00 -2.50000715e-03 
 7.39277170e-03  5.00000000e+00  2.49999299e+00 -2.50000701e-03 
 7.40277170e-03  5.00000000e+00  2.49999313e+00 -2.50000687e-03 
 7.41277170e-03  5.00000000e+00  2.49999327e+00 -2.50000673e-03 
 7.42277170e-03  5.00000000e+00  2.49999340e+00 -2.50000660e-03 
 7.43277170e-03  5.00000000e+00  2.49999353e+00 -2.50000647e-03 
 7.44277170e-03  5.00000000e+00  2.49999366e+00 -2.50000634e-03 
 7.45277170e-03  5.00000000e+00  2.49999379e+00 -2.50000621e-03 
 7.46277170e-03  5.00000000e+00  2.49999391e+00 -2.50000609e-03 
 7.47277170e-03  5.00000000e+00  2.49999403e+00 -2.50000597e-03 
 7.48277170e-03  5.00000000e+00  2.49999415e+00 -2.50000585e-03 
 7.49277170e-03  5.00000000e+00  2.49999426e+00 -2.50000574e-03 
 7.50277170e-03  5.00000000e+00  2.49999438e+00 -2.50000562e-03 
 7.51277170e-03  5.00000000e+00  2.49999449e+00 -2.50000551e-03 
 7.52277170e-03  5.00000000e+00  2.49999460e+00 -2.50000540e-03 
 7.53277170e-03  5.00000000e+00  2.49999470e+00 -2.50000530e-03 
 7.54277170e-03  5.00000000e+00  2.49999481e+00 -2.50000519e-03 
 7.55277170e-03  5.00000000e+00  2.49999491e+00 -2.50000509e-03 
 7.56277170e-03  5.00000000e+00  2.49999501e+00 -2.50000499e-03 
 7.57277170e-03  5.00000000e+00  2.49999511e+00 -2.50000489e-03 
 7.58277170e-03  5.00000000e+00  2.49999521e+00 -2.50000479e-03 
 7.59277170e-03  5.00000000e+00  2.49999530e+00 -2.50000470e-03 
 7.60277170e-03  5.00000000e+00  2.49999540e+00 -2.50000460e-03 
 7.61277170e-03  5.00000000e+00  2.49999549e+00 -2.50000451e-03 
 7.62277170e-03  5.00000000e+00  2.49999558e+00 -2.50000442e-03 
 7.63277170e-03  5.00000000e+00  2.49999566e+00 -2.50000434e-03 
 7.64277170e-03  5.00000000e+00  2.49999575e+00 -2.50000425e-03 
 7.65277170e-03  5.00000000e+00  2.49999583e+00 -2.50000417e-03 
 7.66277170e-03  5.00000000e+00  2.49999592e+00 -2.50000408e-03 
 7.67277170e-03  5.00000000e+00  2.49999600e+00 -2.50000400e-03 
 7.68277170e-03  5.00000000e+00  2.49999608e+00 -2.50000392e-03 
 7.69277170e-03  5.00000000e+00  2.49999615e+00 -2.50000385e-03 
 7.70277170e-03  5.00000000e+00  2.49999623e+00 -2.50000377e-03 
 7.71277170e-03  5.00000000e+00  2.49999631e+00 -2.50000369e-03 
 7.72277170e-03  5.00000000e+00  2.49999638e+00 -2.50000362e-03 
 7.73277170e-03  5.00000000e+00  2.49999645e+00 -2.50000355e-03 
 7.74277170e-03  5.00000000e+00  2.49999652e+00 -2.50000348e-03 
 7.75277170e-03  5.00000000e+00  2.49999659e+00 -2.50000341e-03 
 7.76277170e-03  5.00000000e+00  2.49999666e+00 -2.50000334e-03 
 7.77277170e-03  5.00000000e+00  2.49999672e+00 -2.50000328e-03 
 7.78277170e-03  5.00000000e+00  2.49999679e+00 -2.50000321e-03 
 7.79277170e-03  5.00000000e+00  2.49999685e+00 -2.50000315e-03 
 7.80277170e-03  5.00000000e+00  2.49999691e+00 -2.50000309e-03 
 7.81277170e-03  5.00000000e+00  2.49999698e+00 -2.50000302e-03 
 7.82277170e-03  5.00000000e+00  2.49999704e+00 -2.50000296e-03 
 7.83277170e-03  5.00000000e+00  2.49999709e+00 -2.50000291e-03 
 7.84277170e-03  5.00000000e+00  2.49999715e+00 -2.50000285e-03 
 7.85277170e-03  5.00000000e+00  2.49999721e+00 -2.50000279e-03 
 7.86277170e-03  5.00000000e+00  2.49999726e+00 -2.50000274e-03 
 7.87277170e-03  5.00000000e+00  2.49999732e+00 -2.50000268e-03 
 7.88277170e-03  5.00000000e+00  2.49999737e+00 -2.50000263e-03 
 7.89277170e-03  5.00000000e+00  2.49999742e+00 -2.50000258e-03 
 7.90277170e-03  5.00000000e+00  2.49999747e+00 -2.50000253e-03 
 7.91277170e-03  5.00000000e+00  2.49999752e+00 -2.50000248e-03 
 7.92277170e-03  5.00000000e+00  2.49999757e+00 -2.50000243e-03 
 7.93277170e-03  5.00000000e+00  2.49999762e+00 -2.50000238e-03 
 7.94277170e-03  5.00000000e+00  2.49999767e+00 -2.50000233e-03 
 7.95277170e-03  5.00000000e+00  2.49999771e+00 -2.50000229e-03 
 7.96277170e-03  5.00000000e+00  2.49999776e+00 -2.50000224e-03 
 7.97277170e-03  5.00000000e+00  2.49999780e+00 -2.50000220e-03 
 7.98277170e-03  5.00000000e+00  2.49999785e+00 -2.50000215e-03 
 7.99277170e-03  5.00000000e+00  2.49999789e+00 -2.50000211e-03 
 8.00277170e-03  5.00000000e+00  2.49999793e+00 -2.50000207e-03 
 8.01277170e-03  5.00000000e+00  2.49999797e+00 -2.50000203e-03 
 8.02277170e-03  5.00000000e+00  2.49999801e+00 -2.50000199e-03 
 8.03277170e-03  5.00000000e+00  2.49999805e+00 -2.50000195e-03 
 8.04277170e-03  5.00000000e+00  2.49999809e+00 -2.50000191e-03 
 8.05277170e-03  5.00000000e+00  2.49999813e+00 -2.50000187e-03 
 8.06277170e-03  5.00000000e+00  2.49999817e+00 -2.50000183e-03 
 8.07277170e-03  5.00000000e+00  2.49999820e+00 -2.50000180e-03 
 8.08277170e-03  5.00000000e+00  2.49999824e+00 -2.50000176e-03 
 8.09277170e-03  5.00000000e+00  2.49999827e+00 -2.50000173e-03 
 8.10277170e-03  5.00000000e+00  2.49999831e+00 -2.50000169e-03 
 8.11277170e-03  5.00000000e+00  2.49999834e+00 -2.50000166e-03 
 8.12277170e-03  5.00000000e+00  2.49999837e+00 -2.50000163e-03 
 8.13277170e-03  5.00000000e+00  2.49999841e+00 -2.50000159e-03 
 8.14277170e-03  5.00000000e+00  2.49999844e+00 -2.50000156e-03 
 8.15277170e-03  5.00000000e+00  2.49999847e+00 -2.50000153e-03 
 8.16277170e-03  5.00000000e+00  2.49999850e+00 -2.50000150e-03 
 8.17277170e-03  5.00000000e+00  2.49999853e+00 -2.50000147e-03 
 8.18277170e-03  5.00000000e+00  2.49999856e+00 -2.50000144e-03 
 8.19277170e-03  5.00000000e+00  2.49999859e+00 -2.50000141e-03 
 8.20277170e-03  5.00000000e+00  2.49999861e+00 -2.50000139e-03 
 8.21277170e-03  5.00000000e+00  2.49999864e+00 -2.50000136e-03 
 8.22277170e-03  5.00000000e+00  2.49999867e+00 -2.50000133e-03 
 8.23277170e-03  5.00000000e+00  2.49999869e+00 -2.50000131e-03 
 8.24277170e-03  5.00000000e+00  2.49999872e+00 -2.50000128e-03 
 8.25277170e-03  5.00000000e+00  2.49999875e+00 -2.50000125e-03 
 8.26277170e-03  5.00000000e+00  2.49999877e+00 -2.50000123e-03 
 8.27277170e-03  5.00000000e+00  2.49999879e+00 -2.50000121e-03 
 8.28277170e-03  5.00000000e+00  2.49999882e+00 -2.50000118e-03 
 8.29277170e-03  5.00000000e+00  2.49999884e+00 -2.50000116e-03 
 8.30277170e-03  5.00000000e+00  2.49999886e+00 -2.50000114e-03 
 8.31277170e-03  5.00000000e+00  2.49999889e+00 -2.50000111e-03 
 8.32277170e-03  5.00000000e+00  2.49999891e+00 -2.50000109e-03 
 8.33277170e-03  5.00000000e+00  2.49999893e+00 -2.50000107e-03 
 8.34277170e-03  5.00000000e+00  2.49999895e+00 -2.50000105e-03 
 8.35277170e-03  5.00000000e+00  2.49999897e+00 -2.50000103e-03 
 8.36277170e-03  5.00000000e+00  2.49999899e+00 -2.50000101e-03 
 8.37277170e-03  5.00000000e+00  2.49999901e+00 -2.50000099e-03 
 8.38277170e-03  5.00000000e+00  2.49999903e+00 -2.50000097e-03 
 8.39277170e-03  5.00000000e+00  2.49999905e+00 -2.50000095e-03 
 8.40277170e-03  5.00000000e+00  2.49999907e+00 -2.50000093e-03 
 8.41277170e-03  5.00000000e+00  2.49999909e+00 -2.50000091e-03 
 8.42277170e-03  5.00000000e+00  2.49999911e+00 -2.50000089e-03 
 8.43277170e-03  5.00000000e+00  2.49999912e+00 -2.50000088e-03 
 8.44277170e-03  5.00000000e+00  2.49999914e+00 -2.50000086e-03 
 8.45277170e-03  5.00000000e+00  2.49999916e+00 -2.50000084e-03 
 8.46277170e-03  5.00000000e+00  2.49999918e+00 -2.50000082e-03 
 8.47277170e-03  5.00000000e+00  2.49999919e+00 -2.50000081e-03 
 8.48277170e-03  5.00000000e+00  2.49999921e+00 -2.50000079e-03 
 8.49277170e-03  5.00000000e+00  2.49999922e+00 -2.50000078e-03 
 8.50277170e-03  5.00000000e+00  2.49999924e+00 -2.50000076e-03 
 8.51277170e-03  5.00000000e+00  2.49999925e+00 -2.50000075e-03 
 8.52277170e-03  5.00000000e+00  2.49999927e+00 -2.50000073e-03 
 8.53277170e-03  5.00000000e+00  2.49999928e+00 -2.50000072e-03 
 8.54277170e-03  5.00000000e+00  2.49999930e+00 -2.50000070e-03 
 8.55277170e-03  5.00000000e+00  2.49999931e+00 -2.50000069e-03 
 8.56277170e-03  5.00000000e+00  2.49999933e+00 -2.50000067e-03 
 8.57277170e-03  5.00000000e+00  2.49999934e+00 -2.50000066e-03 
 8.58277170e-03  5.00000000e+00  2.49999935e+00 -2.50000065e-03 
 8.59277170e-03  5.00000000e+00  2.49999936e+00 -2.50000064e-03 
 8.60277170e-03  5.00000000e+00  2.49999938e+00 -2.50000062e-03 
 8.61277170e-03  5.00000000e+00  2.49999939e+00 -2.50000061e-03 
 8.62277170e-03  5.00000000e+00  2.49999940e+00 -2.50000060e-03 
 8.63277170e-03  5.00000000e+00  2.49999941e+00 -2.50000059e-03 
 8.64277170e-03  5.00000000e+00  2.49999942e+00 -2.50000058e-03 
 8.65277170e-03  5.00000000e+00  2.49999944e+00 -2.50000056e-03 
 8.66277170e-03  5.00000000e+00  2.49999945e+00 -2.50000055e-03 
 8.67277170e-03  5.00000000e+00  2.49999946e+00 -2.50000054e-03 
 8.68277170e-03  5.00000000e+00  2.49999947e+00 -2.50000053e-03 
 8.69277170e-03  5.00000000e+00  2.49999948e+00 -2.50000052e-03 
 8.70277170e-03  5.00000000e+00  2.49999949e+00 -2.50000051e-03 
 8.71277170e-03  5.00000000e+00  2.49999950e+00 -2.50000050e-03 
 8.72277170e-03  5.00000000e+00  2.49999951e+00 -2.50000049e-03 
 8.73277170e-03  5.00000000e+00  2.49999952e+00 -2.50000048e-03 
 8.74277170e-03  5.00000000e+00  2.49999953e+00 -2.50000047e-03 
 8.75277170e-03  5.00000000e+00  2.49999954e+00 -2.50000046e-03 
 8.76277170e-03  5.00000000e+00  2.49999955e+00 -2.50000045e-03 
 8.77277170e-03  5.00000000e+00  2.49999956e+00 -2.50000044e-03 
 8.78277170e-03  5.00000000e+00  2.49999957e+00 -2.50000043e-03 
 8.79277170e-03  5.00000000e+00  2.49999957e+00 -2.50000043e-03 
 8.80277170e-03  5.00000000e+00  2.49999958e+00 -2.50000042e-03 
 8.81277170e-03  5.00000000e+00  2.49999959e+00 -2.50000041e-03 
 8.82277170e-03  5.00000000e+00  2.49999960e+00 -2.50000040e-03 
 8.83277170e-03  5.00000000e+00  2.49999961e+00 -2.50000039e-03 
 8.84277170e-03  5.00000000e+00  2.49999961e+00 -2.50000039e-03 
 8.85277170e-03  5.00000000e+00  2.49999962e+00 -2.50000038e-03 
 8.86277170e-03  5.00000000e+00  2.49999963e+00 -2.50000037e-03 
 8.87277170e-03  5.00000000e+00  2.49999964e+00 -2.50000036e-03 
 8.88277170e-03  5.00000000e+00  2.49999964e+00 -2.50000036e-03 
 8.89277170e-03  5.00000000e+00  2.49999965e+00 -2.50000035e-03 
 8.90277170e-03  5.00000000e+00  2.49999966e+00 -2.50000034e-03 
 8.91277170e-03  5.00000000e+00  2.49999966e+00 -2.50000034e-03 
 8.92277170e-03  5.00000000e+00  2.49999967e+00 -2.50000033e-03 
 8.93277170e-03  5.00000000e+00  2.49999968e+00 -2.50000032e-03 
 8.94277170e-03  5.00000000e+00  2.49999968e+00 -2.50000032e-03 
 8.95277170e-03  5.00000000e+00  2.49999969e+00 -2.50000031e-03 
 8.96277170e-03  5.00000000e+00  2.49999970e+00 -2.50000030e-03 
 8.97277170e-03  5.00000000e+00  2.49999970e+00 -2.50000030e-03 
 8.98277170e-03  5.00000000e+00  2.49999971e+00 -2.50000029e-03 
 8.99277170e-03  5.00000000e+00  2.49999971e+00 -2.50000029e-03 
 9.00277170e-03  5.00000000e+00  2.49999972e+00 -2.50000028e-03 
 9.01277170e-03  5.00000000e+00  2.49999973e+00 -2.50000027e-03 
 9.02277170e-03  5.00000000e+00  2.49999973e+00 -2.50000027e-03 
 9.03277170e-03  5.00000000e+00  2.49999974e+00 -2.50000026e-03 
 9.04277170e-03  5.00000000e+00  2.49999974e+00 -2.50000026e-03 
 9.05277170e-03  5.00000000e+00  2.49999975e+00 -2.50000025e-03 
 9.06277170e-03  5.00000000e+00  2.49999975e+00 -2.50000025e-03 
 9.07277170e-03  5.00000000e+00  2.49999976e+00 -2.50000024e-03 
 9.08277170e-03  5.00000000e+00  2.49999976e+00 -2.50000024e-03 
 9.09277170e-03  5.00000000e+00  2.49999977e+00 -2.50000023e-03 
 9.10277170e-03  5.00000000e+00  2.49999977e+00 -2.50000023e-03 
 9.11277170e-03  5.00000000e+00  2.49999978e+00 -2.50000022e-03 
 9.12277170e-03  5.00000000e+00  2.49999978e+00 -2.50000022e-03 
 9.13277170e-03  5.00000000e+00  2.49999978e+00 -2.50000022e-03 
 9.14277170e-03  5.00000000e+00  2.49999979e+00 -2.50000021e-03 
 9.15277170e-03  5.00000000e+00  2.49999979e+00 -2.50000021e-03 
 9.16277170e-03  5.00000000e+00  2.49999980e+00 -2.50000020e-03 
 9.17277170e-03  5.00000000e+00  2.49999980e+00 -2.50000020e-03 
 9.18277170e-03  5.00000000e+00  2.49999980e+00 -2.50000020e-03 
 9.19277170e-03  5.00000000e+00  2.49999981e+00 -2.50000019e-03 
 9.20277170e-03  5.00000000e+00  2.49999981e+00 -2.50000019e-03 
 9.21277170e-03  5.00000000e+00  2.49999982e+00 -2.50000018e-03 
 9.22277170e-03  5.00000000e+00  2.49999982e+00 -2.50000018e-03 
 9.23277170e-03  5.00000000e+00  2.49999982e+00 -2.50000018e-03 
 9.24277170e-03  5.00000000e+00  2.49999983e+00 -2.50000017e-03 
 9.25277170e-03  5.00000000e+00  2.49999983e+00 -2.50000017e-03 
 9.26277170e-03  5.00000000e+00  2.49999983e+00 -2.50000017e-03 
 9.27277170e-03  5.00000000e+00  2.49999984e+00 -2.50000016e-03 
 9.28277170e-03  5.00000000e+00  2.49999984e+00 -2.50000016e-03 
 9.29277170e-03  5.00000000e+00  2.49999984e+00 -2.50000016e-03 
 9.30277170e-03  5.00000000e+00  2.49999985e+00 -2.50000015e-03 
 9.31277170e-03  5.00000000e+00  2.49999985e+00 -2.50000015e-03 
 9.32277170e-03  5.00000000e+00  2.49999985e+00 -2.50000015e-03 
 9.33277170e-03  5.00000000e+00  2.49999986e+00 -2.50000014e-03 
 9.34277170e-03  5.00000000e+00  2.49999986e+00 -2.50000014e-03 
 9.35277170e-03  5.00000000e+00  2.49999986e+00 -2.50000014e-03 
 9.36277170e-03  5.00000000e+00  2.49999986e+00 -2.50000014e-03 
 9.37277170e-03  5.00000000e+00  2.49999987e+00 -2.50000013e-03 
 9.38277170e-03  5.00000000e+00  2.49999987e+00 -2.50000013e-03 
 9.39277170e-03  5.00000000e+00  2.49999987e+00 -2.50000013e-03 
 9.40277170e-03  5.00000000e+00  2.49999987e+00 -2.50000013e-03 
 9.41277170e-03  5.00000000e+00  2.49999988e+00 -2.50000012e-03 
 9.42277170e-03  5.00000000e+00  2.49999988e+00 -2.50000012e-03 
 9.43277170e-03  5.00000000e+00  2.49999988e+00 -2.50000012e-03 
 9.44277170e-03  5.00000000e+00  2.49999988e+00 -2.50000012e-03 
 9.45277170e-03  5.00000000e+00  2.49999989e+00 -2.50000011e-03 
 9.46277170e-03  5.00000000e+00  2.49999989e+00 -2.50000011e-03 
 9.47277170e-03  5.00000000e+00  2.49999989e+00 -2.50000011e-03 
 9.48277170e-03  5.00000000e+00  2.49999989e+00 -2.50000011e-03 
 9.49277170e-03  5.00000000e+00  2.49999989e+00 -2.50000011e-03 
 9.50277170e-03  5.00000000e+00  2.49999990e+00 -2.50000010e-03 
 9.51277170e-03  5.00000000e+00  2.49999990e+00 -2.50000010e-03 
 9.52277170e-03  5.00000000e+00  2.49999990e+00 -2.50000010e-03 
 9.53277170e-03  5.00000000e+00  2.49999990e+00 -2.50000010e-03 
 9.54277170e-03  5.00000000e+00  2.49999990e+00 -2.50000010e-03 
 9.55277170e-03  5.00000000e+00  2.49999991e+00 -2.50000009e-03 
 9.56277170e-03  5.00000000e+00  2.49999991e+00 -2.50000009e-03 
 9.57277170e-03  5.00000000e+00  2.49999991e+00 -2.50000009e-03 
 9.58277170e-03  5.00000000e+00  2.49999991e+00 -2.50000009e-03 
 9.59277170e-03  5.00000000e+00  2.49999991e+00 -2.50000009e-03 
 9.60277170e-03  5.00000000e+00  2.49999992e+00 -2.50000008e-03 
 9.61277170e-03  5.00000000e+00  2.49999992e+00 -2.50000008e-03 
 9.62277170e-03  5.00000000e+00  2.49999992e+00 -2.50000008e-03 
 9.63277170e-03  5.00000000e+00  2.49999992e+00 -2.50000008e-03 
 9.64277170e-03  5.00000000e+00  2.49999992e+00 -2.50000008e-03 
 9.65277170e-03  5.00000000e+00  2.49999992e+00 -2.50000008e-03 
 9.66277170e-03  5.00000000e+00  2.49999993e+00 -2.50000007e-03 
 9.67277170e-03  5.00000000e+00  2.49999993e+00 -2.50000007e-03 
 9.68277170e-03  5.00000000e+00  2.49999993e+00 -2.50000007e-03 
 9.69277170e-03  5.00000000e+00  2.49999993e+00 -2.50000007e-03 
 9.70277170e-03  5.00000000e+00  2.49999993e+00 -2.50000007e-03 
 9.71277170e-03  5.00000000e+00  2.49999993e+00 -2.50000007e-03 
 9.72277170e-03  5.00000000e+00  2.49999993e+00 -2.50000007e-03 
 9.73277170e-03  5.00000000e+00  2.49999993e+00 -2.50000007e-03 
 9.74277170e-03  5.00000000e+00  2.49999994e+00 -2.50000006e-03 
 9.75277170e-03  5.00000000e+00  2.49999994e+00 -2.50000006e-03 
 9.76277170e-03  5.00000000e+00  2.49999994e+00 -2.50000006e-03 
 9.77277170e-03  5.00000000e+00  2.49999994e+00 -2.50000006e-03 
 9.78277170e-03  5.00000000e+00  2.49999994e+00 -2.50000006e-03 
 9.79277170e-03  5.00000000e+00  2.49999994e+00 -2.50000006e-03 
 9.80277170e-03  5.00000000e+00  2.49999994e+00 -2.50000006e-03 
 9.81277170e-03  5.00000000e+00  2.49999994e+00 -2.50000006e-03 
 9.82277170e-03  5.00000000e+00  2.49999995e+00 -2.50000005e-03 
 9.83277170e-03  5.00000000e+00  2.49999995e+00 -2.50000005e-03 
 9.84277170e-03  5.00000000e+00  2.49999995e+00 -2.50000005e-03 
 9.85277170e-03  5.00000000e+00  2.49999995e+00 -2.50000005e-03 
 9.86277170e-03  5.00000000e+00  2.49999995e+00 -2.50000005e-03 
 9.87277170e-03  5.00000000e+00  2.49999995e+00 -2.50000005e-03 
 9.88277170e-03  5.00000000e+00  2.49999995e+00 -2.50000005e-03 
 9.89277170e-03  5.00000000e+00  2.49999995e+00 -2.50000005e-03 
 9.90277170e-03  5.00000000e+00  2.49999995e+00 -2.50000005e-03 
 9.91277170e-03  5.00000000e+00  2.49999995e+00 -2.50000005e-03 
 9.92277170e-03  5.00000000e+00  2.49999996e+00 -2.50000004e-03 
 9.93277170e-03  5.00000000e+00  2.49999996e+00 -2.50000004e-03 
 9.94277170e-03  5.00000000e+00  2.49999996e+00 -2.50000004e-03 
 9.95277170e-03  5.00000000e+00  2.49999996e+00 -2.50000004e-03 
 9.96277170e-03  5.00000000e+00  2.49999996e+00 -2.50000004e-03 
 9.97277170e-03  5.00000000e+00  2.49999996e+00 -2.50000004e-03 
 9.98277170e-03  5.00000000e+00  2.49999996e+00 -2.50000004e-03 
 9.99277170e-03  5.00000000e+00  2.49999996e+00 -2.50000004e-03 
 1.00027717e-02  5.00000000e+00  2.49999996e+00 -2.50000004e-03 
 1.00127717e-02  5.00000000e+00  2.49999996e+00 -2.50000004e-03 
 1.00227717e-02  5.00000000e+00  2.49999996e+00 -2.50000004e-03 
 1.00327717e-02  5.00000000e+00  2.49999996e+00 -2.50000004e-03 
 1.00427717e-02  5.00000000e+00  2.49999997e+00 -2.50000003e-03 
 1.00527717e-02  5.00000000e+00  2.49999997e+00 -2.50000003e-03 
 1.00627717e-02  5.00000000e+00  2.49999997e+00 -2.50000003e-03 
 1.00727717e-02  5.00000000e+00  2.49999997e+00 -2.50000003e-03 
 1.00827717e-02  5.00000000e+00  2.49999997e+00 -2.50000003e-03 
 1.00927717e-02  5.00000000e+00  2.49999997e+00 -2.50000003e-03 
 1.01027717e-02  5.00000000e+00  2.49999997e+00 -2.50000003e-03 
 1.01127717e-02  5.00000000e+00  2.49999997e+00 -2.50000003e-03 
 1.01227717e-02  5.00000000e+00  2.49999997e+00 -2.50000003e-03 
 1.01327717e-02  5.00000000e+00  2.49999997e+00 -2.50000003e-03 
 1.01427717e-02  5.00000000e+00  2.49999997e+00 -2.50000003e-03 
 1.01527717e-02  5.00000000e+00  2.49999997e+00 -2.50000003e-03 
 1.01627717e-02  5.00000000e+00  2.49999997e+00 -2.50000003e-03 
 1.01727717e-02  5.00000000e+00  2.49999997e+00 -2.50000003e-03 
 1.01827717e-02  5.00000000e+00  2.49999997e+00 -2.50000003e-03 
 1.01927717e-02  5.00000000e+00  2.49999997e+00 -2.50000003e-03 
 1.02027717e-02  5.00000000e+00  2.49999997e+00 -2.50000003e-03 
 1.02127717e-02  5.00000000e+00  2.49999998e+00 -2.50000002e-03 
 1.02227717e-02  5.00000000e+00  2.49999998e+00 -2.50000002e-03 
 1.02327717e-02  5.00000000e+00  2.49999998e+00 -2.50000002e-03 
 1.02427717e-02  5.00000000e+00  2.49999998e+00 -2.50000002e-03 
 1.02527717e-02  5.00000000e+00  2.49999998e+00 -2.50000002e-03 
 1.02627717e-02  5.00000000e+00  2.49999998e+00 -2.50000002e-03 
 1.02727717e-02  5.00000000e+00  2.49999998e+00 -2.50000002e-03 
 1.02827717e-02  5.00000000e+00  2.49999998e+00 -2.50000002e-03 
 1.02927717e-02  5.00000000e+00  2.49999998e+00 -2.50000002e-03 
 1.03027717e-02  5.00000000e+00  2.49999998e+00 -2.50000002e-03 
 1.03127717e-02  5.00000000e+00  2.49999998e+00 -2.50000002e-03 
 1.03227717e-02  5.00000000e+00  2.49999998e+00 -2.50000002e-03 
 1.03327717e-02  5.00000000e+00  2.49999998e+00 -2.50000002e-03 
 1.03427717e-02  5.00000000e+00  2.49999998e+00 -2.50000002e-03 
 1.03527717e-02  5.00000000e+00  2.49999998e+00 -2.50000002e-03 
 1.03627717e-02  5.00000000e+00  2.49999998e+00 -2.50000002e-03 
 1.03727717e-02  5.00000000e+00  2.49999998e+00 -2.50000002e-03 
 1.03827717e-02  5.00000000e+00  2.49999998e+00 -2.50000002e-03 
 1.03927717e-02  5.00000000e+00  2.49999998e+00 -2.50000002e-03 
 1.04027717e-02  5.00000000e+00  2.49999998e+00 -2.50000002e-03 
 1.04127717e-02  5.00000000e+00  2.49999998e+00 -2.50000002e-03 
 1.04227717e-02  5.00000000e+00  2.49999998e+00 -2.50000002e-03 
 1.04327717e-02  5.00000000e+00  2.49999998e+00 -2.50000002e-03 
 1.04427717e-02  5.00000000e+00  2.49999998e+00 -2.50000002e-03 
 1.04527717e-02  5.00000000e+00  2.49999998e+00 -2.50000002e-03 
 1.04627717e-02  5.00000000e+00  2.49999998e+00 -2.50000002e-03 
 1.04727717e-02  5.00000000e+00  2.49999999e+00 -2.50000001e-03 
 1.04827717e-02  5.00000000e+00  2.49999999e+00 -2.50000001e-03 
 1.04927717e-02  5.00000000e+00  2.49999999e+00 -2.50000001e-03 
 1.05027717e-02  5.00000000e+00  2.49999999e+00 -2.50000001e-03 
 1.05127717e-02  5.00000000e+00  2.49999999e+00 -2.50000001e-03 
 1.05227717e-02  5.00000000e+00  2.49999999e+00 -2.50000001e-03 
 1.05327717e-02  5.00000000e+00  2.49999999e+00 -2.50000001e-03 
 1.05427717e-02  5.00000000e+00  2.49999999e+00 -2.50000001e-03 
 1.05527717e-02  5.00000000e+00  2.49999999e+00 -2.50000001e-03 
 1.05627717e-02  5.00000000e+00  2.49999999e+00 -2.50000001e-03 
 1.05727717e-02  5.00000000e+00  2.49999999e+00 -2.50000001e-03 
 1.05827717e-02  5.00000000e+00  2.49999999e+00 -2.50000001e-03 
 1.05927717e-02  5.00000000e+00  2.49999999e+00 -2.50000001e-03 
 1.06027717e-02  5.00000000e+00  2.49999999e+00 -2.50000001e-03 
 1.06127717e-02  5.00000000e+00  2.49999999e+00 -2.50000001e-03 
 1.06227717e-02  5.00000000e+00  2.49999999e+00 -2.50000001e-03 
 1.06327717e-02  5.00000000e+00  2.49999999e+00 -2.50000001e-03 
 1.06427717e-02  5.00000000e+00  2.49999999e+00 -2.50000001e-03 
 1.06527717e-02  5.00000000e+00  2.49999999e+00 -2.50000001e-03 
 1.06627717e-02  5.00000000e+00  2.49999999e+00 -2.50000001e-03 
 1.06727717e-02  5.00000000e+00  2.49999999e+00 -2.50000001e-03 
 1.06827717e-02  5.00000000e+00  2.49999999e+00 -2.50000001e-03 
 1.06927717e-02  5.00000000e+00  2.49999999e+00 -2.50000001e-03 
 1.07027717e-02  5.00000000e+00  2.49999999e+00 -2.50000001e-03 
 1.07127717e-02  5.00000000e+00  2.49999999e+00 -2.50000001e-03 
 1.07227717e-02  5.00000000e+00  2.49999999e+00 -2.50000001e-03 
 1.07327717e-02  5.00000000e+00  2.49999999e+00 -2.50000001e-03 
 1.07427717e-02  5.00000000e+00  2.49999999e+00 -2.50000001e-03 
 1.07527717e-02  5.00000000e+00  2.49999999e+00 -2.50000001e-03 
 1.07627717e-02  5.00000000e+00  2.49999999e+00 -2.50000001e-03 
 1.07727717e-02  5.00000000e+00  2.49999999e+00 -2.50000001e-03 
 1.07827717e-02  5.00000000e+00  2.49999999e+00 -2.50000001e-03 
 1.07927717e-02  5.00000000e+00  2.49999999e+00 -2.50000001e-03 
 1.08027717e-02  5.00000000e+00  2.49999999e+00 -2.50000001e-03 
 1.08127717e-02  5.00000000e+00  2.49999999e+00 -2.50000001e-03 
 1.08227717e-02  5.00000000e+00  2.49999999e+00 -2.50000001e-03 
 1.08327717e-02  5.00000000e+00  2.49999999e+00 -2.50000001e-03 
 1.08427717e-02  5.00000000e+00  2.49999999e+00 -2.50000001e-03 
 1.08527717e-02  5.00000000e+00  2.49999999e+00 -2.50000001e-03 
 1.08627717e-02  5.00000000e+00  2.49999999e+00 -2.50000001e-03 
 1.08727717e-02  5.00000000e+00  2.49999999e+00 -2.50000001e-03 
 1.08827717e-02  5.00000000e+00  2.49999999e+00 -2.50000001e-03 
 1.08927717e-02  5.00000000e+00  2.49999999e+00 -2.50000001e-03 
 1.09027717e-02  5.00000000e+00  2.49999999e+00 -2.50000001e-03 
 1.09127717e-02  5.00000000e+00  2.49999999e+00 -2.50000001e-03 
 1.09227717e-02  5.00000000e+00  2.49999999e+00 -2.50000001e-03 
 1.09327717e-02  5.00000000e+00  2.49999999e+00 -2.50000001e-03 
 1.09427717e-02  5.00000000e+00  2.49999999e+00 -2.50000001e-03 
 1.09527717e-02  5.00000000e+00  2.49999999e+00 -2.50000001e-03 
 1.09627717e-02  5.00000000e+00  2.49999999e+00 -2.50000001e-03 
 1.09727717e-02  5.00000000e+00  2.49999999e+00 -2.50000001e-03 
 1.09827717e-02  5.00000000e+00  2.49999999e+00 -2.50000001e-03 
 1.09918859e-02  5.00000000e+00  2.49999999e+00 -2.50000001e-03 
 1.10010000e-02  5.00000000e+00  2.49999999e+00 -2.50000001e-03 
 1.10011000e-02  4.50000000e+00  2.49995000e+00 -2.00005000e-03 
 1.10013000e-02  3.50000000e+00  2.49975006e+00 -1.00024994e-03 
 1.10016500e-02  1.75000000e+00  2.49891928e+00  7.48919281e-04 
 1.10020000e-02  0.00000000e+00  2.49747679e+00  2.49747679e-03 
 1.10020700e-02  0.00000000e+00  2.49712719e+00  2.49712719e-03 
 1.10022100e-02  0.00000000e+00  2.49642810e+00  2.49642810e-03 
 1.10024900e-02  0.00000000e+00  2.49503049e+00  2.49503049e-03 
 1.10030500e-02  0.00000000e+00  2.49223762e+00  2.49223762e-03 
 1.10041700e-02  0.00000000e+00  2.48666125e+00  2.48666125e-03 
 1.10064100e-02  0.00000000e+00  2.47554591e+00  2.47554591e-03 
 1.10108900e-02  0.00000000e+00  2.45346394e+00  2.45346394e-03 
 1.10198500e-02  0.00000000e+00  2.40988831e+00  2.40988831e-03 
 1.10298500e-02  0.00000000e+00  2.36216775e+00  2.36216775e-03 
 1.10398500e-02  0.00000000e+00  2.31539215e+00  2.31539215e-03 
 1.10498500e-02  0.00000000e+00  2.26954280e+00  2.26954280e-03 
 1.10598500e-02  0.00000000e+00  2.22460136e+00  2.22460136e-03 
 1.10698500e-02  0.00000000e+00  2.18054984e+00  2.18054984e-03 
 1.10798500e-02  0.00000000e+00  2.13737064e+00  2.13737064e-03 
 1.10898500e-02  0.00000000e+00  2.09504647e+00  2.09504647e-03 
 1.10998500e-02  0.00000000e+00  2.05356040e+00  2.05356040e-03 
 1.11098500e-02  0.00000000e+00  2.01289584e+00  2.01289584e-03 
 1.11198500e-02  0.00000000e+00  1.97303651e+00  1.97303651e-03 
 1.11298500e-02  0.00000000e+00  1.93396648e+00  1.93396648e-03 
 1.11398500e-02  0.00000000e+00  1.89567012e+00  1.89567012e-03 
 1.11498500e-02  0.00000000e+00  1.85813210e+00  1.85813210e-03 
 1.11598500e-02  0.00000000e+00  1.82133740e+00  1.82133740e-03 
 1.11698500e-02  0.00000000e+00  1.78527131e+00  1.78527131e-03 
 1.11798500e-02  0.00000000e+00  1.74991941e+00  1.74991941e-03 
 1.11898500e-02  0.00000000e+00  1.71526754e+00  1.71526754e-03 
 1.11998500e-02  0.00000000e+00  1.68130184e+00  1.68130184e-03 
 1.12098500e-02  0.00000000e+00  1.64800874e+00  1.64800874e-03 
 1.12198500e-02  0.00000000e+00  1.61537490e+00  1.61537490e-03 
 1.12298500e-02  0.00000000e+00  1.58338728e+00  1.58338728e-03 
 1.12398500e-02  0.00000000e+00  1.55203308e+00  1.55203308e-03 
 1.12498500e-02  0.00000000e+00  1.52129975e+00  1.52129975e-03 
 1.12598500e-02  0.00000000e+00  1.49117500e+00  1.49117500e-03 
 1.12698500e-02  0.00000000e+00  1.46164678e+00  1.46164678e-03 
 1.12798500e-02  0.00000000e+00  1.43270328e+00  1.43270328e-03 
 1.12898500e-02  0.00000000e+00  1.40433292e+00  1.40433292e-03 
 1.12998500e-02  0.00000000e+00  1.37652435e+00  1.37652435e-03 
 1.13098500e-02  0.00000000e+00  1.34926644e+00  1.34926644e-03 
 1.13198500e-02  0.00000000e+00  1.32254829e+00  1.32254829e-03 
 1.13298500e-02  0.00000000e+00  1.29635922e+00  1.29635922e-03 
 1.13398500e-02  0.00000000e+00  1.27068874e+00  1.27068874e-03 
 1.13498500e-02  0.00000000e+00  1.24552658e+00  1.24552658e-03 
 1.13598500e-02  0.00000000e+00  1.22086269e+00  1.22086269e-03 
 1.13698500e-02  0.00000000e+00  1.19668719e+00  1.19668719e-03 
 1.13798500e-02  0.00000000e+00  1.17299042e+00  1.17299042e-03 
 1.13898500e-02  0.00000000e+00  1.14976288e+00  1.14976288e-03 
 1.13998500e-02  0.00000000e+00  1.12699530e+00  1.12699530e-03 
 1.14098500e-02  0.00000000e+00  1.10467856e+00  1.10467856e-03 
 1.14198500e-02  0.00000000e+00  1.08280374e+00  1.08280374e-03 
 1.14298500e-02  0.00000000e+00  1.06136208e+00  1.06136208e-03 
 1.14398500e-02  0.00000000e+00  1.04034501e+00  1.04034501e-03 
 1.14498500e-02  0.00000000e+00  1.01974412e+00  1.01974412e-03 
 1.14598500e-02  0.00000000e+00  9.99551166e-01  9.99551166e-04 
 1.14698500e-02  0.00000000e+00  9.79758074e-01  9.79758074e-04 
 1.14798500e-02  0.00000000e+00  9.60356924e-01  9.60356924e-04 
 1.14898500e-02  0.00000000e+00  9.41339955e-01  9.41339955e-04 
 1.14998500e-02  0.00000000e+00  9.22699560e-01  9.22699560e-04 
 1.15098500e-02  0.00000000e+00  9.04428282e-01  9.04428282e-04 
 1.15198500e-02  0.00000000e+00  8.86518811e-01  8.86518811e-04 
 1.15298500e-02  0.00000000e+00  8.68963983e-01  8.68963983e-04 
 1.15398500e-02  0.00000000e+00  8.51756775e-01  8.51756775e-04 
 1.15498500e-02  0.00000000e+00  8.34890304e-01  8.34890304e-04 
 1.15598500e-02  0.00000000e+00  8.18357823e-01  8.18357823e-04 
 1.15698500e-02  0.00000000e+00  8.02152718e-01  8.02152718e-04 
 1.15798500e-02  0.00000000e+00  7.86268505e-01  7.86268505e-04 
 1.15898500e-02  0.00000000e+00  7.70698832e-01  7.70698832e-04 
 1.15998500e-02  0.00000000e+00  7.55437469e-01  7.55437469e-04 
 1.16098500e-02  0.00000000e+00  7.40478311e-01  7.40478311e-04 
 1.16198500e-02  0.00000000e+00  7.25815374e-01  7.25815374e-04 
 1.16298500e-02  0.00000000e+00  7.11442793e-01  7.11442793e-04 
 1.16398500e-02  0.00000000e+00  6.97354817e-01  6.97354817e-04 
 1.16498500e-02  0.00000000e+00  6.83545810e-01  6.83545810e-04 
 1.16598500e-02  0.00000000e+00  6.70010250e-01  6.70010250e-04 
 1.16698500e-02  0.00000000e+00  6.56742720e-01  6.56742720e-04 
 1.16798500e-02  0.00000000e+00  6.43737914e-01  6.43737914e-04 
 1.16898500e-02  0.00000000e+00  6.30990628e-01  6.30990628e-04 
 1.16998500e-02  0.00000000e+00  6.18495764e-01  6.18495764e-04 
 1.17098500e-02  0.00000000e+00  6.06248324e-01  6.06248324e-04 
 1.17198500e-02  0.00000000e+00  5.94243406e-01  5.94243406e-04 
 1.17298500e-02  0.00000000e+00  5.82476210e-01  5.82476210e-04 
 1.17398500e-02  0.00000000e+00  5.70942028e-01  5.70942028e-04 
 1.17498500e-02  0.00000000e+00  5.59636245e-01  5.59636245e-04 
 1.17598500e-02  0.00000000e+00  5.48554339e-01  5.48554339e-04 
 1.17698500e-02  0.00000000e+00  5.37691877e-01  5.37691877e-04 
 1.17798500e-02  0.00000000e+00  5.27044513e-01  5.27044513e-04 
 1.17898500e-02  0.00000000e+00  5.16607988e-01  5.16607988e-04 
 1.17998500e-02  0.00000000e+00  5.06378127e-01  5.06378127e-04 
 1.18098500e-02  0.00000000e+00  4.96350837e-01  4.96350837e-04 
 1.18198500e-02  0.00000000e+00  4.86522108e-01  4.86522108e-04 
 1.18298500e-02  0.00000000e+00  4.76888007e-01  4.76888007e-04 
 1.18398500e-02  0.00000000e+00  4.67444680e-01  4.67444680e-04 
 1.18498500e-02  0.00000000e+00  4.58188350e-01  4.58188350e-04 
 1.18598500e-02  0.00000000e+00  4.49115313e-01  4.49115313e-04 
 1.18698500e-02  0.00000000e+00  4.40221940e-01  4.40221940e-04 
 1.18798500e-02  0.00000000e+00  4.31504674e-01  4.31504674e-04 
 1.18898500e-02  0.00000000e+00  4.22960027e-01  4.22960027e-04 
 1.18998500e-02  0.00000000e+00  4.14584581e-01  4.14584581e-04 
 1.19098500e-02  0.00000000e+00  4.06374985e-01  4.06374985e-04 
 1.19198500e-02  0.00000000e+00  3.98327956e-01  3.98327956e-04 
 1.19298500e-02  0.00000000e+00  3.90440274e-01  3.90440274e-04 
 1.19398500e-02  0.00000000e+00  3.82708783e-01  3.82708783e-04 
 1.19498500e-02  0.00000000e+00  3.75130391e-01  3.75130391e-04 
 1.19598500e-02  0.00000000e+00  3.67702067e-01  3.67702067e-04 
 1.19698500e-02  0.00000000e+00  3.60420838e-01  3.60420838e-04 
 1.19798500e-02  0.00000000e+00  3.53283791e-01  3.53283791e-04 
 1.19898500e-02  0.00000000e+00  3.46288073e-01  3.46288073e-04 
 1.19998500e-02  0.00000000e+00  3.39430883e-01  3.39430883e-04 
 1.20098500e-02  0.00000000e+00  3.32709480e-01  3.32709480e-04 
 1.20198500e-02  0.00000000e+00  3.26121173e-01  3.26121173e-04 
 1.20298500e-02  0.00000000e+00  3.19663328e-01  3.19663328e-04 
 1.20398500e-02  0.00000000e+00  3.13333361e-01  3.13333361e-04 
 1.20498500e-02  0.00000000e+00  3.07128740e-01  3.07128740e-04 
 1.20598500e-02  0.00000000e+00  3.01046983e-01  3.01046983e-04 
 1.20698500e-02  0.00000000e+00  2.95085657e-01  2.95085657e-04 
 1.20798500e-02  0.00000000e+00  2.89242376e-01  2.89242376e-04 
 1.20898500e-02  0.00000000e+00  2.83514804e-01  2.83514804e-04 
 1.20998500e-02  0.00000000e+00  2.77900650e-01  2.77900650e-04 
 1.21098500e-02  0.00000000e+00  2.72397667e-01  2.72397667e-04 
 1.21198500e-02  0.00000000e+00  2.67003654e-01  2.67003654e-04 
 1.21298500e-02  0.00000000e+00  2.61716452e-01  2.61716452e-04 
 1.21398500e-02  0.00000000e+00  2.56533948e-01  2.56533948e-04 
 1.21498500e-02  0.00000000e+00  2.51454068e-01  2.51454068e-04 
 1.21598500e-02  0.00000000e+00  2.46474780e-01  2.46474780e-04 
 1.21698500e-02  0.00000000e+00  2.41594091e-01  2.41594091e-04 
 1.21798500e-02  0.00000000e+00  2.36810050e-01  2.36810050e-04 
 1.21898500e-02  0.00000000e+00  2.32120742e-01  2.32120742e-04 
 1.21998500e-02  0.00000000e+00  2.27524291e-01  2.27524291e-04 
 1.22098500e-02  0.00000000e+00  2.23018860e-01  2.23018860e-04 
 1.22198500e-02  0.00000000e+00  2.18602645e-01  2.18602645e-04 
 1.22298500e-02  0.00000000e+00  2.14273880e-01  2.14273880e-04 
 1.22398500e-02  0.00000000e+00  2.10030833e-01  2.10030833e-04 
 1.22498500e-02  0.00000000e+00  2.05871806e-01  2.05871806e-04 
 1.22598500e-02  0.00000000e+00  2.01795137e-01  2.01795137e-04 
 1.22698500e-02  0.00000000e+00  1.97799193e-01  1.97799193e-04 
 1.22798500e-02  0.00000000e+00  1.93882378e-01  1.93882378e-04 
 1.22898500e-02  0.00000000e+00  1.90043123e-01  1.90043123e-04 
 1.22998500e-02  0.00000000e+00  1.86279893e-01  1.86279893e-04 
 1.23098500e-02  0.00000000e+00  1.82591182e-01  1.82591182e-04 
 1.23198500e-02  0.00000000e+00  1.78975515e-01  1.78975515e-04 
 1.23298500e-02  0.00000000e+00  1.75431445e-01  1.75431445e-04 
 1.23398500e-02  0.00000000e+00  1.71957555e-01  1.71957555e-04 
 1.23498500e-02  0.00000000e+00  1.68552455e-01  1.68552455e-04 
 1.23598500e-02  0.00000000e+00  1.65214783e-01  1.65214783e-04 
 1.23698500e-02  0.00000000e+00  1.61943203e-01  1.61943203e-04 
 1.23798500e-02  0.00000000e+00  1.58736407e-01  1.58736407e-04 
 1.23898500e-02  0.00000000e+00  1.55593112e-01  1.55593112e-04 
 1.23998500e-02  0.00000000e+00  1.52512060e-01  1.52512060e-04 
 1.24098500e-02  0.00000000e+00  1.49492019e-01  1.49492019e-04 
 1.24198500e-02  0.00000000e+00  1.46531781e-01  1.46531781e-04 
 1.24298500e-02  0.00000000e+00  1.43630162e-01  1.43630162e-04 
 1.24398500e-02  0.00000000e+00  1.40786000e-01  1.40786000e-04 
 1.24498500e-02  0.00000000e+00  1.37998158e-01  1.37998158e-04 
 1.24598500e-02  0.00000000e+00  1.35265522e-01  1.35265522e-04 
 1.24698500e-02  0.00000000e+00  1.32586996e-01  1.32586996e-04 
 1.24798500e-02  0.00000000e+00  1.29961511e-01  1.29961511e-04 
 1.24898500e-02  0.00000000e+00  1.27388016e-01  1.27388016e-04 
 1.24998500e-02  0.00000000e+00  1.24865481e-01  1.24865481e-04 
 1.25098500e-02  0.00000000e+00  1.22392897e-01  1.22392897e-04 
 1.25198500e-02  0.00000000e+00  1.19969276e-01  1.19969276e-04 
 1.25298500e-02  0.00000000e+00  1.17593646e-01  1.17593646e-04 
 1.25398500e-02  0.00000000e+00  1.15265059e-01  1.15265059e-04 
 1.25498500e-02  0.00000000e+00  1.12982583e-01  1.12982583e-04 
 1.25598500e-02  0.00000000e+00  1.10745304e-01  1.10745304e-04 
 1.25698500e-02  0.00000000e+00  1.08552328e-01  1.08552328e-04 
 1.25798500e-02  0.00000000e+00  1.06402777e-01  1.06402777e-04 
 1.25898500e-02  0.00000000e+00  1.04295791e-01  1.04295791e-04 
 1.25998500e-02  0.00000000e+00  1.02230528e-01  1.02230528e-04 
 1.26098500e-02  0.00000000e+00  1.00206161e-01  1.00206161e-04 
 1.26198500e-02  0.00000000e+00  9.82218805e-02  9.82218805e-05 
 1.26298500e-02  0.00000000e+00  9.62768928e-02  9.62768928e-05 
 1.26398500e-02  0.00000000e+00  9.43704197e-02  9.43704197e-05 
 1.26498500e-02  0.00000000e+00  9.25016985e-02  9.25016985e-05 
 1.26598500e-02  0.00000000e+00  9.06699817e-02  9.06699817e-05 
 1.26698500e-02  0.00000000e+00  8.88745365e-02  8.88745365e-05 
 1.26798500e-02  0.00000000e+00  8.71146447e-02  8.71146447e-05 
 1.26898500e-02  0.00000000e+00  8.53896022e-02  8.53896022e-05 
 1.26998500e-02  0.00000000e+00  8.36987190e-02  8.36987190e-05 
 1.27098500e-02  0.00000000e+00  8.20413186e-02  8.20413186e-05 
 1.27198500e-02  0.00000000e+00  8.04167381e-02  8.04167381e-05 
 1.27298500e-02  0.00000000e+00  7.88243274e-02  7.88243274e-05 
 1.27398500e-02  0.00000000e+00  7.72634497e-02  7.72634497e-05 
 1.27498500e-02  0.00000000e+00  7.57334804e-02  7.57334804e-05 
 1.27598500e-02  0.00000000e+00  7.42338075e-02  7.42338075e-05 
 1.27698500e-02  0.00000000e+00  7.27638311e-02  7.27638311e-05 
 1.27798500e-02  0.00000000e+00  7.13229631e-02  7.13229631e-05 
 1.27898500e-02  0.00000000e+00  6.99106272e-02  6.99106272e-05 
 1.27998500e-02  0.00000000e+00  6.85262584e-02  6.85262584e-05 
 1.28098500e-02  0.00000000e+00  6.71693028e-02  6.71693028e-05 
 1.28198500e-02  0.00000000e+00  6.58392176e-02  6.58392176e-05 
 1.28298500e-02  0.00000000e+00  6.45354707e-02  6.45354707e-05 
 1.28398500e-02  0.00000000e+00  6.32575406e-02  6.32575406e-05 
 1.28498500e-02  0.00000000e+00  6.20049160e-02  6.20049160e-05 
 1.28598500e-02  0.00000000e+00  6.07770959e-02  6.07770959e-05 
 1.28698500e-02  0.00000000e+00  5.95735890e-02  5.95735890e-05 
 1.28798500e-02  0.00000000e+00  5.83939140e-02  5.83939140e-05 
 1.28898500e-02  0.00000000e+00  5.72375989e-02  5.72375989e-05 
 1.28998500e-02  0.00000000e+00  5.61041811e-02  5.61041811e-05 
 1.29098500e-02  0.00000000e+00  5.49932072e-02  5.49932072e-05 
 1.29198500e-02  0.00000000e+00  5.39042328e-02  5.39042328e-05 
 1.29298500e-02  0.00000000e+00  5.28368222e-02  5.28368222e-05 
 1.29398500e-02  0.00000000e+00  5.17905485e-02  5.17905485e-05 
 1.29498500e-02  0.00000000e+00  5.07649931e-02  5.07649931e-05 
 1.29598500e-02  0.00000000e+00  4.97597457e-02  4.97597457e-05 
 1.29698500e-02  0.00000000e+00  4.87744042e-02  4.87744042e-05 
 1.29798500e-02  0.00000000e+00  4.78085744e-02  4.78085744e-05 
 1.29898500e-02  0.00000000e+00  4.68618700e-02  4.68618700e-05 
 1.29998500e-02  0.00000000e+00  4.59339122e-02  4.59339122e-05 
 1.30098500e-02  0.00000000e+00  4.50243298e-02  4.50243298e-05 
 1.30198500e-02  0.00000000e+00  4.41327589e-02  4.41327589e-05 
 1.30298500e-02  0.00000000e+00  4.32588429e-02  4.32588429e-05 
 1.30398500e-02  0.00000000e+00  4.24022321e-02  4.24022321e-05 
 1.30498500e-02  0.00000000e+00  4.15625839e-02  4.15625839e-05 
 1.30598500e-02  0.00000000e+00  4.07395625e-02  4.07395625e-05 
 1.30698500e-02  0.00000000e+00  3.99328385e-02  3.99328385e-05 
 1.30798500e-02  0.00000000e+00  3.91420892e-02  3.91420892e-05 
 1.30898500e-02  0.00000000e+00  3.83669983e-02  3.83669983e-05 
 1.30998500e-02  0.00000000e+00  3.76072558e-02  3.76072558e-05 
 1.31098500e-02  0.00000000e+00  3.68625576e-02  3.68625576e-05 
 1.31198500e-02  0.00000000e+00  3.61326060e-02  3.61326060e-05 
 1.31298500e-02  0.00000000e+00  3.54171089e-02  3.54171089e-05 
 1.31398500e-02  0.00000000e+00  3.47157800e-02  3.47157800e-05 
 1.31498500e-02  0.00000000e+00  3.40283388e-02  3.40283388e-05 
 1.31598500e-02  0.00000000e+00  3.33545103e-02  3.33545103e-05 
 1.31698500e-02  0.00000000e+00  3.26940249e-02  3.26940249e-05 
 1.31798500e-02  0.00000000e+00  3.20466185e-02  3.20466185e-05 
 1.31898500e-02  0.00000000e+00  3.14120320e-02  3.14120320e-05 
 1.31998500e-02  0.00000000e+00  3.07900116e-02  3.07900116e-05 
 1.32098500e-02  0.00000000e+00  3.01803084e-02  3.01803084e-05 
 1.32198500e-02  0.00000000e+00  2.95826785e-02  2.95826785e-05 
 1.32298500e-02  0.00000000e+00  2.89968829e-02  2.89968829e-05 
 1.32398500e-02  0.00000000e+00  2.84226872e-02  2.84226872e-05 
 1.32498500e-02  0.00000000e+00  2.78598617e-02  2.78598617e-05 
 1.32598500e-02  0.00000000e+00  2.73081813e-02  2.73081813e-05 
 1.32698500e-02  0.00000000e+00  2.67674252e-02  2.67674252e-05 
 1.32798500e-02  0.00000000e+00  2.62373772e-02  2.62373772e-05 
 1.32898500e-02  0.00000000e+00  2.57178252e-02  2.57178252e-05 
 1.32998500e-02  0.00000000e+00  2.52085613e-02  2.52085613e-05 
 1.33098500e-02  0.00000000e+00  2.47093819e-02  2.47093819e-05 
 1.33198500e-02  0.00000000e+00  2.42200872e-02  2.42200872e-05 
 1.33298500e-02  0.00000000e+00  2.37404815e-02  2.37404815e-05 
 1.33398500e-02  0.00000000e+00  2.32703729e-02  2.32703729e-05 
 1.33498500e-02  0.00000000e+00  2.28095735e-02  2.28095735e-05 
 1.33598500e-02  0.00000000e+00  2.23578988e-02  2.23578988e-05 
 1.33698500e-02  0.00000000e+00  2.19151681e-02  2.19151681e-05 
 1.33798500e-02  0.00000000e+00  2.14812044e-02  2.14812044e-05 
 1.33898500e-02  0.00000000e+00  2.10558340e-02  2.10558340e-05 
 1.33998500e-02  0.00000000e+00  2.06388868e-02  2.06388868e-05 
 1.34098500e-02  0.00000000e+00  2.02301959e-02  2.02301959e-05 
 1.34198500e-02  0.00000000e+00  1.98295980e-02  1.98295980e-05 
 1.34298500e-02  0.00000000e+00  1.94369327e-02  1.94369327e-05 
 1.34398500e-02  0.00000000e+00  1.90520429e-02  1.90520429e-05 
 1.34498500e-02  0.00000000e+00  1.86747748e-02  1.86747748e-05 
 1.34598500e-02  0.00000000e+00  1.83049772e-02  1.83049772e-05 
 1.34698500e-02  0.00000000e+00  1.79425024e-02  1.79425024e-05 
 1.34798500e-02  0.00000000e+00  1.75872054e-02  1.75872054e-05 
 1.34898500e-02  0.00000000e+00  1.72389439e-02  1.72389439e-05 
 1.34998500e-02  0.00000000e+00  1.68975786e-02  1.68975786e-05 
 1.35098500e-02  0.00000000e+00  1.65629731e-02  1.65629731e-05 
 1.35198500e-02  0.00000000e+00  1.62349935e-02  1.62349935e-05 
 1.35298500e-02  0.00000000e+00  1.59135084e-02  1.59135084e-05 
 1.35398500e-02  0.00000000e+00  1.55983895e-02  1.55983895e-05 
 1.35498500e-02  0.00000000e+00  1.52895105e-02  1.52895105e-05 
 1.35598500e-02  0.00000000e+00  1.49867479e-02  1.49867479e-05 
 1.35698500e-02  0.00000000e+00  1.46899806e-02  1.46899806e-05 
 1.35798500e-02  0.00000000e+00  1.43990899e-02  1.43990899e-05 
 1.35898500e-02  0.00000000e+00  1.41139594e-02  1.41139594e-05 
 1.35998500e-02  0.00000000e+00  1.38344751e-02  1.38344751e-05 
 1.36098500e-02  0.00000000e+00  1.35605251e-02  1.35605251e-05 
 1.36198500e-02  0.00000000e+00  1.32919998e-02  1.32919998e-05 
 1.36298500e-02  0.00000000e+00  1.30287919e-02  1.30287919e-05 
 1.36398500e-02  0.00000000e+00  1.27707960e-02  1.27707960e-05 
 1.36498500e-02  0.00000000e+00  1.25179090e-02  1.25179090e-05 
 1.36598500e-02  0.00000000e+00  1.22700296e-02  1.22700296e-05 
 1.36698500e-02  0.00000000e+00  1.20270587e-02  1.20270587e-05 
 1.36798500e-02  0.00000000e+00  1.17888991e-02  1.17888991e-05 
 1.36898500e-02  0.00000000e+00  1.15554556e-02  1.15554556e-05 
 1.36998500e-02  0.00000000e+00  1.13266347e-02  1.13266347e-05 
 1.37098500e-02  0.00000000e+00  1.11023449e-02  1.11023449e-05 
 1.37198500e-02  0.00000000e+00  1.08824965e-02  1.08824965e-05 
 1.37298500e-02  0.00000000e+00  1.06670015e-02  1.06670015e-05 
 1.37398500e-02  0.00000000e+00  1.04557737e-02  1.04557737e-05 
 1.37498500e-02  0.00000000e+00  1.02487287e-02  1.02487287e-05 
 1.37598500e-02  0.00000000e+00  1.00457836e-02  1.00457836e-05 
 1.37698500e-02  0.00000000e+00  9.84685717e-03  9.84685717e-06 
 1.37798500e-02  0.00000000e+00  9.65186990e-03  9.65186990e-06 
 1.37898500e-02  0.00000000e+00  9.46074376e-03  9.46074376e-06 
 1.37998500e-02  0.00000000e+00  9.27340230e-03  9.27340230e-06 
 1.38098500e-02  0.00000000e+00  9.08977057e-03  9.08977057e-06 
 1.38198500e-02  0.00000000e+00  8.90977512e-03  8.90977512e-06 
 1.38298500e-02  0.00000000e+00  8.73334393e-03  8.73334393e-06 
 1.38398500e-02  0.00000000e+00  8.56040642e-03  8.56040642e-06 
 1.38498500e-02  0.00000000e+00  8.39089342e-03  8.39089342e-06 
 1.38598500e-02  0.00000000e+00  8.22473712e-03  8.22473712e-06 
 1.38698500e-02  0.00000000e+00  8.06187104e-03  8.06187104e-06 
 1.38798500e-02  0.00000000e+00  7.90223003e-03  7.90223003e-06 
 1.38898500e-02  0.00000000e+00  7.74575022e-03  7.74575022e-06 
 1.38998500e-02  0.00000000e+00  7.59236903e-03  7.59236903e-06 
 1.39098500e-02  0.00000000e+00  7.44202509e-03  7.44202509e-06 
 1.39198500e-02  0.00000000e+00  7.29465826e-03  7.29465826e-06 
 1.39298500e-02  0.00000000e+00  7.15020958e-03  7.15020958e-06 
 1.39398500e-02  0.00000000e+00  7.00862127e-03  7.00862127e-06 
 1.39498500e-02  0.00000000e+00  6.86983669e-03  6.86983669e-06 
 1.39598500e-02  0.00000000e+00  6.73380032e-03  6.73380032e-06 
 1.39698500e-02  0.00000000e+00  6.60045774e-03  6.60045774e-06 
 1.39798500e-02  0.00000000e+00  6.46975561e-03  6.46975561e-06 
 1.39898500e-02  0.00000000e+00  6.34164163e-03  6.34164163e-06 
 1.39998500e-02  0.00000000e+00  6.21606457e-03  6.21606457e-06 
 1.40098500e-02  0.00000000e+00  6.09297418e-03  6.09297418e-06 
 1.40198500e-02  0.00000000e+00  5.97232123e-03  5.97232123e-06 
 1.40298500e-02  0.00000000e+00  5.85405744e-03  5.85405744e-06 
 1.40398500e-02  0.00000000e+00  5.73813551e-03  5.73813551e-06 
 1.40498500e-02  0.00000000e+00  5.62450907e-03  5.62450907e-06 
 1.40598500e-02  0.00000000e+00  5.51313265e-03  5.51313265e-06 
 1.40698500e-02  0.00000000e+00  5.40396171e-03  5.40396171e-06 
 1.40798500e-02  0.00000000e+00  5.29695256e-03  5.29695256e-06 
 1.40898500e-02  0.00000000e+00  5.19206242e-03  5.19206242e-06 
 1.40998500e-02  0.00000000e+00  5.08924930e-03  5.08924930e-06 
 1.41098500e-02  0.00000000e+00  4.98847208e-03  4.98847208e-06 
 1.41198500e-02  0.00000000e+00  4.88969046e-03  4.88969046e-06 
 1.41298500e-02  0.00000000e+00  4.79286491e-03  4.79286491e-06 
 1.41398500e-02  0.00000000e+00  4.69795669e-03  4.69795669e-06 
 1.41498500e-02  0.00000000e+00  4.60492784e-03  4.60492784e-06 
 1.41598500e-02  0.00000000e+00  4.51374115e-03  4.51374115e-06 
 1.41698500e-02  0.00000000e+00  4.42436014e-03  4.42436014e-06 
 1.41798500e-02  0.00000000e+00  4.33674905e-03  4.33674905e-06 
 1.41898500e-02  0.00000000e+00  4.25087283e-03  4.25087283e-06 
 1.41998500e-02  0.00000000e+00  4.16669713e-03  4.16669713e-06 
 1.42098500e-02  0.00000000e+00  4.08418828e-03  4.08418828e-06 
 1.42198500e-02  0.00000000e+00  4.00331326e-03  4.00331326e-06 
 1.42298500e-02  0.00000000e+00  3.92403973e-03  3.92403973e-06 
 1.42398500e-02  0.00000000e+00  3.84633597e-03  3.84633597e-06 
 1.42498500e-02  0.00000000e+00  3.77017091e-03  3.77017091e-06 
 1.42598500e-02  0.00000000e+00  3.69551406e-03  3.69551406e-06 
 1.42698500e-02  0.00000000e+00  3.62233556e-03  3.62233556e-06 
 1.42798500e-02  0.00000000e+00  3.55060614e-03  3.55060614e-06 
 1.42898500e-02  0.00000000e+00  3.48029711e-03  3.48029711e-06 
 1.42998500e-02  0.00000000e+00  3.41138034e-03  3.41138034e-06 
 1.43098500e-02  0.00000000e+00  3.34382825e-03  3.34382825e-06 
 1.43198500e-02  0.00000000e+00  3.27761383e-03  3.27761383e-06 
 1.43298500e-02  0.00000000e+00  3.21271058e-03  3.21271058e-06 
 1.43398500e-02  0.00000000e+00  3.14909255e-03  3.14909255e-06 
 1.43498500e-02  0.00000000e+00  3.08673429e-03  3.08673429e-06 
 1.43598500e-02  0.00000000e+00  3.02561083e-03  3.02561083e-06 
 1.43698500e-02  0.00000000e+00  2.96569775e-03  2.96569775e-06 
 1.43798500e-02  0.00000000e+00  2.90697106e-03  2.90697106e-06 
 1.43898500e-02  0.00000000e+00  2.84940728e-03  2.84940728e-06 
 1.43998500e-02  0.00000000e+00  2.79298337e-03  2.79298337e-06 
 1.44098500e-02  0.00000000e+00  2.73767677e-03  2.73767677e-06 
 1.44198500e-02  0.00000000e+00  2.68346535e-03  2.68346535e-06 
 1.44298500e-02  0.00000000e+00  2.63032742e-03  2.63032742e-06 
 1.44398500e-02  0.00000000e+00  2.57824173e-03  2.57824173e-06 
 1.44498500e-02  0.00000000e+00  2.52718744e-03  2.52718744e-06 
 1.44598500e-02  0.00000000e+00  2.47714412e-03  2.47714412e-06 
 1.44698500e-02  0.00000000e+00  2.42809176e-03  2.42809176e-06 
 1.44798500e-02  0.00000000e+00  2.38001074e-03  2.38001074e-06 
 1.44898500e-02  0.00000000e+00  2.33288181e-03  2.33288181e-06 
 1.44998500e-02  0.00000000e+00  2.28668613e-03  2.28668613e-06 
 1.45098500e-02  0.00000000e+00  2.24140522e-03  2.24140522e-06 
 1.45198500e-02  0.00000000e+00  2.19702096e-03  2.19702096e-06 
 1.45298500e-02  0.00000000e+00  2.15351559e-03  2.15351559e-06 
 1.45398500e-02  0.00000000e+00  2.11087172e-03  2.11087172e-06 
 1.45498500e-02  0.00000000e+00  2.06907228e-03  2.06907228e-06 
 1.45598500e-02  0.00000000e+00  2.02810055e-03  2.02810055e-06 
 1.45698500e-02  0.00000000e+00  1.98794014e-03  1.98794014e-06 
 1.45798500e-02  0.00000000e+00  1.94857499e-03  1.94857499e-06 
 1.45898500e-02  0.00000000e+00  1.90998935e-03  1.90998935e-06 
 1.45998500e-02  0.00000000e+00  1.87216778e-03  1.87216778e-06 
 1.46098500e-02  0.00000000e+00  1.83509515e-03  1.83509515e-06 
 1.46198500e-02  0.00000000e+00  1.79875663e-03  1.79875663e-06 
 1.46298500e-02  0.00000000e+00  1.76313769e-03  1.76313769e-06 
 1.46398500e-02  0.00000000e+00  1.72822407e-03  1.72822407e-06 
 1.46498500e-02  0.00000000e+00  1.69400181e-03  1.69400181e-06 
 1.46598500e-02  0.00000000e+00  1.66045722e-03  1.66045722e-06 
 1.46698500e-02  0.00000000e+00  1.62757688e-03  1.62757688e-06 
 1.46798500e-02  0.00000000e+00  1.59534763e-03  1.59534763e-06 
 1.46898500e-02  0.00000000e+00  1.56375659e-03  1.56375659e-06 
 1.46998500e-02  0.00000000e+00  1.53279111e-03  1.53279111e-06 
 1.47098500e-02  0.00000000e+00  1.50243882e-03  1.50243882e-06 
 1.47198500e-02  0.00000000e+00  1.47268755e-03  1.47268755e-06 
 1.47298500e-02  0.00000000e+00  1.44352542e-03  1.44352542e-06 
 1.47398500e-02  0.00000000e+00  1.41494076e-03  1.41494076e-06 
 1.47498500e-02  0.00000000e+00  1.38692213e-03  1.38692213e-06 
 1.47598500e-02  0.00000000e+00  1.35945833e-03  1.35945833e-06 
 1.47698500e-02  0.00000000e+00  1.33253836e-03  1.33253836e-06 
 1.47798500e-02  0.00000000e+00  1.30615146e-03  1.30615146e-06 
 1.47898500e-02  0.00000000e+00  1.28028708e-03  1.28028708e-06 
 1.47998500e-02  0.00000000e+00  1.25493486e-03  1.25493486e-06 
 1.48098500e-02  0.00000000e+00  1.23008466e-03  1.23008466e-06 
 1.48198500e-02  0.00000000e+00  1.20572655e-03  1.20572655e-06 
 1.48298500e-02  0.00000000e+00  1.18185078e-03  1.18185078e-06 
 1.48398500e-02  0.00000000e+00  1.15844779e-03  1.15844779e-06 
 1.48498500e-02  0.00000000e+00  1.13550823e-03  1.13550823e-06 
 1.48598500e-02  0.00000000e+00  1.11302292e-03  1.11302292e-06 
 1.48698500e-02  0.00000000e+00  1.09098286e-03  1.09098286e-06 
 1.48798500e-02  0.00000000e+00  1.06937924e-03  1.06937924e-06 
 1.48898500e-02  0.00000000e+00  1.04820341e-03  1.04820341e-06 
 1.48998500e-02  0.00000000e+00  1.02744691e-03  1.02744691e-06 
 1.49098500e-02  0.00000000e+00  1.00710143e-03  1.00710143e-06 
 1.49198500e-02  0.00000000e+00  9.87158825e-04  9.87158825e-07 
 1.49298500e-02  0.00000000e+00  9.67611125e-04  9.67611125e-07 
 1.49398500e-02  0.00000000e+00  9.48450509e-04  9.48450509e-07 
 1.49498500e-02  0.00000000e+00  9.29669311e-04  9.29669311e-07 
 1.49598500e-02  0.00000000e+00  9.11260017e-04  9.11260017e-07 
 1.49698500e-02  0.00000000e+00  8.93215265e-04  8.93215265e-07 
 1.49798500e-02  0.00000000e+00  8.75527834e-04  8.75527834e-07 
 1.49898500e-02  0.00000000e+00  8.58190649e-04  8.58190649e-07 
 1.49998500e-02  0.00000000e+00  8.41196774e-04  8.41196774e-07 
 1.50098500e-02  0.00000000e+00  8.24539413e-04  8.24539413e-07 
 1.50198500e-02  0.00000000e+00  8.08211900e-04  8.08211900e-07 
 1.50298500e-02  0.00000000e+00  7.92207703e-04  7.92207703e-07 
 1.50398500e-02  0.00000000e+00  7.76520422e-04  7.76520422e-07 
 1.50498500e-02  0.00000000e+00  7.61143780e-04  7.61143780e-07 
 1.50598500e-02  0.00000000e+00  7.46071626e-04  7.46071626e-07 
 1.50698500e-02  0.00000000e+00  7.31297931e-04  7.31297931e-07 
 1.50798500e-02  0.00000000e+00  7.16816783e-04  7.16816783e-07 
 1.50898500e-02  0.00000000e+00  7.02622392e-04  7.02622392e-07 
 1.50998500e-02  0.00000000e+00  6.88709077e-04  6.88709077e-07 
 1.51098500e-02  0.00000000e+00  6.75071273e-04  6.75071273e-07 
 1.51198500e-02  0.00000000e+00  6.61703525e-04  6.61703525e-07 
 1.51298500e-02  0.00000000e+00  6.48600485e-04  6.48600485e-07 
 1.51398500e-02  0.00000000e+00  6.35756911e-04  6.35756911e-07 
 1.51498500e-02  0.00000000e+00  6.23167666e-04  6.23167666e-07 
 1.51598500e-02  0.00000000e+00  6.10827712e-04  6.10827712e-07 
 1.51698500e-02  0.00000000e+00  5.98732114e-04  5.98732114e-07 
 1.51798500e-02  0.00000000e+00  5.86876032e-04  5.86876032e-07 
 1.51898500e-02  0.00000000e+00  5.75254725e-04  5.75254725e-07 
 1.51998500e-02  0.00000000e+00  5.63863542e-04  5.63863542e-07 
 1.52098500e-02  0.00000000e+00  5.52697927e-04  5.52697927e-07 
 1.52198500e-02  0.00000000e+00  5.41753414e-04  5.41753414e-07 
 1.52298500e-02  0.00000000e+00  5.31025623e-04  5.31025623e-07 
 1.52398500e-02  0.00000000e+00  5.20510265e-04  5.20510265e-07 
 1.52498500e-02  0.00000000e+00  5.10203131e-04  5.10203131e-07 
 1.52598500e-02  0.00000000e+00  5.00100098e-04  5.00100098e-07 
 1.52698500e-02  0.00000000e+00  4.90197126e-04  4.90197126e-07 
 1.52798500e-02  0.00000000e+00  4.80490252e-04  4.80490252e-07 
 1.52898500e-02  0.00000000e+00  4.70975594e-04  4.70975594e-07 
 1.52998500e-02  0.00000000e+00  4.61649344e-04  4.61649344e-07 
 1.53098500e-02  0.00000000e+00  4.52507773e-04  4.52507773e-07 
 1.53198500e-02  0.00000000e+00  4.43547223e-04  4.43547223e-07 
 1.53298500e-02  0.00000000e+00  4.34764110e-04  4.34764110e-07 
 1.53398500e-02  0.00000000e+00  4.26154920e-04  4.26154920e-07 
 1.53498500e-02  0.00000000e+00  4.17716208e-04  4.17716208e-07 
 1.53598500e-02  0.00000000e+00  4.09444600e-04  4.09444600e-07 
 1.53698500e-02  0.00000000e+00  4.01336786e-04  4.01336786e-07 
 1.53798500e-02  0.00000000e+00  3.93389523e-04  3.93389523e-07 
 1.53898500e-02  0.00000000e+00  3.85599632e-04  3.85599632e-07 
 1.53998500e-02  0.00000000e+00  3.77963996e-04  3.77963996e-07 
 1.54098500e-02  0.00000000e+00  3.70479560e-04  3.70479560e-07 
 1.54198500e-02  0.00000000e+00  3.63143331e-04  3.63143331e-07 
 1.54298500e-02  0.00000000e+00  3.55952374e-04  3.55952374e-07 
 1.54398500e-02  0.00000000e+00  3.48903812e-04  3.48903812e-07 
 1.54498500e-02  0.00000000e+00  3.41994826e-04  3.41994826e-07 
 1.54598500e-02  0.00000000e+00  3.35222651e-04  3.35222651e-07 
 1.54698500e-02  0.00000000e+00  3.28584579e-04  3.28584579e-07 
 1.54798500e-02  0.00000000e+00  3.22077953e-04  3.22077953e-07 
 1.54898500e-02  0.00000000e+00  3.15700172e-04  3.15700172e-07 
 1.54998500e-02  0.00000000e+00  3.09448684e-04  3.09448684e-07 
 1.55098500e-02  0.00000000e+00  3.03320987e-04  3.03320987e-07 
 1.55198500e-02  0.00000000e+00  2.97314631e-04  2.97314631e-07 
 1.55298500e-02  0.00000000e+00  2.91427212e-04  2.91427212e-07 
 1.55398500e-02  0.00000000e+00  2.85656376e-04  2.85656376e-07 
 1.55498500e-02  0.00000000e+00  2.79999814e-04  2.79999814e-07 
 1.55598500e-02  0.00000000e+00  2.74455264e-04  2.74455264e-07 
 1.55698500e-02  0.00000000e+00  2.69020506e-04  2.69020506e-07 
 1.55798500e-02  0.00000000e+00  2.63693367e-04  2.63693367e-07 
 1.55898500e-02  0.00000000e+00  2.58471716e-04  2.58471716e-07 
 1.55998500e-02  0.00000000e+00  2.53353465e-04  2.53353465e-07 
 1.56098500e-02  0.00000000e+00  2.48336564e-04  2.48336564e-07 
 1.56198500e-02  0.00000000e+00  2.43419009e-04  2.43419009e-07 
 1.56298500e-02  0.00000000e+00  2.38598830e-04  2.38598830e-07 
 1.56398500e-02  0.00000000e+00  2.33874101e-04  2.33874101e-07 
 1.56498500e-02  0.00000000e+00  2.29242931e-04  2.29242931e-07 
 1.56598500e-02  0.00000000e+00  2.24703467e-04  2.24703467e-07 
 1.56698500e-02  0.00000000e+00  2.20253893e-04  2.20253893e-07 
 1.56798500e-02  0.00000000e+00  2.15892430e-04  2.15892430e-07 
 1.56898500e-02  0.00000000e+00  2.11617332e-04  2.11617332e-07 
 1.56998500e-02  0.00000000e+00  2.07426890e-04  2.07426890e-07 
 1.57098500e-02  0.00000000e+00  2.03319427e-04  2.03319427e-07 
 1.57198500e-02  0.00000000e+00  1.99293300e-04  1.99293300e-07 
 1.57298500e-02  0.00000000e+00  1.95346898e-04  1.95346898e-07 
 1.57398500e-02  0.00000000e+00  1.91478642e-04  1.91478642e-07 
 1.57498500e-02  0.00000000e+00  1.87686986e-04  1.87686986e-07 
 1.57598500e-02  0.00000000e+00  1.83970412e-04  1.83970412e-07 
 1.57698500e-02  0.00000000e+00  1.80327433e-04  1.80327433e-07 
 1.57798500e-02  0.00000000e+00  1.76756593e-04  1.76756593e-07 
 1.57898500e-02  0.00000000e+00  1.73256463e-04  1.73256463e-07 
 1.57998500e-02  0.00000000e+00  1.69825642e-04  1.69825642e-07 
 1.58098500e-02  0.00000000e+00  1.66462758e-04  1.66462758e-07 
 1.58198500e-02  0.00000000e+00  1.63166465e-04  1.63166465e-07 
 1.58298500e-02  0.00000000e+00  1.59935446e-04  1.59935446e-07 
 1.58398500e-02  0.00000000e+00  1.56768408e-04  1.56768408e-07 
 1.58498500e-02  0.00000000e+00  1.53664083e-04  1.53664083e-07 
 1.58598500e-02  0.00000000e+00  1.50621230e-04  1.50621230e-07 
 1.58698500e-02  0.00000000e+00  1.47638631e-04  1.47638631e-07 
 1.58798500e-02  0.00000000e+00  1.44715094e-04  1.44715094e-07 
 1.58898500e-02  0.00000000e+00  1.41849448e-04  1.41849448e-07 
 1.58998500e-02  0.00000000e+00  1.39040548e-04  1.39040548e-07 
 1.59098500e-02  0.00000000e+00  1.36287270e-04  1.36287270e-07 
 1.59198500e-02  0.00000000e+00  1.33588512e-04  1.33588512e-07 
 1.59298500e-02  0.00000000e+00  1.30943195e-04  1.30943195e-07 
 1.59398500e-02  0.00000000e+00  1.28350261e-04  1.28350261e-07 
 1.59498500e-02  0.00000000e+00  1.25808671e-04  1.25808671e-07 
 1.59598500e-02  0.00000000e+00  1.23317411e-04  1.23317411e-07 
 1.59698500e-02  0.00000000e+00  1.20875482e-04  1.20875482e-07 
 1.59798500e-02  0.00000000e+00  1.18481908e-04  1.18481908e-07 
 1.59898500e-02  0.00000000e+00  1.16135731e-04  1.16135731e-07 
 1.59998500e-02  0.00000000e+00  1.13836014e-04  1.13836014e-07 
 1.60098500e-02  0.00000000e+00  1.11581835e-04  1.11581835e-07 
 1.60198500e-02  0.00000000e+00  1.09372294e-04  1.09372294e-07 
 1.60298500e-02  0.00000000e+00  1.07206506e-04  1.07206506e-07 
 1.60398500e-02  0.00000000e+00  1.05083605e-04  1.05083605e-07 
 1.60498500e-02  0.00000000e+00  1.03002742e-04  1.03002742e-07 
 1.60598500e-02  0.00000000e+00  1.00963083e-04  1.00963083e-07 
 1.60698500e-02  0.00000000e+00  9.89638144e-05  9.89638144e-08 
 1.60798500e-02  0.00000000e+00  9.70041349e-05  9.70041349e-08 
 1.60898500e-02  0.00000000e+00  9.50832609e-05  9.50832609e-08 
 1.60998500e-02  0.00000000e+00  9.32004241e-05  9.32004241e-08 
 1.61098500e-02  0.00000000e+00  9.13548711e-05  9.13548711e-08 
 1.61198500e-02  0.00000000e+00  8.95458638e-05  8.95458638e-08 
 1.61298500e-02  0.00000000e+00  8.77726783e-05  8.77726783e-08 
 1.61398500e-02  0.00000000e+00  8.60346055e-05  8.60346055e-08 
 1.61498500e-02  0.00000000e+00  8.43309499e-05  8.43309499e-08 
 1.61598500e-02  0.00000000e+00  8.26610301e-05  8.26610301e-08 
 1.61698500e-02  0.00000000e+00  8.10241781e-05  8.10241781e-08 
 1.61798500e-02  0.00000000e+00  7.94197389e-05  7.94197389e-08 
 1.61898500e-02  0.00000000e+00  7.78470708e-05  7.78470708e-08 
 1.61998500e-02  0.00000000e+00  7.63055446e-05  7.63055446e-08 
 1.62098500e-02  0.00000000e+00  7.47945438e-05  7.47945438e-08 
 1.62198500e-02  0.00000000e+00  7.33134637e-05  7.33134637e-08 
 1.62298500e-02  0.00000000e+00  7.18617119e-05  7.18617119e-08 
 1.62398500e-02  0.00000000e+00  7.04387077e-05  7.04387077e-08 
 1.62498500e-02  0.00000000e+00  6.90438818e-05  6.90438818e-08 
 1.62598500e-02  0.00000000e+00  6.76766763e-05  6.76766763e-08 
 1.62698500e-02  0.00000000e+00  6.63365441e-05  6.63365441e-08 
 1.62798500e-02  0.00000000e+00  6.50229491e-05  6.50229491e-08 
 1.62898500e-02  0.00000000e+00  6.37353660e-05  6.37353660e-08 
 1.62998500e-02  0.00000000e+00  6.24732795e-05  6.24732795e-08 
 1.63098500e-02  0.00000000e+00  6.12361849e-05  6.12361849e-08 
 1.63198500e-02  0.00000000e+00  6.00235871e-05  6.00235871e-08 
 1.63298500e-02  0.00000000e+00  5.88350013e-05  5.88350013e-08 
 1.63398500e-02  0.00000000e+00  5.76699517e-05  5.76699517e-08 
 1.63498500e-02  0.00000000e+00  5.65279725e-05  5.65279725e-08 
 1.63598500e-02  0.00000000e+00  5.54086067e-05  5.54086067e-08 
 1.63698500e-02  0.00000000e+00  5.43114066e-05  5.43114066e-08 
 1.63798500e-02  0.00000000e+00  5.32359332e-05  5.32359332e-08 
 1.63898500e-02  0.00000000e+00  5.21817563e-05  5.21817563e-08 
 1.63998500e-02  0.00000000e+00  5.11484542e-05  5.11484542e-08 
 1.64098500e-02  0.00000000e+00  5.01356135e-05  5.01356135e-08 
 1.64198500e-02  0.00000000e+00  4.91428291e-05  4.91428291e-08 
 1.64298500e-02  0.00000000e+00  4.81697037e-05  4.81697037e-08 
 1.64398500e-02  0.00000000e+00  4.72158482e-05  4.72158482e-08 
 1.64498500e-02  0.00000000e+00  4.62808809e-05  4.62808809e-08 
 1.64598500e-02  0.00000000e+00  4.53644278e-05  4.53644278e-08 
 1.64698500e-02  0.00000000e+00  4.44661223e-05  4.44661223e-08 
 1.64798500e-02  0.00000000e+00  4.35856051e-05  4.35856051e-08 
 1.64898500e-02  0.00000000e+00  4.27225238e-05  4.27225238e-08 
 1.64998500e-02  0.00000000e+00  4.18765332e-05  4.18765332e-08 
 1.65098500e-02  0.00000000e+00  4.10472949e-05  4.10472949e-08 
 1.65198500e-02  0.00000000e+00  4.02344772e-05  4.02344772e-08 
 1.65298500e-02  0.00000000e+00  3.94377549e-05  3.94377549e-08 
 1.65398500e-02  0.00000000e+00  3.86568092e-05  3.86568092e-08 
 1.65498500e-02  0.00000000e+00  3.78913279e-05  3.78913279e-08 
 1.65598500e-02  0.00000000e+00  3.71410045e-05  3.71410045e-08 
 1.65698500e-02  0.00000000e+00  3.64055391e-05  3.64055391e-08 
 1.65798500e-02  0.00000000e+00  3.56846373e-05  3.56846373e-08 
 1.65898500e-02  0.00000000e+00  3.49780109e-05  3.49780109e-08 
 1.65998500e-02  0.00000000e+00  3.42853770e-05  3.42853770e-08 
 1.66098500e-02  0.00000000e+00  3.36064586e-05  3.36064586e-08 
 1.66198500e-02  0.00000000e+00  3.29409842e-05  3.29409842e-08 
 1.66298500e-02  0.00000000e+00  3.22886875e-05  3.22886875e-08 
 1.66398500e-02  0.00000000e+00  3.16493075e-05  3.16493075e-08 
 1.66498500e-02  0.00000000e+00  3.10225886e-05  3.10225886e-08 
 1.66598500e-02  0.00000000e+00  3.04082799e-05  3.04082799e-08 
 1.66698500e-02  0.00000000e+00  2.98061357e-05  2.98061357e-08 
 1.66798500e-02  0.00000000e+00  2.92159152e-05  2.92159152e-08 
 1.66898500e-02  0.00000000e+00  2.86373822e-05  2.86373822e-08 
 1.66998500e-02  0.00000000e+00  2.80703054e-05  2.80703054e-08 
 1.67098500e-02  0.00000000e+00  2.75144577e-05  2.75144577e-08 
 1.67198500e-02  0.00000000e+00  2.69696170e-05  2.69696170e-08 
 1.67298500e-02  0.00000000e+00  2.64355652e-05  2.64355652e-08 
 1.67398500e-02  0.00000000e+00  2.59120886e-05  2.59120886e-08 
 1.67498500e-02  0.00000000e+00  2.53989780e-05  2.53989780e-08 
 1.67598500e-02  0.00000000e+00  2.48960279e-05  2.48960279e-08 
 1.67698500e-02  0.00000000e+00  2.44030373e-05  2.44030373e-08 
 1.67798500e-02  0.00000000e+00  2.39198088e-05  2.39198088e-08 
 1.67898500e-02  0.00000000e+00  2.34461492e-05  2.34461492e-08 
 1.67998500e-02  0.00000000e+00  2.29818690e-05  2.29818690e-08 
 1.68098500e-02  0.00000000e+00  2.25267825e-05  2.25267825e-08 
 1.68198500e-02  0.00000000e+00  2.20807076e-05  2.20807076e-08 
 1.68298500e-02  0.00000000e+00  2.16434659e-05  2.16434659e-08 
 1.68398500e-02  0.00000000e+00  2.12148824e-05  2.12148824e-08 
 1.68498500e-02  0.00000000e+00  2.07947857e-05  2.07947857e-08 
 1.68598500e-02  0.00000000e+00  2.03830078e-05  2.03830078e-08 
 1.68698500e-02  0.00000000e+00  1.99793839e-05  1.99793839e-08 
 1.68798500e-02  0.00000000e+00  1.95837525e-05  1.95837525e-08 
 1.68898500e-02  0.00000000e+00  1.91959554e-05  1.91959554e-08 
 1.68998500e-02  0.00000000e+00  1.88158375e-05  1.88158375e-08 
 1.69098500e-02  0.00000000e+00  1.84432467e-05  1.84432467e-08 
 1.69198500e-02  0.00000000e+00  1.80780338e-05  1.80780338e-08 
 1.69298500e-02  0.00000000e+00  1.77200530e-05  1.77200530e-08 
 1.69398500e-02  0.00000000e+00  1.73691608e-05  1.73691608e-08 
 1.69498500e-02  0.00000000e+00  1.70252171e-05  1.70252171e-08 
 1.69598500e-02  0.00000000e+00  1.66880841e-05  1.66880841e-08 
 1.69698500e-02  0.00000000e+00  1.63576269e-05  1.63576269e-08 
 1.69798500e-02  0.00000000e+00  1.60337135e-05  1.60337135e-08 
 1.69898500e-02  0.00000000e+00  1.57162143e-05  1.57162143e-08 
 1.69998500e-02  0.00000000e+00  1.54050021e-05  1.54050021e-08 
 1.70098500e-02  0.00000000e+00  1.50999525e-05  1.50999525e-08 
 1.70198500e-02  0.00000000e+00  1.48009436e-05  1.48009436e-08 
 1.70298500e-02  0.00000000e+00  1.45078556e-05  1.45078556e-08 
 1.70398500e-02  0.00000000e+00  1.42205713e-05  1.42205713e-08 
 1.70498500e-02  0.00000000e+00  1.39389759e-05  1.39389759e-08 
 1.70598500e-02  0.00000000e+00  1.36629565e-05  1.36629565e-08 
 1.70698500e-02  0.00000000e+00  1.33924029e-05  1.33924029e-08 
 1.70798500e-02  0.00000000e+00  1.31272068e-05  1.31272068e-08 
 1.70898500e-02  0.00000000e+00  1.28672621e-05  1.28672621e-08 
 1.70998500e-02  0.00000000e+00  1.26124649e-05  1.26124649e-08 
 1.71098500e-02  0.00000000e+00  1.23627131e-05  1.23627131e-08 
 1.71198500e-02  0.00000000e+00  1.21179069e-05  1.21179069e-08 
 1.71298500e-02  0.00000000e+00  1.18779483e-05  1.18779483e-08 
 1.71398500e-02  0.00000000e+00  1.16427414e-05  1.16427414e-08 
 1.71498500e-02  0.00000000e+00  1.14121921e-05  1.14121921e-08 
 1.71598500e-02  0.00000000e+00  1.11862081e-05  1.11862081e-08 
 1.71698500e-02  0.00000000e+00  1.09646990e-05  1.09646990e-08 
 1.71798500e-02  0.00000000e+00  1.07475763e-05  1.07475763e-08 
 1.71898500e-02  0.00000000e+00  1.05347530e-05  1.05347530e-08 
 1.71998500e-02  0.00000000e+00  1.03261440e-05  1.03261440e-08 
 1.72098500e-02  0.00000000e+00  1.01216659e-05  1.01216659e-08 
 1.72198500e-02  0.00000000e+00  9.92123690e-06  9.92123690e-09 
 1.72298500e-02  0.00000000e+00  9.72477676e-06  9.72477676e-09 
 1.72398500e-02  0.00000000e+00  9.53220692e-06  9.53220692e-09 
 1.72498500e-02  0.00000000e+00  9.34345035e-06  9.34345035e-09 
 1.72598500e-02  0.00000000e+00  9.15843153e-06  9.15843153e-09 
 1.72698500e-02  0.00000000e+00  8.97707645e-06  8.97707645e-09 
 1.72798500e-02  0.00000000e+00  8.79931256e-06  8.79931256e-09 
 1.72898500e-02  0.00000000e+00  8.62506875e-06  8.62506875e-09 
 1.72998500e-02  0.00000000e+00  8.45427531e-06  8.45427531e-09 
 1.73098500e-02  0.00000000e+00  8.28686391e-06  8.28686391e-09 
 1.73198500e-02  0.00000000e+00  8.12276760e-06  8.12276760e-09 
 1.73298500e-02  0.00000000e+00  7.96192072e-06  7.96192072e-09 
 1.73398500e-02  0.00000000e+00  7.80425892e-06  7.80425892e-09 
 1.73498500e-02  0.00000000e+00  7.64971914e-06  7.64971914e-09 
 1.73598500e-02  0.00000000e+00  7.49823955e-06  7.49823955e-09 
 1.73698500e-02  0.00000000e+00  7.34975956e-06  7.34975956e-09 
 1.73798500e-02  0.00000000e+00  7.20421977e-06  7.20421977e-09 
 1.73898500e-02  0.00000000e+00  7.06156195e-06  7.06156195e-09 
 1.73998500e-02  0.00000000e+00  6.92172904e-06  6.92172904e-09 
 1.74098500e-02  0.00000000e+00  6.78466510e-06  6.78466510e-09 
 1.74198500e-02  0.00000000e+00  6.65031530e-06  6.65031530e-09 
 1.74298500e-02  0.00000000e+00  6.51862588e-06  6.51862588e-09 
 1.74398500e-02  0.00000000e+00  6.38954418e-06  6.38954418e-09 
 1.74498500e-02  0.00000000e+00  6.26301856e-06  6.26301856e-09 
 1.74598500e-02  0.00000000e+00  6.13899839e-06  6.13899839e-09 
 1.74698500e-02  0.00000000e+00  6.01743406e-06  6.01743406e-09 
 1.74798500e-02  0.00000000e+00  5.89827695e-06  5.89827695e-09 
 1.74898500e-02  0.00000000e+00  5.78147939e-06  5.78147939e-09 
 1.74998500e-02  0.00000000e+00  5.66699465e-06  5.66699465e-09 
 1.75098500e-02  0.00000000e+00  5.55477693e-06  5.55477693e-09 
 1.75198500e-02  0.00000000e+00  5.44478135e-06  5.44478135e-09 
 1.75298500e-02  0.00000000e+00  5.33696390e-06  5.33696390e-09 
 1.75398500e-02  0.00000000e+00  5.23128144e-06  5.23128144e-09 
 1.75498500e-02  0.00000000e+00  5.12769171e-06  5.12769171e-09 
 1.75598500e-02  0.00000000e+00  5.02615326e-06  5.02615326e-09 
 1.75698500e-02  0.00000000e+00  4.92662547e-06  4.92662547e-09 
 1.75798500e-02  0.00000000e+00  4.82906853e-06  4.82906853e-09 
 1.75898500e-02  0.00000000e+00  4.73344342e-06  4.73344342e-09 
 1.75998500e-02  0.00000000e+00  4.63971186e-06  4.63971186e-09 
 1.76098500e-02  0.00000000e+00  4.54783638e-06  4.54783638e-09 
 1.76198500e-02  0.00000000e+00  4.45778021e-06  4.45778021e-09 
 1.76298500e-02  0.00000000e+00  4.36950734e-06  4.36950734e-09 
 1.76398500e-02  0.00000000e+00  4.28298244e-06  4.28298244e-09 
 1.76498500e-02  0.00000000e+00  4.19817091e-06  4.19817091e-09 
 1.76598500e-02  0.00000000e+00  4.11503881e-06  4.11503881e-09 
 1.76698500e-02  0.00000000e+00  4.03355289e-06  4.03355289e-09 
 1.76798500e-02  0.00000000e+00  3.95368056e-06  3.95368056e-09 
 1.76898500e-02  0.00000000e+00  3.87538985e-06  3.87538985e-09 
 1.76998500e-02  0.00000000e+00  3.79864946e-06  3.79864946e-09 
 1.77098500e-02  0.00000000e+00  3.72342868e-06  3.72342868e-09 
 1.77198500e-02  0.00000000e+00  3.64969742e-06  3.64969742e-09 
 1.77298500e-02  0.00000000e+00  3.57742618e-06  3.57742618e-09 
 1.77398500e-02  0.00000000e+00  3.50658606e-06  3.50658606e-09 
 1.77498500e-02  0.00000000e+00  3.43714871e-06  3.43714871e-09 
 1.77598500e-02  0.00000000e+00  3.36908636e-06  3.36908636e-09 
 1.77698500e-02  0.00000000e+00  3.30237178e-06  3.30237178e-09 
 1.77798500e-02  0.00000000e+00  3.23697828e-06  3.23697828e-09 
 1.77898500e-02  0.00000000e+00  3.17287970e-06  3.17287970e-09 
 1.77998500e-02  0.00000000e+00  3.11005040e-06  3.11005040e-09 
 1.78098500e-02  0.00000000e+00  3.04846524e-06  3.04846524e-09 
 1.78198500e-02  0.00000000e+00  2.98809959e-06  2.98809959e-09 
 1.78298500e-02  0.00000000e+00  2.92892931e-06  2.92892931e-09 
 1.78398500e-02  0.00000000e+00  2.87093071e-06  2.87093071e-09 
 1.78498500e-02  0.00000000e+00  2.81408059e-06  2.81408059e-09 
 1.78598500e-02  0.00000000e+00  2.75835622e-06  2.75835622e-09 
 1.78698500e-02  0.00000000e+00  2.70373531e-06  2.70373531e-09 
 1.78798500e-02  0.00000000e+00  2.65019600e-06  2.65019600e-09 
 1.78898500e-02  0.00000000e+00  2.59771687e-06  2.59771687e-09 
 1.78998500e-02  0.00000000e+00  2.54627693e-06  2.54627693e-09 
 1.79098500e-02  0.00000000e+00  2.49585560e-06  2.49585560e-09 
 1.79198500e-02  0.00000000e+00  2.44643272e-06  2.44643272e-09 
 1.79298500e-02  0.00000000e+00  2.39798851e-06  2.39798851e-09 
 1.79398500e-02  0.00000000e+00  2.35050359e-06  2.35050359e-09 
 1.79498500e-02  0.00000000e+00  2.30395896e-06  2.30395896e-09 
 1.79598500e-02  0.00000000e+00  2.25833601e-06  2.25833601e-09 
 1.79698500e-02  0.00000000e+00  2.21361649e-06  2.21361649e-09 
 1.79798500e-02  0.00000000e+00  2.16978250e-06  2.16978250e-09 
 1.79898500e-02  0.00000000e+00  2.12681651e-06  2.12681651e-09 
 1.79998500e-02  0.00000000e+00  2.08470133e-06  2.08470133e-09 
 1.80098500e-02  0.00000000e+00  2.04342011e-06  2.04342011e-09 
 1.80198500e-02  0.00000000e+00  2.00295635e-06  2.00295635e-09 
 1.80298500e-02  0.00000000e+00  1.96329385e-06  1.96329385e-09 
 1.80398500e-02  0.00000000e+00  1.92441674e-06  1.92441674e-09 
 1.80498500e-02  0.00000000e+00  1.88630948e-06  1.88630948e-09 
 1.80598500e-02  0.00000000e+00  1.84895682e-06  1.84895682e-09 
 1.80698500e-02  0.00000000e+00  1.81234381e-06  1.81234381e-09 
 1.80798500e-02  0.00000000e+00  1.77645581e-06  1.77645581e-09 
 1.80898500e-02  0.00000000e+00  1.74127847e-06  1.74127847e-09 
 1.80998500e-02  0.00000000e+00  1.70679771e-06  1.70679771e-09 
 1.81098500e-02  0.00000000e+00  1.67299974e-06  1.67299974e-09 
 1.81198500e-02  0.00000000e+00  1.63987103e-06  1.63987103e-09 
 1.81298500e-02  0.00000000e+00  1.60739833e-06  1.60739833e-09 
 1.81398500e-02  0.00000000e+00  1.57556866e-06  1.57556866e-09 
 1.81498500e-02  0.00000000e+00  1.54436928e-06  1.54436928e-09 
 1.81598500e-02  0.00000000e+00  1.51378771e-06  1.51378771e-09 
 1.81698500e-02  0.00000000e+00  1.48381172e-06  1.48381172e-09 
 1.81798500e-02  0.00000000e+00  1.45442931e-06  1.45442931e-09 
 1.81898500e-02  0.00000000e+00  1.42562873e-06  1.42562873e-09 
 1.81998500e-02  0.00000000e+00  1.39739846e-06  1.39739846e-09 
 1.82098500e-02  0.00000000e+00  1.36972720e-06  1.36972720e-09 
 1.82198500e-02  0.00000000e+00  1.34260389e-06  1.34260389e-09 
 1.82298500e-02  0.00000000e+00  1.31601767e-06  1.31601767e-09 
 1.82398500e-02  0.00000000e+00  1.28995792e-06  1.28995792e-09 
 1.82498500e-02  0.00000000e+00  1.26441420e-06  1.26441420e-09 
 1.82598500e-02  0.00000000e+00  1.23937629e-06  1.23937629e-09 
 1.82698500e-02  0.00000000e+00  1.21483419e-06  1.21483419e-09 
 1.82798500e-02  0.00000000e+00  1.19077807e-06  1.19077807e-09 
 1.82898500e-02  0.00000000e+00  1.16719830e-06  1.16719830e-09 
 1.82998500e-02  0.00000000e+00  1.14408546e-06  1.14408546e-09 
 1.83098500e-02  0.00000000e+00  1.12143031e-06  1.12143031e-09 
 1.83198500e-02  0.00000000e+00  1.09922377e-06  1.09922377e-09 
 1.83298500e-02  0.00000000e+00  1.07745696e-06  1.07745696e-09 
 1.83398500e-02  0.00000000e+00  1.05612118e-06  1.05612118e-09 
 1.83498500e-02  0.00000000e+00  1.03520789e-06  1.03520789e-09 
 1.83598500e-02  0.00000000e+00  1.01470872e-06  1.01470872e-09 
 1.83698500e-02  0.00000000e+00  9.94615478e-07  9.94615478e-10 
 1.83798500e-02  0.00000000e+00  9.74920122e-07  9.74920122e-10 
 1.83898500e-02  0.00000000e+00  9.55614773e-07  9.55614773e-10 
 1.83998500e-02  0.00000000e+00  9.36691708e-07  9.36691708e-10 
 1.84098500e-02  0.00000000e+00  9.18143358e-07  9.18143358e-10 
 1.84198500e-02  0.00000000e+00  8.99962301e-07  8.99962301e-10 
 1.84298500e-02  0.00000000e+00  8.82141265e-07  8.82141265e-10 
 1.84398500e-02  0.00000000e+00  8.64673122e-07  8.64673122e-10 
 1.84498500e-02  0.00000000e+00  8.47550881e-07  8.47550881e-10 
 1.84598500e-02  0.00000000e+00  8.30767696e-07  8.30767696e-10 
 1.84698500e-02  0.00000000e+00  8.14316850e-07  8.14316850e-10 
 1.84798500e-02  0.00000000e+00  7.98191764e-07  7.98191764e-10 
 1.84898500e-02  0.00000000e+00  7.82385987e-07  7.82385987e-10 
 1.84998500e-02  0.00000000e+00  7.66893195e-07  7.66893195e-10 
 1.85098500e-02  0.00000000e+00  7.51707191e-07  7.51707191e-10 
 1.85198500e-02  0.00000000e+00  7.36821900e-07  7.36821900e-10 
 1.85298500e-02  0.00000000e+00  7.22231367e-07  7.22231367e-10 
 1.85398500e-02  0.00000000e+00  7.07929756e-07  7.07929756e-10 
 1.85498500e-02  0.00000000e+00  6.93911345e-07  6.93911345e-10 
 1.85598500e-02  0.00000000e+00  6.80170526e-07  6.80170526e-10 
 1.85698500e-02  0.00000000e+00  6.66701803e-07  6.66701803e-10 
 1.85798500e-02  0.00000000e+00  6.53499787e-07  6.53499787e-10 
 1.85898500e-02  0.00000000e+00  6.40559197e-07  6.40559197e-10 
 1.85998500e-02  0.00000000e+00  6.27874857e-07  6.27874857e-10 
 1.86098500e-02  0.00000000e+00  6.15441691e-07  6.15441691e-10 
 1.86198500e-02  0.00000000e+00  6.03254727e-07  6.03254727e-10 
 1.86298500e-02  0.00000000e+00  5.91309089e-07  5.91309089e-10 
 1.86398500e-02  0.00000000e+00  5.79599998e-07  5.79599998e-10 
 1.86498500e-02  0.00000000e+00  5.68122770e-07  5.68122770e-10 
 1.86598500e-02  0.00000000e+00  5.56872815e-07  5.56872815e-10 
 1.86698500e-02  0.00000000e+00  5.45845630e-07  5.45845630e-10 
 1.86798500e-02  0.00000000e+00  5.35036806e-07  5.35036806e-10 
 1.86898500e-02  0.00000000e+00  5.24442018e-07  5.24442018e-10 
 1.86998500e-02  0.00000000e+00  5.14057027e-07  5.14057027e-10 
 1.87098500e-02  0.00000000e+00  5.03877680e-07  5.03877680e-10 
 1.87198500e-02  0.00000000e+00  4.93899904e-07  4.93899904e-10 
 1.87298500e-02  0.00000000e+00  4.84119708e-07  4.84119708e-10 
 1.87398500e-02  0.00000000e+00  4.74533179e-07  4.74533179e-10 
 1.87498500e-02  0.00000000e+00  4.65136483e-07  4.65136483e-10 
 1.87598500e-02  0.00000000e+00  4.55925859e-07  4.55925859e-10 
 1.87698500e-02  0.00000000e+00  4.46897624e-07  4.46897624e-10 
 1.87798500e-02  0.00000000e+00  4.38048166e-07  4.38048166e-10 
 1.87898500e-02  0.00000000e+00  4.29373945e-07  4.29373945e-10 
 1.87998500e-02  0.00000000e+00  4.20871491e-07  4.20871491e-10 
 1.88098500e-02  0.00000000e+00  4.12537402e-07  4.12537402e-10 
 1.88198500e-02  0.00000000e+00  4.04368345e-07  4.04368345e-10 
 1.88298500e-02  0.00000000e+00  3.96361051e-07  3.96361051e-10 
 1.88398500e-02  0.00000000e+00  3.88512317e-07  3.88512317e-10 
 1.88498500e-02  0.00000000e+00  3.80819004e-07  3.80819004e-10 
 1.88598500e-02  0.00000000e+00  3.73278033e-07  3.73278033e-10 
 1.88698500e-02  0.00000000e+00  3.65886389e-07  3.65886389e-10 
 1.88798500e-02  0.00000000e+00  3.58641114e-07  3.58641114e-10 
 1.88898500e-02  0.00000000e+00  3.51539310e-07  3.51539310e-10 
 1.88998500e-02  0.00000000e+00  3.44578135e-07  3.44578135e-10 
 1.89098500e-02  0.00000000e+00  3.37754806e-07  3.37754806e-10 
 1.89198500e-02  0.00000000e+00  3.31066592e-07  3.31066592e-10 
 1.89298500e-02  0.00000000e+00  3.24510818e-07  3.24510818e-10 
 1.89398500e-02  0.00000000e+00  3.18084861e-07  3.18084861e-10 
 1.89498500e-02  0.00000000e+00  3.11786151e-07  3.11786151e-10 
 1.89598500e-02  0.00000000e+00  3.05612168e-07  3.05612168e-10 
 1.89698500e-02  0.00000000e+00  2.99560442e-07  2.99560442e-10 
 1.89798500e-02  0.00000000e+00  2.93628552e-07  2.93628552e-10 
 1.89898500e-02  0.00000000e+00  2.87814125e-07  2.87814125e-10 
 1.89998500e-02  0.00000000e+00  2.82114835e-07  2.82114835e-10 
 1.90098500e-02  0.00000000e+00  2.76528403e-07  2.76528403e-10 
 1.90198500e-02  0.00000000e+00  2.71052593e-07  2.71052593e-10 
 1.90298500e-02  0.00000000e+00  2.65685215e-07  2.65685215e-10 
 1.90398500e-02  0.00000000e+00  2.60424122e-07  2.60424122e-10 
 1.90498500e-02  0.00000000e+00  2.55267208e-07  2.55267208e-10 
 1.90598500e-02  0.00000000e+00  2.50212412e-07  2.50212412e-10 
 1.90698500e-02  0.00000000e+00  2.45257711e-07  2.45257711e-10 
 1.90798500e-02  0.00000000e+00  2.40401123e-07  2.40401123e-10 
 1.90898500e-02  0.00000000e+00  2.35640704e-07  2.35640704e-10 
 1.90998500e-02  0.00000000e+00  2.30974552e-07  2.30974552e-10 
 1.91098500e-02  0.00000000e+00  2.26400798e-07  2.26400798e-10 
 1.91198500e-02  0.00000000e+00  2.21917614e-07  2.21917614e-10 
 1.91298500e-02  0.00000000e+00  2.17523206e-07  2.17523206e-10 
 1.91398500e-02  0.00000000e+00  2.13215816e-07  2.13215816e-10 
 1.91498500e-02  0.00000000e+00  2.08993720e-07  2.08993720e-10 
 1.91598500e-02  0.00000000e+00  2.04855231e-07  2.04855231e-10 
 1.91698500e-02  0.00000000e+00  2.00798692e-07  2.00798692e-10 
 1.91798500e-02  0.00000000e+00  1.96822480e-07  1.96822480e-10 
 1.91898500e-02  0.00000000e+00  1.92925005e-07  1.92925005e-10 
 1.91998500e-02  0.00000000e+00  1.89104708e-07  1.89104708e-10 
 1.92098500e-02  0.00000000e+00  1.85360060e-07  1.85360060e-10 
 1.92198500e-02  0.00000000e+00  1.81689564e-07  1.81689564e-10 
 1.92298500e-02  0.00000000e+00  1.78091751e-07  1.78091751e-10 
 1.92398500e-02  0.00000000e+00  1.74565181e-07  1.74565181e-10 
 1.92498500e-02  0.00000000e+00  1.71108445e-07  1.71108445e-10 
 1.92598500e-02  0.00000000e+00  1.67720159e-07  1.67720159e-10 
 1.92698500e-02  0.00000000e+00  1.64398968e-07  1.64398968e-10 
 1.92798500e-02  0.00000000e+00  1.61143543e-07  1.61143543e-10 
 1.92898500e-02  0.00000000e+00  1.57952582e-07  1.57952582e-10 
 1.92998500e-02  0.00000000e+00  1.54824808e-07  1.54824808e-10 
 1.93098500e-02  0.00000000e+00  1.51758970e-07  1.51758970e-10 
 1.93198500e-02  0.00000000e+00  1.48753842e-07  1.48753842e-10 
 1.93298500e-02  0.00000000e+00  1.45808221e-07  1.45808221e-10 
 1.93398500e-02  0.00000000e+00  1.42920930e-07  1.42920930e-10 
 1.93498500e-02  0.00000000e+00  1.40090812e-07  1.40090812e-10 
 1.93598500e-02  0.00000000e+00  1.37316737e-07  1.37316737e-10 
 1.93698500e-02  0.00000000e+00  1.34597593e-07  1.34597593e-10 
 1.93798500e-02  0.00000000e+00  1.31932295e-07  1.31932295e-10 
 1.93898500e-02  0.00000000e+00  1.29319774e-07  1.29319774e-10 
 1.93998500e-02  0.00000000e+00  1.26758986e-07  1.26758986e-10 
 1.94098500e-02  0.00000000e+00  1.24248907e-07  1.24248907e-10 
 1.94198500e-02  0.00000000e+00  1.21788533e-07  1.21788533e-10 
 1.94298500e-02  0.00000000e+00  1.19376879e-07  1.19376879e-10 
 1.94398500e-02  0.00000000e+00  1.17012980e-07  1.17012980e-10 
 1.94498500e-02  0.00000000e+00  1.14695891e-07  1.14695891e-10 
 1.94598500e-02  0.00000000e+00  1.12424686e-07  1.12424686e-10 
 1.94698500e-02  0.00000000e+00  1.10198454e-07  1.10198454e-10 
 1.94798500e-02  0.00000000e+00  1.08016307e-07  1.08016307e-10 
 1.94898500e-02  0.00000000e+00  1.05877370e-07  1.05877370e-10 
 1.94998500e-02  0.00000000e+00  1.03780788e-07  1.03780788e-10 
 1.95098500e-02  0.00000000e+00  1.01725723e-07  1.01725723e-10 
 1.95198500e-02  0.00000000e+00  9.97113525e-08  9.97113525e-11 
 1.95298500e-02  0.00000000e+00  9.77368703e-08  9.77368703e-11 
 1.95398500e-02  0.00000000e+00  9.58014867e-08  9.58014867e-11 
 1.95498500e-02  0.00000000e+00  9.39044276e-08  9.39044276e-11 
 1.95598500e-02  0.00000000e+00  9.20449339e-08  9.20449339e-11 
 1.95698500e-02  0.00000000e+00  9.02222620e-08  9.02222620e-11 
 1.95798500e-02  0.00000000e+00  8.84356825e-08  8.84356825e-11 
 1.95898500e-02  0.00000000e+00  8.66844809e-08  8.66844809e-11 
 1.95998500e-02  0.00000000e+00  8.49679565e-08  8.49679565e-11 
 1.96098500e-02  0.00000000e+00  8.32854227e-08  8.32854227e-11 
 1.96198500e-02  0.00000000e+00  8.16362064e-08  8.16362064e-11 
 1.96298500e-02  0.00000000e+00  8.00196479e-08  8.00196479e-11 
 1.96398500e-02  0.00000000e+00  7.84351004e-08  7.84351004e-11 
 1.96498500e-02  0.00000000e+00  7.68819301e-08  7.68819301e-11 
 1.96598500e-02  0.00000000e+00  7.53595156e-08  7.53595156e-11 
 1.96698500e-02  0.00000000e+00  7.38672480e-08  7.38672480e-11 
 1.96798500e-02  0.00000000e+00  7.24045302e-08  7.24045302e-11 
 1.96898500e-02  0.00000000e+00  7.09707772e-08  7.09707772e-11 
 1.96998500e-02  0.00000000e+00  6.95654152e-08  6.95654152e-11 
 1.97098500e-02  0.00000000e+00  6.81878823e-08  6.81878823e-11 
 1.97198500e-02  0.00000000e+00  6.68376272e-08  6.68376272e-11 
 1.97298500e-02  0.00000000e+00  6.55141098e-08  6.55141098e-11 
 1.97398500e-02  0.00000000e+00  6.42168007e-08  6.42168007e-11 
 1.97498500e-02  0.00000000e+00  6.29451809e-08  6.29451809e-11 
 1.97598500e-02  0.00000000e+00  6.16987416e-08  6.16987416e-11 
 1.97698500e-02  0.00000000e+00  6.04769844e-08  6.04769844e-11 
 1.97798500e-02  0.00000000e+00  5.92794203e-08  5.92794203e-11 
 1.97898500e-02  0.00000000e+00  5.81055704e-08  5.81055704e-11 
 1.97998500e-02  0.00000000e+00  5.69549651e-08  5.69549651e-11 
 1.98098500e-02  0.00000000e+00  5.58271440e-08  5.58271440e-11 
 1.98198500e-02  0.00000000e+00  5.47216560e-08  5.47216560e-11 
 1.98298500e-02  0.00000000e+00  5.36380588e-08  5.36380588e-11 
 1.98398500e-02  0.00000000e+00  5.25759191e-08  5.25759191e-11 
 1.98498500e-02  0.00000000e+00  5.15348118e-08  5.15348118e-11 
 1.98598500e-02  0.00000000e+00  5.05143204e-08  5.05143204e-11 
 1.98698500e-02  0.00000000e+00  4.95140369e-08  4.95140369e-11 
 1.98798500e-02  0.00000000e+00  4.85335609e-08  4.85335609e-11 
 1.98898500e-02  0.00000000e+00  4.75725003e-08  4.75725003e-11 
 1.98998500e-02  0.00000000e+00  4.66304706e-08  4.66304706e-11 
 1.99098500e-02  0.00000000e+00  4.57070949e-08  4.57070949e-11 
 1.99198500e-02  0.00000000e+00  4.48020039e-08  4.48020039e-11 
 1.99298500e-02  0.00000000e+00  4.39148355e-08  4.39148355e-11 
 1.99398500e-02  0.00000000e+00  4.30452348e-08  4.30452348e-11 
 1.99498500e-02  0.00000000e+00  4.21928539e-08  4.21928539e-11 
 1.99598500e-02  0.00000000e+00  4.13573519e-08  4.13573519e-11 
 1.99698500e-02  0.00000000e+00  4.05383944e-08  4.05383944e-11 
 1.99798500e-02  0.00000000e+00  3.97356539e-08  3.97356539e-11 
 1.99898500e-02  0.00000000e+00  3.89488093e-08  3.89488093e-11 
 1.99998500e-02  0.00000000e+00  3.81775457e-08  3.81775457e-11 
 2.00098500e-02  0.00000000e+00  3.74215547e-08  3.74215547e-11 
 2.00198500e-02  0.00000000e+00  3.66805339e-08  3.66805339e-11 
 2.00298500e-02  0.00000000e+00  3.59541866e-08  3.59541866e-11 
 2.00398500e-02  0.00000000e+00  3.52422226e-08  3.52422226e-11 
 2.00498500e-02  0.00000000e+00  3.45443568e-08  3.45443568e-11 
 2.00598500e-02  0.00000000e+00  3.38603101e-08  3.38603101e-11 
 2.00698500e-02  0.00000000e+00  3.31898089e-08  3.31898089e-11 
 2.00798500e-02  0.00000000e+00  3.25325850e-08  3.25325850e-11 
 2.00898500e-02  0.00000000e+00  3.18883754e-08  3.18883754e-11 
 2.00998500e-02  0.00000000e+00  3.12569224e-08  3.12569224e-11 
 2.01098500e-02  0.00000000e+00  3.06379734e-08  3.06379734e-11 
 2.01198500e-02  0.00000000e+00  3.00312809e-08  3.00312809e-11 
 2.01298500e-02  0.00000000e+00  2.94366021e-08  2.94366021e-11 
 2.01398500e-02  0.00000000e+00  2.88536990e-08  2.88536990e-11 
 2.01498500e-02  0.00000000e+00  2.82823387e-08  2.82823387e-11 
 2.01598500e-02  0.00000000e+00  2.77222924e-08  2.77222924e-11 
 2.01698500e-02  0.00000000e+00  2.71733361e-08  2.71733361e-11 
 2.01798500e-02  0.00000000e+00  2.66352502e-08  2.66352502e-11 
 2.01898500e-02  0.00000000e+00  2.61078195e-08  2.61078195e-11 
 2.01998500e-02  0.00000000e+00  2.55908330e-08  2.55908330e-11 
 2.02098500e-02  0.00000000e+00  2.50840838e-08  2.50840838e-11 
 2.02198500e-02  0.00000000e+00  2.45873693e-08  2.45873693e-11 
 2.02298500e-02  0.00000000e+00  2.41004907e-08  2.41004907e-11 
 2.02398500e-02  0.00000000e+00  2.36232532e-08  2.36232532e-11 
 2.02498500e-02  0.00000000e+00  2.31554661e-08  2.31554661e-11 
 2.02598500e-02  0.00000000e+00  2.26969420e-08  2.26969420e-11 
 2.02698500e-02  0.00000000e+00  2.22474976e-08  2.22474976e-11 
 2.02798500e-02  0.00000000e+00  2.18069531e-08  2.18069531e-11 
 2.02898500e-02  0.00000000e+00  2.13751322e-08  2.13751322e-11 
 2.02998500e-02  0.00000000e+00  2.09518623e-08  2.09518623e-11 
 2.03098500e-02  0.00000000e+00  2.05369739e-08  2.05369739e-11 
 2.03198500e-02  0.00000000e+00  2.01303012e-08  2.01303012e-11 
 2.03298500e-02  0.00000000e+00  1.97316813e-08  1.97316813e-11 
 2.03398500e-02  0.00000000e+00  1.93409550e-08  1.93409550e-11 
 2.03498500e-02  0.00000000e+00  1.89579658e-08  1.89579658e-11 
 2.03598500e-02  0.00000000e+00  1.85825605e-08  1.85825605e-11 
 2.03698500e-02  0.00000000e+00  1.82145890e-08  1.82145890e-11 
 2.03798500e-02  0.00000000e+00  1.78539041e-08  1.78539041e-11 
 2.03898500e-02  0.00000000e+00  1.75003614e-08  1.75003614e-11 
 2.03998500e-02  0.00000000e+00  1.71538196e-08  1.71538196e-11 
 2.04098500e-02  0.00000000e+00  1.68141400e-08  1.68141400e-11 
 2.04198500e-02  0.00000000e+00  1.64811867e-08  1.64811867e-11 
 2.04298500e-02  0.00000000e+00  1.61548266e-08  1.61548266e-11 
 2.04398500e-02  0.00000000e+00  1.58349291e-08  1.58349291e-11 
 2.04498500e-02  0.00000000e+00  1.55213661e-08  1.55213661e-11 
 2.04598500e-02  0.00000000e+00  1.52140123e-08  1.52140123e-11 
 2.04698500e-02  0.00000000e+00  1.49127448e-08  1.49127448e-11 
 2.04798500e-02  0.00000000e+00  1.46174429e-08  1.46174429e-11 
 2.04898500e-02  0.00000000e+00  1.43279886e-08  1.43279886e-11 
 2.04998500e-02  0.00000000e+00  1.40442660e-08  1.40442660e-11 
 2.05098500e-02  0.00000000e+00  1.37661617e-08  1.37661617e-11 
 2.05198500e-02  0.00000000e+00  1.34935645e-08  1.34935645e-11 
 2.05298500e-02  0.00000000e+00  1.32263652e-08  1.32263652e-11 
 2.05398500e-02  0.00000000e+00  1.29644570e-08  1.29644570e-11 
 2.05498500e-02  0.00000000e+00  1.27077350e-08  1.27077350e-11 
 2.05598500e-02  0.00000000e+00  1.24560967e-08  1.24560967e-11 
 2.05698500e-02  0.00000000e+00  1.22094413e-08  1.22094413e-11 
 2.05798500e-02  0.00000000e+00  1.19676702e-08  1.19676702e-11 
 2.05898500e-02  0.00000000e+00  1.17306867e-08  1.17306867e-11 
 2.05998500e-02  0.00000000e+00  1.14983958e-08  1.14983958e-11 
 2.06098500e-02  0.00000000e+00  1.12707048e-08  1.12707048e-11 
 2.06198500e-02  0.00000000e+00  1.10475226e-08  1.10475226e-11 
 2.06298500e-02  0.00000000e+00  1.08287597e-08  1.08287597e-11 
 2.06398500e-02  0.00000000e+00  1.06143288e-08  1.06143288e-11 
 2.06498500e-02  0.00000000e+00  1.04041441e-08  1.04041441e-11 
 2.06598500e-02  0.00000000e+00  1.01981215e-08  1.01981215e-11 
 2.06698500e-02  0.00000000e+00  9.99617846e-09  9.99617846e-12 
 2.06798500e-02  0.00000000e+00  9.79823433e-09  9.79823433e-12 
 2.06898500e-02  0.00000000e+00  9.60420989e-09  9.60420989e-12 
 2.06998500e-02  0.00000000e+00  9.41402751e-09  9.41402751e-12 
 2.07098500e-02  0.00000000e+00  9.22761113e-09  9.22761113e-12 
 2.07198500e-02  0.00000000e+00  9.04488615e-09  9.04488615e-12 
 2.07298500e-02  0.00000000e+00  8.86577950e-09  8.86577950e-12 
 2.07398500e-02  0.00000000e+00  8.69021951e-09  8.69021951e-12 
 2.07498500e-02  0.00000000e+00  8.51813595e-09  8.51813595e-12 
 2.07598500e-02  0.00000000e+00  8.34945999e-09  8.34945999e-12 
 2.07698500e-02  0.00000000e+00  8.18412415e-09  8.18412415e-12 
 2.07798500e-02  0.00000000e+00  8.02206229e-09  8.02206229e-12 
 2.07898500e-02  0.00000000e+00  7.86320957e-09  7.86320957e-12 
 2.07998500e-02  0.00000000e+00  7.70750245e-09  7.70750245e-12 
 2.08098500e-02  0.00000000e+00  7.55487864e-09  7.55487864e-12 
 2.08198500e-02  0.00000000e+00  7.40527708e-09  7.40527708e-12 
 2.08298500e-02  0.00000000e+00  7.25863793e-09  7.25863793e-12 
 2.08398500e-02  0.00000000e+00  7.11490253e-09  7.11490253e-12 
 2.08498500e-02  0.00000000e+00  6.97401337e-09  6.97401337e-12 
 2.08598500e-02  0.00000000e+00  6.83591409e-09  6.83591409e-12 
 2.08698500e-02  0.00000000e+00  6.70054946e-09  6.70054946e-12 
 2.08798500e-02  0.00000000e+00  6.56786531e-09  6.56786531e-12 
 2.08898500e-02  0.00000000e+00  6.43780857e-09  6.43780857e-12 
 2.08998500e-02  0.00000000e+00  6.31032721e-09  6.31032721e-12 
 2.09098500e-02  0.00000000e+00  6.18537024e-09  6.18537024e-12 
 2.09198500e-02  0.00000000e+00  6.06288766e-09  6.06288766e-12 
 2.09298500e-02  0.00000000e+00  5.94283048e-09  5.94283048e-12 
 2.09398500e-02  0.00000000e+00  5.82515067e-09  5.82515067e-12 
 2.09498500e-02  0.00000000e+00  5.70980115e-09  5.70980115e-12 
 2.09598500e-02  0.00000000e+00  5.59673578e-09  5.59673578e-12 
 2.09698500e-02  0.00000000e+00  5.48590933e-09  5.48590933e-12 
 2.09798500e-02  0.00000000e+00  5.37727746e-09  5.37727746e-12 
 2.09898500e-02  0.00000000e+00  5.27079672e-09  5.27079672e-12 
 2.09949250e-02  0.00000000e+00  5.21756827e-09  5.21756827e-12 
 2.10000000e-02  0.00000000e+00  5.16487735e-09  5.16487735e-12 
 2.10000723e-02  3.61255087e-01  2.61024407e-05 -3.61228985e-04 
 2.10002168e-02  1.08376526e+00  1.30484004e-04 -1.08363478e-03 
 2.10005058e-02  2.52878561e+00  6.52278735e-04 -2.52813333e-03 
 2.10007529e-02  3.76439281e+00  1.42935397e-03 -3.76296345e-03 
 2.10010000e-02  5.00000000e+00  2.51131483e-03 -4.99748869e-03 
 2.10010494e-02  5.00000000e+00  2.75816363e-03 -4.99724184e-03 
 2.10011483e-02  5.00000000e+00  3.25181243e-03 -4.99674819e-03 
 2.10013460e-02  5.00000000e+00  4.23881731e-03 -4.99576118e-03 
 2.10017414e-02  5.00000000e+00  6.21165676e-03 -4.99378834e-03 
 2.10025322e-02  5.00000000e+00  1.01526591e-02 -4.98984734e-03 
 2.10041137e-02  5.00000000e+00  1.80159942e-02 -4.98198401e-03 
 2.10072769e-02  5.00000000e+00  3.36682809e-02 -4.96633172e-03 
 2.10136032e-02  5.00000000e+00  6.46776583e-02 -4.93532234e-03 
 2.10236032e-02  5.00000000e+00  1.12901863e-01 -4.88709814e-03 
 2.10336032e-02  5.00000000e+00  1.60171133e-01 -4.83982887e-03 
 2.10436032e-02  5.00000000e+00  2.06504378e-01 -4.79349562e-03 
 2.10536032e-02  5.00000000e+00  2.51920133e-01 -4.74807987e-03 
 2.10636032e-02  5.00000000e+00  2.96436566e-01 -4.70356343e-03 
 2.10736032e-02  5.00000000e+00  3.40071485e-01 -4.65992851e-03 
 2.10836032e-02  5.00000000e+00  3.82842347e-01 -4.61715765e-03 
 2.10936032e-02  5.00000000e+00  4.24766261e-01 -4.57523374e-03 
 2.11036032e-02  5.00000000e+00  4.65859998e-01 -4.53414000e-03 
 2.11136032e-02  5.00000000e+00  5.06139998e-01 -4.49386000e-03 
 2.11236032e-02  5.00000000e+00  5.45622375e-01 -4.45437763e-03 
 2.11336032e-02  5.00000000e+00  5.84322922e-01 -4.41567708e-03 
 2.11436032e-02  5.00000000e+00  6.22257121e-01 -4.37774288e-03 
 2.11536032e-02  5.00000000e+00  6.59440149e-01 -4.34055985e-03 
 2.11636032e-02  5.00000000e+00  6.95886878e-01 -4.30411312e-03 
 2.11736032e-02  5.00000000e+00  7.31611891e-01 -4.26838811e-03 
 2.11836032e-02  5.00000000e+00  7.66629477e-01 -4.23337052e-03 
 2.11936032e-02  5.00000000e+00  8.00953646e-01 -4.19904635e-03 
 2.12036032e-02  5.00000000e+00  8.34598128e-01 -4.16540187e-03 
 2.12136032e-02  5.00000000e+00  8.67576383e-01 -4.13242362e-03 
 2.12236032e-02  5.00000000e+00  8.99901603e-01 -4.10009840e-03 
 2.12336032e-02  5.00000000e+00  9.31586720e-01 -4.06841328e-03 
 2.12436032e-02  5.00000000e+00  9.62644409e-01 -4.03735559e-03 
 2.12536032e-02  5.00000000e+00  9.93087094e-01 -4.00691291e-03 
 2.12636032e-02  5.00000000e+00  1.02292695e+00 -3.97707305e-03 
 2.12736032e-02  5.00000000e+00  1.05217592e+00 -3.94782408e-03 
 2.12836032e-02  5.00000000e+00  1.08084571e+00 -3.91915429e-03 
 2.12936032e-02  5.00000000e+00  1.10894777e+00 -3.89105223e-03 
 2.13036032e-02  5.00000000e+00  1.13649336e+00 -3.86350664e-03 
 2.13136032e-02  5.00000000e+00  1.16349349e+00 -3.83650651e-03 
 2.13236032e-02  5.00000000e+00  1.18995897e+00 -3.81004103e-03 
 2.13336032e-02  5.00000000e+00  1.21590038e+00 -3.78409962e-03 
 2.13436032e-02  5.00000000e+00  1.24132809e+00 -3.75867191e-03 
 2.13536032e-02  5.00000000e+00  1.26625229e+00 -3.73374771e-03 
 2.13636032e-02  5.00000000e+00  1.29068293e+00 -3.70931707e-03 
 2.13736032e-02  5.00000000e+00  1.31462981e+00 -3.68537019e-03 
 2.13836032e-02  5.00000000e+00  1.33810248e+00 -3.66189752e-03 
 2.13936032e-02  5.00000000e+00  1.36111036e+00 -3.63888964e-03 
 2.14036032e-02  5.00000000e+00  1.38366263e+00 -3.61633737e-03 
 2.14136032e-02  5.00000000e+00  1.40576832e+00 -3.59423168e-03 
 2.14236032e-02  5.00000000e+00  1.42743627e+00 -3.57256373e-03 
 2.14336032e-02  5.00000000e+00  1.44867516e+00 -3.55132484e-03 
 2.14436032e-02  5.00000000e+00  1.46949347e+00 -3.53050653e-03 
 2.14536032e-02  5.00000000e+00  1.48989954e+00 -3.51010046e-03 
 2.14636032e-02  5.00000000e+00  1.50990153e+00 -3.49009847e-03 
 2.14736032e-02  5.00000000e+00  1.52950744e+00 -3.47049256e-03 
 2.14836032e-02  5.00000000e+00  1.54872511e+00 -3.45127489e-03 
 2.14936032e-02  5.00000000e+00  1.56756224e+00 -3.43243776e-03 
 2.15036032e-02  5.00000000e+00  1.58602635e+00 -3.41397365e-03 
 2.15136032e-02  5.00000000e+00  1.60412484e+00 -3.39587516e-03 
 2.15236032e-02  5.00000000e+00  1.62186494e+00 -3.37813506e-03 
 2.15336032e-02  5.00000000e+00  1.63925376e+00 -3.36074624e-03 
 2.15436032e-02  5.00000000e+00  1.65629824e+00 -3.34370176e-03 
 2.15536032e-02  5.00000000e+00  1.67300520e+00 -3.32699480e-03 
 2.15636032e-02  5.00000000e+00  1.68938134e+00 -3.31061866e-03 
 2.15736032e-02  5.00000000e+00  1.70543319e+00 -3.29456681e-03 
 2.15836032e-02  5.00000000e+00  1.72116719e+00 -3.27883281e-03 
 2.15936032e-02  5.00000000e+00  1.73658962e+00 -3.26341038e-03 
 2.16036032e-02  5.00000000e+00  1.75170666e+00 -3.24829334e-03 
 2.16136032e-02  5.00000000e+00  1.76652435e+00 -3.23347565e-03 
 2.16236032e-02  5.00000000e+00  1.78104862e+00 -3.21895138e-03 
 2.16336032e-02  5.00000000e+00  1.79528528e+00 -3.20471472e-03 
 2.16436032e-02  5.00000000e+00  1.80924003e+00 -3.19075997e-03 
 2.16536032e-02  5.00000000e+00  1.82291844e+00 -3.17708156e-03 
 2.16636032e-02  5.00000000e+00  1.83632600e+00 -3.16367400e-03 
 2.16736032e-02  5.00000000e+00  1.84946806e+00 -3.15053194e-03 
 2.16836032e-02  5.00000000e+00  1.86234988e+00 -3.13765012e-03 
 2.16936032e-02  5.00000000e+00  1.87497661e+00 -3.12502339e-03 
 2.17036032e-02  5.00000000e+00  1.88735331e+00 -3.11264669e-03 
 2.17136032e-02  5.00000000e+00  1.89948493e+00 -3.10051507e-03 
 2.17236032e-02  5.00000000e+00  1.91137632e+00 -3.08862368e-03 
 2.17336032e-02  5.00000000e+00  1.92303223e+00 -3.07696777e-03 
 2.17436032e-02  5.00000000e+00  1.93445734e+00 -3.06554266e-03 
 2.17536032e-02  5.00000000e+00  1.94565620e+00 -3.05434380e-03 
 2.17636032e-02  5.00000000e+00  1.95663331e+00 -3.04336669e-03 
 2.17736032e-02  5.00000000e+00  1.96739304e+00 -3.03260696e-03 
 2.17836032e-02  5.00000000e+00  1.97793972e+00 -3.02206028e-03 
 2.17936032e-02  5.00000000e+00  1.98827754e+00 -3.01172246e-03 
 2.18036032e-02  5.00000000e+00  1.99841066e+00 -3.00158934e-03 
 2.18136032e-02  5.00000000e+00  2.00834312e+00 -2.99165688e-03 
 2.18236032e-02  5.00000000e+00  2.01807890e+00 -2.98192110e-03 
 2.18336032e-02  5.00000000e+00  2.02762189e+00 -2.97237811e-03 
 2.18436032e-02  5.00000000e+00  2.03697592e+00 -2.96302408e-03 
 2.18536032e-02  5.00000000e+00  2.04614471e+00 -2.95385529e-03 
 2.18636032e-02  5.00000000e+00  2.05513194e+00 -2.94486806e-03 
 2.18736032e-02  5.00000000e+00  2.06394121e+00 -2.93605879e-03 
 2.18836032e-02  5.00000000e+00  2.07257604e+00 -2.92742396e-03 
 2.18936032e-02  5.00000000e+00  2.08103988e+00 -2.91896012e-03 
 2.19036032e-02  5.00000000e+00  2.08933612e+00 -2.91066388e-03 
 2.19136032e-02  5.00000000e+00  2.09746808e+00 -2.90253192e-03 
 2.19236032e-02  5.00000000e+00  2.10543901e+00 -2.89456099e-03 
 2.19336032e-02  5.00000000e+00  2.11325210e+00 -2.88674790e-03 
 2.19436032e-02  5.00000000e+00  2.12091047e+00 -2.87908953e-03 
 2.19536032e-02  5.00000000e+00  2.12841719e+00 -2.87158281e-03 
 2.19636032e-02  5.00000000e+00  2.13577527e+00 -2.86422473e-03 
 2.19736032e-02  5.00000000e+00  2.14298764e+00 -2.85701236e-03 
 2.19836032e-02  5.00000000e+00  2.15005719e+00 -2.84994281e-03 
 2.19936032e-02  5.00000000e+00  2.15698675e+00 -2.84301325e-03 
 2.20036032e-02  5.00000000e+00  2.16377909e+00 -2.83622091e-03 
 2.20136032e-02  5.00000000e+00  2.17043693e+00 -2.82956307e-03 
 2.20236032e-02  5.00000000e+00  2.17696294e+00 -2.82303706e-03 
 2.20336032e-02  5.00000000e+00  2.18335971e+00 -2.81664029e-03 
 2.20436032e-02  5.00000000e+00  2.18962981e+00 -2.81037019e-03 
 2.20536032e-02  5.00000000e+00  2.19577576e+00 -2.80422424e-03 
 2.20636032e-02  5.00000000e+00  2.20180000e+00 -2.79820000e-03 
 2.20736032e-02  5.00000000e+00  2.20770495e+00 -2.79229505e-03 
 2.20836032e-02  5.00000000e+00  2.21349297e+00 -2.78650703e-03 
 2.20936032e-02  5.00000000e+00  2.21916638e+00 -2.78083362e-03 
 2.21036032e-02  5.00000000e+00  2.22472744e+00 -2.77527256e-03 
 2.21136032e-02  5.00000000e+00  2.23017838e+00 -2.76982162e-03 
 2.21236032e-02  5.00000000e+00  2.23552138e+00 -2.76447862e-03 
 2.21336032e-02  5.00000000e+00  2.24075858e+00 -2.75924142e-03 
 2.21436032e-02  5.00000000e+00  2.24589208e+00 -2.75410792e-03 
 2.21536032e-02  5.00000000e+00  2.25092392e+00 -2.74907608e-03 
 2.21636032e-02  5.00000000e+00  2.25585612e+00 -2.74414388e-03 
 2.21736032e-02  5.00000000e+00  2.26069065e+00 -2.73930935e-03 
 2.21836032e-02  5.00000000e+00  2.26542945e+00 -2.73457055e-03 
 2.21936032e-02  5.00000000e+00  2.27007441e+00 -2.72992559e-03 
 2.22036032e-02  5.00000000e+00  2.27462739e+00 -2.72537261e-03 
 2.22136032e-02  5.00000000e+00  2.27909022e+00 -2.72090978e-03 
 2.22236032e-02  5.00000000e+00  2.28346467e+00 -2.71653533e-03 
 2.22336032e-02  5.00000000e+00  2.28775250e+00 -2.71224750e-03 
 2.22436032e-02  5.00000000e+00  2.29195542e+00 -2.70804458e-03 
 2.22536032e-02  5.00000000e+00  2.29607511e+00 -2.70392489e-03 
 2.22636032e-02  5.00000000e+00  2.30011323e+00 -2.69988677e-03 
 2.22736032e-02  5.00000000e+00  2.30407138e+00 -2.69592862e-03 
 2.22836032e-02  5.00000000e+00  2.30795116e+00 -2.69204884e-03 
 2.22936032e-02  5.00000000e+00  2.31175410e+00 -2.68824590e-03 
 2.23036032e-02  5.00000000e+00  2.31548175e+00 -2.68451825e-03 
 2.23136032e-02  5.00000000e+00  2.31913557e+00 -2.68086443e-03 
 2.23236032e-02  5.00000000e+00  2.32271705e+00 -2.67728295e-03 
 2.23336032e-02  5.00000000e+00  2.32622760e+00 -2.67377240e-03 
 2.23436032e-02  5.00000000e+00  2.32966864e+00 -2.67033136e-03 
 2.23536032e-02  5.00000000e+00  2.33304154e+00 -2.66695846e-03 
 2.23636032e-02  5.00000000e+00  2.33634764e+00 -2.66365236e-03 
 2.23736032e-02  5.00000000e+00  2.33958828e+00 -2.66041172e-03 
 2.23836032e-02  5.00000000e+00  2.34276475e+00 -2.65723525e-03 
 2.23936032e-02  5.00000000e+00  2.34587832e+00 -2.65412168e-03 
 2.24036032e-02  5.00000000e+00  2.34893024e+00 -2.65106976e-03 
 2.24136032e-02  5.00000000e+00  2.35192172e+00 -2.64807828e-03 
 2.24236032e-02  5.00000000e+00  2.35485396e+00 -2.64514604e-03 
 2.24336032e-02  5.00000000e+00  2.35772814e+00 -2.64227186e-03 
 2.24436032e-02  5.00000000e+00  2.36054540e+00 -2.63945460e-03 
 2.24536032e-02  5.00000000e+00  2.36330688e+00 -2.63669312e-03 
 2.24636032e-02  5.00000000e+00  2.36601368e+00 -2.63398632e-03 
 2.24736032e-02  5.00000000e+00  2.36866687e+00 -2.63133313e-03 
 2.24836032e-02  5.00000000e+00  2.37126753e+00 -2.62873247e-03 
 2.24936032e-02  5.00000000e+00  2.37381668e+00 -2.62618332e-03 
 2.25036032e-02  5.00000000e+00  2.37631536e+00 -2.62368464e-03 
 2.25136032e-02  5.00000000e+00  2.37876456e+00 -2.62123544e-03 
 2.25236032e-02  5.00000000e+00  2.38116527e+00 -2.61883473e-03 
 2.25336032e-02  5.00000000e+00  2.38351843e+00 -2.61648157e-03 
 2.25436032e-02  5.00000000e+00  2.38582500e+00 -2.61417500e-03 
 2.25536032e-02  5.00000000e+00  2.38808589e+00 -2.61191411e-03 
 2.25636032e-02  5.00000000e+00  2.39030201e+00 -2.60969799e-03 
 2.25736032e-02  5.00000000e+00  2.39247425e+00 -2.60752575e-03 
 2.25836032e-02  5.00000000e+00  2.39460347e+00 -2.60539653e-03 
 2.25936032e-02  5.00000000e+00  2.39669053e+00 -2.60330947e-03 
 2.26036032e-02  5.00000000e+00  2.39873626e+00 -2.60126374e-03 
 2.26136032e-02  5.00000000e+00  2.40074148e+00 -2.59925852e-03 
 2.26236032e-02  5.00000000e+00  2.40270700e+00 -2.59729300e-03 
 2.26336032e-02  5.00000000e+00  2.40463359e+00 -2.59536641e-03 
 2.26436032e-02  5.00000000e+00  2.40652204e+00 -2.59347796e-03 
 2.26536032e-02  5.00000000e+00  2.40837308e+00 -2.59162692e-03 
 2.26636032e-02  5.00000000e+00  2.41018748e+00 -2.58981252e-03 
 2.26736032e-02  5.00000000e+00  2.41196594e+00 -2.58803406e-03 
 2.26836032e-02  5.00000000e+00  2.41370919e+00 -2.58629081e-03 
 2.26936032e-02  5.00000000e+00  2.41541792e+00 -2.58458208e-03 
 2.27036032e-02  5.00000000e+00  2.41709281e+00 -2.58290719e-03 
 2.27136032e-02  5.00000000e+00  2.41873454e+00 -2.58126546e-03 
 2.27236032e-02  5.00000000e+00  2.42034376e+00 -2.57965624e-03 
 2.27336032e-02  5.00000000e+00  2.42192111e+00 -2.57807889e-03 
 2.27436032e-02  5.00000000e+00  2.42346723e+00 -2.57653277e-03 
 2.27536032e-02  5.00000000e+00  2.42498273e+00 -2.57501727e-03 
 2.27636032e-02  5.00000000e+00  2.42646822e+00 -2.57353178e-03 
 2.27736032e-02  5.00000000e+00  2.42792429e+00 -2.57207571e-03 
 2.27836032e-02  5.00000000e+00  2.42935153e+00 -2.57064847e-03 
 2.27936032e-02  5.00000000e+00  2.43075051e+00 -2.56924949e-03 
 2.28036032e-02  5.00000000e+00  2.43212179e+00 -2.56787821e-03 
 2.28136032e-02  5.00000000e+00  2.43346591e+00 -2.56653409e-03 
 2.28236032e-02  5.00000000e+00  2.43478342e+00 -2.56521658e-03 
 2.28336032e-02  5.00000000e+00  2.43607484e+00 -2.56392516e-03 
 2.28436032e-02  5.00000000e+00  2.43734068e+00 -2.56265932e-03 
 2.28536032e-02  5.00000000e+00  2.43858146e+00 -2.56141854e-03 
 2.28636032e-02  5.00000000e+00  2.43979767e+00 -2.56020233e-03 
 2.28736032e-02  5.00000000e+00  2.44098979e+00 -2.55901021e-03 
 2.28836032e-02  5.00000000e+00  2.44215831e+00 -2.55784169e-03 
 2.28936032e-02  5.00000000e+00  2.44330369e+00 -2.55669631e-03 
 2.29036032e-02  5.00000000e+00  2.44442639e+00 -2.55557361e-03 
 2.29136032e-02  5.00000000e+00  2.44552686e+00 -2.55447314e-03 
 2.29236032e-02  5.00000000e+00  2.44660554e+00 -2.55339446e-03 
 2.29336032e-02  5.00000000e+00  2.44766285e+00 -2.55233715e-03 
 2.29436032e-02  5.00000000e+00  2.44869923e+00 -2.55130077e-03 
 2.29536032e-02  5.00000000e+00  2.44971509e+00 -2.55028491e-03 
 2.29636032e-02  5.00000000e+00  2.45071083e+00 -2.54928917e-03 
 2.29736032e-02  5.00000000e+00  2.45168685e+00 -2.54831315e-03 
 2.29836032e-02  5.00000000e+00  2.45264355e+00 -2.54735645e-03 
 2.29936032e-02  5.00000000e+00  2.45358130e+00 -2.54641870e-03 
 2.30036032e-02  5.00000000e+00  2.45450048e+00 -2.54549952e-03 
 2.30136032e-02  5.00000000e+00  2.45540146e+00 -2.54459854e-03 
 2.30236032e-02  5.00000000e+00  2.45628460e+00 -2.54371540e-03 
 2.30336032e-02  5.00000000e+00  2.45715025e+00 -2.54284975e-03 
 2.30436032e-02  5.00000000e+00  2.45799876e+00 -2.54200124e-03 
 2.30536032e-02  5.00000000e+00  2.45883047e+00 -2.54116953e-03 
 2.30636032e-02  5.00000000e+00  2.45964571e+00 -2.54035429e-03 
 2.30736032e-02  5.00000000e+00  2.46044480e+00 -2.53955520e-03 
 2.30836032e-02  5.00000000e+00  2.46122808e+00 -2.53877192e-03 
 2.30936032e-02  5.00000000e+00  2.46199584e+00 -2.53800416e-03 
 2.31036032e-02  5.00000000e+00  2.46274839e+00 -2.53725161e-03 
 2.31136032e-02  5.00000000e+00  2.46348605e+00 -2.53651395e-03 
 2.31236032e-02  5.00000000e+00  2.46420910e+00 -2.53579090e-03 
 2.31336032e-02  5.00000000e+00  2.46491783e+00 -2.53508217e-03 
 2.31436032e-02  5.00000000e+00  2.46561253e+00 -2.53438747e-03 
 2.31536032e-02  5.00000000e+00  2.46629347e+00 -2.53370653e-03 
 2.31636032e-02  5.00000000e+00  2.46696092e+00 -2.53303908e-03 
 2.31736032e-02  5.00000000e+00  2.46761516e+00 -2.53238484e-03 
 2.31836032e-02  5.00000000e+00  2.46825644e+00 -2.53174356e-03 
 2.31936032e-02  5.00000000e+00  2.46888503e+00 -2.53111497e-03 
 2.32036032e-02  5.00000000e+00  2.46950117e+00 -2.53049883e-03 
 2.32136032e-02  5.00000000e+00  2.47010511e+00 -2.52989489e-03 
 2.32236032e-02  5.00000000e+00  2.47069708e+00 -2.52930292e-03 
 2.32336032e-02  5.00000000e+00  2.47127734e+00 -2.52872266e-03 
 2.32436032e-02  5.00000000e+00  2.47184610e+00 -2.52815390e-03 
 2.32536032e-02  5.00000000e+00  2.47240361e+00 -2.52759639e-03 
 2.32636032e-02  5.00000000e+00  2.47295007e+00 -2.52704993e-03 
 2.32736032e-02  5.00000000e+00  2.47348571e+00 -2.52651429e-03 
 2.32836032e-02  5.00000000e+00  2.47401075e+00 -2.52598925e-03 
 2.32936032e-02  5.00000000e+00  2.47452539e+00 -2.52547461e-03 
 2.33036032e-02  5.00000000e+00  2.47502983e+00 -2.52497017e-03 
 2.33136032e-02  5.00000000e+00  2.47552429e+00 -2.52447571e-03 
 2.33236032e-02  5.00000000e+00  2.47600896e+00 -2.52399104e-03 
 2.33336032e-02  5.00000000e+00  2.47648403e+00 -2.52351597e-03 
 2.33436032e-02  5.00000000e+00  2.47694969e+00 -2.52305031e-03 
 2.33536032e-02  5.00000000e+00  2.47740614e+00 -2.52259386e-03 
 2.33636032e-02  5.00000000e+00  2.47785354e+00 -2.52214646e-03 
 2.33736032e-02  5.00000000e+00  2.47829208e+00 -2.52170792e-03 
 2.33836032e-02  5.00000000e+00  2.47872194e+00 -2.52127806e-03 
 2.33936032e-02  5.00000000e+00  2.47914329e+00 -2.52085671e-03 
 2.34036032e-02  5.00000000e+00  2.47955629e+00 -2.52044371e-03 
 2.34136032e-02  5.00000000e+00  2.47996112e+00 -2.52003888e-03 
 2.34236032e-02  5.00000000e+00  2.48035793e+00 -2.51964207e-03 
 2.34336032e-02  5.00000000e+00  2.48074688e+00 -2.51925312e-03 
 2.34436032e-02  5.00000000e+00  2.48112813e+00 -2.51887187e-03 
 2.34536032e-02  5.00000000e+00  2.48150183e+00 -2.51849817e-03 
 2.34636032e-02  5.00000000e+00  2.48186813e+00 -2.51813187e-03 
 2.34736032e-02  5.00000000e+00  2.48222718e+00 -2.51777282e-03 
 2.34836032e-02  5.00000000e+00  2.48257912e+00 -2.51742088e-03 
 2.34936032e-02  5.00000000e+00  2.48292408e+00 -2.51707592e-03 
 2.35036032e-02  5.00000000e+00  2.48326222e+00 -2.51673778e-03 
 2.35136032e-02  5.00000000e+00  2.48359366e+00 -2.51640634e-03 
 2.35236032e-02  5.00000000e+00  2.48391854e+00 -2.51608146e-03 
 2.35336032e-02  5.00000000e+00  2.48423698e+00 -2.51576302e-03 
 2.35436032e-02  5.00000000e+00  2.48454912e+00 -2.51545088e-03 
 2.35536032e-02  5.00000000e+00  2.48485508e+00 -2.51514492e-03 
 2.35636032e-02  5.00000000e+00  2.48515498e+00 -2.51484502e-03 
 2.35736032e-02  5.00000000e+00  2.48544894e+00 -2.51455106e-03 
 2.35836032e-02  5.00000000e+00  2.48573708e+00 -2.51426292e-03 
 2.35936032e-02  5.00000000e+00  2.48601952e+00 -2.51398048e-03 
 2.36036032e-02  5.00000000e+00  2.48629636e+00 -2.51370364e-03 
 2.36136032e-02  5.00000000e+00  2.48656772e+00 -2.51343228e-03 
 2.36236032e-02  5.00000000e+00  2.48683370e+00 -2.51316630e-03 
 2.36336032e-02  5.00000000e+00  2.48709442e+00 -2.51290558e-03 
 2.36436032e-02  5.00000000e+00  2.48734998e+00 -2.51265002e-03 
 2.36536032e-02  5.00000000e+00  2.48760047e+00 -2.51239953e-03 
 2.36636032e-02  5.00000000e+00  2.48784601e+00 -2.51215399e-03 
 2.36736032e-02  5.00000000e+00  2.48808668e+00 -2.51191332e-03 
 2.36836032e-02  5.00000000e+00  2.48832259e+00 -2.51167741e-03 
 2.36936032e-02  5.00000000e+00  2.48855382e+00 -2.51144618e-03 
 2.37036032e-02  5.00000000e+00  2.48878048e+00 -2.51121952e-03 
 2.37136032e-02  5.00000000e+00  2.48900265e+00 -2.51099735e-03 
 2.37236032e-02  5.00000000e+00  2.48922042e+00 -2.51077958e-03 
 2.37336032e-02  5.00000000e+00  2.48943388e+00 -2.51056612e-03 
 2.37436032e-02  5.00000000e+00  2.48964311e+00 -2.51035689e-03 
 2.37536032e-02  5.00000000e+00  2.48984819e+00 -2.51015181e-03 
 2.37636032e-02  5.00000000e+00  2.49004922e+00 -2.50995078e-03 
 2.37736032e-02  5.00000000e+00  2.49024626e+00 -2.50975374e-03 
 2.37836032e-02  5.00000000e+00  2.49043941e+00 -2.50956059e-03 
 2.37936032e-02  5.00000000e+00  2.49062873e+00 -2.50937127e-03 
 2.38036032e-02  5.00000000e+00  2.49081430e+00 -2.50918570e-03 
 2.38136032e-02  5.00000000e+00  2.49099619e+00 -2.50900381e-03 
 2.38236032e-02  5.00000000e+00  2.49117448e+00 -2.50882552e-03 
 2.38336032e-02  5.00000000e+00  2.49134925e+00 -2.50865075e-03 
 2.38436032e-02  5.00000000e+00  2.49152055e+00 -2.50847945e-03 
 2.38536032e-02  5.00000000e+00  2.49168846e+00 -2.50831154e-03 
 2.38636032e-02  5.00000000e+00  2.49185304e+00 -2.50814696e-03 
 2.38736032e-02  5.00000000e+00  2.49201437e+00 -2.50798563e-03 
 2.38836032e-02  5.00000000e+00  2.49217250e+00 -2.50782750e-03 
 2.38936032e-02  5.00000000e+00  2.49232750e+00 -2.50767250e-03 
 2.39036032e-02  5.00000000e+00  2.49247943e+00 -2.50752057e-03 
 2.39136032e-02  5.00000000e+00  2.49262835e+00 -2.50737165e-03 
 2.39236032e-02  5.00000000e+00  2.49277433e+00 -2.50722567e-03 
 2.39336032e-02  5.00000000e+00  2.49291741e+00 -2.50708259e-03 
 2.39436032e-02  5.00000000e+00  2.49305766e+00 -2.50694234e-03 
 2.39536032e-02  5.00000000e+00  2.49319513e+00 -2.50680487e-03 
 2.39636032e-02  5.00000000e+00  2.49332988e+00 -2.50667012e-03 
 2.39736032e-02  5.00000000e+00  2.49346196e+00 -2.50653804e-03 
 2.39836032e-02  5.00000000e+00  2.49359143e+00 -2.50640857e-03 
 2.39936032e-02  5.00000000e+00  2.49371833e+00 -2.50628167e-03 
 2.40036032e-02  5.00000000e+00  2.49384272e+00 -2.50615728e-03 
 2.40136032e-02  5.00000000e+00  2.49396465e+00 -2.50603535e-03 
 2.40236032e-02  5.00000000e+00  2.49408416e+00 -2.50591584e-03 
 2.40336032e-02  5.00000000e+00  2.49420130e+00 -2.50579870e-03 
 2.40436032e-02  5.00000000e+00  2.49431613e+00 -2.50568387e-03 
 2.40536032e-02  5.00000000e+00  2.49442868e+00 -2.50557132e-03 
 2.40636032e-02  5.00000000e+00  2.49453900e+00 -2.50546100e-03 
 2.40736032e-02  5.00000000e+00  2.49464714e+00 -2.50535286e-03 
 2.40836032e-02  5.00000000e+00  2.49475314e+00 -2.50524686e-03 
 2.40936032e-02  5.00000000e+00  2.49485704e+00 -2.50514296e-03 
 2.41036032e-02  5.00000000e+00  2.49495888e+00 -2.50504112e-03 
 2.41136032e-02  5.00000000e+00  2.49505870e+00 -2.50494130e-03 
 2.41236032e-02  5.00000000e+00  2.49515655e+00 -2.50484345e-03 
 2.41336032e-02  5.00000000e+00  2.49525246e+00 -2.50474754e-03 
 2.41436032e-02  5.00000000e+00  2.49534647e+00 -2.50465353e-03 
 2.41536032e-02  5.00000000e+00  2.49543862e+00 -2.50456138e-03 
 2.41636032e-02  5.00000000e+00  2.49552895e+00 -2.50447105e-03 
 2.41736032e-02  5.00000000e+00  2.49561748e+00 -2.50438252e-03 
 2.41836032e-02  5.00000000e+00  2.49570426e+00 -2.50429574e-03 
 2.41936032e-02  5.00000000e+00  2.49578933e+00 -2.50421067e-03 
 2.42036032e-02  5.00000000e+00  2.49587271e+00 -2.50412729e-03 
 2.42136032e-02  5.00000000e+00  2.49595444e+00 -2.50404556e-03 
 2.42236032e-02  5.00000000e+00  2.49603455e+00 -2.50396545e-03 
 2.42336032e-02  5.00000000e+00  2.49611307e+00 -2.50388693e-03 
 2.42436032e-02  5.00000000e+00  2.49619004e+00 -2.50380996e-03 
 2.42536032e-02  5.00000000e+00  2.49626548e+00 -2.50373452e-03 
 2.42636032e-02  5.00000000e+00  2.49633943e+00 -2.50366057e-03 
 2.42736032e-02  5.00000000e+00  2.49641192e+00 -2.50358808e-03 
 2.42836032e-02  5.00000000e+00  2.49648297e+00 -2.50351703e-03 
 2.42936032e-02  5.00000000e+00  2.49655262e+00 -2.50344738e-03 
 2.43036032e-02  5.00000000e+00  2.49662088e+00 -2.50337912e-03 
 2.43136032e-02  5.00000000e+00  2.49668779e+00 -2.50331221e-03 
 2.43236032e-02  5.00000000e+00  2.49675338e+00 -2.50324662e-03 
 2.43336032e-02  5.00000000e+00  2.49681767e+00 -2.50318233e-03 
 2.43436032e-02  5.00000000e+00  2.49688069e+00 -2.50311931e-03 
 2.43536032e-02  5.00000000e+00  2.49694246e+00 -2.50305754e-03 
 2.43636032e-02  5.00000000e+00  2.49700300e+00 -2.50299700e-03 
 2.43736032e-02  5.00000000e+00  2.49706235e+00 -2.50293765e-03 
 2.43836032e-02  5.00000000e+00  2.49712052e+00 -2.50287948e-03 
 2.43936032e-02  5.00000000e+00  2.49717754e+00 -2.50282246e-03 
 2.44036032e-02  5.00000000e+00  2.49723343e+00 -2.50276657e-03 
 2.44136032e-02  5.00000000e+00  2.49728821e+00 -2.50271179e-03 
 2.44236032e-02  5.00000000e+00  2.49734191e+00 -2.50265809e-03 
 2.44336032e-02  5.00000000e+00  2.49739455e+00 -2.50260545e-03 
 2.44436032e-02  5.00000000e+00  2.49744614e+00 -2.50255386e-03 
 2.44536032e-02  5.00000000e+00  2.49749671e+00 -2.50250329e-03 
 2.44636032e-02  5.00000000e+00  2.49754628e+00 -2.50245372e-03 
 2.44736032e-02  5.00000000e+00  2.49759487e+00 -2.50240513e-03 
 2.44836032e-02  5.00000000e+00  2.49764250e+00 -2.50235750e-03 
 2.44936032e-02  5.00000000e+00  2.49768918e+00 -2.50231082e-03 
 2.45036032e-02  5.00000000e+00  2.49773494e+00 -2.50226506e-03 
 2.45136032e-02  5.00000000e+00  2.49777979e+00 -2.50222021e-03 
 2.45236032e-02  5.00000000e+00  2.49782376e+00 -2.50217624e-03 
 2.45336032e-02  5.00000000e+00  2.49786685e+00 -2.50213315e-03 
 2.45436032e-02  5.00000000e+00  2.49790909e+00 -2.50209091e-03 
 2.45536032e-02  5.00000000e+00  2.49795049e+00 -2.50204951e-03 
 2.45636032e-02  5.00000000e+00  2.49799108e+00 -2.50200892e-03 
 2.45736032e-02  5.00000000e+00  2.49803086e+00 -2.50196914e-03 
 2.45836032e-02  5.00000000e+00  2.49806985e+00 -2.50193015e-03 
 2.45936032e-02  5.00000000e+00  2.49810807e+00 -2.50189193e-03 
 2.46036032e-02  5.00000000e+00  2.49814554e+00 -2.50185446e-03 
 2.46136032e-02  5.00000000e+00  2.49818226e+00 -2.50181774e-03 
 2.46236032e-02  5.00000000e+00  2.49821825e+00 -2.50178175e-03 
 2.46336032e-02  5.00000000e+00  2.49825354e+00 -2.50174646e-03 
 2.46436032e-02  5.00000000e+00  2.49828812e+00 -2.50171188e-03 
 2.46536032e-02  5.00000000e+00  2.49832202e+00 -2.50167798e-03 
 2.46636032e-02  5.00000000e+00  2.49835525e+00 -2.50164475e-03 
 2.46736032e-02  5.00000000e+00  2.49838782e+00 -2.50161218e-03 
 2.46836032e-02  5.00000000e+00  2.49841974e+00 -2.50158026e-03 
 2.46936032e-02  5.00000000e+00  2.49845103e+00 -2.50154897e-03 
 2.47036032e-02  5.00000000e+00  2.49848170e+00 -2.50151830e-03 
 2.47136032e-02  5.00000000e+00  2.49851177e+00 -2.50148823e-03 
 2.47236032e-02  5.00000000e+00  2.49854124e+00 -2.50145876e-03 
 2.47336032e-02  5.00000000e+00  2.49857013e+00 -2.50142987e-03 
 2.47436032e-02  5.00000000e+00  2.49859844e+00 -2.50140156e-03 
 2.47536032e-02  5.00000000e+00  2.49862619e+00 -2.50137381e-03 
 2.47636032e-02  5.00000000e+00  2.49865340e+00 -2.50134660e-03 
 2.47736032e-02  5.00000000e+00  2.49868006e+00 -2.50131994e-03 
 2.47836032e-02  5.00000000e+00  2.49870620e+00 -2.50129380e-03 
 2.47936032e-02  5.00000000e+00  2.49873182e+00 -2.50126818e-03 
 2.48036032e-02  5.00000000e+00  2.49875693e+00 -2.50124307e-03 
 2.48136032e-02  5.00000000e+00  2.49878155e+00 -2.50121845e-03 
 2.48236032e-02  5.00000000e+00  2.49880568e+00 -2.50119432e-03 
 2.48336032e-02  5.00000000e+00  2.49882933e+00 -2.50117067e-03 
 2.48436032e-02  5.00000000e+00  2.49885251e+00 -2.50114749e-03 
 2.48536032e-02  5.00000000e+00  2.49887523e+00 -2.50112477e-03 
 2.48636032e-02  5.00000000e+00  2.49889750e+00 -2.50110250e-03 
 2.48736032e-02  5.00000000e+00  2.49891933e+00 -2.50108067e-03 
 2.48836032e-02  5.00000000e+00  2.49894073e+00 -2.50105927e-03 
 2.48936032e-02  5.00000000e+00  2.49896171e+00 -2.50103829e-03 
 2.49036032e-02  5.00000000e+00  2.49898227e+00 -2.50101773e-03 
 2.49136032e-02  5.00000000e+00  2.49900242e+00 -2.50099758e-03 
 2.49236032e-02  5.00000000e+00  2.49902218e+00 -2.50097782e-03 
 2.49336032e-02  5.00000000e+00  2.49904154e+00 -2.50095846e-03 
 2.49436032e-02  5.00000000e+00  2.49906052e+00 -2.50093948e-03 
 2.49536032e-02  5.00000000e+00  2.49907912e+00 -2.50092088e-03 
 2.49636032e-02  5.00000000e+00  2.49909736e+00 -2.50090264e-03 
 2.49736032e-02  5.00000000e+00  2.49911523e+00 -2.50088477e-03 
 2.49836032e-02  5.00000000e+00  2.49913275e+00 -2.50086725e-03 
 2.49918016e-02  5.00000000e+00  2.49914686e+00 -2.50085314e-03 
 2.50000000e-02  5.00000000e+00  2.49916073e+00 -2.50083927e-03 
