 time            v(in)           v(out_a)        v(out_b)       
 0.00000000e+00  0.00000000e+00  0.00000000e+00  0.00000000e+00 
 1.00000000e-07  0.00000000e+00  0.00000000e+00  0.00000000e+00 
 2.00000000e-07  0.00000000e+00  0.00000000e+00  0.00000000e+00 
 4.00000000e-07  0.00000000e+00  0.00000000e+00  0.00000000e+00 
 8.00000000e-07  0.00000000e+00  0.00000000e+00  0.00000000e+00 
 1.60000000e-06  0.00000000e+00  0.00000000e+00  0.00000000e+00 
 3.20000000e-06  0.00000000e+00  0.00000000e+00  0.00000000e+00 
 6.40000000e-06  0.00000000e+00  0.00000000e+00  0.00000000e+00 
 1.28000000e-05  0.00000000e+00  0.00000000e+00  0.00000000e+00 
 2.28000000e-05  0.00000000e+00  0.00000000e+00  0.00000000e+00 
 3.28000000e-05  0.00000000e+00  0.00000000e+00  0.00000000e+00 
 4.28000000e-05  0.00000000e+00  0.00000000e+00  0.00000000e+00 
 5.28000000e-05  0.00000000e+00  0.00000000e+00  0.00000000e+00 
 6.28000000e-05  0.00000000e+00  0.00000000e+00  0.00000000e+00 
 7.28000000e-05  0.00000000e+00  0.00000000e+00  0.00000000e+00 
 8.28000000e-05  0.00000000e+00  0.00000000e+00  0.00000000e+00 
 9.28000000e-05  0.00000000e+00  0.00000000e+00  0.00000000e+00 
 1.02800000e-04  0.00000000e+00  0.00000000e+00  0.00000000e+00 
 1.12800000e-04  0.00000000e+00  0.00000000e+00  0.00000000e+00 
 1.22800000e-04  0.00000000e+00  0.00000000e+00  0.00000000e+00 
 1.32800000e-04  0.00000000e+00  0.00000000e+00  0.00000000e+00 
 1.42800000e-04  0.00000000e+00  0.00000000e+00  0.00000000e+00 
 1.52800000e-04  0.00000000e+00  0.00000000e+00  0.00000000e+00 
 1.62800000e-04  0.00000000e+00  0.00000000e+00  0.00000000e+00 
 1.72800000e-04  0.00000000e+00  0.00000000e+00  0.00000000e+00 
 1.82800000e-04  0.00000000e+00  0.00000000e+00  0.00000000e+00 
 1.92800000e-04  0.00000000e+00  0.00000000e+00  0.00000000e+00 
 2.02800000e-04  0.00000000e+00  0.00000000e+00  0.00000000e+00 
 2.12800000e-04  0.00000000e+00  0.00000000e+00  0.00000000e+00 
 2.22800000e-04  0.00000000e+00  0.00000000e+00  0.00000000e+00 
 2.32800000e-04  0.00000000e+00  0.00000000e+00  0.00000000e+00 
 2.42800000e-04  0.00000000e+00  0.00000000e+00  0.00000000e+00 
 2.52800000e-04  0.00000000e+00  0.00000000e+00  0.00000000e+00 
 2.62800000e-04  0.00000000e+00  0.00000000e+00  0.00000000e+00 
 2.72800000e-04  0.00000000e+00  0.00000000e+00  0.00000000e+00 
 2.82800000e-04  0.00000000e+00  0.00000000e+00  0.00000000e+00 
 2.92800000e-04  0.00000000e+00  0.00000000e+00  0.00000000e+00 
 3.02800000e-04  0.00000000e+00  0.00000000e+00  0.00000000e+00 
 3.12800000e-04  0.00000000e+00  0.00000000e+00  0.00000000e+00 
 3.22800000e-04  0.00000000e+00  0.00000000e+00  0.00000000e+00 
 3.32800000e-04  0.00000000e+00  0.00000000e+00  0.00000000e+00 
 3.42800000e-04  0.00000000e+00  0.00000000e+00  0.00000000e+00 
 3.52800000e-04  0.00000000e+00  0.00000000e+00  0.00000000e+00 
 3.62800000e-04  0.00000000e+00  0.00000000e+00  0.00000000e+00 
 3.72800000e-04  0.00000000e+00  0.00000000e+00  0.00000000e+00 
 3.82800000e-04  0.00000000e+00  0.00000000e+00  0.00000000e+00 
 3.92800000e-04  0.00000000e+00  0.00000000e+00  0.00000000e+00 
 4.02800000e-04  0.00000000e+00  0.00000000e+00  0.00000000e+00 
 4.12800000e-04  0.00000000e+00  0.00000000e+00  0.00000000e+00 
 4.22800000e-04  0.00000000e+00  0.00000000e+00  0.00000000e+00 
 4.32800000e-04  0.00000000e+00  0.00000000e+00  0.00000000e+00 
 4.42800000e-04  0.00000000e+00  0.00000000e+00  0.00000000e+00 
 4.52800000e-04  0.00000000e+00  0.00000000e+00  0.00000000e+00 
 4.62800000e-04  0.00000000e+00  0.00000000e+00  0.00000000e+00 
 4.72800000e-04  0.00000000e+00  0.00000000e+00  0.00000000e+00 
 4.82800000e-04  0.00000000e+00  0.00000000e+00  0.00000000e+00 
 4.92800000e-04  0.00000000e+00  0.00000000e+00  0.00000000e+00 
 5.02800000e-04  0.00000000e+00  0.00000000e+00  0.00000000e+00 
 5.12800000e-04  0.00000000e+00  0.00000000e+00  0.00000000e+00 
 5.22800000e-04  0.00000000e+00  0.00000000e+00  0.00000000e+00 
 5.32800000e-04  0.00000000e+00  0.00000000e+00  0.00000000e+00 
 5.42800000e-04  0.00000000e+00  0.00000000e+00  0.00000000e+00 
 5.52800000e-04  0.00000000e+00  0.00000000e+00  0.00000000e+00 
 5.62800000e-04  0.00000000e+00  0.00000000e+00  0.00000000e+00 
 5.72800000e-04  0.00000000e+00  0.00000000e+00  0.00000000e+00 
 5.82800000e-04  0.00000000e+00  0.00000000e+00  0.00000000e+00 
 5.92800000e-04  0.00000000e+00  0.00000000e+00  0.00000000e+00 
 6.02800000e-04  0.00000000e+00  0.00000000e+00  0.00000000e+00 
 6.12800000e-04  0.00000000e+00  0.00000000e+00  0.00000000e+00 
 6.22800000e-04  0.00000000e+00  0.00000000e+00  0.00000000e+00 
 6.32800000e-04  0.00000000e+00  0.00000000e+00  0.00000000e+00 
 6.42800000e-04  0.00000000e+00  0.00000000e+00  0.00000000e+00 
 6.52800000e-04  0.00000000e+00  0.00000000e+00  0.00000000e+00 
 6.62800000e-04  0.00000000e+00  0.00000000e+00  0.00000000e+00 
 6.72800000e-04  0.00000000e+00  0.00000000e+00  0.00000000e+00 
 6.82800000e-04  0.00000000e+00  0.00000000e+00  0.00000000e+00 
 6.92800000e-04  0.00000000e+00  0.00000000e+00  0.00000000e+00 
 7.02800000e-04  0.00000000e+00  0.00000000e+00  0.00000000e+00 
 7.12800000e-04  0.00000000e+00  0.00000000e+00  0.00000000e+00 
 7.22800000e-04  0.00000000e+00  0.00000000e+00  0.00000000e+00 
 7.32800000e-04  0.00000000e+00  0.00000000e+00  0.00000000e+00 
 7.42800000e-04  0.00000000e+00  0.00000000e+00  0.00000000e+00 
 7.52800000e-04  0.00000000e+00  0.00000000e+00  0.00000000e+00 
 7.62800000e-04  0.00000000e+00  0.00000000e+00  0.00000000e+00 
 7.72800000e-04  0.00000000e+00  0.00000000e+00  0.00000000e+00 
 7.82800000e-04  0.00000000e+00  0.00000000e+00  0.00000000e+00 
 7.92800000e-04  0.00000000e+00  0.00000000e+00  0.00000000e+00 
 8.02800000e-04  0.00000000e+00  0.00000000e+00  0.00000000e+00 
 8.12800000e-04  0.00000000e+00  0.00000000e+00  0.00000000e+00 
 8.22800000e-04  0.00000000e+00  0.00000000e+00  0.00000000e+00 
 8.32800000e-04  0.00000000e+00  0.00000000e+00  0.00000000e+00 
 8.42800000e-04  0.00000000e+00  0.00000000e+00  0.00000000e+00 
 8.52800000e-04  0.00000000e+00  0.00000000e+00  0.00000000e+00 
 8.62800000e-04  0.00000000e+00  0.00000000e+00  0.00000000e+00 
 8.72800000e-04  0.00000000e+00  0.00000000e+00  0.00000000e+00 
 8.82800000e-04  0.00000000e+00  0.00000000e+00  0.00000000e+00 
 8.92800000e-04  0.00000000e+00  0.00000000e+00  0.00000000e+00 
 9.02800000e-04  0.00000000e+00  0.00000000e+00  0.00000000e+00 
 9.12800000e-04  0.00000000e+00  0.00000000e+00  0.00000000e+00 
 9.22800000e-04  0.00000000e+00  0.00000000e+00  0.00000000e+00 
 9.32800000e-04  0.00000000e+00  0.00000000e+00  0.00000000e+00 
 9.42800000e-04  0.00000000e+00  0.00000000e+00  0.00000000e+00 
 9.52800000e-04  0.00000000e+00  0.00000000e+00  0.00000000e+00 
 9.62800000e-04  0.00000000e+00  0.00000000e+00  0.00000000e+00 
 9.72800000e-04  0.00000000e+00  0.00000000e+00  0.00000000e+00 
 9.82800000e-04  0.00000000e+00  0.00000000e+00  0.00000000e+00 
 9.91400000e-04  0.00000000e+00  0.00000000e+00  0.00000000e+00 
 1.00000000e-03  0.00000000e+00  0.00000000e+00  0.00000000e+00 
 1.00010000e-03  5.00000000e-01  4.99950005e-05  1.51510560e-05 
 1.00030000e-03  1.50000000e+00  2.49965004e-04  7.57543619e-05 
 1.00065000e-03  3.25000000e+00  1.08098209e-03  3.27626910e-04 
 1.00100000e-03  5.00000000e+00  2.52410120e-03  7.65068964e-04 
 1.00104615e-03  5.00000000e+00  2.75471502e-03  8.34978786e-04 
 1.00113844e-03  5.00000000e+00  3.21592137e-03  9.74796474e-04 
 1.00132304e-03  5.00000000e+00  4.13820639e-03  1.25442012e-03 
 1.00169222e-03  5.00000000e+00  5.98226578e-03  1.81362049e-03 
 1.00243059e-03  5.00000000e+00  9.66834291e-03  2.93183357e-03 
 1.00390734e-03  5.00000000e+00  1.70323381e-02  5.16750929e-03 
 1.00686082e-03  5.00000000e+00  3.17277525e-02  9.63586071e-03 
 1.01276779e-03  5.00000000e+00  6.09887566e-02  1.85605768e-02 
 1.02276779e-03  5.00000000e+00  1.10133147e-01  3.36330108e-02 
 1.03276779e-03  5.00000000e+00  1.58788539e-01  4.86598398e-02 
 1.04276779e-03  5.00000000e+00  2.06959797e-01  6.36412018e-02 
 1.05276779e-03  5.00000000e+00  2.54651739e-01  7.85772345e-02 
 1.06276779e-03  5.00000000e+00  3.01869135e-01  9.34680750e-02 
 1.07276779e-03  5.00000000e+00  3.48616706e-01  1.08313860e-01 
 1.08276779e-03  5.00000000e+00  3.94899127e-01  1.23114726e-01 
 1.09276779e-03  5.00000000e+00  4.40721026e-01  1.37870808e-01 
 1.10276779e-03  5.00000000e+00  4.86086986e-01  1.52582243e-01 
 1.11276779e-03  5.00000000e+00  5.31001543e-01  1.67249165e-01 
 1.12276779e-03  5.00000000e+00  5.75469189e-01  1.81871709e-01 
 1.13276779e-03  5.00000000e+00  6.19494372e-01  1.96450010e-01 
 1.14276779e-03  5.00000000e+00  6.63081492e-01  2.10984200e-01 
 1.15276779e-03  5.00000000e+00  7.06234910e-01  2.25474414e-01 
 1.16276779e-03  5.00000000e+00  7.48958941e-01  2.39920785e-01 
 1.17276779e-03  5.00000000e+00  7.91257857e-01  2.54323446e-01 
 1.18276779e-03  5.00000000e+00  8.33135888e-01  2.68682527e-01 
 1.19276779e-03  5.00000000e+00  8.74597223e-01  2.82998163e-01 
 1.20276779e-03  5.00000000e+00  9.15646007e-01  2.97270483e-01 
 1.21276779e-03  5.00000000e+00  9.56286345e-01  3.11499619e-01 
 1.22276779e-03  5.00000000e+00  9.96522302e-01  3.25685702e-01 
 1.23276779e-03  5.00000000e+00  1.03635790e+00  3.39828862e-01 
 1.24276779e-03  5.00000000e+00  1.07579713e+00  3.53929228e-01 
 1.25276779e-03  5.00000000e+00  1.11484392e+00  3.67986931e-01 
 1.26276779e-03  5.00000000e+00  1.15350219e+00  3.82002099e-01 
 1.27276779e-03  5.00000000e+00  1.19177580e+00  3.95974861e-01 
 1.28276779e-03  5.00000000e+00  1.22966858e+00  4.09905346e-01 
 1.29276779e-03  5.00000000e+00  1.26718431e+00  4.23793681e-01 
 1.30276779e-03  5.00000000e+00  1.30432676e+00  4.37639993e-01 
 1.31276779e-03  5.00000000e+00  1.34109963e+00  4.51444411e-01 
 1.32276779e-03  5.00000000e+00  1.37750660e+00  4.65207060e-01 
 1.33276779e-03  5.00000000e+00  1.41355131e+00  4.78928068e-01 
 1.34276779e-03  5.00000000e+00  1.44923736e+00  4.92607559e-01 
 1.35276779e-03  5.00000000e+00  1.48456833e+00  5.06245660e-01 
 1.36276779e-03  5.00000000e+00  1.51954775e+00  5.19842496e-01 
 1.37276779e-03  5.00000000e+00  1.55417912e+00  5.33398192e-01 
 1.38276779e-03  5.00000000e+00  1.58846589e+00  5.46912873e-01 
 1.39276779e-03  5.00000000e+00  1.62241151e+00  5.60386661e-01 
 1.40276779e-03  5.00000000e+00  1.65601935e+00  5.73819682e-01 
 1.41276779e-03  5.00000000e+00  1.68929279e+00  5.87212058e-01 
 1.42276779e-03  5.00000000e+00  1.72223515e+00  6.00563913e-01 
 1.43276779e-03  5.00000000e+00  1.75484973e+00  6.13875368e-01 
 1.44276779e-03  5.00000000e+00  1.78713978e+00  6.27146547e-01 
 1.45276779e-03  5.00000000e+00  1.81910854e+00  6.40377571e-01 
 1.46276779e-03  5.00000000e+00  1.85075920e+00  6.53568562e-01 
 1.47276779e-03  5.00000000e+00  1.88209493e+00  6.66719640e-01 
 1.48276779e-03  5.00000000e+00  1.91311886e+00  6.79830927e-01 
 1.49276779e-03  5.00000000e+00  1.94383410e+00  6.92902543e-01 
 1.50276779e-03  5.00000000e+00  1.97424371e+00  7.05934608e-01 
 1.51276779e-03  5.00000000e+00  2.00435073e+00  7.18927242e-01 
 1.52276779e-03  5.00000000e+00  2.03415819e+00  7.31880563e-01 
 1.53276779e-03  5.00000000e+00  2.06366905e+00  7.44794692e-01 
 1.54276779e-03  5.00000000e+00  2.09288628e+00  7.57669746e-01 
 1.55276779e-03  5.00000000e+00  2.12181278e+00  7.70505843e-01 
 1.56276779e-03  5.00000000e+00  2.15045146e+00  7.83303102e-01 
 1.57276779e-03  5.00000000e+00  2.17880518e+00  7.96061641e-01 
 1.58276779e-03  5.00000000e+00  2.20687677e+00  8.08781575e-01 
 1.59276779e-03  5.00000000e+00  2.23466904e+00  8.21463023e-01 
 1.60276779e-03  5.00000000e+00  2.26218477e+00  8.34106100e-01 
 1.61276779e-03  5.00000000e+00  2.28942671e+00  8.46710923e-01 
 1.62276779e-03  5.00000000e+00  2.31639759e+00  8.59277607e-01 
 1.63276779e-03  5.00000000e+00  2.34310010e+00  8.71806267e-01 
 1.64276779e-03  5.00000000e+00  2.36953692e+00  8.84297020e-01 
 1.65276779e-03  5.00000000e+00  2.39571068e+00  8.96749979e-01 
 1.66276779e-03  5.00000000e+00  2.42162401e+00  9.09165259e-01 
 1.67276779e-03  5.00000000e+00  2.44727949e+00  9.21542974e-01 
 1.68276779e-03  5.00000000e+00  2.47267969e+00  9.33883237e-01 
 1.69276779e-03  5.00000000e+00  2.49782716e+00  9.46186162e-01 
 1.70276779e-03  5.00000000e+00  2.52272440e+00  9.58451862e-01 
 1.71276779e-03  5.00000000e+00  2.54737391e+00  9.70680450e-01 
 1.72276779e-03  5.00000000e+00  2.57177815e+00  9.82872037e-01 
 1.73276779e-03  5.00000000e+00  2.59593956e+00  9.95026736e-01 
 1.74276779e-03  5.00000000e+00  2.61986056e+00  1.00714466e+00 
 1.75276779e-03  5.00000000e+00  2.64354354e+00  1.01922591e+00 
 1.76276779e-03  5.00000000e+00  2.66699087e+00  1.03127062e+00 
 1.77276779e-03  5.00000000e+00  2.69020489e+00  1.04327888e+00 
 1.78276779e-03  5.00000000e+00  2.71318792e+00  1.05525080e+00 
 1.79276779e-03  5.00000000e+00  2.73594227e+00  1.06718650e+00 
 1.80276779e-03  5.00000000e+00  2.75847021e+00  1.07908609e+00 
 1.81276779e-03  5.00000000e+00  2.78077399e+00  1.09094967e+00 
 1.82276779e-03  5.00000000e+00  2.80285584e+00  1.10277736e+00 
 1.83276779e-03  5.00000000e+00  2.82471797e+00  1.11456926e+00 
 1.84276779e-03  5.00000000e+00  2.84636257e+00  1.12632548e+00 
 1.85276779e-03  5.00000000e+00  2.86779180e+00  1.13804612e+00 
 1.86276779e-03  5.00000000e+00  2.88900780e+00  1.14973131e+00 
 1.87276779e-03  5.00000000e+00  2.91001270e+00  1.16138114e+00 
 1.88276779e-03  5.00000000e+00  2.93080859e+00  1.17299572e+00 
 1.89276779e-03  5.00000000e+00  2.95139756e+00  1.18457516e+00 
 1.90276779e-03  5.00000000e+00  2.97178166e+00  1.19611956e+00 
 1.91276779e-03  5.00000000e+00  2.99196294e+00  1.20762903e+00 
 1.92276779e-03  5.00000000e+00  3.01194341e+00  1.21910368e+00 
 1.93276779e-03  5.00000000e+00  3.03172507e+00  1.23054361e+00 
 1.94276779e-03  5.00000000e+00  3.05130989e+00  1.24194892e+00 
 1.95276779e-03  5.00000000e+00  3.07069984e+00  1.25331973e+00 
 1.96276779e-03  5.00000000e+00  3.08989686e+00  1.26465613e+00 
 1.97276779e-03  5.00000000e+00  3.10890286e+00  1.27595823e+00 
 1.98276779e-03  5.00000000e+00  3.12771975e+00  1.28722613e+00 
 1.99276779e-03  5.00000000e+00  3.14634940e+00  1.29845994e+00 
 2.00276779e-03  5.00000000e+00  3.16479369e+00  1.30965976e+00 
 2.01276779e-03  5.00000000e+00  3.18305445e+00  1.32082569e+00 
 2.02276779e-03  5.00000000e+00  3.20113351e+00  1.33195783e+00 
 2.03276779e-03  5.00000000e+00  3.21903267e+00  1.34305630e+00 
 2.04276779e-03  5.00000000e+00  3.23675374e+00  1.35412118e+00 
 2.05276779e-03  5.00000000e+00  3.25429848e+00  1.36515258e+00 
 2.06276779e-03  5.00000000e+00  3.27166865e+00  1.37615061e+00 
 2.07276779e-03  5.00000000e+00  3.28886597e+00  1.38711536e+00 
 2.08276779e-03  5.00000000e+00  3.30589218e+00  1.39804693e+00 
 2.09276779e-03  5.00000000e+00  3.32274898e+00  1.40894543e+00 
 2.10276779e-03  5.00000000e+00  3.33943804e+00  1.41981095e+00 
 2.11276779e-03  5.00000000e+00  3.35596105e+00  1.43064359e+00 
 2.12276779e-03  5.00000000e+00  3.37231964e+00  1.44144346e+00 
 2.13276779e-03  5.00000000e+00  3.38851547e+00  1.45221065e+00 
 2.14276779e-03  5.00000000e+00  3.40455014e+00  1.46294526e+00 
 2.15276779e-03  5.00000000e+00  3.42042526e+00  1.47364740e+00 
 2.16276779e-03  5.00000000e+00  3.43614242e+00  1.48431715e+00 
 2.17276779e-03  5.00000000e+00  3.45170320e+00  1.49495461e+00 
 2.18276779e-03  5.00000000e+00  3.46710913e+00  1.50555989e+00 
 2.19276779e-03  5.00000000e+00  3.48236178e+00  1.51613309e+00 
 2.20276779e-03  5.00000000e+00  3.49746266e+00  1.52667429e+00 
 2.21276779e-03  5.00000000e+00  3.51241328e+00  1.53718359e+00 
 2.22276779e-03  5.00000000e+00  3.52721514e+00  1.54766110e+00 
 2.23276779e-03  5.00000000e+00  3.54186971e+00  1.55810691e+00 
 2.24276779e-03  5.00000000e+00  3.55637847e+00  1.56852111e+00 
 2.25276779e-03  5.00000000e+00  3.57074286e+00  1.57890380e+00 
 2.26276779e-03  5.00000000e+00  3.58496433e+00  1.58925507e+00 
 2.27276779e-03  5.00000000e+00  3.59904428e+00  1.59957503e+00 
 2.28276779e-03  5.00000000e+00  3.61298414e+00  1.60986376e+00 
 2.29276779e-03  5.00000000e+00  3.62678529e+00  1.62012135e+00 
 2.30276779e-03  5.00000000e+00  3.64044912e+00  1.63034792e+00 
 2.31276779e-03  5.00000000e+00  3.65397699e+00  1.64054353e+00 
 2.32276779e-03  5.00000000e+00  3.66737026e+00  1.65070830e+00 
 2.33276779e-03  5.00000000e+00  3.68063025e+00  1.66084232e+00 
 2.34276779e-03  5.00000000e+00  3.69375831e+00  1.67094567e+00 
 2.35276779e-03  5.00000000e+00  3.70675574e+00  1.68101845e+00 
 2.36276779e-03  5.00000000e+00  3.71962384e+00  1.69106076e+00 
 2.37276779e-03  5.00000000e+00  3.73236390e+00  1.70107268e+00 
 2.38276779e-03  5.00000000e+00  3.74497720e+00  1.71105430e+00 
 2.39276779e-03  5.00000000e+00  3.75746499e+00  1.72100573e+00 
 2.40276779e-03  5.00000000e+00  3.76982852e+00  1.73092704e+00 
 2.41276779e-03  5.00000000e+00  3.78206903e+00  1.74081833e+00 
 2.42276779e-03  5.00000000e+00  3.79418775e+00  1.75067970e+00 
 2.43276779e-03  5.00000000e+00  3.80618588e+00  1.76051123e+00 
 2.44276779e-03  5.00000000e+00  3.81806463e+00  1.77031301e+00 
 2.45276779e-03  5.00000000e+00  3.82982518e+00  1.78008513e+00 
 2.46276779e-03  5.00000000e+00  3.84146871e+00  1.78982769e+00 
 2.47276779e-03  5.00000000e+00  3.85299638e+00  1.79954077e+00 
 2.48276779e-03  5.00000000e+00  3.86440935e+00  1.80922446e+00 
 2.49276779e-03  5.00000000e+00  3.87570876e+00  1.81887885e+00 
 2.50276779e-03  5.00000000e+00  3.88689574e+00  1.82850402e+00 
 2.51276779e-03  5.00000000e+00  3.89797141e+00  1.83810008e+00 
 2.52276779e-03  5.00000000e+00  3.90893686e+00  1.84766710e+00 
 2.53276779e-03  5.00000000e+00  3.91979321e+00  1.85720517e+00 
 2.54276779e-03  5.00000000e+00  3.93054154e+00  1.86671438e+00 
 2.55276779e-03  5.00000000e+00  3.94118292e+00  1.87619482e+00 
 2.56276779e-03  5.00000000e+00  3.95171841e+00  1.88564658e+00 
 2.57276779e-03  5.00000000e+00  3.96214907e+00  1.89506974e+00 
 2.58276779e-03  5.00000000e+00  3.97247595e+00  1.90446438e+00 
 2.59276779e-03  5.00000000e+00  3.98270007e+00  1.91383060e+00 
 2.60276779e-03  5.00000000e+00  3.99282246e+00  1.92316848e+00 
 2.61276779e-03  5.00000000e+00  4.00284412e+00  1.93247811e+00 
 2.62276779e-03  5.00000000e+00  4.01276607e+00  1.94175957e+00 
 2.63276779e-03  5.00000000e+00  4.02258930e+00  1.95101294e+00 
 2.64276779e-03  5.00000000e+00  4.03231478e+00  1.96023832e+00 
 2.65276779e-03  5.00000000e+00  4.04194348e+00  1.96943578e+00 
 2.66276779e-03  5.00000000e+00  4.05147638e+00  1.97860542e+00 
 2.67276779e-03  5.00000000e+00  4.06091443e+00  1.98774731e+00 
 2.68276779e-03  5.00000000e+00  4.07025857e+00  1.99686154e+00 
 2.69276779e-03  5.00000000e+00  4.07950972e+00  2.00594819e+00 
 2.70276779e-03  5.00000000e+00  4.08866883e+00  2.01500735e+00 
 2.71276779e-03  5.00000000e+00  4.09773680e+00  2.02403909e+00 
 2.72276779e-03  5.00000000e+00  4.10671455e+00  2.03304351e+00 
 2.73276779e-03  5.00000000e+00  4.11560296e+00  2.04202069e+00 
 2.74276779e-03  5.00000000e+00  4.12440293e+00  2.05097070e+00 
 2.75276779e-03  5.00000000e+00  4.13311534e+00  2.05989363e+00 
 2.76276779e-03  5.00000000e+00  4.14174106e+00  2.06878957e+00 
 2.77276779e-03  5.00000000e+00  4.15028095e+00  2.07765859e+00 
 2.78276779e-03  5.00000000e+00  4.15873586e+00  2.08650077e+00 
 2.79276779e-03  5.00000000e+00  4.16710665e+00  2.09531620e+00 
 2.80276779e-03  5.00000000e+00  4.17539415e+00  2.10410495e+00 
 2.81276779e-03  5.00000000e+00  4.18359918e+00  2.11286712e+00 
 2.82276779e-03  5.00000000e+00  4.19172257e+00  2.12160277e+00 
 2.83276779e-03  5.00000000e+00  4.19976513e+00  2.13031199e+00 
 2.84276779e-03  5.00000000e+00  4.20772767e+00  2.13899486e+00 
 2.85276779e-03  5.00000000e+00  4.21561097e+00  2.14765145e+00 
 2.86276779e-03  5.00000000e+00  4.22341584e+00  2.15628186e+00 
 2.87276779e-03  5.00000000e+00  4.23114305e+00  2.16488615e+00 
 2.88276779e-03  5.00000000e+00  4.23879336e+00  2.17346441e+00 
 2.89276779e-03  5.00000000e+00  4.24636756e+00  2.18201671e+00 
 2.90276779e-03  5.00000000e+00  4.25386639e+00  2.19054313e+00 
 2.91276779e-03  5.00000000e+00  4.26129060e+00  2.19904376e+00 
 2.92276779e-03  5.00000000e+00  4.26864095e+00  2.20751866e+00 
 2.93276779e-03  5.00000000e+00  4.27591815e+00  2.21596793e+00 
 2.94276779e-03  5.00000000e+00  4.28312295e+00  2.22439162e+00 
 2.95276779e-03  5.00000000e+00  4.29025605e+00  2.23278983e+00 
 2.96276779e-03  5.00000000e+00  4.29731818e+00  2.24116263e+00 
 2.97276779e-03  5.00000000e+00  4.30431004e+00  2.24951010e+00 
 2.98276779e-03  5.00000000e+00  4.31123233e+00  2.25783231e+00 
 2.99276779e-03  5.00000000e+00  4.31808574e+00  2.26612934e+00 
 3.00276779e-03  5.00000000e+00  4.32487095e+00  2.27440126e+00 
 3.01276779e-03  5.00000000e+00  4.33158865e+00  2.28264815e+00 
 3.02276779e-03  5.00000000e+00  4.33823951e+00  2.29087010e+00 
 3.03276779e-03  5.00000000e+00  4.34482420e+00  2.29906716e+00 
 3.04276779e-03  5.00000000e+00  4.35134336e+00  2.30723942e+00 
 3.05276779e-03  5.00000000e+00  4.35779765e+00  2.31538696e+00 
 3.06276779e-03  5.00000000e+00  4.36418773e+00  2.32350984e+00 
 3.07276779e-03  5.00000000e+00  4.37051422e+00  2.33160815e+00 
 3.08276779e-03  5.00000000e+00  4.37677776e+00  2.33968195e+00 
 3.09276779e-03  5.00000000e+00  4.38297897e+00  2.34773133e+00 
 3.10276779e-03  5.00000000e+00  4.38911849e+00  2.35575634e+00 
 3.11276779e-03  5.00000000e+00  4.39519691e+00  2.36375708e+00 
 3.12276779e-03  5.00000000e+00  4.40121485e+00  2.37173361e+00 
 3.13276779e-03  5.00000000e+00  4.40717291e+00  2.37968600e+00 
 3.14276779e-03  5.00000000e+00  4.41307169e+00  2.38761434e+00 
 3.15276779e-03  5.00000000e+00  4.41891177e+00  2.39551868e+00 
 3.16276779e-03  5.00000000e+00  4.42469374e+00  2.40339911e+00 
 3.17276779e-03  5.00000000e+00  4.43041818e+00  2.41125569e+00 
 3.18276779e-03  5.00000000e+00  4.43608566e+00  2.41908850e+00 
 3.19276779e-03  5.00000000e+00  4.44169675e+00  2.42689762e+00 
 3.20276779e-03  5.00000000e+00  4.44725201e+00  2.43468310e+00 
 3.21276779e-03  5.00000000e+00  4.45275199e+00  2.44244503e+00 
 3.22276779e-03  5.00000000e+00  4.45819724e+00  2.45018347e+00 
 3.23276779e-03  5.00000000e+00  4.46358831e+00  2.45789850e+00 
 3.24276779e-03  5.00000000e+00  4.46892574e+00  2.46559018e+00 
 3.25276779e-03  5.00000000e+00  4.47421006e+00  2.47325859e+00 
 3.26276779e-03  5.00000000e+00  4.47944181e+00  2.48090380e+00 
 3.27276779e-03  5.00000000e+00  4.48462149e+00  2.48852588e+00 
 3.28276779e-03  5.00000000e+00  4.48974963e+00  2.49612489e+00 
 3.29276779e-03  5.00000000e+00  4.49482675e+00  2.50370091e+00 
 3.30276779e-03  5.00000000e+00  4.49985335e+00  2.51125401e+00 
 3.31276779e-03  5.00000000e+00  4.50482993e+00  2.51878426e+00 
 3.32276779e-03  5.00000000e+00  4.50975700e+00  2.52629172e+00 
 3.33276779e-03  5.00000000e+00  4.51463504e+00  2.53377646e+00 
 3.34276779e-03  5.00000000e+00  4.51946454e+00  2.54123856e+00 
 3.35276779e-03  5.00000000e+00  4.52424599e+00  2.54867808e+00 
 3.36276779e-03  5.00000000e+00  4.52897986e+00  2.55609509e+00 
 3.37276779e-03  5.00000000e+00  4.53366663e+00  2.56348966e+00 
 3.38276779e-03  5.00000000e+00  4.53830676e+00  2.57086185e+00 
 3.39276779e-03  5.00000000e+00  4.54290072e+00  2.57821174e+00 
 3.40276779e-03  5.00000000e+00  4.54744897e+00  2.58553939e+00 
 3.41276779e-03  5.00000000e+00  4.55195197e+00  2.59284487e+00 
 3.42276779e-03  5.00000000e+00  4.55641016e+00  2.60012824e+00 
 3.43276779e-03  5.00000000e+00  4.56082399e+00  2.60738958e+00 
 3.44276779e-03  5.00000000e+00  4.56519390e+00  2.61462895e+00 
 3.45276779e-03  5.00000000e+00  4.56952033e+00  2.62184641e+00 
 3.46276779e-03  5.00000000e+00  4.57380371e+00  2.62904203e+00 
 3.47276779e-03  5.00000000e+00  4.57804447e+00  2.63621588e+00 
 3.48276779e-03  5.00000000e+00  4.58224303e+00  2.64336803e+00 
 3.49276779e-03  5.00000000e+00  4.58639982e+00  2.65049853e+00 
 3.50276779e-03  5.00000000e+00  4.59051524e+00  2.65760746e+00 
 3.51276779e-03  5.00000000e+00  4.59458972e+00  2.66469489e+00 
 3.52276779e-03  5.00000000e+00  4.59862365e+00  2.67176086e+00 
 3.53276779e-03  5.00000000e+00  4.60261744e+00  2.67880546e+00 
 3.54276779e-03  5.00000000e+00  4.60657150e+00  2.68582874e+00 
 3.55276779e-03  5.00000000e+00  4.61048621e+00  2.69283077e+00 
 3.56276779e-03  5.00000000e+00  4.61436197e+00  2.69981162e+00 
 3.57276779e-03  5.00000000e+00  4.61819916e+00  2.70677134e+00 
 3.58276779e-03  5.00000000e+00  4.62199818e+00  2.71371000e+00 
 3.59276779e-03  5.00000000e+00  4.62575939e+00  2.72062767e+00 
 3.60276779e-03  5.00000000e+00  4.62948318e+00  2.72752441e+00 
 3.61276779e-03  5.00000000e+00  4.63316991e+00  2.73440028e+00 
 3.62276779e-03  5.00000000e+00  4.63681996e+00  2.74125535e+00 
 3.63276779e-03  5.00000000e+00  4.64043369e+00  2.74808968e+00 
 3.64276779e-03  5.00000000e+00  4.64401147e+00  2.75490332e+00 
 3.65276779e-03  5.00000000e+00  4.64755364e+00  2.76169635e+00 
 3.66276779e-03  5.00000000e+00  4.65106057e+00  2.76846883e+00 
 3.67276779e-03  5.00000000e+00  4.65453260e+00  2.77522082e+00 
 3.68276779e-03  5.00000000e+00  4.65797009e+00  2.78195237e+00 
 3.69276779e-03  5.00000000e+00  4.66137337e+00  2.78866356e+00 
 3.70276779e-03  5.00000000e+00  4.66474279e+00  2.79535444e+00 
 3.71276779e-03  5.00000000e+00  4.66807869e+00  2.80202508e+00 
 3.72276779e-03  5.00000000e+00  4.67138139e+00  2.80867553e+00 
 3.73276779e-03  5.00000000e+00  4.67465122e+00  2.81530586e+00 
 3.74276779e-03  5.00000000e+00  4.67788852e+00  2.82191613e+00 
 3.75276779e-03  5.00000000e+00  4.68109361e+00  2.82850640e+00 
 3.76276779e-03  5.00000000e+00  4.68426681e+00  2.83507673e+00 
 3.77276779e-03  5.00000000e+00  4.68740843e+00  2.84162718e+00 
 3.78276779e-03  5.00000000e+00  4.69051880e+00  2.84815781e+00 
 3.79276779e-03  5.00000000e+00  4.69359821e+00  2.85466868e+00 
 3.80276779e-03  5.00000000e+00  4.69664699e+00  2.86115985e+00 
 3.81276779e-03  5.00000000e+00  4.69966542e+00  2.86763138e+00 
 3.82276779e-03  5.00000000e+00  4.70265383e+00  2.87408332e+00 
 3.83276779e-03  5.00000000e+00  4.70561250e+00  2.88051575e+00 
 3.84276779e-03  5.00000000e+00  4.70854173e+00  2.88692871e+00 
 3.85276779e-03  5.00000000e+00  4.71144181e+00  2.89332227e+00 
 3.86276779e-03  5.00000000e+00  4.71431303e+00  2.89969648e+00 
 3.87276779e-03  5.00000000e+00  4.71715569e+00  2.90605141e+00 
 3.88276779e-03  5.00000000e+00  4.71997006e+00  2.91238711e+00 
 3.89276779e-03  5.00000000e+00  4.72275643e+00  2.91870364e+00 
 3.90276779e-03  5.00000000e+00  4.72551507e+00  2.92500106e+00 
 3.91276779e-03  5.00000000e+00  4.72824627e+00  2.93127942e+00 
 3.92276779e-03  5.00000000e+00  4.73095028e+00  2.93753879e+00 
 3.93276779e-03  5.00000000e+00  4.73362739e+00  2.94377921e+00 
 3.94276779e-03  5.00000000e+00  4.73627787e+00  2.95000076e+00 
 3.95276779e-03  5.00000000e+00  4.73890197e+00  2.95620348e+00 
 3.96276779e-03  5.00000000e+00  4.74149996e+00  2.96238743e+00 
 3.97276779e-03  5.00000000e+00  4.74407210e+00  2.96855268e+00 
 3.98276779e-03  5.00000000e+00  4.74661864e+00  2.97469926e+00 
 3.99276779e-03  5.00000000e+00  4.74913985e+00  2.98082725e+00 
 4.00276779e-03  5.00000000e+00  4.75163597e+00  2.98693670e+00 
 4.01276779e-03  5.00000000e+00  4.75410726e+00  2.99302767e+00 
 4.02276779e-03  5.00000000e+00  4.75655395e+00  2.99910020e+00 
 4.03276779e-03  5.00000000e+00  4.75897630e+00  3.00515436e+00 
 4.04276779e-03  5.00000000e+00  4.76137455e+00  3.01119020e+00 
 4.05276779e-03  5.00000000e+00  4.76374893e+00  3.01720778e+00 
 4.06276779e-03  5.00000000e+00  4.76609969e+00  3.02320715e+00 
 4.07276779e-03  5.00000000e+00  4.76842705e+00  3.02918837e+00 
 4.08276779e-03  5.00000000e+00  4.77073126e+00  3.03515149e+00 
 4.09276779e-03  5.00000000e+00  4.77301254e+00  3.04109657e+00 
 4.10276779e-03  5.00000000e+00  4.77527112e+00  3.04702366e+00 
 4.11276779e-03  5.00000000e+00  4.77750723e+00  3.05293282e+00 
 4.12276779e-03  5.00000000e+00  4.77972109e+00  3.05882409e+00 
 4.13276779e-03  5.00000000e+00  4.78191292e+00  3.06469755e+00 
 4.14276779e-03  5.00000000e+00  4.78408294e+00  3.07055323e+00 
 4.15276779e-03  5.00000000e+00  4.78623137e+00  3.07639119e+00 
 4.16276779e-03  5.00000000e+00  4.78835842e+00  3.08221149e+00 
 4.17276779e-03  5.00000000e+00  4.79046431e+00  3.08801418e+00 
 4.18276779e-03  5.00000000e+00  4.79254924e+00  3.09379931e+00 
 4.19276779e-03  5.00000000e+00  4.79461342e+00  3.09956694e+00 
 4.20276779e-03  5.00000000e+00  4.79665707e+00  3.10531711e+00 
 4.21276779e-03  5.00000000e+00  4.79868038e+00  3.11104989e+00 
 4.22276779e-03  5.00000000e+00  4.80068357e+00  3.11676532e+00 
 4.23276779e-03  5.00000000e+00  4.80266681e+00  3.12246346e+00 
 4.24276779e-03  5.00000000e+00  4.80463033e+00  3.12814436e+00 
 4.25276779e-03  5.00000000e+00  4.80657430e+00  3.13380806e+00 
 4.26276779e-03  5.00000000e+00  4.80849894e+00  3.13945464e+00 
 4.27276779e-03  5.00000000e+00  4.81040442e+00  3.14508412e+00 
 4.28276779e-03  5.00000000e+00  4.81229094e+00  3.15069658e+00 
 4.29276779e-03  5.00000000e+00  4.81415870e+00  3.15629205e+00 
 4.30276779e-03  5.00000000e+00  4.81600786e+00  3.16187059e+00 
 4.31276779e-03  5.00000000e+00  4.81783863e+00  3.16743225e+00 
 4.32276779e-03  5.00000000e+00  4.81965118e+00  3.17297709e+00 
 4.33276779e-03  5.00000000e+00  4.82144570e+00  3.17850514e+00 
 4.34276779e-03  5.00000000e+00  4.82322236e+00  3.18401647e+00 
 4.35276779e-03  5.00000000e+00  4.82498134e+00  3.18951113e+00 
 4.36276779e-03  5.00000000e+00  4.82672282e+00  3.19498916e+00 
 4.37276779e-03  5.00000000e+00  4.82844697e+00  3.20045061e+00 
 4.38276779e-03  5.00000000e+00  4.83015396e+00  3.20589554e+00 
 4.39276779e-03  5.00000000e+00  4.83184397e+00  3.21132400e+00 
 4.40276779e-03  5.00000000e+00  4.83351717e+00  3.21673603e+00 
 4.41276779e-03  5.00000000e+00  4.83517371e+00  3.22213168e+00 
 4.42276779e-03  5.00000000e+00  4.83681378e+00  3.22751101e+00 
 4.43276779e-03  5.00000000e+00  4.83843752e+00  3.23287407e+00 
 4.44276779e-03  5.00000000e+00  4.84004511e+00  3.23822089e+00 
 4.45276779e-03  5.00000000e+00  4.84163670e+00  3.24355154e+00 
 4.46276779e-03  5.00000000e+00  4.84321245e+00  3.24886606e+00 
 4.47276779e-03  5.00000000e+00  4.84477253e+00  3.25416450e+00 
 4.48276779e-03  5.00000000e+00  4.84631708e+00  3.25944690e+00 
 4.49276779e-03  5.00000000e+00  4.84784626e+00  3.26471333e+00 
 4.50276779e-03  5.00000000e+00  4.84936023e+00  3.26996382e+00 
 4.51276779e-03  5.00000000e+00  4.85085913e+00  3.27519842e+00 
 4.52276779e-03  5.00000000e+00  4.85234312e+00  3.28041718e+00 
 4.53276779e-03  5.00000000e+00  4.85381235e+00  3.28562016e+00 
 4.54276779e-03  5.00000000e+00  4.85526695e+00  3.29080739e+00 
 4.55276779e-03  5.00000000e+00  4.85670708e+00  3.29597892e+00 
 4.56276779e-03  5.00000000e+00  4.85813288e+00  3.30113481e+00 
 4.57276779e-03  5.00000000e+00  4.85954449e+00  3.30627510e+00 
 4.58276779e-03  5.00000000e+00  4.86094206e+00  3.31139984e+00 
 4.59276779e-03  5.00000000e+00  4.86232572e+00  3.31650906e+00 
 4.60276779e-03  5.00000000e+00  4.86369561e+00  3.32160283e+00 
 4.61276779e-03  5.00000000e+00  4.86505188e+00  3.32668119e+00 
 4.62276779e-03  5.00000000e+00  4.86639464e+00  3.33174418e+00 
 4.63276779e-03  5.00000000e+00  4.86772405e+00  3.33679186e+00 
 4.64276779e-03  5.00000000e+00  4.86904023e+00  3.34182426e+00 
 4.65276779e-03  5.00000000e+00  4.87034331e+00  3.34684143e+00 
 4.66276779e-03  5.00000000e+00  4.87163343e+00  3.35184342e+00 
 4.67276779e-03  5.00000000e+00  4.87291071e+00  3.35683028e+00 
 4.68276779e-03  5.00000000e+00  4.87417528e+00  3.36180205e+00 
 4.69276779e-03  5.00000000e+00  4.87542726e+00  3.36675878e+00 
 4.70276779e-03  5.00000000e+00  4.87666679e+00  3.37170050e+00 
 4.71276779e-03  5.00000000e+00  4.87789399e+00  3.37662728e+00 
 4.72276779e-03  5.00000000e+00  4.87910898e+00  3.38153915e+00 
 4.73276779e-03  5.00000000e+00  4.88031187e+00  3.38643616e+00 
 4.74276779e-03  5.00000000e+00  4.88150280e+00  3.39131835e+00 
 4.75276779e-03  5.00000000e+00  4.88268187e+00  3.39618576e+00 
 4.76276779e-03  5.00000000e+00  4.88384922e+00  3.40103846e+00 
 4.77276779e-03  5.00000000e+00  4.88500495e+00  3.40587646e+00 
 4.78276779e-03  5.00000000e+00  4.88614918e+00  3.41069983e+00 
 4.79276779e-03  5.00000000e+00  4.88728202e+00  3.41550861e+00 
 4.80276779e-03  5.00000000e+00  4.88840359e+00  3.42030283e+00 
 4.81276779e-03  5.00000000e+00  4.88951401e+00  3.42508255e+00 
 4.82276779e-03  5.00000000e+00  4.89061337e+00  3.42984781e+00 
 4.83276779e-03  5.00000000e+00  4.89170179e+00  3.43459865e+00 
 4.84276779e-03  5.00000000e+00  4.89277939e+00  3.43933511e+00 
 4.85276779e-03  5.00000000e+00  4.89384626e+00  3.44405724e+00 
 4.86276779e-03  5.00000000e+00  4.89490251e+00  3.44876509e+00 
 4.87276779e-03  5.00000000e+00  4.89594826e+00  3.45345869e+00 
 4.88276779e-03  5.00000000e+00  4.89698360e+00  3.45813809e+00 
 4.89276779e-03  5.00000000e+00  4.89800864e+00  3.46280333e+00 
 4.90276779e-03  5.00000000e+00  4.89902348e+00  3.46745445e+00 
 4.91276779e-03  5.00000000e+00  4.90002822e+00  3.47209150e+00 
 4.92276779e-03  5.00000000e+00  4.90102297e+00  3.47671453e+00 
 4.93276779e-03  5.00000000e+00  4.90200781e+00  3.48132356e+00 
 4.94276779e-03  5.00000000e+00  4.90298286e+00  3.48591865e+00 
 4.95276779e-03  5.00000000e+00  4.90394820e+00  3.49049983e+00 
 4.96276779e-03  5.00000000e+00  4.90490394e+00  3.49506715e+00 
 4.97276779e-03  5.00000000e+00  4.90585017e+00  3.49962066e+00 
 4.98276779e-03  5.00000000e+00  4.90678699e+00  3.50416038e+00 
 4.99276779e-03  5.00000000e+00  4.90771448e+00  3.50868637e+00 
 5.00276779e-03  5.00000000e+00  4.90863274e+00  3.51319867e+00 
 5.01276779e-03  5.00000000e+00  4.90954187e+00  3.51769731e+00 
 5.02276779e-03  5.00000000e+00  4.91044195e+00  3.52218234e+00 
 5.03276779e-03  5.00000000e+00  4.91133307e+00  3.52665380e+00 
 5.04276779e-03  5.00000000e+00  4.91221533e+00  3.53111173e+00 
 5.05276779e-03  5.00000000e+00  4.91308881e+00  3.53555617e+00 
 5.06276779e-03  5.00000000e+00  4.91395360e+00  3.53998717e+00 
 5.07276779e-03  5.00000000e+00  4.91480978e+00  3.54440476e+00 
 5.08276779e-03  5.00000000e+00  4.91565745e+00  3.54880898e+00 
 5.09276779e-03  5.00000000e+00  4.91649668e+00  3.55319987e+00 
 5.10276779e-03  5.00000000e+00  4.91732756e+00  3.55757748e+00 
 5.11276779e-03  5.00000000e+00  4.91815017e+00  3.56194185e+00 
 5.12276779e-03  5.00000000e+00  4.91896459e+00  3.56629301e+00 
 5.13276779e-03  5.00000000e+00  4.91977092e+00  3.57063100e+00 
 5.14276779e-03  5.00000000e+00  4.92056921e+00  3.57495587e+00 
 5.15276779e-03  5.00000000e+00  4.92135957e+00  3.57926765e+00 
 5.16276779e-03  5.00000000e+00  4.92214206e+00  3.58356639e+00 
 5.17276779e-03  5.00000000e+00  4.92291677e+00  3.58785212e+00 
 5.18276779e-03  5.00000000e+00  4.92368377e+00  3.59212488e+00 
 5.19276779e-03  5.00000000e+00  4.92444313e+00  3.59638472e+00 
 5.20276779e-03  5.00000000e+00  4.92519494e+00  3.60063166e+00 
 5.21276779e-03  5.00000000e+00  4.92593927e+00  3.60486576e+00 
 5.22276779e-03  5.00000000e+00  4.92667619e+00  3.60908704e+00 
 5.23276779e-03  5.00000000e+00  4.92740578e+00  3.61329555e+00 
 5.24276779e-03  5.00000000e+00  4.92812811e+00  3.61749133e+00 
 5.25276779e-03  5.00000000e+00  4.92884326e+00  3.62167441e+00 
 5.26276779e-03  5.00000000e+00  4.92955128e+00  3.62584484e+00 
 5.27276779e-03  5.00000000e+00  4.93025227e+00  3.63000264e+00 
 5.28276779e-03  5.00000000e+00  4.93094627e+00  3.63414787e+00 
 5.29276779e-03  5.00000000e+00  4.93163337e+00  3.63828055e+00 
 5.30276779e-03  5.00000000e+00  4.93231364e+00  3.64240073e+00 
 5.31276779e-03  5.00000000e+00  4.93298714e+00  3.64650845e+00 
 5.32276779e-03  5.00000000e+00  4.93365393e+00  3.65060373e+00 
 5.33276779e-03  5.00000000e+00  4.93431409e+00  3.65468662e+00 
 5.34276779e-03  5.00000000e+00  4.93496768e+00  3.65875716e+00 
 5.35276779e-03  5.00000000e+00  4.93561477e+00  3.66281539e+00 
 5.36276779e-03  5.00000000e+00  4.93625542e+00  3.66686133e+00 
 5.37276779e-03  5.00000000e+00  4.93688969e+00  3.67089503e+00 
 5.38276779e-03  5.00000000e+00  4.93751766e+00  3.67491653e+00 
 5.39276779e-03  5.00000000e+00  4.93813937e+00  3.67892586e+00 
 5.40276779e-03  5.00000000e+00  4.93875490e+00  3.68292306e+00 
 5.41276779e-03  5.00000000e+00  4.93936430e+00  3.68690816e+00 
 5.42276779e-03  5.00000000e+00  4.93996764e+00  3.69088121e+00 
 5.43276779e-03  5.00000000e+00  4.94056498e+00  3.69484224e+00 
 5.44276779e-03  5.00000000e+00  4.94115637e+00  3.69879128e+00 
 5.45276779e-03  5.00000000e+00  4.94174188e+00  3.70272837e+00 
 5.46276779e-03  5.00000000e+00  4.94232157e+00  3.70665355e+00 
 5.47276779e-03  5.00000000e+00  4.94289548e+00  3.71056685e+00 
 5.48276779e-03  5.00000000e+00  4.94346368e+00  3.71446831e+00 
 5.49276779e-03  5.00000000e+00  4.94402623e+00  3.71835797e+00 
 5.50276779e-03  5.00000000e+00  4.94458319e+00  3.72223586e+00 
 5.51276779e-03  5.00000000e+00  4.94513460e+00  3.72610201e+00 
 5.52276779e-03  5.00000000e+00  4.94568052e+00  3.72995647e+00 
 5.53276779e-03  5.00000000e+00  4.94622102e+00  3.73379926e+00 
 5.54276779e-03  5.00000000e+00  4.94675613e+00  3.73763043e+00 
 5.55276779e-03  5.00000000e+00  4.94728592e+00  3.74145000e+00 
 5.56276779e-03  5.00000000e+00  4.94781044e+00  3.74525802e+00 
 5.57276779e-03  5.00000000e+00  4.94832974e+00  3.74905452e+00 
 5.58276779e-03  5.00000000e+00  4.94884387e+00  3.75283953e+00 
 5.59276779e-03  5.00000000e+00  4.94935288e+00  3.75661308e+00 
 5.60276779e-03  5.00000000e+00  4.94985684e+00  3.76037522e+00 
 5.61276779e-03  5.00000000e+00  4.95035577e+00  3.76412598e+00 
 5.62276779e-03  5.00000000e+00  4.95084975e+00  3.76786539e+00 
 5.63276779e-03  5.00000000e+00  4.95133880e+00  3.77159348e+00 
 5.64276779e-03  5.00000000e+00  4.95182299e+00  3.77531029e+00 
 5.65276779e-03  5.00000000e+00  4.95230237e+00  3.77901586e+00 
 5.66276779e-03  5.00000000e+00  4.95277697e+00  3.78271021e+00 
 5.67276779e-03  5.00000000e+00  4.95324685e+00  3.78639339e+00 
 5.68276779e-03  5.00000000e+00  4.95371206e+00  3.79006542e+00 
 5.69276779e-03  5.00000000e+00  4.95417263e+00  3.79372634e+00 
 5.70276779e-03  5.00000000e+00  4.95462863e+00  3.79737619e+00 
 5.71276779e-03  5.00000000e+00  4.95508008e+00  3.80101499e+00 
 5.72276779e-03  5.00000000e+00  4.95552705e+00  3.80464278e+00 
 5.73276779e-03  5.00000000e+00  4.95596956e+00  3.80825959e+00 
 5.74276779e-03  5.00000000e+00  4.95640768e+00  3.81186546e+00 
 5.75276779e-03  5.00000000e+00  4.95684143e+00  3.81546043e+00 
 5.76276779e-03  5.00000000e+00  4.95727087e+00  3.81904451e+00 
 5.77276779e-03  5.00000000e+00  4.95769604e+00  3.82261775e+00 
 5.78276779e-03  5.00000000e+00  4.95811697e+00  3.82618018e+00 
 5.79276779e-03  5.00000000e+00  4.95853372e+00  3.82973182e+00 
 5.80276779e-03  5.00000000e+00  4.95894632e+00  3.83327273e+00 
 5.81276779e-03  5.00000000e+00  4.95935481e+00  3.83680291e+00 
 5.82276779e-03  5.00000000e+00  4.95975924e+00  3.84032242e+00 
 5.83276779e-03  5.00000000e+00  4.96015965e+00  3.84383128e+00 
 5.84276779e-03  5.00000000e+00  4.96055607e+00  3.84732952e+00 
 5.85276779e-03  5.00000000e+00  4.96094855e+00  3.85081718e+00 
 5.86276779e-03  5.00000000e+00  4.96133712e+00  3.85429428e+00 
 5.87276779e-03  5.00000000e+00  4.96172182e+00  3.85776086e+00 
 5.88276779e-03  5.00000000e+00  4.96210270e+00  3.86121696e+00 
 5.89276779e-03  5.00000000e+00  4.96247979e+00  3.86466260e+00 
 5.90276779e-03  5.00000000e+00  4.96285312e+00  3.86809781e+00 
 5.91276779e-03  5.00000000e+00  4.96322274e+00  3.87152262e+00 
 5.92276779e-03  5.00000000e+00  4.96358869e+00  3.87493708e+00 
 5.93276779e-03  5.00000000e+00  4.96395099e+00  3.87834120e+00 
 5.94276779e-03  5.00000000e+00  4.96430969e+00  3.88173503e+00 
 5.95276779e-03  5.00000000e+00  4.96466481e+00  3.88511858e+00 
 5.96276779e-03  5.00000000e+00  4.96501641e+00  3.88849190e+00 
 5.97276779e-03  5.00000000e+00  4.96536450e+00  3.89185501e+00 
 5.98276779e-03  5.00000000e+00  4.96570913e+00  3.89520795e+00 
 5.99276779e-03  5.00000000e+00  4.96605034e+00  3.89855074e+00 
 6.00276779e-03  5.00000000e+00  4.96638814e+00  3.90188341e+00 
 6.01276779e-03  5.00000000e+00  4.96672259e+00  3.90520600e+00 
 6.02276779e-03  5.00000000e+00  4.96705371e+00  3.90851854e+00 
 6.03276779e-03  5.00000000e+00  4.96738153e+00  3.91182106e+00 
 6.04276779e-03  5.00000000e+00  4.96770609e+00  3.91511358e+00 
 6.05276779e-03  5.00000000e+00  4.96802743e+00  3.91839614e+00 
 6.06276779e-03  5.00000000e+00  4.96834556e+00  3.92166877e+00 
 6.07276779e-03  5.00000000e+00  4.96866053e+00  3.92493150e+00 
 6.08276779e-03  5.00000000e+00  4.96897237e+00  3.92818435e+00 
 6.09276779e-03  5.00000000e+00  4.96928110e+00  3.93142736e+00 
 6.10276779e-03  5.00000000e+00  4.96958676e+00  3.93466056e+00 
 6.11276779e-03  5.00000000e+00  4.96988938e+00  3.93788398e+00 
 6.12276779e-03  5.00000000e+00  4.97018899e+00  3.94109765e+00 
 6.13276779e-03  5.00000000e+00  4.97048562e+00  3.94430159e+00 
 6.14276779e-03  5.00000000e+00  4.97077929e+00  3.94749583e+00 
 6.15276779e-03  5.00000000e+00  4.97107004e+00  3.95068041e+00 
 6.16276779e-03  5.00000000e+00  4.97135790e+00  3.95385536e+00 
 6.17276779e-03  5.00000000e+00  4.97164290e+00  3.95702070e+00 
 6.18276779e-03  5.00000000e+00  4.97192506e+00  3.96017646e+00 
 6.19276779e-03  5.00000000e+00  4.97220441e+00  3.96332267e+00 
 6.20276779e-03  5.00000000e+00  4.97248099e+00  3.96645937e+00 
 6.21276779e-03  5.00000000e+00  4.97275481e+00  3.96958657e+00 
 6.22276779e-03  5.00000000e+00  4.97302590e+00  3.97270431e+00 
 6.23276779e-03  5.00000000e+00  4.97329430e+00  3.97581262e+00 
 6.24276779e-03  5.00000000e+00  4.97356003e+00  3.97891152e+00 
 6.25276779e-03  5.00000000e+00  4.97382311e+00  3.98200105e+00 
 6.26276779e-03  5.00000000e+00  4.97408358e+00  3.98508123e+00 
 6.27276779e-03  5.00000000e+00  4.97434146e+00  3.98815209e+00 
 6.28276779e-03  5.00000000e+00  4.97459677e+00  3.99121365e+00 
 6.29276779e-03  5.00000000e+00  4.97484953e+00  3.99426596e+00 
 6.30276779e-03  5.00000000e+00  4.97509979e+00  3.99730903e+00 
 6.31276779e-03  5.00000000e+00  4.97534755e+00  4.00034289e+00 
 6.32276779e-03  5.00000000e+00  4.97559285e+00  4.00336757e+00 
 6.33276779e-03  5.00000000e+00  4.97583571e+00  4.00638310e+00 
 6.34276779e-03  5.00000000e+00  4.97607615e+00  4.00938950e+00 
 6.35276779e-03  5.00000000e+00  4.97631419e+00  4.01238681e+00 
 6.36276779e-03  5.00000000e+00  4.97654987e+00  4.01537505e+00 
 6.37276779e-03  5.00000000e+00  4.97678321e+00  4.01835425e+00 
 6.38276779e-03  5.00000000e+00  4.97701422e+00  4.02132443e+00 
 6.39276779e-03  5.00000000e+00  4.97724294e+00  4.02428563e+00 
 6.40276779e-03  5.00000000e+00  4.97746937e+00  4.02723787e+00 
 6.41276779e-03  5.00000000e+00  4.97769356e+00  4.03018117e+00 
 6.42276779e-03  5.00000000e+00  4.97791551e+00  4.03311557e+00 
 6.43276779e-03  5.00000000e+00  4.97813526e+00  4.03604109e+00 
 6.44276779e-03  5.00000000e+00  4.97835282e+00  4.03895776e+00 
 6.45276779e-03  5.00000000e+00  4.97856821e+00  4.04186560e+00 
 6.46276779e-03  5.00000000e+00  4.97878147e+00  4.04476465e+00 
 6.47276779e-03  5.00000000e+00  4.97899260e+00  4.04765492e+00 
 6.48276779e-03  5.00000000e+00  4.97920163e+00  4.05053645e+00 
 6.49276779e-03  5.00000000e+00  4.97940857e+00  4.05340926e+00 
 6.50276779e-03  5.00000000e+00  4.97961346e+00  4.05627337e+00 
 6.51276779e-03  5.00000000e+00  4.97981632e+00  4.05912883e+00 
 6.52276779e-03  5.00000000e+00  4.98001715e+00  4.06197564e+00 
 6.53276779e-03  5.00000000e+00  4.98021598e+00  4.06481384e+00 
 6.54276779e-03  5.00000000e+00  4.98041284e+00  4.06764345e+00 
 6.55276779e-03  5.00000000e+00  4.98060774e+00  4.07046449e+00 
 6.56276779e-03  5.00000000e+00  4.98080069e+00  4.07327701e+00 
 6.57276779e-03  5.00000000e+00  4.98099173e+00  4.07608101e+00 
 6.58276779e-03  5.00000000e+00  4.98118087e+00  4.07887653e+00 
 6.59276779e-03  5.00000000e+00  4.98136812e+00  4.08166359e+00 
 6.60276779e-03  5.00000000e+00  4.98155351e+00  4.08444222e+00 
 6.61276779e-03  5.00000000e+00  4.98173706e+00  4.08721244e+00 
 6.62276779e-03  5.00000000e+00  4.98191878e+00  4.08997428e+00 
 6.63276779e-03  5.00000000e+00  4.98209870e+00  4.09272776e+00 
 6.64276779e-03  5.00000000e+00  4.98227682e+00  4.09547291e+00 
 6.65276779e-03  5.00000000e+00  4.98245317e+00  4.09820975e+00 
 6.66276779e-03  5.00000000e+00  4.98262776e+00  4.10093832e+00 
 6.67276779e-03  5.00000000e+00  4.98280062e+00  4.10365862e+00 
 6.68276779e-03  5.00000000e+00  4.98297176e+00  4.10637070e+00 
 6.69276779e-03  5.00000000e+00  4.98314119e+00  4.10907457e+00 
 6.70276779e-03  5.00000000e+00  4.98330894e+00  4.11177026e+00 
 6.71276779e-03  5.00000000e+00  4.98347502e+00  4.11445779e+00 
 6.72276779e-03  5.00000000e+00  4.98363945e+00  4.11713720e+00 
 6.73276779e-03  5.00000000e+00  4.98380224e+00  4.11980849e+00 
 6.74276779e-03  5.00000000e+00  4.98396341e+00  4.12247170e+00 
 6.75276779e-03  5.00000000e+00  4.98412298e+00  4.12512686e+00 
 6.76276779e-03  5.00000000e+00  4.98428096e+00  4.12777398e+00 
 6.77276779e-03  5.00000000e+00  4.98443737e+00  4.13041309e+00 
 6.78276779e-03  5.00000000e+00  4.98459222e+00  4.13304421e+00 
 6.79276779e-03  5.00000000e+00  4.98474553e+00  4.13566738e+00 
 6.80276779e-03  5.00000000e+00  4.98489732e+00  4.13828260e+00 
 6.81276779e-03  5.00000000e+00  4.98504760e+00  4.14088992e+00 
 6.82276779e-03  5.00000000e+00  4.98519638e+00  4.14348934e+00 
 6.83276779e-03  5.00000000e+00  4.98534368e+00  4.14608090e+00 
 6.84276779e-03  5.00000000e+00  4.98548951e+00  4.14866462e+00 
 6.85276779e-03  5.00000000e+00  4.98563389e+00  4.15124052e+00 
 6.86276779e-03  5.00000000e+00  4.98577684e+00  4.15380863e+00 
 6.87276779e-03  5.00000000e+00  4.98591836e+00  4.15636897e+00 
 6.88276779e-03  5.00000000e+00  4.98605848e+00  4.15892156e+00 
 6.89276779e-03  5.00000000e+00  4.98619720e+00  4.16146642e+00 
 6.90276779e-03  5.00000000e+00  4.98633454e+00  4.16400359e+00 
 6.91276779e-03  5.00000000e+00  4.98647052e+00  4.16653308e+00 
 6.92276779e-03  5.00000000e+00  4.98660514e+00  4.16905492e+00 
 6.93276779e-03  5.00000000e+00  4.98673842e+00  4.17156912e+00 
 6.94276779e-03  5.00000000e+00  4.98687038e+00  4.17407572e+00 
 6.95276779e-03  5.00000000e+00  4.98700102e+00  4.17657474e+00 
 6.96276779e-03  5.00000000e+00  4.98713036e+00  4.17906619e+00 
 6.97276779e-03  5.00000000e+00  4.98725842e+00  4.18155010e+00 
 6.98276779e-03  5.00000000e+00  4.98738520e+00  4.18402650e+00 
 6.99276779e-03  5.00000000e+00  4.98751072e+00  4.18649541e+00 
 7.00276779e-03  5.00000000e+00  4.98763499e+00  4.18895684e+00 
 7.01276779e-03  5.00000000e+00  4.98775803e+00  4.19141083e+00 
 7.02276779e-03  5.00000000e+00  4.98787984e+00  4.19385740e+00 
 7.03276779e-03  5.00000000e+00  4.98800044e+00  4.19629656e+00 
 7.04276779e-03  5.00000000e+00  4.98811984e+00  4.19872834e+00 
 7.05276779e-03  5.00000000e+00  4.98823805e+00  4.20115276e+00 
 7.06276779e-03  5.00000000e+00  4.98835508e+00  4.20356985e+00 
 7.07276779e-03  5.00000000e+00  4.98847095e+00  4.20597962e+00 
 7.08276779e-03  5.00000000e+00  4.98858567e+00  4.20838210e+00 
 7.09276779e-03  5.00000000e+00  4.98869924e+00  4.21077732e+00 
 7.10276779e-03  5.00000000e+00  4.98881169e+00  4.21316528e+00 
 7.11276779e-03  5.00000000e+00  4.98892301e+00  4.21554602e+00 
 7.12276779e-03  5.00000000e+00  4.98903323e+00  4.21791956e+00 
 7.13276779e-03  5.00000000e+00  4.98914236e+00  4.22028591e+00 
 7.14276779e-03  5.00000000e+00  4.98925039e+00  4.22264511e+00 
 7.15276779e-03  5.00000000e+00  4.98935735e+00  4.22499717e+00 
 7.16276779e-03  5.00000000e+00  4.98946325e+00  4.22734211e+00 
 7.17276779e-03  5.00000000e+00  4.98956809e+00  4.22967995e+00 
 7.18276779e-03  5.00000000e+00  4.98967189e+00  4.23201072e+00 
 7.19276779e-03  5.00000000e+00  4.98977466e+00  4.23433444e+00 
 7.20276779e-03  5.00000000e+00  4.98987640e+00  4.23665113e+00 
 7.21276779e-03  5.00000000e+00  4.98997714e+00  4.23896081e+00 
 7.22276779e-03  5.00000000e+00  4.99007687e+00  4.24126350e+00 
 7.23276779e-03  5.00000000e+00  4.99017560e+00  4.24355923e+00 
 7.24276779e-03  5.00000000e+00  4.99027336e+00  4.24584800e+00 
 7.25276779e-03  5.00000000e+00  4.99037014e+00  4.24812985e+00 
 7.26276779e-03  5.00000000e+00  4.99046596e+00  4.25040480e+00 
 7.27276779e-03  5.00000000e+00  4.99056083e+00  4.25267287e+00 
 7.28276779e-03  5.00000000e+00  4.99065475e+00  4.25493407e+00 
 7.29276779e-03  5.00000000e+00  4.99074774e+00  4.25718843e+00 
 7.30276779e-03  5.00000000e+00  4.99083980e+00  4.25943597e+00 
 7.31276779e-03  5.00000000e+00  4.99093095e+00  4.26167670e+00 
 7.32276779e-03  5.00000000e+00  4.99102119e+00  4.26391066e+00 
 7.33276779e-03  5.00000000e+00  4.99111053e+00  4.26613786e+00 
 7.34276779e-03  5.00000000e+00  4.99119898e+00  4.26835832e+00 
 7.35276779e-03  5.00000000e+00  4.99128655e+00  4.27057206e+00 
 7.36276779e-03  5.00000000e+00  4.99137325e+00  4.27277911e+00 
 7.37276779e-03  5.00000000e+00  4.99145909e+00  4.27497947e+00 
 7.38276779e-03  5.00000000e+00  4.99154408e+00  4.27717318e+00 
 7.39276779e-03  5.00000000e+00  4.99162821e+00  4.27936025e+00 
 7.40276779e-03  5.00000000e+00  4.99171152e+00  4.28154071e+00 
 7.41276779e-03  5.00000000e+00  4.99179399e+00  4.28371456e+00 
 7.42276779e-03  5.00000000e+00  4.99187564e+00  4.28588184e+00 
 7.43276779e-03  5.00000000e+00  4.99195648e+00  4.28804256e+00 
 7.44276779e-03  5.00000000e+00  4.99203651e+00  4.29019674e+00 
 7.45276779e-03  5.00000000e+00  4.99211575e+00  4.29234441e+00 
 7.46276779e-03  5.00000000e+00  4.99219420e+00  4.29448557e+00 
 7.47276779e-03  5.00000000e+00  4.99227187e+00  4.29662026e+00 
 7.48276779e-03  5.00000000e+00  4.99234877e+00  4.29874849e+00 
 7.49276779e-03  5.00000000e+00  4.99242490e+00  4.30087028e+00 
 7.50276779e-03  5.00000000e+00  4.99250028e+00  4.30298565e+00 
 7.51276779e-03  5.00000000e+00  4.99257490e+00  4.30509462e+00 
 7.52276779e-03  5.00000000e+00  4.99264878e+00  4.30719721e+00 
 7.53276779e-03  5.00000000e+00  4.99272193e+00  4.30929343e+00 
 7.54276779e-03  5.00000000e+00  4.99279435e+00  4.31138332e+00 
 7.55276779e-03  5.00000000e+00  4.99286604e+00  4.31346688e+00 
 7.56276779e-03  5.00000000e+00  4.99293703e+00  4.31554413e+00 
 7.57276779e-03  5.00000000e+00  4.99300731e+00  4.31761511e+00 
 7.58276779e-03  5.00000000e+00  4.99307689e+00  4.31967981e+00 
 7.59276779e-03  5.00000000e+00  4.99314577e+00  4.32173827e+00 
 7.60276779e-03  5.00000000e+00  4.99321397e+00  4.32379050e+00 
 7.61276779e-03  5.00000000e+00  4.99328150e+00  4.32583652e+00 
 7.62276779e-03  5.00000000e+00  4.99334835e+00  4.32787635e+00 
 7.63276779e-03  5.00000000e+00  4.99341453e+00  4.32991000e+00 
 7.64276779e-03  5.00000000e+00  4.99348006e+00  4.33193751e+00 
 7.65276779e-03  5.00000000e+00  4.99354493e+00  4.33395888e+00 
 7.66276779e-03  5.00000000e+00  4.99360916e+00  4.33597413e+00 
 7.67276779e-03  5.00000000e+00  4.99367275e+00  4.33798328e+00 
 7.68276779e-03  5.00000000e+00  4.99373571e+00  4.33998636e+00 
 7.69276779e-03  5.00000000e+00  4.99379804e+00  4.34198338e+00 
 7.70276779e-03  5.00000000e+00  4.99385975e+00  4.34397435e+00 
 7.71276779e-03  5.00000000e+00  4.99392085e+00  4.34595930e+00 
 7.72276779e-03  5.00000000e+00  4.99398134e+00  4.34793824e+00 
 7.73276779e-03  5.00000000e+00  4.99404123e+00  4.34991120e+00 
 7.74276779e-03  5.00000000e+00  4.99410052e+00  4.35187818e+00 
 7.75276779e-03  5.00000000e+00  4.99415922e+00  4.35383922e+00 
 7.76276779e-03  5.00000000e+00  4.99421734e+00  4.35579432e+00 
 7.77276779e-03  5.00000000e+00  4.99427488e+00  4.35774350e+00 
 7.78276779e-03  5.00000000e+00  4.99433184e+00  4.35968679e+00 
 7.79276779e-03  5.00000000e+00  4.99438824e+00  4.36162420e+00 
 7.80276779e-03  5.00000000e+00  4.99444408e+00  4.36355574e+00 
 7.81276779e-03  5.00000000e+00  4.99449936e+00  4.36548144e+00 
 7.82276779e-03  5.00000000e+00  4.99455410e+00  4.36740132e+00 
 7.83276779e-03  5.00000000e+00  4.99460828e+00  4.36931538e+00 
 7.84276779e-03  5.00000000e+00  4.99466193e+00  4.37122366e+00 
 7.85276779e-03  5.00000000e+00  4.99471505e+00  4.37312616e+00 
 7.86276779e-03  5.00000000e+00  4.99476764e+00  4.37502290e+00 
 7.87276779e-03  5.00000000e+00  4.99481970e+00  4.37691391e+00 
 7.88276779e-03  5.00000000e+00  4.99487124e+00  4.37879919e+00 
 7.89276779e-03  5.00000000e+00  4.99492228e+00  4.38067877e+00 
 7.90276779e-03  5.00000000e+00  4.99497280e+00  4.38255266e+00 
 7.91276779e-03  5.00000000e+00  4.99502282e+00  4.38442088e+00 
 7.92276779e-03  5.00000000e+00  4.99507235e+00  4.38628345e+00 
 7.93276779e-03  5.00000000e+00  4.99512138e+00  4.38814039e+00 
 7.94276779e-03  5.00000000e+00  4.99516992e+00  4.38999170e+00 
 7.95276779e-03  5.00000000e+00  4.99521798e+00  4.39183741e+00 
 7.96276779e-03  5.00000000e+00  4.99526556e+00  4.39367754e+00 
 7.97276779e-03  5.00000000e+00  4.99531267e+00  4.39551210e+00 
 7.98276779e-03  5.00000000e+00  4.99535931e+00  4.39734111e+00 
 7.99276779e-03  5.00000000e+00  4.99540549e+00  4.39916459e+00 
 8.00276779e-03  5.00000000e+00  4.99545121e+00  4.40098255e+00 
 8.01276779e-03  5.00000000e+00  4.99549647e+00  4.40279501e+00 
 8.02276779e-03  5.00000000e+00  4.99554128e+00  4.40460198e+00 
 8.03276779e-03  5.00000000e+00  4.99558564e+00  4.40640349e+00 
 8.04276779e-03  5.00000000e+00  4.99562957e+00  4.40819955e+00 
 8.05276779e-03  5.00000000e+00  4.99567305e+00  4.40999017e+00 
 8.06276779e-03  5.00000000e+00  4.99571611e+00  4.41177537e+00 
 8.07276779e-03  5.00000000e+00  4.99575873e+00  4.41355517e+00 
 8.08276779e-03  5.00000000e+00  4.99580094e+00  4.41532959e+00 
 8.09276779e-03  5.00000000e+00  4.99584272e+00  4.41709864e+00 
 8.10276779e-03  5.00000000e+00  4.99588408e+00  4.41886233e+00 
 8.11276779e-03  5.00000000e+00  4.99592504e+00  4.42062069e+00 
 8.12276779e-03  5.00000000e+00  4.99596559e+00  4.42237373e+00 
 8.13276779e-03  5.00000000e+00  4.99600573e+00  4.42412147e+00 
 8.14276779e-03  5.00000000e+00  4.99604547e+00  4.42586391e+00 
 8.15276779e-03  5.00000000e+00  4.99608482e+00  4.42760109e+00 
 8.16276779e-03  5.00000000e+00  4.99612378e+00  4.42933300e+00 
 8.17276779e-03  5.00000000e+00  4.99616235e+00  4.43105968e+00 
 8.18276779e-03  5.00000000e+00  4.99620053e+00  4.43278114e+00 
 8.19276779e-03  5.00000000e+00  4.99623834e+00  4.43449738e+00 
 8.20276779e-03  5.00000000e+00  4.99627577e+00  4.43620843e+00 
 8.21276779e-03  5.00000000e+00  4.99631283e+00  4.43791431e+00 
 8.22276779e-03  5.00000000e+00  4.99634951e+00  4.43961502e+00 
 8.23276779e-03  5.00000000e+00  4.99638584e+00  4.44131059e+00 
 8.24276779e-03  5.00000000e+00  4.99642180e+00  4.44300102e+00 
 8.25276779e-03  5.00000000e+00  4.99645740e+00  4.44468635e+00 
 8.26276779e-03  5.00000000e+00  4.99649265e+00  4.44636657e+00 
 8.27276779e-03  5.00000000e+00  4.99652755e+00  4.44804171e+00 
 8.28276779e-03  5.00000000e+00  4.99656210e+00  4.44971178e+00 
 8.29276779e-03  5.00000000e+00  4.99659631e+00  4.45137680e+00 
 8.30276779e-03  5.00000000e+00  4.99663018e+00  4.45303678e+00 
 8.31276779e-03  5.00000000e+00  4.99666371e+00  4.45469173e+00 
 8.32276779e-03  5.00000000e+00  4.99669691e+00  4.45634168e+00 
 8.33276779e-03  5.00000000e+00  4.99672977e+00  4.45798664e+00 
 8.34276779e-03  5.00000000e+00  4.99676231e+00  4.45962662e+00 
 8.35276779e-03  5.00000000e+00  4.99679453e+00  4.46126164e+00 
 8.36276779e-03  5.00000000e+00  4.99682642e+00  4.46289171e+00 
 8.37276779e-03  5.00000000e+00  4.99685800e+00  4.46451685e+00 
 8.38276779e-03  5.00000000e+00  4.99688927e+00  4.46613707e+00 
 8.39276779e-03  5.00000000e+00  4.99692022e+00  4.46775239e+00 
 8.40276779e-03  5.00000000e+00  4.99695086e+00  4.46936282e+00 
 8.41276779e-03  5.00000000e+00  4.99698120e+00  4.47096838e+00 
 8.42276779e-03  5.00000000e+00  4.99701124e+00  4.47256908e+00 
 8.43276779e-03  5.00000000e+00  4.99704098e+00  4.47416493e+00 
 8.44276779e-03  5.00000000e+00  4.99707042e+00  4.47575596e+00 
 8.45276779e-03  5.00000000e+00  4.99709957e+00  4.47734218e+00 
 8.46276779e-03  5.00000000e+00  4.99712843e+00  4.47892359e+00 
 8.47276779e-03  5.00000000e+00  4.99715700e+00  4.48050022e+00 
 8.48276779e-03  5.00000000e+00  4.99718529e+00  4.48207208e+00 
 8.49276779e-03  5.00000000e+00  4.99721330e+00  4.48363919e+00 
 8.50276779e-03  5.00000000e+00  4.99724103e+00  4.48520155e+00 
 8.51276779e-03  5.00000000e+00  4.99726848e+00  4.48675919e+00 
 8.52276779e-03  5.00000000e+00  4.99729566e+00  4.48831211e+00 
 8.53276779e-03  5.00000000e+00  4.99732257e+00  4.48986033e+00 
 8.54276779e-03  5.00000000e+00  4.99734921e+00  4.49140387e+00 
 8.55276779e-03  5.00000000e+00  4.99737559e+00  4.49294274e+00 
 8.56276779e-03  5.00000000e+00  4.99740170e+00  4.49447695e+00 
 8.57276779e-03  5.00000000e+00  4.99742755e+00  4.49600652e+00 
 8.58276779e-03  5.00000000e+00  4.99745315e+00  4.49753147e+00 
 8.59276779e-03  5.00000000e+00  4.99747849e+00  4.49905179e+00 
 8.60276779e-03  5.00000000e+00  4.99750358e+00  4.50056752e+00 
 8.61276779e-03  5.00000000e+00  4.99752842e+00  4.50207866e+00 
 8.62276779e-03  5.00000000e+00  4.99755301e+00  4.50358523e+00 
 8.63276779e-03  5.00000000e+00  4.99757736e+00  4.50508725e+00 
 8.64276779e-03  5.00000000e+00  4.99760147e+00  4.50658471e+00 
 8.65276779e-03  5.00000000e+00  4.99762533e+00  4.50807765e+00 
 8.66276779e-03  5.00000000e+00  4.99764896e+00  4.50956607e+00 
 8.67276779e-03  5.00000000e+00  4.99767236e+00  4.51104998e+00 
 8.68276779e-03  5.00000000e+00  4.99769552e+00  4.51252941e+00 
 8.69276779e-03  5.00000000e+00  4.99771845e+00  4.51400436e+00 
 8.70276779e-03  5.00000000e+00  4.99774115e+00  4.51547484e+00 
 8.71276779e-03  5.00000000e+00  4.99776362e+00  4.51694088e+00 
 8.72276779e-03  5.00000000e+00  4.99778588e+00  4.51840248e+00 
 8.73276779e-03  5.00000000e+00  4.99780791e+00  4.51985966e+00 
 8.74276779e-03  5.00000000e+00  4.99782972e+00  4.52131243e+00 
 8.75276779e-03  5.00000000e+00  4.99785132e+00  4.52276080e+00 
 8.76276779e-03  5.00000000e+00  4.99787270e+00  4.52420479e+00 
 8.77276779e-03  5.00000000e+00  4.99789386e+00  4.52564442e+00 
 8.78276779e-03  5.00000000e+00  4.99791482e+00  4.52707968e+00 
 8.79276779e-03  5.00000000e+00  4.99793557e+00  4.52851061e+00 
 8.80276779e-03  5.00000000e+00  4.99795611e+00  4.52993720e+00 
 8.81276779e-03  5.00000000e+00  4.99797645e+00  4.53135948e+00 
 8.82276779e-03  5.00000000e+00  4.99799658e+00  4.53277745e+00 
 8.83276779e-03  5.00000000e+00  4.99801652e+00  4.53419114e+00 
 8.84276779e-03  5.00000000e+00  4.99803625e+00  4.53560054e+00 
 8.85276779e-03  5.00000000e+00  4.99805579e+00  4.53700569e+00 
 8.86276779e-03  5.00000000e+00  4.99807514e+00  4.53840658e+00 
 8.87276779e-03  5.00000000e+00  4.99809429e+00  4.53980323e+00 
 8.88276779e-03  5.00000000e+00  4.99811325e+00  4.54119565e+00 
 8.89276779e-03  5.00000000e+00  4.99813203e+00  4.54258387e+00 
 8.90276779e-03  5.00000000e+00  4.99815061e+00  4.54396788e+00 
 8.91276779e-03  5.00000000e+00  4.99816901e+00  4.54534770e+00 
 8.92276779e-03  5.00000000e+00  4.99818723e+00  4.54672335e+00 
 8.93276779e-03  5.00000000e+00  4.99820527e+00  4.54809484e+00 
 8.94276779e-03  5.00000000e+00  4.99822313e+00  4.54946218e+00 
 8.95276779e-03  5.00000000e+00  4.99824081e+00  4.55082538e+00 
 8.96276779e-03  5.00000000e+00  4.99825831e+00  4.55218446e+00 
 8.97276779e-03  5.00000000e+00  4.99827564e+00  4.55353942e+00 
 8.98276779e-03  5.00000000e+00  4.99829280e+00  4.55489028e+00 
 8.99276779e-03  5.00000000e+00  4.99830979e+00  4.55623706e+00 
 9.00276779e-03  5.00000000e+00  4.99832661e+00  4.55757976e+00 
 9.01276779e-03  5.00000000e+00  4.99834326e+00  4.55891840e+00 
 9.02276779e-03  5.00000000e+00  4.99835974e+00  4.56025299e+00 
 9.03276779e-03  5.00000000e+00  4.99837606e+00  4.56158354e+00 
 9.04276779e-03  5.00000000e+00  4.99839222e+00  4.56291007e+00 
 9.05276779e-03  5.00000000e+00  4.99840822e+00  4.56423258e+00 
 9.06276779e-03  5.00000000e+00  4.99842406e+00  4.56555109e+00 
 9.07276779e-03  5.00000000e+00  4.99843974e+00  4.56686561e+00 
 9.08276779e-03  5.00000000e+00  4.99845526e+00  4.56817615e+00 
 9.09276779e-03  5.00000000e+00  4.99847063e+00  4.56948273e+00 
 9.10276779e-03  5.00000000e+00  4.99848585e+00  4.57078535e+00 
 9.11276779e-03  5.00000000e+00  4.99850092e+00  4.57208403e+00 
 9.12276779e-03  5.00000000e+00  4.99851583e+00  4.57337879e+00 
 9.13276779e-03  5.00000000e+00  4.99853060e+00  4.57466962e+00 
 9.14276779e-03  5.00000000e+00  4.99854522e+00  4.57595655e+00 
 9.15276779e-03  5.00000000e+00  4.99855970e+00  4.57723959e+00 
 9.16276779e-03  5.00000000e+00  4.99857403e+00  4.57851874e+00 
 9.17276779e-03  5.00000000e+00  4.99858822e+00  4.57979403e+00 
 9.18276779e-03  5.00000000e+00  4.99860227e+00  4.58106545e+00 
 9.19276779e-03  5.00000000e+00  4.99861617e+00  4.58233303e+00 
 9.20276779e-03  5.00000000e+00  4.99862994e+00  4.58359677e+00 
 9.21276779e-03  5.00000000e+00  4.99864358e+00  4.58485669e+00 
 9.22276779e-03  5.00000000e+00  4.99865707e+00  4.58611280e+00 
 9.23276779e-03  5.00000000e+00  4.99867043e+00  4.58736510e+00 
 9.24276779e-03  5.00000000e+00  4.99868366e+00  4.58861362e+00 
 9.25276779e-03  5.00000000e+00  4.99869676e+00  4.58985836e+00 
 9.26276779e-03  5.00000000e+00  4.99870973e+00  4.59109933e+00 
 9.27276779e-03  5.00000000e+00  4.99872257e+00  4.59233655e+00 
 9.28276779e-03  5.00000000e+00  4.99873528e+00  4.59357003e+00 
 9.29276779e-03  5.00000000e+00  4.99874786e+00  4.59479977e+00 
 9.30276779e-03  5.00000000e+00  4.99876032e+00  4.59602579e+00 
 9.31276779e-03  5.00000000e+00  4.99877266e+00  4.59724810e+00 
 9.32276779e-03  5.00000000e+00  4.99878487e+00  4.59846672e+00 
 9.33276779e-03  5.00000000e+00  4.99879696e+00  4.59968164e+00 
 9.34276779e-03  5.00000000e+00  4.99880893e+00  4.60089290e+00 
 9.35276779e-03  5.00000000e+00  4.99882078e+00  4.60210048e+00 
 9.36276779e-03  5.00000000e+00  4.99883252e+00  4.60330441e+00 
 9.37276779e-03  5.00000000e+00  4.99884413e+00  4.60450470e+00 
 9.38276779e-03  5.00000000e+00  4.99885563e+00  4.60570136e+00 
 9.39276779e-03  5.00000000e+00  4.99886702e+00  4.60689440e+00 
 9.40276779e-03  5.00000000e+00  4.99887829e+00  4.60808382e+00 
 9.41276779e-03  5.00000000e+00  4.99888946e+00  4.60926965e+00 
 9.42276779e-03  5.00000000e+00  4.99890051e+00  4.61045189e+00 
 9.43276779e-03  5.00000000e+00  4.99891145e+00  4.61163055e+00 
 9.44276779e-03  5.00000000e+00  4.99892228e+00  4.61280565e+00 
 9.45276779e-03  5.00000000e+00  4.99893300e+00  4.61397719e+00 
 9.46276779e-03  5.00000000e+00  4.99894362e+00  4.61514519e+00 
 9.47276779e-03  5.00000000e+00  4.99895413e+00  4.61630965e+00 
 9.48276779e-03  5.00000000e+00  4.99896454e+00  4.61747059e+00 
 9.49276779e-03  5.00000000e+00  4.99897484e+00  4.61862802e+00 
 9.50276779e-03  5.00000000e+00  4.99898504e+00  4.61978194e+00 
 9.51276779e-03  5.00000000e+00  4.99899514e+00  4.62093237e+00 
 9.52276779e-03  5.00000000e+00  4.99900514e+00  4.62207933e+00 
 9.53276779e-03  5.00000000e+00  4.99901504e+00  4.62322281e+00 
 9.54276779e-03  5.00000000e+00  4.99902484e+00  4.62436283e+00 
 9.55276779e-03  5.00000000e+00  4.99903454e+00  4.62549940e+00 
 9.56276779e-03  5.00000000e+00  4.99904415e+00  4.62663254e+00 
 9.57276779e-03  5.00000000e+00  4.99905366e+00  4.62776224e+00 
 9.58276779e-03  5.00000000e+00  4.99906307e+00  4.62888853e+00 
 9.59276779e-03  5.00000000e+00  4.99907240e+00  4.63001141e+00 
 9.60276779e-03  5.00000000e+00  4.99908163e+00  4.63113089e+00 
 9.61276779e-03  5.00000000e+00  4.99909076e+00  4.63224698e+00 
 9.62276779e-03  5.00000000e+00  4.99909981e+00  4.63335970e+00 
 9.63276779e-03  5.00000000e+00  4.99910877e+00  4.63446905e+00 
 9.64276779e-03  5.00000000e+00  4.99911764e+00  4.63557504e+00 
 9.65276779e-03  5.00000000e+00  4.99912642e+00  4.63667769e+00 
 9.66276779e-03  5.00000000e+00  4.99913511e+00  4.63777700e+00 
 9.67276779e-03  5.00000000e+00  4.99914371e+00  4.63887299e+00 
 9.68276779e-03  5.00000000e+00  4.99915224e+00  4.63996565e+00 
 9.69276779e-03  5.00000000e+00  4.99916067e+00  4.64105502e+00 
 9.70276779e-03  5.00000000e+00  4.99916902e+00  4.64214108e+00 
 9.71276779e-03  5.00000000e+00  4.99917729e+00  4.64322386e+00 
 9.72276779e-03  5.00000000e+00  4.99918548e+00  4.64430337e+00 
 9.73276779e-03  5.00000000e+00  4.99919358e+00  4.64537961e+00 
 9.74276779e-03  5.00000000e+00  4.99920161e+00  4.64645259e+00 
 9.75276779e-03  5.00000000e+00  4.99920955e+00  4.64752232e+00 
 9.76276779e-03  5.00000000e+00  4.99921741e+00  4.64858882e+00 
 9.77276779e-03  5.00000000e+00  4.99922520e+00  4.64965209e+00 
 9.78276779e-03  5.00000000e+00  4.99923291e+00  4.65071215e+00 
 9.79276779e-03  5.00000000e+00  4.99924054e+00  4.65176899e+00 
 9.80276779e-03  5.00000000e+00  4.99924810e+00  4.65282264e+00 
 9.81276779e-03  5.00000000e+00  4.99925558e+00  4.65387310e+00 
 9.82276779e-03  5.00000000e+00  4.99926299e+00  4.65492039e+00 
 9.83276779e-03  5.00000000e+00  4.99927032e+00  4.65596450e+00 
 9.84276779e-03  5.00000000e+00  4.99927758e+00  4.65700545e+00 
 9.85276779e-03  5.00000000e+00  4.99928477e+00  4.65804326e+00 
 9.86276779e-03  5.00000000e+00  4.99929189e+00  4.65907792e+00 
 9.87276779e-03  5.00000000e+00  4.99929893e+00  4.66010946e+00 
 9.88276779e-03  5.00000000e+00  4.99930591e+00  4.66113787e+00 
 9.89276779e-03  5.00000000e+00  4.99931282e+00  4.66216317e+00 
 9.90276779e-03  5.00000000e+00  4.99931965e+00  4.66318537e+00 
 9.91276779e-03  5.00000000e+00  4.99932642e+00  4.66420448e+00 
 9.92276779e-03  5.00000000e+00  4.99933313e+00  4.66522050e+00 
 9.93276779e-03  5.00000000e+00  4.99933976e+00  4.66623345e+00 
 9.94276779e-03  5.00000000e+00  4.99934633e+00  4.66724333e+00 
 9.95276779e-03  5.00000000e+00  4.99935284e+00  4.66825016e+00 
 9.96276779e-03  5.00000000e+00  4.99935927e+00  4.66925394e+00 
 9.97276779e-03  5.00000000e+00  4.99936565e+00  4.67025469e+00 
 9.98276779e-03  5.00000000e+00  4.99937196e+00  4.67125240e+00 
 9.99276779e-03  5.00000000e+00  4.99937821e+00  4.67224710e+00 
 1.00027678e-02  5.00000000e+00  4.99938440e+00  4.67323879e+00 
 1.00127678e-02  5.00000000e+00  4.99939052e+00  4.67422748e+00 
 1.00227678e-02  5.00000000e+00  4.99939659e+00  4.67521317e+00 
 1.00327678e-02  5.00000000e+00  4.99940259e+00  4.67619589e+00 
 1.00427678e-02  5.00000000e+00  4.99940854e+00  4.67717563e+00 
 1.00527678e-02  5.00000000e+00  4.99941442e+00  4.67815240e+00 
 1.00627678e-02  5.00000000e+00  4.99942025e+00  4.67912622e+00 
 1.00727678e-02  5.00000000e+00  4.99942602e+00  4.68009710e+00 
 1.00827678e-02  5.00000000e+00  4.99943173e+00  4.68106503e+00 
 1.00927678e-02  5.00000000e+00  4.99943738e+00  4.68203004e+00 
 1.01027678e-02  5.00000000e+00  4.99944298e+00  4.68299213e+00 
 1.01127678e-02  5.00000000e+00  4.99944852e+00  4.68395130e+00 
 1.01227678e-02  5.00000000e+00  4.99945401e+00  4.68490758e+00 
 1.01327678e-02  5.00000000e+00  4.99945944e+00  4.68586096e+00 
 1.01427678e-02  5.00000000e+00  4.99946482e+00  4.68681146e+00 
 1.01527678e-02  5.00000000e+00  4.99947015e+00  4.68775908e+00 
 1.01627678e-02  5.00000000e+00  4.99947542e+00  4.68870383e+00 
 1.01727678e-02  5.00000000e+00  4.99948064e+00  4.68964572e+00 
 1.01827678e-02  5.00000000e+00  4.99948581e+00  4.69058477e+00 
 1.01927678e-02  5.00000000e+00  4.99949092e+00  4.69152097e+00 
 1.02027678e-02  5.00000000e+00  4.99949599e+00  4.69245434e+00 
 1.02127678e-02  5.00000000e+00  4.99950100e+00  4.69338489e+00 
 1.02227678e-02  5.00000000e+00  4.99950597e+00  4.69431262e+00 
 1.02327678e-02  5.00000000e+00  4.99951088e+00  4.69523754e+00 
 1.02427678e-02  5.00000000e+00  4.99951575e+00  4.69615967e+00 
 1.02527678e-02  5.00000000e+00  4.99952057e+00  4.69707901e+00 
 1.02627678e-02  5.00000000e+00  4.99952534e+00  4.69799556e+00 
 1.02727678e-02  5.00000000e+00  4.99953006e+00  4.69890934e+00 
 1.02827678e-02  5.00000000e+00  4.99953474e+00  4.69982036e+00 
 1.02927678e-02  5.00000000e+00  4.99953937e+00  4.70072861e+00 
 1.03027678e-02  5.00000000e+00  4.99954395e+00  4.70163413e+00 
 1.03127678e-02  5.00000000e+00  4.99954849e+00  4.70253690e+00 
 1.03227678e-02  5.00000000e+00  4.99955298e+00  4.70343694e+00 
 1.03327678e-02  5.00000000e+00  4.99955743e+00  4.70433425e+00 
 1.03427678e-02  5.00000000e+00  4.99956183e+00  4.70522885e+00 
 1.03527678e-02  5.00000000e+00  4.99956619e+00  4.70612075e+00 
 1.03627678e-02  5.00000000e+00  4.99957051e+00  4.70700994e+00 
 1.03727678e-02  5.00000000e+00  4.99957478e+00  4.70789645e+00 
 1.03827678e-02  5.00000000e+00  4.99957901e+00  4.70878027e+00 
 1.03927678e-02  5.00000000e+00  4.99958320e+00  4.70966142e+00 
 1.04027678e-02  5.00000000e+00  4.99958735e+00  4.71053991e+00 
 1.04127678e-02  5.00000000e+00  4.99959146e+00  4.71141573e+00 
 1.04227678e-02  5.00000000e+00  4.99959552e+00  4.71228890e+00 
 1.04327678e-02  5.00000000e+00  4.99959955e+00  4.71315944e+00 
 1.04427678e-02  5.00000000e+00  4.99960353e+00  4.71402734e+00 
 1.04527678e-02  5.00000000e+00  4.99960748e+00  4.71489261e+00 
 1.04627678e-02  5.00000000e+00  4.99961138e+00  4.71575526e+00 
 1.04727678e-02  5.00000000e+00  4.99961525e+00  4.71661531e+00 
 1.04827678e-02  5.00000000e+00  4.99961908e+00  4.71747275e+00 
 1.04927678e-02  5.00000000e+00  4.99962287e+00  4.71832760e+00 
 1.05027678e-02  5.00000000e+00  4.99962662e+00  4.71917986e+00 
 1.05127678e-02  5.00000000e+00  4.99963034e+00  4.72002954e+00 
 1.05227678e-02  5.00000000e+00  4.99963401e+00  4.72087665e+00 
 1.05327678e-02  5.00000000e+00  4.99963766e+00  4.72172120e+00 
 1.05427678e-02  5.00000000e+00  4.99964126e+00  4.72256320e+00 
 1.05527678e-02  5.00000000e+00  4.99964483e+00  4.72340264e+00 
 1.05627678e-02  5.00000000e+00  4.99964836e+00  4.72423955e+00 
 1.05727678e-02  5.00000000e+00  4.99965186e+00  4.72507392e+00 
 1.05827678e-02  5.00000000e+00  4.99965533e+00  4.72590577e+00 
 1.05927678e-02  5.00000000e+00  4.99965876e+00  4.72673510e+00 
 1.06027678e-02  5.00000000e+00  4.99966215e+00  4.72756193e+00 
 1.06127678e-02  5.00000000e+00  4.99966551e+00  4.72838625e+00 
 1.06227678e-02  5.00000000e+00  4.99966884e+00  4.72920807e+00 
 1.06327678e-02  5.00000000e+00  4.99967214e+00  4.73002741e+00 
 1.06427678e-02  5.00000000e+00  4.99967540e+00  4.73084427e+00 
 1.06527678e-02  5.00000000e+00  4.99967863e+00  4.73165866e+00 
 1.06627678e-02  5.00000000e+00  4.99968183e+00  4.73247059e+00 
 1.06727678e-02  5.00000000e+00  4.99968499e+00  4.73328006e+00 
 1.06827678e-02  5.00000000e+00  4.99968813e+00  4.73408708e+00 
 1.06927678e-02  5.00000000e+00  4.99969123e+00  4.73489166e+00 
 1.07027678e-02  5.00000000e+00  4.99969430e+00  4.73569380e+00 
 1.07127678e-02  5.00000000e+00  4.99969734e+00  4.73649351e+00 
 1.07227678e-02  5.00000000e+00  4.99970036e+00  4.73729081e+00 
 1.07327678e-02  5.00000000e+00  4.99970334e+00  4.73808570e+00 
 1.07427678e-02  5.00000000e+00  4.99970629e+00  4.73887817e+00 
 1.07527678e-02  5.00000000e+00  4.99970921e+00  4.73966826e+00 
 1.07627678e-02  5.00000000e+00  4.99971211e+00  4.74045595e+00 
 1.07727678e-02  5.00000000e+00  4.99971497e+00  4.74124125e+00 
 1.07827678e-02  5.00000000e+00  4.99971781e+00  4.74202418e+00 
 1.07927678e-02  5.00000000e+00  4.99972061e+00  4.74280475e+00 
 1.08027678e-02  5.00000000e+00  4.99972339e+00  4.74358295e+00 
 1.08127678e-02  5.00000000e+00  4.99972615e+00  4.74435879e+00 
 1.08227678e-02  5.00000000e+00  4.99972887e+00  4.74513229e+00 
 1.08327678e-02  5.00000000e+00  4.99973157e+00  4.74590345e+00 
 1.08427678e-02  5.00000000e+00  4.99973424e+00  4.74667227e+00 
 1.08527678e-02  5.00000000e+00  4.99973688e+00  4.74743877e+00 
 1.08627678e-02  5.00000000e+00  4.99973950e+00  4.74820295e+00 
 1.08727678e-02  5.00000000e+00  4.99974209e+00  4.74896482e+00 
 1.08827678e-02  5.00000000e+00  4.99974466e+00  4.74972438e+00 
 1.08927678e-02  5.00000000e+00  4.99974720e+00  4.75048164e+00 
 1.09027678e-02  5.00000000e+00  4.99974972e+00  4.75123662e+00 
 1.09127678e-02  5.00000000e+00  4.99975221e+00  4.75198930e+00 
 1.09227678e-02  5.00000000e+00  4.99975467e+00  4.75273971e+00 
 1.09327678e-02  5.00000000e+00  4.99975711e+00  4.75348785e+00 
 1.09427678e-02  5.00000000e+00  4.99975953e+00  4.75423373e+00 
 1.09527678e-02  5.00000000e+00  4.99976192e+00  4.75497735e+00 
 1.09627678e-02  5.00000000e+00  4.99976429e+00  4.75571872e+00 
 1.09727678e-02  5.00000000e+00  4.99976664e+00  4.75645785e+00 
 1.09827678e-02  5.00000000e+00  4.99976896e+00  4.75719474e+00 
 1.09918839e-02  5.00000000e+00  4.99977106e+00  4.75786455e+00 
 1.10010000e-02  5.00000000e+00  4.99977313e+00  4.75853252e+00 
 1.10011000e-02  4.50000000e+00  4.99972316e+00  4.75852468e+00 
 1.10013000e-02  3.50000000e+00  4.99952324e+00  4.75847871e+00 
 1.10016500e-02  1.75000000e+00  4.99869230e+00  4.75825245e+00 
 1.10020000e-02  0.00000000e+00  4.99724926e+00  4.75784061e+00 
 1.10020700e-02  0.00000000e+00  4.99689948e+00  4.75773969e+00 
 1.10022100e-02  0.00000000e+00  4.99619996e+00  4.75753785e+00 
 1.10024900e-02  0.00000000e+00  4.99480122e+00  4.75713419e+00 
 1.10030500e-02  0.00000000e+00  4.99200491e+00  4.75632699e+00 
 1.10041700e-02  0.00000000e+00  4.98641700e+00  4.75471300e+00 
 1.10064100e-02  0.00000000e+00  4.97525992e+00  4.75148665e+00 
 1.10108900e-02  0.00000000e+00  4.95302057e+00  4.74504052e+00 
 1.10198500e-02  0.00000000e+00  4.90883944e+00  4.73217449e+00 
 1.10298500e-02  0.00000000e+00  4.85999526e+00  4.71785626e+00 
 1.10398500e-02  0.00000000e+00  4.81163710e+00  4.70358135e+00 
 1.10498500e-02  0.00000000e+00  4.76376012e+00  4.68934964e+00 
 1.10598500e-02  0.00000000e+00  4.71635952e+00  4.67516099e+00 
 1.10698500e-02  0.00000000e+00  4.66943057e+00  4.66101526e+00 
 1.10798500e-02  0.00000000e+00  4.62296857e+00  4.64691234e+00 
 1.10898500e-02  0.00000000e+00  4.57696888e+00  4.63285209e+00 
 1.10998500e-02  0.00000000e+00  4.53142691e+00  4.61883439e+00 
 1.11098500e-02  0.00000000e+00  4.48633808e+00  4.60485909e+00 
 1.11198500e-02  0.00000000e+00  4.44169790e+00  4.59092609e+00 
 1.11298500e-02  0.00000000e+00  4.39750190e+00  4.57703524e+00 
 1.11398500e-02  0.00000000e+00  4.35374566e+00  4.56318642e+00 
 1.11498500e-02  0.00000000e+00  4.31042481e+00  4.54937950e+00 
 1.11598500e-02  0.00000000e+00  4.26753501e+00  4.53561436e+00 
 1.11698500e-02  0.00000000e+00  4.22507198e+00  4.52189086e+00 
 1.11798500e-02  0.00000000e+00  4.18303146e+00  4.50820889e+00 
 1.11898500e-02  0.00000000e+00  4.14140926e+00  4.49456832e+00 
 1.11998500e-02  0.00000000e+00  4.10020120e+00  4.48096902e+00 
 1.12098500e-02  0.00000000e+00  4.05940318e+00  4.46741087e+00 
 1.12198500e-02  0.00000000e+00  4.01901111e+00  4.45389374e+00 
 1.12298500e-02  0.00000000e+00  3.97902095e+00  4.44041751e+00 
 1.12398500e-02  0.00000000e+00  3.93942870e+00  4.42698206e+00 
 1.12498500e-02  0.00000000e+00  3.90023041e+00  4.41358726e+00 
 1.12598500e-02  0.00000000e+00  3.86142214e+00  4.40023298e+00 
 1.12698500e-02  0.00000000e+00  3.82300003e+00  4.38691912e+00 
 1.12798500e-02  0.00000000e+00  3.78496023e+00  4.37364554e+00 
 1.12898500e-02  0.00000000e+00  3.74729894e+00  4.36041211e+00 
 1.12998500e-02  0.00000000e+00  3.71001238e+00  4.34721873e+00 
 1.13098500e-02  0.00000000e+00  3.67309683e+00  4.33406527e+00 
 1.13198500e-02  0.00000000e+00  3.63654861e+00  4.32095161e+00 
 1.13298500e-02  0.00000000e+00  3.60036404e+00  4.30787763e+00 
 1.13398500e-02  0.00000000e+00  3.56453953e+00  4.29484320e+00 
 1.13498500e-02  0.00000000e+00  3.52907147e+00  4.28184822e+00 
 1.13598500e-02  0.00000000e+00  3.49395633e+00  4.26889255e+00 
 1.13698500e-02  0.00000000e+00  3.45919060e+00  4.25597608e+00 
 1.13798500e-02  0.00000000e+00  3.42477079e+00  4.24309869e+00 
 1.13898500e-02  0.00000000e+00  3.39069347e+00  4.23026027e+00 
 1.13998500e-02  0.00000000e+00  3.35695523e+00  4.21746069e+00 
 1.14098500e-02  0.00000000e+00  3.32355269e+00  4.20469985e+00 
 1.14198500e-02  0.00000000e+00  3.29048251e+00  4.19197761e+00 
 1.14298500e-02  0.00000000e+00  3.25774139e+00  4.17929386e+00 
 1.14398500e-02  0.00000000e+00  3.22532605e+00  4.16664849e+00 
 1.14498500e-02  0.00000000e+00  3.19323326e+00  4.15404139e+00 
 1.14598500e-02  0.00000000e+00  3.16145979e+00  4.14147243e+00 
 1.14698500e-02  0.00000000e+00  3.13000248e+00  4.12894150e+00 
 1.14798500e-02  0.00000000e+00  3.09885818e+00  4.11644848e+00 
 1.14898500e-02  0.00000000e+00  3.06802377e+00  4.10399327e+00 
 1.14998500e-02  0.00000000e+00  3.03749617e+00  4.09157574e+00 
 1.15098500e-02  0.00000000e+00  3.00727232e+00  4.07919578e+00 
 1.15198500e-02  0.00000000e+00  2.97734922e+00  4.06685328e+00 
 1.15298500e-02  0.00000000e+00  2.94772385e+00  4.05454813e+00 
 1.15398500e-02  0.00000000e+00  2.91839327e+00  4.04228021e+00 
 1.15498500e-02  0.00000000e+00  2.88935453e+00  4.03004941e+00 
 1.15598500e-02  0.00000000e+00  2.86060473e+00  4.01785561e+00 
 1.15698500e-02  0.00000000e+00  2.83214100e+00  4.00569871e+00 
 1.15798500e-02  0.00000000e+00  2.80396049e+00  3.99357859e+00 
 1.15898500e-02  0.00000000e+00  2.77606039e+00  3.98149515e+00 
 1.15998500e-02  0.00000000e+00  2.74843790e+00  3.96944826e+00 
 1.16098500e-02  0.00000000e+00  2.72109026e+00  3.95743783e+00 
 1.16198500e-02  0.00000000e+00  2.69401473e+00  3.94546374e+00 
 1.16298500e-02  0.00000000e+00  2.66720862e+00  3.93352587e+00 
 1.16398500e-02  0.00000000e+00  2.64066923e+00  3.92162413e+00 
 1.16498500e-02  0.00000000e+00  2.61439391e+00  3.90975840e+00 
 1.16598500e-02  0.00000000e+00  2.58838004e+00  3.89792857e+00 
 1.16698500e-02  0.00000000e+00  2.56262502e+00  3.88613454e+00 
 1.16798500e-02  0.00000000e+00  2.53712626e+00  3.87437619e+00 
 1.16898500e-02  0.00000000e+00  2.51188122e+00  3.86265342e+00 
 1.16998500e-02  0.00000000e+00  2.48688738e+00  3.85096611e+00 
 1.17098500e-02  0.00000000e+00  2.46214223e+00  3.83931417e+00 
 1.17198500e-02  0.00000000e+00  2.43764330e+00  3.82769749e+00 
 1.17298500e-02  0.00000000e+00  2.41338815e+00  3.81611595e+00 
 1.17398500e-02  0.00000000e+00  2.38937433e+00  3.80456946e+00 
 1.17498500e-02  0.00000000e+00  2.36559947e+00  3.79305790e+00 
 1.17598500e-02  0.00000000e+00  2.34206116e+00  3.78158118e+00 
 1.17698500e-02  0.00000000e+00  2.31875707e+00  3.77013918e+00 
 1.17798500e-02  0.00000000e+00  2.29568486e+00  3.75873180e+00 
 1.17898500e-02  0.00000000e+00  2.27284223e+00  3.74735893e+00 
 1.17998500e-02  0.00000000e+00  2.25022688e+00  3.73602048e+00 
 1.18098500e-02  0.00000000e+00  2.22783656e+00  3.72471633e+00 
 1.18198500e-02  0.00000000e+00  2.20566903e+00  3.71344639e+00 
 1.18298500e-02  0.00000000e+00  2.18372208e+00  3.70221054e+00 
 1.18398500e-02  0.00000000e+00  2.16199350e+00  3.69100870e+00 
 1.18498500e-02  0.00000000e+00  2.14048113e+00  3.67984074e+00 
 1.18598500e-02  0.00000000e+00  2.11918281e+00  3.66870658e+00 
 1.18698500e-02  0.00000000e+00  2.09809641e+00  3.65760611e+00 
 1.18798500e-02  0.00000000e+00  2.07721983e+00  3.64653922e+00 
 1.18898500e-02  0.00000000e+00  2.05655098e+00  3.63550582e+00 
 1.18998500e-02  0.00000000e+00  2.03608778e+00  3.62450580e+00 
 1.19098500e-02  0.00000000e+00  2.01582820e+00  3.61353907e+00 
 1.19198500e-02  0.00000000e+00  1.99577021e+00  3.60260551e+00 
 1.19298500e-02  0.00000000e+00  1.97591180e+00  3.59170504e+00 
 1.19398500e-02  0.00000000e+00  1.95625099e+00  3.58083755e+00 
 1.19498500e-02  0.00000000e+00  1.93678580e+00  3.57000295e+00 
 1.19598500e-02  0.00000000e+00  1.91751430e+00  3.55920112e+00 
 1.19698500e-02  0.00000000e+00  1.89843456e+00  3.54843198e+00 
 1.19798500e-02  0.00000000e+00  1.87954466e+00  3.53769543e+00 
 1.19898500e-02  0.00000000e+00  1.86084273e+00  3.52699135e+00 
 1.19998500e-02  0.00000000e+00  1.84232688e+00  3.51631967e+00 
 1.20098500e-02  0.00000000e+00  1.82399527e+00  3.50568028e+00 
 1.20198500e-02  0.00000000e+00  1.80584606e+00  3.49507308e+00 
 1.20298500e-02  0.00000000e+00  1.78787744e+00  3.48449797e+00 
 1.20398500e-02  0.00000000e+00  1.77008762e+00  3.47395486e+00 
 1.20498500e-02  0.00000000e+00  1.75247481e+00  3.46344365e+00 
 1.20598500e-02  0.00000000e+00  1.73503725e+00  3.45296424e+00 
 1.20698500e-02  0.00000000e+00  1.71777319e+00  3.44251654e+00 
 1.20798500e-02  0.00000000e+00  1.70068092e+00  3.43210046e+00 
 1.20898500e-02  0.00000000e+00  1.68375872e+00  3.42171589e+00 
 1.20998500e-02  0.00000000e+00  1.66700491e+00  3.41136274e+00 
 1.21098500e-02  0.00000000e+00  1.65041779e+00  3.40104091e+00 
 1.21198500e-02  0.00000000e+00  1.63399572e+00  3.39075032e+00 
 1.21298500e-02  0.00000000e+00  1.61773706e+00  3.38049086e+00 
 1.21398500e-02  0.00000000e+00  1.60164017e+00  3.37026245e+00 
 1.21498500e-02  0.00000000e+00  1.58570346e+00  3.36006499e+00 
 1.21598500e-02  0.00000000e+00  1.56992531e+00  3.34989837e+00 
 1.21698500e-02  0.00000000e+00  1.55430417e+00  3.33976252e+00 
 1.21798500e-02  0.00000000e+00  1.53883845e+00  3.32965734e+00 
 1.21898500e-02  0.00000000e+00  1.52352663e+00  3.31958274e+00 
 1.21998500e-02  0.00000000e+00  1.50836716e+00  3.30953861e+00 
 1.22098500e-02  0.00000000e+00  1.49335853e+00  3.29952488e+00 
 1.22198500e-02  0.00000000e+00  1.47849924e+00  3.28954145e+00 
 1.22298500e-02  0.00000000e+00  1.46378781e+00  3.27958822e+00 
 1.22398500e-02  0.00000000e+00  1.44922275e+00  3.26966511e+00 
 1.22498500e-02  0.00000000e+00  1.43480263e+00  3.25977202e+00 
 1.22598500e-02  0.00000000e+00  1.42052598e+00  3.24990887e+00 
 1.22698500e-02  0.00000000e+00  1.40639140e+00  3.24007556e+00 
 1.22798500e-02  0.00000000e+00  1.39239745e+00  3.23027200e+00 
 1.22898500e-02  0.00000000e+00  1.37854275e+00  3.22049811e+00 
 1.22998500e-02  0.00000000e+00  1.36482591e+00  3.21075379e+00 
 1.23098500e-02  0.00000000e+00  1.35124555e+00  3.20103895e+00 
 1.23198500e-02  0.00000000e+00  1.33780032e+00  3.19135351e+00 
 1.23298500e-02  0.00000000e+00  1.32448887e+00  3.18169737e+00 
 1.23398500e-02  0.00000000e+00  1.31130988e+00  3.17207045e+00 
 1.23498500e-02  0.00000000e+00  1.29826202e+00  3.16247266e+00 
 1.23598500e-02  0.00000000e+00  1.28534399e+00  3.15290390e+00 
 1.23698500e-02  0.00000000e+00  1.27255450e+00  3.14336410e+00 
 1.23798500e-02  0.00000000e+00  1.25989227e+00  3.13385317e+00 
 1.23898500e-02  0.00000000e+00  1.24735602e+00  3.12437101e+00 
 1.23998500e-02  0.00000000e+00  1.23494452e+00  3.11491754e+00 
 1.24098500e-02  0.00000000e+00  1.22265652e+00  3.10549268e+00 
 1.24198500e-02  0.00000000e+00  1.21049078e+00  3.09609633e+00 
 1.24298500e-02  0.00000000e+00  1.19844609e+00  3.08672842e+00 
 1.24398500e-02  0.00000000e+00  1.18652126e+00  3.07738884e+00 
 1.24498500e-02  0.00000000e+00  1.17471508e+00  3.06807753e+00 
 1.24598500e-02  0.00000000e+00  1.16302637e+00  3.05879439e+00 
 1.24698500e-02  0.00000000e+00  1.15145397e+00  3.04953934e+00 
 1.24798500e-02  0.00000000e+00  1.13999671e+00  3.04031229e+00 
 1.24898500e-02  0.00000000e+00  1.12865346e+00  3.03111316e+00 
 1.24998500e-02  0.00000000e+00  1.11742308e+00  3.02194187e+00 
 1.25098500e-02  0.00000000e+00  1.10630444e+00  3.01279832e+00 
 1.25198500e-02  0.00000000e+00  1.09529644e+00  3.00368244e+00 
 1.25298500e-02  0.00000000e+00  1.08439797e+00  2.99459414e+00 
 1.25398500e-02  0.00000000e+00  1.07360794e+00  2.98553335e+00 
 1.25498500e-02  0.00000000e+00  1.06292527e+00  2.97649996e+00 
 1.25598500e-02  0.00000000e+00  1.05234890e+00  2.96749391e+00 
 1.25698500e-02  0.00000000e+00  1.04187777e+00  2.95851511e+00 
 1.25798500e-02  0.00000000e+00  1.03151082e+00  2.94956347e+00 
 1.25898500e-02  0.00000000e+00  1.02124703e+00  2.94063893e+00 
 1.25998500e-02  0.00000000e+00  1.01108537e+00  2.93174138e+00 
 1.26098500e-02  0.00000000e+00  1.00102482e+00  2.92287075e+00 
 1.26198500e-02  0.00000000e+00  9.91064375e-01  2.91402697e+00 
 1.26298500e-02  0.00000000e+00  9.81203038e-01  2.90520994e+00 
 1.26398500e-02  0.00000000e+00  9.71439824e-01  2.89641960e+00 
 1.26498500e-02  0.00000000e+00  9.61773756e-01  2.88765585e+00 
 1.26598500e-02  0.00000000e+00  9.52203868e-01  2.87891861e+00 
 1.26698500e-02  0.00000000e+00  9.42729203e-01  2.87020781e+00 
 1.26798500e-02  0.00000000e+00  9.33348813e-01  2.86152337e+00 
 1.26898500e-02  0.00000000e+00  9.24061760e-01  2.85286521e+00 
 1.26998500e-02  0.00000000e+00  9.14867115e-01  2.84423324e+00 
 1.27098500e-02  0.00000000e+00  9.05763960e-01  2.83562739e+00 
 1.27198500e-02  0.00000000e+00  8.96751383e-01  2.82704758e+00 
 1.27298500e-02  0.00000000e+00  8.87828484e-01  2.81849373e+00 
 1.27398500e-02  0.00000000e+00  8.78994370e-01  2.80996576e+00 
 1.27498500e-02  0.00000000e+00  8.70248157e-01  2.80146360e+00 
 1.27598500e-02  0.00000000e+00  8.61588971e-01  2.79298716e+00 
 1.27698500e-02  0.00000000e+00  8.53015947e-01  2.78453636e+00 
 1.27798500e-02  0.00000000e+00  8.44528226e-01  2.77611114e+00 
 1.27898500e-02  0.00000000e+00  8.36124960e-01  2.76771141e+00 
 1.27998500e-02  0.00000000e+00  8.27805309e-01  2.75933709e+00 
 1.28098500e-02  0.00000000e+00  8.19568440e-01  2.75098811e+00 
 1.28198500e-02  0.00000000e+00  8.11413530e-01  2.74266440e+00 
 1.28298500e-02  0.00000000e+00  8.03339764e-01  2.73436587e+00 
 1.28398500e-02  0.00000000e+00  7.95346333e-01  2.72609245e+00 
 1.28498500e-02  0.00000000e+00  7.87432439e-01  2.71784406e+00 
 1.28598500e-02  0.00000000e+00  7.79597291e-01  2.70962063e+00 
 1.28698500e-02  0.00000000e+00  7.71840104e-01  2.70142208e+00 
 1.28798500e-02  0.00000000e+00  7.64160103e-01  2.69324833e+00 
 1.28898500e-02  0.00000000e+00  7.56556520e-01  2.68509932e+00 
 1.28998500e-02  0.00000000e+00  7.49028594e-01  2.67697497e+00 
 1.29098500e-02  0.00000000e+00  7.41575573e-01  2.66887519e+00 
 1.29198500e-02  0.00000000e+00  7.34196712e-01  2.66079993e+00 
 1.29298500e-02  0.00000000e+00  7.26891272e-01  2.65274910e+00 
 1.29398500e-02  0.00000000e+00  7.19658523e-01  2.64472262e+00 
 1.29498500e-02  0.00000000e+00  7.12497741e-01  2.63672044e+00 
 1.29598500e-02  0.00000000e+00  7.05408212e-01  2.62874246e+00 
 1.29698500e-02  0.00000000e+00  6.98389225e-01  2.62078863e+00 
 1.29798500e-02  0.00000000e+00  6.91440078e-01  2.61285886e+00 
 1.29898500e-02  0.00000000e+00  6.84560077e-01  2.60495308e+00 
 1.29998500e-02  0.00000000e+00  6.77748534e-01  2.59707123e+00 
 1.30098500e-02  0.00000000e+00  6.71004768e-01  2.58921322e+00 
 1.30198500e-02  0.00000000e+00  6.64328103e-01  2.58137899e+00 
 1.30298500e-02  0.00000000e+00  6.57717873e-01  2.57356847e+00 
 1.30398500e-02  0.00000000e+00  6.51173417e-01  2.56578157e+00 
 1.30498500e-02  0.00000000e+00  6.44694079e-01  2.55801824e+00 
 1.30598500e-02  0.00000000e+00  6.38279213e-01  2.55027840e+00 
 1.30698500e-02  0.00000000e+00  6.31928176e-01  2.54256197e+00 
 1.30798500e-02  0.00000000e+00  6.25640334e-01  2.53486889e+00 
 1.30898500e-02  0.00000000e+00  6.19415057e-01  2.52719909e+00 
 1.30998500e-02  0.00000000e+00  6.13251723e-01  2.51955250e+00 
 1.31098500e-02  0.00000000e+00  6.07149716e-01  2.51192904e+00 
 1.31198500e-02  0.00000000e+00  6.01108425e-01  2.50432865e+00 
 1.31298500e-02  0.00000000e+00  5.95127246e-01  2.49675126e+00 
 1.31398500e-02  0.00000000e+00  5.89205582e-01  2.48919679e+00 
 1.31498500e-02  0.00000000e+00  5.83342840e-01  2.48166518e+00 
 1.31598500e-02  0.00000000e+00  5.77538434e-01  2.47415636e+00 
 1.31698500e-02  0.00000000e+00  5.71791783e-01  2.46667026e+00 
 1.31798500e-02  0.00000000e+00  5.66102312e-01  2.45920681e+00 
 1.31898500e-02  0.00000000e+00  5.60469453e-01  2.45176594e+00 
 1.31998500e-02  0.00000000e+00  5.54892643e-01  2.44434759e+00 
 1.32098500e-02  0.00000000e+00  5.49371323e-01  2.43695168e+00 
 1.32198500e-02  0.00000000e+00  5.43904942e-01  2.42957815e+00 
 1.32298500e-02  0.00000000e+00  5.38492952e-01  2.42222693e+00 
 1.32398500e-02  0.00000000e+00  5.33134813e-01  2.41489795e+00 
 1.32498500e-02  0.00000000e+00  5.27829989e-01  2.40759115e+00 
 1.32598500e-02  0.00000000e+00  5.22577950e-01  2.40030646e+00 
 1.32698500e-02  0.00000000e+00  5.17378169e-01  2.39304381e+00 
 1.32798500e-02  0.00000000e+00  5.12230128e-01  2.38580313e+00 
 1.32898500e-02  0.00000000e+00  5.07133311e-01  2.37858436e+00 
 1.32998500e-02  0.00000000e+00  5.02087208e-01  2.37138743e+00 
 1.33098500e-02  0.00000000e+00  4.97091315e-01  2.36421228e+00 
 1.33198500e-02  0.00000000e+00  4.92145133e-01  2.35705884e+00 
 1.33298500e-02  0.00000000e+00  4.87248167e-01  2.34992705e+00 
 1.33398500e-02  0.00000000e+00  4.82399926e-01  2.34281683e+00 
 1.33498500e-02  0.00000000e+00  4.77599927e-01  2.33572812e+00 
 1.33598500e-02  0.00000000e+00  4.72847689e-01  2.32866087e+00 
 1.33698500e-02  0.00000000e+00  4.68142737e-01  2.32161499e+00 
 1.33798500e-02  0.00000000e+00  4.63484600e-01  2.31459044e+00 
 1.33898500e-02  0.00000000e+00  4.58872813e-01  2.30758714e+00 
 1.33998500e-02  0.00000000e+00  4.54306914e-01  2.30060503e+00 
 1.34098500e-02  0.00000000e+00  4.49786447e-01  2.29364405e+00 
 1.34198500e-02  0.00000000e+00  4.45310960e-01  2.28670413e+00 
 1.34298500e-02  0.00000000e+00  4.40880006e-01  2.27978520e+00 
 1.34398500e-02  0.00000000e+00  4.36493140e-01  2.27288722e+00 
 1.34498500e-02  0.00000000e+00  4.32149925e-01  2.26601010e+00 
 1.34598500e-02  0.00000000e+00  4.27849925e-01  2.25915379e+00 
 1.34698500e-02  0.00000000e+00  4.23592712e-01  2.25231823e+00 
 1.34798500e-02  0.00000000e+00  4.19377859e-01  2.24550334e+00 
 1.34898500e-02  0.00000000e+00  4.15204945e-01  2.23870908e+00 
 1.34998500e-02  0.00000000e+00  4.11073553e-01  2.23193538e+00 
 1.35098500e-02  0.00000000e+00  4.06983269e-01  2.22518217e+00 
 1.35198500e-02  0.00000000e+00  4.02933684e-01  2.21844940e+00 
 1.35298500e-02  0.00000000e+00  3.98924393e-01  2.21173699e+00 
 1.35398500e-02  0.00000000e+00  3.94954997e-01  2.20504490e+00 
 1.35498500e-02  0.00000000e+00  3.91025096e-01  2.19837305e+00 
 1.35598500e-02  0.00000000e+00  3.87134299e-01  2.19172140e+00 
 1.35698500e-02  0.00000000e+00  3.83282216e-01  2.18508986e+00 
 1.35798500e-02  0.00000000e+00  3.79468463e-01  2.17847840e+00 
 1.35898500e-02  0.00000000e+00  3.75692657e-01  2.17188693e+00 
 1.35998500e-02  0.00000000e+00  3.71954422e-01  2.16531541e+00 
 1.36098500e-02  0.00000000e+00  3.68253383e-01  2.15876378e+00 
 1.36198500e-02  0.00000000e+00  3.64589170e-01  2.15223197e+00 
 1.36298500e-02  0.00000000e+00  3.60961417e-01  2.14571992e+00 
 1.36398500e-02  0.00000000e+00  3.57369761e-01  2.13922757e+00 
 1.36498500e-02  0.00000000e+00  3.53813843e-01  2.13275487e+00 
 1.36598500e-02  0.00000000e+00  3.50293308e-01  2.12630176e+00 
 1.36698500e-02  0.00000000e+00  3.46807802e-01  2.11986817e+00 
 1.36798500e-02  0.00000000e+00  3.43356978e-01  2.11345404e+00 
 1.36898500e-02  0.00000000e+00  3.39940491e-01  2.10705933e+00 
 1.36998500e-02  0.00000000e+00  3.36557998e-01  2.10068396e+00 
 1.37098500e-02  0.00000000e+00  3.33209163e-01  2.09432788e+00 
 1.37198500e-02  0.00000000e+00  3.29893649e-01  2.08799103e+00 
 1.37298500e-02  0.00000000e+00  3.26611125e-01  2.08167336e+00 
 1.37398500e-02  0.00000000e+00  3.23361263e-01  2.07537480e+00 
 1.37498500e-02  0.00000000e+00  3.20143738e-01  2.06909530e+00 
 1.37598500e-02  0.00000000e+00  3.16958228e-01  2.06283480e+00 
 1.37698500e-02  0.00000000e+00  3.13804415e-01  2.05659324e+00 
 1.37798500e-02  0.00000000e+00  3.10681983e-01  2.05037057e+00 
 1.37898500e-02  0.00000000e+00  3.07590620e-01  2.04416673e+00 
 1.37998500e-02  0.00000000e+00  3.04530017e-01  2.03798165e+00 
 1.38098500e-02  0.00000000e+00  3.01499867e-01  2.03181529e+00 
 1.38198500e-02  0.00000000e+00  2.98499868e-01  2.02566759e+00 
 1.38298500e-02  0.00000000e+00  2.95529721e-01  2.01953849e+00 
 1.38398500e-02  0.00000000e+00  2.92589126e-01  2.01342794e+00 
 1.38498500e-02  0.00000000e+00  2.89677792e-01  2.00733587e+00 
 1.38598500e-02  0.00000000e+00  2.86795426e-01  2.00126224e+00 
 1.38698500e-02  0.00000000e+00  2.83941740e-01  1.99520698e+00 
 1.38798500e-02  0.00000000e+00  2.81116449e-01  1.98917005e+00 
 1.38898500e-02  0.00000000e+00  2.78319270e-01  1.98315138e+00 
 1.38998500e-02  0.00000000e+00  2.75549924e-01  1.97715092e+00 
 1.39098500e-02  0.00000000e+00  2.72808134e-01  1.97116862e+00 
 1.39198500e-02  0.00000000e+00  2.70093625e-01  1.96520441e+00 
 1.39298500e-02  0.00000000e+00  2.67406126e-01  1.95925826e+00 
 1.39398500e-02  0.00000000e+00  2.64745369e-01  1.95333009e+00 
 1.39498500e-02  0.00000000e+00  2.62111087e-01  1.94741987e+00 
 1.39598500e-02  0.00000000e+00  2.59503016e-01  1.94152752e+00 
 1.39698500e-02  0.00000000e+00  2.56920897e-01  1.93565301e+00 
 1.39798500e-02  0.00000000e+00  2.54364470e-01  1.92979627e+00 
 1.39898500e-02  0.00000000e+00  2.51833480e-01  1.92395725e+00 
 1.39998500e-02  0.00000000e+00  2.49327674e-01  1.91813589e+00 
 1.40098500e-02  0.00000000e+00  2.46846802e-01  1.91233215e+00 
 1.40198500e-02  0.00000000e+00  2.44390615e-01  1.90654597e+00 
 1.40298500e-02  0.00000000e+00  2.41958867e-01  1.90077730e+00 
 1.40398500e-02  0.00000000e+00  2.39551316e-01  1.89502608e+00 
 1.40498500e-02  0.00000000e+00  2.37167721e-01  1.88929227e+00 
 1.40598500e-02  0.00000000e+00  2.34807843e-01  1.88357580e+00 
 1.40698500e-02  0.00000000e+00  2.32471447e-01  1.87787663e+00 
 1.40798500e-02  0.00000000e+00  2.30158298e-01  1.87219471e+00 
 1.40898500e-02  0.00000000e+00  2.27868166e-01  1.86652997e+00 
 1.40998500e-02  0.00000000e+00  2.25600821e-01  1.86088238e+00 
 1.41098500e-02  0.00000000e+00  2.23356037e-01  1.85525187e+00 
 1.41198500e-02  0.00000000e+00  2.21133589e-01  1.84963840e+00 
 1.41298500e-02  0.00000000e+00  2.18933254e-01  1.84404192e+00 
 1.41398500e-02  0.00000000e+00  2.16754814e-01  1.83846236e+00 
 1.41498500e-02  0.00000000e+00  2.14598050e-01  1.83289969e+00 
 1.41598500e-02  0.00000000e+00  2.12462746e-01  1.82735385e+00 
 1.41698500e-02  0.00000000e+00  2.10348689e-01  1.82182480e+00 
 1.41798500e-02  0.00000000e+00  2.08255667e-01  1.81631247e+00 
 1.41898500e-02  0.00000000e+00  2.06183471e-01  1.81081682e+00 
 1.41998500e-02  0.00000000e+00  2.04131894e-01  1.80533779e+00 
 1.42098500e-02  0.00000000e+00  2.02100731e-01  1.79987535e+00 
 1.42198500e-02  0.00000000e+00  2.00089779e-01  1.79442943e+00 
 1.42298500e-02  0.00000000e+00  1.98098836e-01  1.78900000e+00 
 1.42398500e-02  0.00000000e+00  1.96127703e-01  1.78358698e+00 
 1.42498500e-02  0.00000000e+00  1.94176183e-01  1.77819035e+00 
 1.42598500e-02  0.00000000e+00  1.92244082e-01  1.77281005e+00 
 1.42698500e-02  0.00000000e+00  1.90331206e-01  1.76744602e+00 
 1.42798500e-02  0.00000000e+00  1.88437363e-01  1.76209823e+00 
 1.42898500e-02  0.00000000e+00  1.86562364e-01  1.75676662e+00 
 1.42998500e-02  0.00000000e+00  1.84706022e-01  1.75145114e+00 
 1.43098500e-02  0.00000000e+00  1.82868151e-01  1.74615174e+00 
 1.43198500e-02  0.00000000e+00  1.81048568e-01  1.74086837e+00 
 1.43298500e-02  0.00000000e+00  1.79247089e-01  1.73560100e+00 
 1.43398500e-02  0.00000000e+00  1.77463536e-01  1.73034956e+00 
 1.43498500e-02  0.00000000e+00  1.75697730e-01  1.72511400e+00 
 1.43598500e-02  0.00000000e+00  1.73949494e-01  1.71989429e+00 
 1.43698500e-02  0.00000000e+00  1.72218653e-01  1.71469038e+00 
 1.43798500e-02  0.00000000e+00  1.70505035e-01  1.70950221e+00 
 1.43898500e-02  0.00000000e+00  1.68808467e-01  1.70432974e+00 
 1.43998500e-02  0.00000000e+00  1.67128781e-01  1.69917291e+00 
 1.44098500e-02  0.00000000e+00  1.65465808e-01  1.69403169e+00 
 1.44198500e-02  0.00000000e+00  1.63819382e-01  1.68890603e+00 
 1.44298500e-02  0.00000000e+00  1.62189338e-01  1.68379588e+00 
 1.44398500e-02  0.00000000e+00  1.60575514e-01  1.67870118e+00 
 1.44498500e-02  0.00000000e+00  1.58977748e-01  1.67362191e+00 
 1.44598500e-02  0.00000000e+00  1.57395880e-01  1.66855800e+00 
 1.44698500e-02  0.00000000e+00  1.55829752e-01  1.66350941e+00 
 1.44798500e-02  0.00000000e+00  1.54279207e-01  1.65847610e+00 
 1.44898500e-02  0.00000000e+00  1.52744090e-01  1.65345802e+00 
 1.44998500e-02  0.00000000e+00  1.51224249e-01  1.64845512e+00 
 1.45098500e-02  0.00000000e+00  1.49719530e-01  1.64346736e+00 
 1.45198500e-02  0.00000000e+00  1.48229783e-01  1.63849469e+00 
 1.45298500e-02  0.00000000e+00  1.46754860e-01  1.63353706e+00 
 1.45398500e-02  0.00000000e+00  1.45294613e-01  1.62859444e+00 
 1.45498500e-02  0.00000000e+00  1.43848895e-01  1.62366677e+00 
 1.45598500e-02  0.00000000e+00  1.42417563e-01  1.61875401e+00 
 1.45698500e-02  0.00000000e+00  1.41000473e-01  1.61385612e+00 
 1.45798500e-02  0.00000000e+00  1.39597483e-01  1.60897304e+00 
 1.45898500e-02  0.00000000e+00  1.38208453e-01  1.60410474e+00 
 1.45998500e-02  0.00000000e+00  1.36833245e-01  1.59925117e+00 
 1.46098500e-02  0.00000000e+00  1.35471720e-01  1.59441229e+00 
 1.46198500e-02  0.00000000e+00  1.34123743e-01  1.58958805e+00 
 1.46298500e-02  0.00000000e+00  1.32789178e-01  1.58477840e+00 
 1.46398500e-02  0.00000000e+00  1.31467893e-01  1.57998331e+00 
 1.46498500e-02  0.00000000e+00  1.30159754e-01  1.57520272e+00 
 1.46598500e-02  0.00000000e+00  1.28864632e-01  1.57043660e+00 
 1.46698500e-02  0.00000000e+00  1.27582397e-01  1.56568490e+00 
 1.46798500e-02  0.00000000e+00  1.26312921e-01  1.56094758e+00 
 1.46898500e-02  0.00000000e+00  1.25056076e-01  1.55622459e+00 
 1.46998500e-02  0.00000000e+00  1.23811737e-01  1.55151590e+00 
 1.47098500e-02  0.00000000e+00  1.22579779e-01  1.54682145e+00 
 1.47198500e-02  0.00000000e+00  1.21360080e-01  1.54214120e+00 
 1.47298500e-02  0.00000000e+00  1.20152517e-01  1.53747511e+00 
 1.47398500e-02  0.00000000e+00  1.18956969e-01  1.53282315e+00 
 1.47498500e-02  0.00000000e+00  1.17773318e-01  1.52818526e+00 
 1.47598500e-02  0.00000000e+00  1.16601444e-01  1.52356140e+00 
 1.47698500e-02  0.00000000e+00  1.15441231e-01  1.51895153e+00 
 1.47798500e-02  0.00000000e+00  1.14292562e-01  1.51435561e+00 
 1.47898500e-02  0.00000000e+00  1.13155322e-01  1.50977359e+00 
 1.47998500e-02  0.00000000e+00  1.12029399e-01  1.50520544e+00 
 1.48098500e-02  0.00000000e+00  1.10914678e-01  1.50065112e+00 
 1.48198500e-02  0.00000000e+00  1.09811050e-01  1.49611057e+00 
 1.48298500e-02  0.00000000e+00  1.08718402e-01  1.49158376e+00 
 1.48398500e-02  0.00000000e+00  1.07636627e-01  1.48707065e+00 
 1.48498500e-02  0.00000000e+00  1.06565616e-01  1.48257119e+00 
 1.48598500e-02  0.00000000e+00  1.05505262e-01  1.47808535e+00 
 1.48698500e-02  0.00000000e+00  1.04455458e-01  1.47361308e+00 
 1.48798500e-02  0.00000000e+00  1.03416100e-01  1.46915434e+00 
 1.48898500e-02  0.00000000e+00  1.02387084e-01  1.46470909e+00 
 1.48998500e-02  0.00000000e+00  1.01368307e-01  1.46027729e+00 
 1.49098500e-02  0.00000000e+00  1.00359668e-01  1.45585890e+00 
 1.49198500e-02  0.00000000e+00  9.93610639e-02  1.45145388e+00 
 1.49298500e-02  0.00000000e+00  9.83723966e-02  1.44706219e+00 
 1.49398500e-02  0.00000000e+00  9.73935668e-02  1.44268379e+00 
 1.49498500e-02  0.00000000e+00  9.64244765e-02  1.43831863e+00 
 1.49598500e-02  0.00000000e+00  9.54650290e-02  1.43396669e+00 
 1.49698500e-02  0.00000000e+00  9.45151282e-02  1.42962791e+00 
 1.49798500e-02  0.00000000e+00  9.35746792e-02  1.42530226e+00 
 1.49898500e-02  0.00000000e+00  9.26435878e-02  1.42098969e+00 
 1.49998500e-02  0.00000000e+00  9.17217611e-02  1.41669018e+00 
 1.50098500e-02  0.00000000e+00  9.08091068e-02  1.41240367e+00 
 1.50198500e-02  0.00000000e+00  8.99055336e-02  1.40813014e+00 
 1.50298500e-02  0.00000000e+00  8.90109511e-02  1.40386953e+00 
 1.50398500e-02  0.00000000e+00  8.81252700e-02  1.39962182e+00 
 1.50498500e-02  0.00000000e+00  8.72484017e-02  1.39538695e+00 
 1.50598500e-02  0.00000000e+00  8.63802584e-02  1.39116491e+00 
 1.50698500e-02  0.00000000e+00  8.55207533e-02  1.38695563e+00 
 1.50798500e-02  0.00000000e+00  8.46698005e-02  1.38275909e+00 
 1.50898500e-02  0.00000000e+00  8.38273150e-02  1.37857525e+00 
 1.50998500e-02  0.00000000e+00  8.29932123e-02  1.37440407e+00 
 1.51098500e-02  0.00000000e+00  8.21674092e-02  1.37024551e+00 
 1.51198500e-02  0.00000000e+00  8.13498231e-02  1.36609954e+00 
 1.51298500e-02  0.00000000e+00  8.05403721e-02  1.36196610e+00 
 1.51398500e-02  0.00000000e+00  7.97389754e-02  1.35784518e+00 
 1.51498500e-02  0.00000000e+00  7.89455527e-02  1.35373672e+00 
 1.51598500e-02  0.00000000e+00  7.81600248e-02  1.34964069e+00 
 1.51698500e-02  0.00000000e+00  7.73823131e-02  1.34555706e+00 
 1.51798500e-02  0.00000000e+00  7.66123399e-02  1.34148578e+00 
 1.51898500e-02  0.00000000e+00  7.58500280e-02  1.33742683e+00 
 1.51998500e-02  0.00000000e+00  7.50953014e-02  1.33338015e+00 
 1.52098500e-02  0.00000000e+00  7.43480845e-02  1.32934572e+00 
 1.52198500e-02  0.00000000e+00  7.36083025e-02  1.32532349e+00 
 1.52298500e-02  0.00000000e+00  7.28758816e-02  1.32131343e+00 
 1.52398500e-02  0.00000000e+00  7.21507484e-02  1.31731551e+00 
 1.52498500e-02  0.00000000e+00  7.14328306e-02  1.31332968e+00 
 1.52598500e-02  0.00000000e+00  7.07220561e-02  1.30935592e+00 
 1.52698500e-02  0.00000000e+00  7.00183541e-02  1.30539418e+00 
 1.52798500e-02  0.00000000e+00  6.93216540e-02  1.30144442e+00 
 1.52898500e-02  0.00000000e+00  6.86318863e-02  1.29750662e+00 
 1.52998500e-02  0.00000000e+00  6.79489820e-02  1.29358073e+00 
 1.53098500e-02  0.00000000e+00  6.72728727e-02  1.28966671e+00 
 1.53198500e-02  0.00000000e+00  6.66034909e-02  1.28576455e+00 
 1.53298500e-02  0.00000000e+00  6.59407696e-02  1.28187418e+00 
 1.53398500e-02  0.00000000e+00  6.52846425e-02  1.27799559e+00 
 1.53498500e-02  0.00000000e+00  6.46350441e-02  1.27412874e+00 
 1.53598500e-02  0.00000000e+00  6.39919093e-02  1.27027358e+00 
 1.53698500e-02  0.00000000e+00  6.33551739e-02  1.26643009e+00 
 1.53798500e-02  0.00000000e+00  6.27247742e-02  1.26259823e+00 
 1.53898500e-02  0.00000000e+00  6.21006471e-02  1.25877797e+00 
 1.53998500e-02  0.00000000e+00  6.14827302e-02  1.25496926e+00 
 1.54098500e-02  0.00000000e+00  6.08709617e-02  1.25117207e+00 
 1.54198500e-02  0.00000000e+00  6.02652805e-02  1.24738638e+00 
 1.54298500e-02  0.00000000e+00  5.96656260e-02  1.24361214e+00 
 1.54398500e-02  0.00000000e+00  5.90719382e-02  1.23984932e+00 
 1.54498500e-02  0.00000000e+00  5.84841577e-02  1.23609788e+00 
 1.54598500e-02  0.00000000e+00  5.79022258e-02  1.23235780e+00 
 1.54698500e-02  0.00000000e+00  5.73260842e-02  1.22862903e+00 
 1.54798500e-02  0.00000000e+00  5.67556754e-02  1.22491155e+00 
 1.54898500e-02  0.00000000e+00  5.61909423e-02  1.22120531e+00 
 1.54998500e-02  0.00000000e+00  5.56318285e-02  1.21751028e+00 
 1.55098500e-02  0.00000000e+00  5.50782779e-02  1.21382644e+00 
 1.55198500e-02  0.00000000e+00  5.45302354e-02  1.21015374e+00 
 1.55298500e-02  0.00000000e+00  5.39876460e-02  1.20649216e+00 
 1.55398500e-02  0.00000000e+00  5.34504555e-02  1.20284165e+00 
 1.55498500e-02  0.00000000e+00  5.29186101e-02  1.19920219e+00 
 1.55598500e-02  0.00000000e+00  5.23920568e-02  1.19557374e+00 
 1.55698500e-02  0.00000000e+00  5.18707428e-02  1.19195627e+00 
 1.55798500e-02  0.00000000e+00  5.13546160e-02  1.18834975e+00 
 1.55898500e-02  0.00000000e+00  5.08436248e-02  1.18475414e+00 
 1.55998500e-02  0.00000000e+00  5.03377181e-02  1.18116941e+00 
 1.56098500e-02  0.00000000e+00  4.98368453e-02  1.17759552e+00 
 1.56198500e-02  0.00000000e+00  4.93409563e-02  1.17403245e+00 
 1.56298500e-02  0.00000000e+00  4.88500015e-02  1.17048015e+00 
 1.56398500e-02  0.00000000e+00  4.83639318e-02  1.16693861e+00 
 1.56498500e-02  0.00000000e+00  4.78826987e-02  1.16340778e+00 
 1.56598500e-02  0.00000000e+00  4.74062539e-02  1.15988764e+00 
 1.56698500e-02  0.00000000e+00  4.69345499e-02  1.15637814e+00 
 1.56798500e-02  0.00000000e+00  4.64675394e-02  1.15287927e+00 
 1.56898500e-02  0.00000000e+00  4.60051758e-02  1.14939098e+00 
 1.56998500e-02  0.00000000e+00  4.55474129e-02  1.14591325e+00 
 1.57098500e-02  0.00000000e+00  4.50942048e-02  1.14244604e+00 
 1.57198500e-02  0.00000000e+00  4.46455063e-02  1.13898932e+00 
 1.57298500e-02  0.00000000e+00  4.42012724e-02  1.13554306e+00 
 1.57398500e-02  0.00000000e+00  4.37614587e-02  1.13210722e+00 
 1.57498500e-02  0.00000000e+00  4.33260213e-02  1.12868178e+00 
 1.57598500e-02  0.00000000e+00  4.28949166e-02  1.12526671e+00 
 1.57698500e-02  0.00000000e+00  4.24681015e-02  1.12186197e+00 
 1.57798500e-02  0.00000000e+00  4.20455334e-02  1.11846753e+00 
 1.57898500e-02  0.00000000e+00  4.16271698e-02  1.11508336e+00 
 1.57998500e-02  0.00000000e+00  4.12129691e-02  1.11170943e+00 
 1.58098500e-02  0.00000000e+00  4.08028899e-02  1.10834571e+00 
 1.58198500e-02  0.00000000e+00  4.03968909e-02  1.10499217e+00 
 1.58298500e-02  0.00000000e+00  3.99949318e-02  1.10164878e+00 
 1.58398500e-02  0.00000000e+00  3.95969723e-02  1.09831550e+00 
 1.58498500e-02  0.00000000e+00  3.92029726e-02  1.09499230e+00 
 1.58598500e-02  0.00000000e+00  3.88128933e-02  1.09167917e+00 
 1.58698500e-02  0.00000000e+00  3.84266953e-02  1.08837605e+00 
 1.58798500e-02  0.00000000e+00  3.80443401e-02  1.08508293e+00 
 1.58898500e-02  0.00000000e+00  3.76657895e-02  1.08179978e+00 
 1.58998500e-02  0.00000000e+00  3.72910055e-02  1.07852655e+00 
 1.59098500e-02  0.00000000e+00  3.69199507e-02  1.07526324e+00 
 1.59198500e-02  0.00000000e+00  3.65525880e-02  1.07200979e+00 
 1.59298500e-02  0.00000000e+00  3.61888807e-02  1.06876619e+00 
 1.59398500e-02  0.00000000e+00  3.58287923e-02  1.06553241e+00 
 1.59498500e-02  0.00000000e+00  3.54722869e-02  1.06230841e+00 
 1.59598500e-02  0.00000000e+00  3.51193289e-02  1.05909416e+00 
 1.59698500e-02  0.00000000e+00  3.47698828e-02  1.05588964e+00 
 1.59798500e-02  0.00000000e+00  3.44239138e-02  1.05269481e+00 
 1.59898500e-02  0.00000000e+00  3.40813873e-02  1.04950966e+00 
 1.59998500e-02  0.00000000e+00  3.37422690e-02  1.04633413e+00 
 1.60098500e-02  0.00000000e+00  3.34065251e-02  1.04316822e+00 
 1.60198500e-02  0.00000000e+00  3.30741218e-02  1.04001189e+00 
 1.60298500e-02  0.00000000e+00  3.27450261e-02  1.03686511e+00 
 1.60398500e-02  0.00000000e+00  3.24192049e-02  1.03372784e+00 
 1.60498500e-02  0.00000000e+00  3.20966258e-02  1.03060007e+00 
 1.60598500e-02  0.00000000e+00  3.17772564e-02  1.02748177e+00 
 1.60698500e-02  0.00000000e+00  3.14610648e-02  1.02437290e+00 
 1.60798500e-02  0.00000000e+00  3.11480193e-02  1.02127343e+00 
 1.60898500e-02  0.00000000e+00  3.08380888e-02  1.01818335e+00 
 1.60998500e-02  0.00000000e+00  3.05312421e-02  1.01510261e+00 
 1.61098500e-02  0.00000000e+00  3.02274487e-02  1.01203120e+00 
 1.61198500e-02  0.00000000e+00  2.99266781e-02  1.00896907e+00 
 1.61298500e-02  0.00000000e+00  2.96289002e-02  1.00591622e+00 
 1.61398500e-02  0.00000000e+00  2.93340852e-02  1.00287260e+00 
 1.61498500e-02  0.00000000e+00  2.90422038e-02  9.99838188e-01 
 1.61598500e-02  0.00000000e+00  2.87532266e-02  9.96812959e-01 
 1.61698500e-02  0.00000000e+00  2.84671249e-02  9.93796883e-01 
 1.61798500e-02  0.00000000e+00  2.81838699e-02  9.90789934e-01 
 1.61898500e-02  0.00000000e+00  2.79034334e-02  9.87792082e-01 
 1.61998500e-02  0.00000000e+00  2.76257873e-02  9.84803301e-01 
 1.62098500e-02  0.00000000e+00  2.73509038e-02  9.81823564e-01 
 1.62198500e-02  0.00000000e+00  2.70787555e-02  9.78852842e-01 
 1.62298500e-02  0.00000000e+00  2.68093152e-02  9.75891109e-01 
 1.62398500e-02  0.00000000e+00  2.65425558e-02  9.72938337e-01 
 1.62498500e-02  0.00000000e+00  2.62784508e-02  9.69994499e-01 
 1.62598500e-02  0.00000000e+00  2.60169737e-02  9.67059569e-01 
 1.62698500e-02  0.00000000e+00  2.57580983e-02  9.64133518e-01 
 1.62798500e-02  0.00000000e+00  2.55017988e-02  9.61216322e-01 
 1.62898500e-02  0.00000000e+00  2.52480496e-02  9.58307952e-01 
 1.62998500e-02  0.00000000e+00  2.49968252e-02  9.55408381e-01 
 1.63098500e-02  0.00000000e+00  2.47481006e-02  9.52517585e-01 
 1.63198500e-02  0.00000000e+00  2.45018508e-02  9.49635534e-01 
 1.63298500e-02  0.00000000e+00  2.42580513e-02  9.46762204e-01 
 1.63398500e-02  0.00000000e+00  2.40166777e-02  9.43897568e-01 
 1.63498500e-02  0.00000000e+00  2.37777058e-02  9.41041600e-01 
 1.63598500e-02  0.00000000e+00  2.35411117e-02  9.38194273e-01 
 1.63698500e-02  0.00000000e+00  2.33068717e-02  9.35355561e-01 
 1.63798500e-02  0.00000000e+00  2.30749626e-02  9.32525438e-01 
 1.63898500e-02  0.00000000e+00  2.28453610e-02  9.29703879e-01 
 1.63998500e-02  0.00000000e+00  2.26180439e-02  9.26890856e-01 
 1.64098500e-02  0.00000000e+00  2.23929888e-02  9.24086346e-01 
 1.64198500e-02  0.00000000e+00  2.21701730e-02  9.21290320e-01 
 1.64298500e-02  0.00000000e+00  2.19495742e-02  9.18502755e-01 
 1.64398500e-02  0.00000000e+00  2.17311705e-02  9.15723624e-01 
 1.64498500e-02  0.00000000e+00  2.15149399e-02  9.12952902e-01 
 1.64598500e-02  0.00000000e+00  2.13008609e-02  9.10190564e-01 
 1.64698500e-02  0.00000000e+00  2.10889121e-02  9.07436583e-01 
 1.64798500e-02  0.00000000e+00  2.08790722e-02  9.04690935e-01 
 1.64898500e-02  0.00000000e+00  2.06713202e-02  9.01953595e-01 
 1.64998500e-02  0.00000000e+00  2.04656354e-02  8.99224537e-01 
 1.65098500e-02  0.00000000e+00  2.02619973e-02  8.96503737e-01 
 1.65198500e-02  0.00000000e+00  2.00603853e-02  8.93791169e-01 
 1.65298500e-02  0.00000000e+00  1.98607795e-02  8.91086808e-01 
 1.65398500e-02  0.00000000e+00  1.96631598e-02  8.88390630e-01 
 1.65498500e-02  0.00000000e+00  1.94675065e-02  8.85702610e-01 
 1.65598500e-02  0.00000000e+00  1.92738000e-02  8.83022723e-01 
 1.65698500e-02  0.00000000e+00  1.90820209e-02  8.80350945e-01 
 1.65798500e-02  0.00000000e+00  1.88921500e-02  8.77687251e-01 
 1.65898500e-02  0.00000000e+00  1.87041684e-02  8.75031616e-01 
 1.65998500e-02  0.00000000e+00  1.85180573e-02  8.72384017e-01 
 1.66098500e-02  0.00000000e+00  1.83337980e-02  8.69744428e-01 
 1.66198500e-02  0.00000000e+00  1.81513722e-02  8.67112826e-01 
 1.66298500e-02  0.00000000e+00  1.79707615e-02  8.64489187e-01 
 1.66398500e-02  0.00000000e+00  1.77919479e-02  8.61873486e-01 
 1.66498500e-02  0.00000000e+00  1.76149136e-02  8.59265699e-01 
 1.66598500e-02  0.00000000e+00  1.74396409e-02  8.56665803e-01 
 1.66698500e-02  0.00000000e+00  1.72661121e-02  8.54073773e-01 
 1.66798500e-02  0.00000000e+00  1.70943100e-02  8.51489586e-01 
 1.66898500e-02  0.00000000e+00  1.69242173e-02  8.48913219e-01 
 1.66998500e-02  0.00000000e+00  1.67558172e-02  8.46344646e-01 
 1.67098500e-02  0.00000000e+00  1.65890926e-02  8.43783845e-01 
 1.67198500e-02  0.00000000e+00  1.64240270e-02  8.41230793e-01 
 1.67298500e-02  0.00000000e+00  1.62606039e-02  8.38685465e-01 
 1.67398500e-02  0.00000000e+00  1.60988068e-02  8.36147839e-01 
 1.67498500e-02  0.00000000e+00  1.59386197e-02  8.33617891e-01 
 1.67598500e-02  0.00000000e+00  1.57800265e-02  8.31095598e-01 
 1.67698500e-02  0.00000000e+00  1.56230113e-02  8.28580936e-01 
 1.67798500e-02  0.00000000e+00  1.54675584e-02  8.26073884e-01 
 1.67898500e-02  0.00000000e+00  1.53136524e-02  8.23574416e-01 
 1.67998500e-02  0.00000000e+00  1.51612777e-02  8.21082512e-01 
 1.68098500e-02  0.00000000e+00  1.50104192e-02  8.18598147e-01 
 1.68198500e-02  0.00000000e+00  1.48610618e-02  8.16121300e-01 
 1.68298500e-02  0.00000000e+00  1.47131906e-02  8.13651946e-01 
 1.68398500e-02  0.00000000e+00  1.45667907e-02  8.11190064e-01 
 1.68498500e-02  0.00000000e+00  1.44218475e-02  8.08735632e-01 
 1.68598500e-02  0.00000000e+00  1.42783465e-02  8.06288625e-01 
 1.68698500e-02  0.00000000e+00  1.41362734e-02  8.03849023e-01 
 1.68798500e-02  0.00000000e+00  1.39956140e-02  8.01416802e-01 
 1.68898500e-02  0.00000000e+00  1.38563541e-02  7.98991940e-01 
 1.68998500e-02  0.00000000e+00  1.37184799e-02  7.96574415e-01 
 1.69098500e-02  0.00000000e+00  1.35819777e-02  7.94164205e-01 
 1.69198500e-02  0.00000000e+00  1.34468336e-02  7.91761288e-01 
 1.69298500e-02  0.00000000e+00  1.33130343e-02  7.89365641e-01 
 1.69398500e-02  0.00000000e+00  1.31805663e-02  7.86977243e-01 
 1.69498500e-02  0.00000000e+00  1.30494163e-02  7.84596071e-01 
 1.69598500e-02  0.00000000e+00  1.29195714e-02  7.82222104e-01 
 1.69698500e-02  0.00000000e+00  1.27910185e-02  7.79855320e-01 
 1.69798500e-02  0.00000000e+00  1.26637446e-02  7.77495697e-01 
 1.69898500e-02  0.00000000e+00  1.25377372e-02  7.75143214e-01 
 1.69998500e-02  0.00000000e+00  1.24129836e-02  7.72797849e-01 
 1.70098500e-02  0.00000000e+00  1.22894714e-02  7.70459580e-01 
 1.70198500e-02  0.00000000e+00  1.21671881e-02  7.68128386e-01 
 1.70298500e-02  0.00000000e+00  1.20461215e-02  7.65804246e-01 
 1.70398500e-02  0.00000000e+00  1.19262596e-02  7.63487138e-01 
 1.70498500e-02  0.00000000e+00  1.18075904e-02  7.61177040e-01 
 1.70598500e-02  0.00000000e+00  1.16901019e-02  7.58873933e-01 
 1.70698500e-02  0.00000000e+00  1.15737825e-02  7.56577794e-01 
 1.70798500e-02  0.00000000e+00  1.14586205e-02  7.54288602e-01 
 1.70898500e-02  0.00000000e+00  1.13446043e-02  7.52006337e-01 
 1.70998500e-02  0.00000000e+00  1.12317227e-02  7.49730978e-01 
 1.71098500e-02  0.00000000e+00  1.11199643e-02  7.47462503e-01 
 1.71198500e-02  0.00000000e+00  1.10093179e-02  7.45200891e-01 
 1.71298500e-02  0.00000000e+00  1.08997724e-02  7.42946123e-01 
 1.71398500e-02  0.00000000e+00  1.07913170e-02  7.40698177e-01 
 1.71498500e-02  0.00000000e+00  1.06839407e-02  7.38457033e-01 
 1.71598500e-02  0.00000000e+00  1.05776328e-02  7.36222670e-01 
 1.71698500e-02  0.00000000e+00  1.04723827e-02  7.33995067e-01 
 1.71798500e-02  0.00000000e+00  1.03681799e-02  7.31774205e-01 
 1.71898500e-02  0.00000000e+00  1.02650139e-02  7.29560062e-01 
 1.71998500e-02  0.00000000e+00  1.01628745e-02  7.27352618e-01 
 1.72098500e-02  0.00000000e+00  1.00617514e-02  7.25151854e-01 
 1.72198500e-02  0.00000000e+00  9.96163444e-03  7.22957749e-01 
 1.72298500e-02  0.00000000e+00  9.86251370e-03  7.20770282e-01 
 1.72398500e-02  0.00000000e+00  9.76437923e-03  7.18589434e-01 
 1.72498500e-02  0.00000000e+00  9.66722123e-03  7.16415184e-01 
 1.72598500e-02  0.00000000e+00  9.57102998e-03  7.14247514e-01 
 1.72698500e-02  0.00000000e+00  9.47579585e-03  7.12086402e-01 
 1.72798500e-02  0.00000000e+00  9.38150932e-03  7.09931829e-01 
 1.72898500e-02  0.00000000e+00  9.28816097e-03  7.07783775e-01 
 1.72998500e-02  0.00000000e+00  9.19574146e-03  7.05642220e-01 
 1.73098500e-02  0.00000000e+00  9.10424154e-03  7.03507145e-01 
 1.73198500e-02  0.00000000e+00  9.01365207e-03  7.01378531e-01 
 1.73298500e-02  0.00000000e+00  8.92396399e-03  6.99256357e-01 
 1.73398500e-02  0.00000000e+00  8.83516833e-03  6.97140604e-01 
 1.73498500e-02  0.00000000e+00  8.74725621e-03  6.95031252e-01 
 1.73598500e-02  0.00000000e+00  8.66021883e-03  6.92928283e-01 
 1.73698500e-02  0.00000000e+00  8.57404750e-03  6.90831677e-01 
 1.73798500e-02  0.00000000e+00  8.48873360e-03  6.88741415e-01 
 1.73898500e-02  0.00000000e+00  8.40426859e-03  6.86657477e-01 
 1.73998500e-02  0.00000000e+00  8.32064402e-03  6.84579845e-01 
 1.74098500e-02  0.00000000e+00  8.23785154e-03  6.82508499e-01 
 1.74198500e-02  0.00000000e+00  8.15588287e-03  6.80443420e-01 
 1.74298500e-02  0.00000000e+00  8.07472981e-03  6.78384590e-01 
 1.74398500e-02  0.00000000e+00  7.99438424e-03  6.76331989e-01 
 1.74498500e-02  0.00000000e+00  7.91483813e-03  6.74285599e-01 
 1.74598500e-02  0.00000000e+00  7.83608352e-03  6.72245400e-01 
 1.74698500e-02  0.00000000e+00  7.75811254e-03  6.70211375e-01 
 1.74798500e-02  0.00000000e+00  7.68091739e-03  6.68183504e-01 
 1.74898500e-02  0.00000000e+00  7.60449035e-03  6.66161769e-01 
 1.74998500e-02  0.00000000e+00  7.52882378e-03  6.64146151e-01 
 1.75098500e-02  0.00000000e+00  7.45391011e-03  6.62136631e-01 
 1.75198500e-02  0.00000000e+00  7.37974185e-03  6.60133192e-01 
 1.75298500e-02  0.00000000e+00  7.30631158e-03  6.58135815e-01 
 1.75398500e-02  0.00000000e+00  7.23361197e-03  6.56144481e-01 
 1.75498500e-02  0.00000000e+00  7.16163573e-03  6.54159173e-01 
 1.75598500e-02  0.00000000e+00  7.09037567e-03  6.52179871e-01 
 1.75698500e-02  0.00000000e+00  7.01982467e-03  6.50206558e-01 
 1.75798500e-02  0.00000000e+00  6.94997567e-03  6.48239216e-01 
 1.75898500e-02  0.00000000e+00  6.88082168e-03  6.46277827e-01 
 1.75998500e-02  0.00000000e+00  6.81235579e-03  6.44322372e-01 
 1.76098500e-02  0.00000000e+00  6.74457116e-03  6.42372834e-01 
 1.76198500e-02  0.00000000e+00  6.67746100e-03  6.40429194e-01 
 1.76298500e-02  0.00000000e+00  6.61101860e-03  6.38491436e-01 
 1.76398500e-02  0.00000000e+00  6.54523732e-03  6.36559540e-01 
 1.76498500e-02  0.00000000e+00  6.48011058e-03  6.34633490e-01 
 1.76598500e-02  0.00000000e+00  6.41563187e-03  6.32713268e-01 
 1.76698500e-02  0.00000000e+00  6.35179473e-03  6.30798856e-01 
 1.76798500e-02  0.00000000e+00  6.28859280e-03  6.28890236e-01 
 1.76898500e-02  0.00000000e+00  6.22601973e-03  6.26987391e-01 
 1.76998500e-02  0.00000000e+00  6.16406929e-03  6.25090303e-01 
 1.77098500e-02  0.00000000e+00  6.10273527e-03  6.23198956e-01 
 1.77198500e-02  0.00000000e+00  6.04201153e-03  6.21313331e-01 
 1.77298500e-02  0.00000000e+00  5.98189201e-03  6.19433412e-01 
 1.77398500e-02  0.00000000e+00  5.92237070e-03  6.17559181e-01 
 1.77498500e-02  0.00000000e+00  5.86344164e-03  6.15690621e-01 
 1.77598500e-02  0.00000000e+00  5.80509894e-03  6.13827714e-01 
 1.77698500e-02  0.00000000e+00  5.74733676e-03  6.11970444e-01 
 1.77798500e-02  0.00000000e+00  5.69014933e-03  6.10118794e-01 
 1.77898500e-02  0.00000000e+00  5.63353093e-03  6.08272746e-01 
 1.77998500e-02  0.00000000e+00  5.57747589e-03  6.06432284e-01 
 1.78098500e-02  0.00000000e+00  5.52197862e-03  6.04597390e-01 
 1.78198500e-02  0.00000000e+00  5.46703356e-03  6.02768049e-01 
 1.78298500e-02  0.00000000e+00  5.41263521e-03  6.00944242e-01 
 1.78398500e-02  0.00000000e+00  5.35877815e-03  5.99125954e-01 
 1.78498500e-02  0.00000000e+00  5.30545697e-03  5.97313167e-01 
 1.78598500e-02  0.00000000e+00  5.25266636e-03  5.95505866e-01 
 1.78698500e-02  0.00000000e+00  5.20040102e-03  5.93704033e-01 
 1.78798500e-02  0.00000000e+00  5.14865574e-03  5.91907651e-01 
 1.78898500e-02  0.00000000e+00  5.09742533e-03  5.90116705e-01 
 1.78998500e-02  0.00000000e+00  5.04670468e-03  5.88331178e-01 
 1.79098500e-02  0.00000000e+00  4.99648871e-03  5.86551054e-01 
 1.79198500e-02  0.00000000e+00  4.94677241e-03  5.84776315e-01 
 1.79298500e-02  0.00000000e+00  4.89755079e-03  5.83006947e-01 
 1.79398500e-02  0.00000000e+00  4.84881894e-03  5.81242932e-01 
 1.79498500e-02  0.00000000e+00  4.80057199e-03  5.79484254e-01 
 1.79598500e-02  0.00000000e+00  4.75280510e-03  5.77730898e-01 
 1.79698500e-02  0.00000000e+00  4.70551351e-03  5.75982847e-01 
 1.79798500e-02  0.00000000e+00  4.65869248e-03  5.74240085e-01 
 1.79898500e-02  0.00000000e+00  4.61233733e-03  5.72502596e-01 
 1.79998500e-02  0.00000000e+00  4.56644343e-03  5.70770364e-01 
 1.80098500e-02  0.00000000e+00  4.52100618e-03  5.69043374e-01 
 1.80198500e-02  0.00000000e+00  4.47602104e-03  5.67321608e-01 
 1.80298500e-02  0.00000000e+00  4.43148352e-03  5.65605053e-01 
 1.80398500e-02  0.00000000e+00  4.38738916e-03  5.63893691e-01 
 1.80498500e-02  0.00000000e+00  4.34373354e-03  5.62187508e-01 
 1.80598500e-02  0.00000000e+00  4.30051231e-03  5.60486486e-01 
 1.80698500e-02  0.00000000e+00  4.25772115e-03  5.58790612e-01 
 1.80798500e-02  0.00000000e+00  4.21535576e-03  5.57099869e-01 
 1.80898500e-02  0.00000000e+00  4.17341192e-03  5.55414241e-01 
 1.80998500e-02  0.00000000e+00  4.13188544e-03  5.53733714e-01 
 1.81098500e-02  0.00000000e+00  4.09077215e-03  5.52058272e-01 
 1.81198500e-02  0.00000000e+00  4.05006795e-03  5.50387899e-01 
 1.81298500e-02  0.00000000e+00  4.00976876e-03  5.48722580e-01 
 1.81398500e-02  0.00000000e+00  3.96987057e-03  5.47062300e-01 
 1.81498500e-02  0.00000000e+00  3.93036937e-03  5.45407043e-01 
 1.81598500e-02  0.00000000e+00  3.89126122e-03  5.43756795e-01 
 1.81698500e-02  0.00000000e+00  3.85254220e-03  5.42111540e-01 
 1.81798500e-02  0.00000000e+00  3.81420845e-03  5.40471263e-01 
 1.81898500e-02  0.00000000e+00  3.77625612e-03  5.38835949e-01 
 1.81998500e-02  0.00000000e+00  3.73868143e-03  5.37205583e-01 
 1.82098500e-02  0.00000000e+00  3.70148062e-03  5.35580150e-01 
 1.82198500e-02  0.00000000e+00  3.66464997e-03  5.33959635e-01 
 1.82298500e-02  0.00000000e+00  3.62818579e-03  5.32344024e-01 
 1.82398500e-02  0.00000000e+00  3.59208444e-03  5.30733300e-01 
 1.82498500e-02  0.00000000e+00  3.55634231e-03  5.29127451e-01 
 1.82598500e-02  0.00000000e+00  3.52095582e-03  5.27526460e-01 
 1.82698500e-02  0.00000000e+00  3.48592143e-03  5.25930313e-01 
 1.82798500e-02  0.00000000e+00  3.45123565e-03  5.24338996e-01 
 1.82898500e-02  0.00000000e+00  3.41689499e-03  5.22752494e-01 
 1.82998500e-02  0.00000000e+00  3.38289604e-03  5.21170792e-01 
 1.83098500e-02  0.00000000e+00  3.34923538e-03  5.19593876e-01 
 1.83198500e-02  0.00000000e+00  3.31590965e-03  5.18021731e-01 
 1.83298500e-02  0.00000000e+00  3.28291553e-03  5.16454343e-01 
 1.83398500e-02  0.00000000e+00  3.25024970e-03  5.14891697e-01 
 1.83498500e-02  0.00000000e+00  3.21790891e-03  5.13333780e-01 
 1.83598500e-02  0.00000000e+00  3.18588992e-03  5.11780577e-01 
 1.83698500e-02  0.00000000e+00  3.15418952e-03  5.10232073e-01 
 1.83798500e-02  0.00000000e+00  3.12280455e-03  5.08688254e-01 
 1.83898500e-02  0.00000000e+00  3.09173187e-03  5.07149106e-01 
 1.83998500e-02  0.00000000e+00  3.06096836e-03  5.05614616e-01 
 1.84098500e-02  0.00000000e+00  3.03051097e-03  5.04084768e-01 
 1.84198500e-02  0.00000000e+00  3.00035663e-03  5.02559550e-01 
 1.84298500e-02  0.00000000e+00  2.97050234e-03  5.01038946e-01 
 1.84398500e-02  0.00000000e+00  2.94094510e-03  4.99522943e-01 
 1.84498500e-02  0.00000000e+00  2.91168196e-03  4.98011527e-01 
 1.84598500e-02  0.00000000e+00  2.88271000e-03  4.96504684e-01 
 1.84698500e-02  0.00000000e+00  2.85402632e-03  4.95002401e-01 
 1.84798500e-02  0.00000000e+00  2.82562805e-03  4.93504663e-01 
 1.84898500e-02  0.00000000e+00  2.79751235e-03  4.92011457e-01 
 1.84998500e-02  0.00000000e+00  2.76967640e-03  4.90522768e-01 
 1.85098500e-02  0.00000000e+00  2.74211743e-03  4.89038585e-01 
 1.85198500e-02  0.00000000e+00  2.71483268e-03  4.87558891e-01 
 1.85298500e-02  0.00000000e+00  2.68781942e-03  4.86083675e-01 
 1.85398500e-02  0.00000000e+00  2.66107495e-03  4.84612923e-01 
 1.85498500e-02  0.00000000e+00  2.63459659e-03  4.83146621e-01 
 1.85598500e-02  0.00000000e+00  2.60838170e-03  4.81684755e-01 
 1.85698500e-02  0.00000000e+00  2.58242766e-03  4.80227312e-01 
 1.85798500e-02  0.00000000e+00  2.55673186e-03  4.78774280e-01 
 1.85898500e-02  0.00000000e+00  2.53129174e-03  4.77325643e-01 
 1.85998500e-02  0.00000000e+00  2.50610476e-03  4.75881390e-01 
 1.86098500e-02  0.00000000e+00  2.48116839e-03  4.74441507e-01 
 1.86198500e-02  0.00000000e+00  2.45648015e-03  4.73005981e-01 
 1.86298500e-02  0.00000000e+00  2.43203756e-03  4.71574798e-01 
 1.86398500e-02  0.00000000e+00  2.40783818e-03  4.70147945e-01 
 1.86498500e-02  0.00000000e+00  2.38387959e-03  4.68725410e-01 
 1.86598500e-02  0.00000000e+00  2.36015940e-03  4.67307178e-01 
 1.86698500e-02  0.00000000e+00  2.33667522e-03  4.65893238e-01 
 1.86798500e-02  0.00000000e+00  2.31342473e-03  4.64483577e-01 
 1.86898500e-02  0.00000000e+00  2.29040557e-03  4.63078180e-01 
 1.86998500e-02  0.00000000e+00  2.26761547e-03  4.61677036e-01 
 1.87098500e-02  0.00000000e+00  2.24505213e-03  4.60280131e-01 
 1.87198500e-02  0.00000000e+00  2.22271330e-03  4.58887453e-01 
 1.87298500e-02  0.00000000e+00  2.20059675e-03  4.57498989e-01 
 1.87398500e-02  0.00000000e+00  2.17870027e-03  4.56114725e-01 
 1.87498500e-02  0.00000000e+00  2.15702166e-03  4.54734650e-01 
 1.87598500e-02  0.00000000e+00  2.13555876e-03  4.53358751e-01 
 1.87698500e-02  0.00000000e+00  2.11430942e-03  4.51987015e-01 
 1.87798500e-02  0.00000000e+00  2.09327151e-03  4.50619430e-01 
 1.87898500e-02  0.00000000e+00  2.07244294e-03  4.49255982e-01 
 1.87998500e-02  0.00000000e+00  2.05182162e-03  4.47896660e-01 
 1.88098500e-02  0.00000000e+00  2.03140548e-03  4.46541451e-01 
 1.88198500e-02  0.00000000e+00  2.01119249e-03  4.45190342e-01 
 1.88298500e-02  0.00000000e+00  1.99118062e-03  4.43843321e-01 
 1.88398500e-02  0.00000000e+00  1.97136788e-03  4.42500376e-01 
 1.88498500e-02  0.00000000e+00  1.95175228e-03  4.41161495e-01 
 1.88598500e-02  0.00000000e+00  1.93233186e-03  4.39826664e-01 
 1.88698500e-02  0.00000000e+00  1.91310468e-03  4.38495872e-01 
 1.88798500e-02  0.00000000e+00  1.89406881e-03  4.37169107e-01 
 1.88898500e-02  0.00000000e+00  1.87522235e-03  4.35846357e-01 
 1.88998500e-02  0.00000000e+00  1.85656343e-03  4.34527608e-01 
 1.89098500e-02  0.00000000e+00  1.83809016e-03  4.33212850e-01 
 1.89198500e-02  0.00000000e+00  1.81980070e-03  4.31902070e-01 
 1.89298500e-02  0.00000000e+00  1.80169323e-03  4.30595256e-01 
 1.89398500e-02  0.00000000e+00  1.78376594e-03  4.29292396e-01 
 1.89498500e-02  0.00000000e+00  1.76601702e-03  4.27993478e-01 
 1.89598500e-02  0.00000000e+00  1.74844471e-03  4.26698490e-01 
 1.89698500e-02  0.00000000e+00  1.73104725e-03  4.25407420e-01 
 1.89798500e-02  0.00000000e+00  1.71382290e-03  4.24120257e-01 
 1.89898500e-02  0.00000000e+00  1.69676994e-03  4.22836988e-01 
 1.89998500e-02  0.00000000e+00  1.67988666e-03  4.21557603e-01 
 1.90098500e-02  0.00000000e+00  1.66317137e-03  4.20282088e-01 
 1.90198500e-02  0.00000000e+00  1.64662240e-03  4.19010433e-01 
 1.90298500e-02  0.00000000e+00  1.63023810e-03  4.17742625e-01 
 1.90398500e-02  0.00000000e+00  1.61401682e-03  4.16478653e-01 
 1.90498500e-02  0.00000000e+00  1.59795695e-03  4.15218506e-01 
 1.90598500e-02  0.00000000e+00  1.58205688e-03  4.13962172e-01 
 1.90698500e-02  0.00000000e+00  1.56631502e-03  4.12709639e-01 
 1.90798500e-02  0.00000000e+00  1.55072980e-03  4.11460896e-01 
 1.90898500e-02  0.00000000e+00  1.53529965e-03  4.10215931e-01 
 1.90998500e-02  0.00000000e+00  1.52002304e-03  4.08974733e-01 
 1.91098500e-02  0.00000000e+00  1.50489843e-03  4.07737290e-01 
 1.91198500e-02  0.00000000e+00  1.48992432e-03  4.06503592e-01 
 1.91298500e-02  0.00000000e+00  1.47509920e-03  4.05273626e-01 
 1.91398500e-02  0.00000000e+00  1.46042160e-03  4.04047382e-01 
 1.91498500e-02  0.00000000e+00  1.44589004e-03  4.02824849e-01 
 1.91598500e-02  0.00000000e+00  1.43150307e-03  4.01606014e-01 
 1.91698500e-02  0.00000000e+00  1.41725926e-03  4.00390867e-01 
 1.91798500e-02  0.00000000e+00  1.40315718e-03  3.99179397e-01 
 1.91898500e-02  0.00000000e+00  1.38919542e-03  3.97971593e-01 
 1.91998500e-02  0.00000000e+00  1.37537258e-03  3.96767443e-01 
 1.92098500e-02  0.00000000e+00  1.36168728e-03  3.95566936e-01 
 1.92198500e-02  0.00000000e+00  1.34813815e-03  3.94370062e-01 
 1.92298500e-02  0.00000000e+00  1.33472384e-03  3.93176809e-01 
 1.92398500e-02  0.00000000e+00  1.32144300e-03  3.91987167e-01 
 1.92498500e-02  0.00000000e+00  1.30829432e-03  3.90801124e-01 
 1.92598500e-02  0.00000000e+00  1.29527646e-03  3.89618670e-01 
 1.92698500e-02  0.00000000e+00  1.28238814e-03  3.88439793e-01 
 1.92798500e-02  0.00000000e+00  1.26962806e-03  3.87264484e-01 
 1.92898500e-02  0.00000000e+00  1.25699495e-03  3.86092730e-01 
 1.92998500e-02  0.00000000e+00  1.24448753e-03  3.84924522e-01 
 1.93098500e-02  0.00000000e+00  1.23210457e-03  3.83759849e-01 
 1.93198500e-02  0.00000000e+00  1.21984483e-03  3.82598700e-01 
 1.93298500e-02  0.00000000e+00  1.20770707e-03  3.81441064e-01 
 1.93398500e-02  0.00000000e+00  1.19569008e-03  3.80286930e-01 
 1.93498500e-02  0.00000000e+00  1.18379267e-03  3.79136289e-01 
 1.93598500e-02  0.00000000e+00  1.17201363e-03  3.77989129e-01 
 1.93698500e-02  0.00000000e+00  1.16035181e-03  3.76845441e-01 
 1.93798500e-02  0.00000000e+00  1.14880602e-03  3.75705212e-01 
 1.93898500e-02  0.00000000e+00  1.13737511e-03  3.74568434e-01 
 1.93998500e-02  0.00000000e+00  1.12605795e-03  3.73435095e-01 
 1.94098500e-02  0.00000000e+00  1.11485339e-03  3.72305186e-01 
 1.94198500e-02  0.00000000e+00  1.10376032e-03  3.71178695e-01 
 1.94298500e-02  0.00000000e+00  1.09277763e-03  3.70055613e-01 
 1.94398500e-02  0.00000000e+00  1.08190422e-03  3.68935929e-01 
 1.94498500e-02  0.00000000e+00  1.07113901e-03  3.67819632e-01 
 1.94598500e-02  0.00000000e+00  1.06048091e-03  3.66706714e-01 
 1.94698500e-02  0.00000000e+00  1.04992886e-03  3.65597162e-01 
 1.94798500e-02  0.00000000e+00  1.03948181e-03  3.64490968e-01 
 1.94898500e-02  0.00000000e+00  1.02913870e-03  3.63388121e-01 
 1.94998500e-02  0.00000000e+00  1.01889852e-03  3.62288611e-01 
 1.95098500e-02  0.00000000e+00  1.00876022e-03  3.61192428e-01 
 1.95198500e-02  0.00000000e+00  9.98722808e-04  3.60099561e-01 
 1.95298500e-02  0.00000000e+00  9.88785267e-04  3.59010001e-01 
 1.95398500e-02  0.00000000e+00  9.78946608e-04  3.57923738e-01 
 1.95498500e-02  0.00000000e+00  9.69205846e-04  3.56840761e-01 
 1.95598500e-02  0.00000000e+00  9.59562006e-04  3.55761061e-01 
 1.95698500e-02  0.00000000e+00  9.50014126e-04  3.54684629e-01 
 1.95798500e-02  0.00000000e+00  9.40561249e-04  3.53611453e-01 
 1.95898500e-02  0.00000000e+00  9.31202431e-04  3.52541524e-01 
 1.95998500e-02  0.00000000e+00  9.21936735e-04  3.51474833e-01 
 1.96098500e-02  0.00000000e+00  9.12763235e-04  3.50411369e-01 
 1.96198500e-02  0.00000000e+00  9.03681014e-04  3.49351122e-01 
 1.96298500e-02  0.00000000e+00  8.94689163e-04  3.48294084e-01 
 1.96398500e-02  0.00000000e+00  8.85786783e-04  3.47240244e-01 
 1.96498500e-02  0.00000000e+00  8.76972984e-04  3.46189593e-01 
 1.96598500e-02  0.00000000e+00  8.68246885e-04  3.45142121e-01 
 1.96698500e-02  0.00000000e+00  8.59607612e-04  3.44097818e-01 
 1.96798500e-02  0.00000000e+00  8.51054303e-04  3.43056675e-01 
 1.96898500e-02  0.00000000e+00  8.42586101e-04  3.42018682e-01 
 1.96998500e-02  0.00000000e+00  8.34202159e-04  3.40983829e-01 
 1.97098500e-02  0.00000000e+00  8.25901640e-04  3.39952108e-01 
 1.97198500e-02  0.00000000e+00  8.17683714e-04  3.38923509e-01 
 1.97298500e-02  0.00000000e+00  8.09547557e-04  3.37898022e-01 
 1.97398500e-02  0.00000000e+00  8.01492358e-04  3.36875637e-01 
 1.97498500e-02  0.00000000e+00  7.93517309e-04  3.35856346e-01 
 1.97598500e-02  0.00000000e+00  7.85621615e-04  3.34840140e-01 
 1.97698500e-02  0.00000000e+00  7.77804484e-04  3.33827008e-01 
 1.97798500e-02  0.00000000e+00  7.70065136e-04  3.32816941e-01 
 1.97898500e-02  0.00000000e+00  7.62402797e-04  3.31809931e-01 
 1.97998500e-02  0.00000000e+00  7.54816699e-04  3.30805967e-01 
 1.98098500e-02  0.00000000e+00  7.47306085e-04  3.29805041e-01 
 1.98198500e-02  0.00000000e+00  7.39870204e-04  3.28807144e-01 
 1.98298500e-02  0.00000000e+00  7.32508311e-04  3.27812266e-01 
 1.98398500e-02  0.00000000e+00  7.25219671e-04  3.26820399e-01 
 1.98498500e-02  0.00000000e+00  7.18003555e-04  3.25831532e-01 
 1.98598500e-02  0.00000000e+00  7.10859241e-04  3.24845657e-01 
 1.98698500e-02  0.00000000e+00  7.03786015e-04  3.23862766e-01 
 1.98798500e-02  0.00000000e+00  6.96783169e-04  3.22882848e-01 
 1.98898500e-02  0.00000000e+00  6.89850003e-04  3.21905896e-01 
 1.98998500e-02  0.00000000e+00  6.82985824e-04  3.20931899e-01 
 1.99098500e-02  0.00000000e+00  6.76189945e-04  3.19960849e-01 
 1.99198500e-02  0.00000000e+00  6.69461687e-04  3.18992738e-01 
 1.99298500e-02  0.00000000e+00  6.62800377e-04  3.18027556e-01 
 1.99398500e-02  0.00000000e+00  6.56205348e-04  3.17065294e-01 
 1.99498500e-02  0.00000000e+00  6.49675942e-04  3.16105943e-01 
 1.99598500e-02  0.00000000e+00  6.43211504e-04  3.15149496e-01 
 1.99698500e-02  0.00000000e+00  6.36811390e-04  3.14195942e-01 
 1.99798500e-02  0.00000000e+00  6.30474958e-04  3.13245274e-01 
 1.99898500e-02  0.00000000e+00  6.24201575e-04  3.12297481e-01 
 1.99998500e-02  0.00000000e+00  6.17990614e-04  3.11352557e-01 
 2.00098500e-02  0.00000000e+00  6.11841454e-04  3.10410492e-01 
 2.00198500e-02  0.00000000e+00  6.05753479e-04  3.09471277e-01 
 2.00298500e-02  0.00000000e+00  5.99726082e-04  3.08534904e-01 
 2.00398500e-02  0.00000000e+00  5.93758658e-04  3.07601364e-01 
 2.00498500e-02  0.00000000e+00  5.87850612e-04  3.06670649e-01 
 2.00598500e-02  0.00000000e+00  5.82001352e-04  3.05742750e-01 
 2.00698500e-02  0.00000000e+00  5.76210294e-04  3.04817659e-01 
 2.00798500e-02  0.00000000e+00  5.70476858e-04  3.03895366e-01 
 2.00898500e-02  0.00000000e+00  5.64800471e-04  3.02975864e-01 
 2.00998500e-02  0.00000000e+00  5.59180566e-04  3.02059145e-01 
 2.01098500e-02  0.00000000e+00  5.53616580e-04  3.01145199e-01 
 2.01198500e-02  0.00000000e+00  5.48107958e-04  3.00234018e-01 
 2.01298500e-02  0.00000000e+00  5.42654147e-04  2.99325594e-01 
 2.01398500e-02  0.00000000e+00  5.37254603e-04  2.98419919e-01 
 2.01498500e-02  0.00000000e+00  5.31908786e-04  2.97516985e-01 
 2.01598500e-02  0.00000000e+00  5.26616162e-04  2.96616782e-01 
 2.01698500e-02  0.00000000e+00  5.21376200e-04  2.95719303e-01 
 2.01798500e-02  0.00000000e+00  5.16188377e-04  2.94824540e-01 
 2.01898500e-02  0.00000000e+00  5.11052174e-04  2.93932483e-01 
 2.01998500e-02  0.00000000e+00  5.05967078e-04  2.93043126e-01 
 2.02098500e-02  0.00000000e+00  5.00932580e-04  2.92156460e-01 
 2.02198500e-02  0.00000000e+00  4.95948176e-04  2.91272477e-01 
 2.02298500e-02  0.00000000e+00  4.91013368e-04  2.90391169e-01 
 2.02398500e-02  0.00000000e+00  4.86127663e-04  2.89512527e-01 
 2.02498500e-02  0.00000000e+00  4.81290572e-04  2.88636543e-01 
 2.02598500e-02  0.00000000e+00  4.76501611e-04  2.87763210e-01 
 2.02698500e-02  0.00000000e+00  4.71760301e-04  2.86892520e-01 
 2.02798500e-02  0.00000000e+00  4.67066169e-04  2.86024464e-01 
 2.02898500e-02  0.00000000e+00  4.62418744e-04  2.85159034e-01 
 2.02998500e-02  0.00000000e+00  4.57817563e-04  2.84296223e-01 
 2.03098500e-02  0.00000000e+00  4.53262164e-04  2.83436023e-01 
 2.03198500e-02  0.00000000e+00  4.48752093e-04  2.82578425e-01 
 2.03298500e-02  0.00000000e+00  4.44286898e-04  2.81723422e-01 
 2.03398500e-02  0.00000000e+00  4.39866133e-04  2.80871007e-01 
 2.03498500e-02  0.00000000e+00  4.35489355e-04  2.80021170e-01 
 2.03598500e-02  0.00000000e+00  4.31156128e-04  2.79173905e-01 
 2.03698500e-02  0.00000000e+00  4.26866017e-04  2.78329203e-01 
 2.03798500e-02  0.00000000e+00  4.22618594e-04  2.77487057e-01 
 2.03898500e-02  0.00000000e+00  4.18413434e-04  2.76647459e-01 
 2.03998500e-02  0.00000000e+00  4.14250116e-04  2.75810402e-01 
 2.04098500e-02  0.00000000e+00  4.10128225e-04  2.74975877e-01 
 2.04198500e-02  0.00000000e+00  4.06047347e-04  2.74143878e-01 
 2.04298500e-02  0.00000000e+00  4.02007075e-04  2.73314395e-01 
 2.04398500e-02  0.00000000e+00  3.98007004e-04  2.72487423e-01 
 2.04498500e-02  0.00000000e+00  3.94046736e-04  2.71662953e-01 
 2.04598500e-02  0.00000000e+00  3.90125872e-04  2.70840977e-01 
 2.04698500e-02  0.00000000e+00  3.86244023e-04  2.70021489e-01 
 2.04798500e-02  0.00000000e+00  3.82400799e-04  2.69204480e-01 
 2.04898500e-02  0.00000000e+00  3.78595816e-04  2.68389942e-01 
 2.04998500e-02  0.00000000e+00  3.74828693e-04  2.67577870e-01 
 2.05098500e-02  0.00000000e+00  3.71099055e-04  2.66768255e-01 
 2.05198500e-02  0.00000000e+00  3.67406527e-04  2.65961089e-01 
 2.05298500e-02  0.00000000e+00  3.63750740e-04  2.65156366e-01 
 2.05398500e-02  0.00000000e+00  3.60131330e-04  2.64354077e-01 
 2.05498500e-02  0.00000000e+00  3.56547934e-04  2.63554216e-01 
 2.05598500e-02  0.00000000e+00  3.53000193e-04  2.62756775e-01 
 2.05698500e-02  0.00000000e+00  3.49487753e-04  2.61961747e-01 
 2.05798500e-02  0.00000000e+00  3.46010263e-04  2.61169125e-01 
 2.05898500e-02  0.00000000e+00  3.42567375e-04  2.60378900e-01 
 2.05998500e-02  0.00000000e+00  3.39158744e-04  2.59591067e-01 
 2.06098500e-02  0.00000000e+00  3.35784031e-04  2.58805617e-01 
 2.06198500e-02  0.00000000e+00  3.32442896e-04  2.58022544e-01 
 2.06298500e-02  0.00000000e+00  3.29135006e-04  2.57241841e-01 
 2.06398500e-02  0.00000000e+00  3.25860031e-04  2.56463499e-01 
 2.06498500e-02  0.00000000e+00  3.22617643e-04  2.55687513e-01 
 2.06598500e-02  0.00000000e+00  3.19407517e-04  2.54913875e-01 
 2.06698500e-02  0.00000000e+00  3.16229333e-04  2.54142577e-01 
 2.06798500e-02  0.00000000e+00  3.13082772e-04  2.53373613e-01 
 2.06898500e-02  0.00000000e+00  3.09967521e-04  2.52606976e-01 
 2.06998500e-02  0.00000000e+00  3.06883267e-04  2.51842658e-01 
 2.07098500e-02  0.00000000e+00  3.03829702e-04  2.51080653e-01 
 2.07198500e-02  0.00000000e+00  3.00806521e-04  2.50320954e-01 
 2.07298500e-02  0.00000000e+00  2.97813421e-04  2.49563553e-01 
 2.07398500e-02  0.00000000e+00  2.94850104e-04  2.48808444e-01 
 2.07498500e-02  0.00000000e+00  2.91916272e-04  2.48055620e-01 
 2.07598500e-02  0.00000000e+00  2.89011632e-04  2.47305073e-01 
 2.07698500e-02  0.00000000e+00  2.86135895e-04  2.46556797e-01 
 2.07798500e-02  0.00000000e+00  2.83288771e-04  2.45810786e-01 
 2.07898500e-02  0.00000000e+00  2.80469977e-04  2.45067032e-01 
 2.07998500e-02  0.00000000e+00  2.77679231e-04  2.44325528e-01 
 2.08098500e-02  0.00000000e+00  2.74916254e-04  2.43586268e-01 
 2.08198500e-02  0.00000000e+00  2.72180769e-04  2.42849244e-01 
 2.08298500e-02  0.00000000e+00  2.69472502e-04  2.42114451e-01 
 2.08398500e-02  0.00000000e+00  2.66791184e-04  2.41381880e-01 
 2.08498500e-02  0.00000000e+00  2.64136545e-04  2.40651527e-01 
 2.08598500e-02  0.00000000e+00  2.61508321e-04  2.39923383e-01 
 2.08698500e-02  0.00000000e+00  2.58906248e-04  2.39197442e-01 
 2.08798500e-02  0.00000000e+00  2.56330067e-04  2.38473698e-01 
 2.08898500e-02  0.00000000e+00  2.53779519e-04  2.37752144e-01 
 2.08998500e-02  0.00000000e+00  2.51254349e-04  2.37032773e-01 
 2.09098500e-02  0.00000000e+00  2.48754306e-04  2.36315578e-01 
 2.09198500e-02  0.00000000e+00  2.46279139e-04  2.35600554e-01 
 2.09298500e-02  0.00000000e+00  2.43828600e-04  2.34887693e-01 
 2.09398500e-02  0.00000000e+00  2.41402445e-04  2.34176989e-01 
 2.09498500e-02  0.00000000e+00  2.39000431e-04  2.33468435e-01 
 2.09598500e-02  0.00000000e+00  2.36622317e-04  2.32762025e-01 
 2.09698500e-02  0.00000000e+00  2.34267866e-04  2.32057753e-01 
 2.09798500e-02  0.00000000e+00  2.31936842e-04  2.31355611e-01 
 2.09898500e-02  0.00000000e+00  2.29629013e-04  2.30655594e-01 
 2.09949250e-02  0.00000000e+00  2.28466596e-04  2.30301147e-01 
 2.10000000e-02  0.00000000e+00  2.27310062e-04  2.29947244e-01 
 2.10000889e-02  4.44582649e-01  2.66817084e-04  2.29953027e-01 
 2.10002667e-02  1.33374795e+00  4.24878567e-04  2.29988550e-01 
 2.10006224e-02  3.11207854e+00  1.21520183e-03  2.30203331e-01 
 2.10010000e-02  5.00000000e+00  2.74595071e-03  2.30641056e-01 
 2.10010463e-02  5.00000000e+00  2.97739117e-03  2.30707993e-01 
 2.10011389e-02  5.00000000e+00  3.44025064e-03  2.30841866e-01 
 2.10013242e-02  5.00000000e+00  4.36584097e-03  2.31109600e-01 
 2.10016947e-02  5.00000000e+00  6.21650730e-03  2.31645023e-01 
 2.10024358e-02  5.00000000e+00  9.91578357e-03  2.32715688e-01 
 2.10039179e-02  5.00000000e+00  1.73061181e-02  2.34856298e-01 
 2.10068821e-02  5.00000000e+00  3.20539762e-02  2.39134635e-01 
 2.10128105e-02  5.00000000e+00  6.14189330e-02  2.47679791e-01 
 2.10228105e-02  5.00000000e+00  1.10559043e-01  2.62058974e-01 
 2.10328105e-02  5.00000000e+00  1.59210197e-01  2.76394651e-01 
 2.10428105e-02  5.00000000e+00  2.07377260e-01  2.90686951e-01 
 2.10528105e-02  5.00000000e+00  2.55065048e-01  3.04936007e-01 
 2.10628105e-02  5.00000000e+00  3.02278331e-01  3.19141950e-01 
 2.10728105e-02  5.00000000e+00  3.49021830e-01  3.33304909e-01 
 2.10828105e-02  5.00000000e+00  3.95300220e-01  3.47425015e-01 
 2.10928105e-02  5.00000000e+00  4.41118128e-01  3.61502398e-01 
 2.11028105e-02  5.00000000e+00  4.86480137e-01  3.75537187e-01 
 2.11128105e-02  5.00000000e+00  5.31390782e-01  3.89529510e-01 
 2.11228105e-02  5.00000000e+00  5.75854556e-01  4.03479496e-01 
 2.11328105e-02  5.00000000e+00  6.19875904e-01  4.17387274e-01 
 2.11428105e-02  5.00000000e+00  6.63459228e-01  4.31252970e-01 
 2.11528105e-02  5.00000000e+00  7.06608887e-01  4.45076713e-01 
 2.11628105e-02  5.00000000e+00  7.49329197e-01  4.58858629e-01 
 2.11728105e-02  5.00000000e+00  7.91624429e-01  4.72598845e-01 
 2.11828105e-02  5.00000000e+00  8.33498813e-01  4.86297487e-01 
 2.11928105e-02  5.00000000e+00  8.74956536e-01  4.99954681e-01 
 2.12028105e-02  5.00000000e+00  9.16001744e-01  5.13570552e-01 
 2.12128105e-02  5.00000000e+00  9.56638543e-01  5.27145225e-01 
 2.12228105e-02  5.00000000e+00  9.96870995e-01  5.40678825e-01 
 2.12328105e-02  5.00000000e+00  1.03670312e+00  5.54171476e-01 
 2.12428105e-02  5.00000000e+00  1.07613891e+00  5.67623302e-01 
 2.12528105e-02  5.00000000e+00  1.11518231e+00  5.81034427e-01 
 2.12628105e-02  5.00000000e+00  1.15383721e+00  5.94404973e-01 
 2.12728105e-02  5.00000000e+00  1.19210749e+00  6.07735064e-01 
 2.12828105e-02  5.00000000e+00  1.22999696e+00  6.21024822e-01 
 2.12928105e-02  5.00000000e+00  1.26750943e+00  6.34274368e-01 
 2.13028105e-02  5.00000000e+00  1.30464864e+00  6.47483826e-01 
 2.13128105e-02  5.00000000e+00  1.34141831e+00  6.60653315e-01 
 2.13228105e-02  5.00000000e+00  1.37782211e+00  6.73782957e-01 
 2.13328105e-02  5.00000000e+00  1.41386368e+00  6.86872872e-01 
 2.13428105e-02  5.00000000e+00  1.44954663e+00  6.99923181e-01 
 2.13528105e-02  5.00000000e+00  1.48487452e+00  7.12934004e-01 
 2.13628105e-02  5.00000000e+00  1.51985089e+00  7.25905459e-01 
 2.13728105e-02  5.00000000e+00  1.55447924e+00  7.38837666e-01 
 2.13828105e-02  5.00000000e+00  1.58876303e+00  7.51730745e-01 
 2.13928105e-02  5.00000000e+00  1.62270569e+00  7.64584812e-01 
 2.14028105e-02  5.00000000e+00  1.65631061e+00  7.77399986e-01 
 2.14128105e-02  5.00000000e+00  1.68958115e+00  7.90176386e-01 
 2.14228105e-02  5.00000000e+00  1.72252064e+00  8.02914128e-01 
 2.14328105e-02  5.00000000e+00  1.75513237e+00  8.15613328e-01 
 2.14428105e-02  5.00000000e+00  1.78741961e+00  8.28274105e-01 
 2.14528105e-02  5.00000000e+00  1.81938559e+00  8.40896574e-01 
 2.14628105e-02  5.00000000e+00  1.85103349e+00  8.53480850e-01 
 2.14728105e-02  5.00000000e+00  1.88236649e+00  8.66027050e-01 
 2.14828105e-02  5.00000000e+00  1.91338772e+00  8.78535289e-01 
 2.14928105e-02  5.00000000e+00  1.94410028e+00  8.91005682e-01 
 2.15028105e-02  5.00000000e+00  1.97450724e+00  9.03438342e-01 
 2.15128105e-02  5.00000000e+00  2.00461165e+00  9.15833385e-01 
 2.15228105e-02  5.00000000e+00  2.03441651e+00  9.28190924e-01 
 2.15328105e-02  5.00000000e+00  2.06392480e+00  9.40511073e-01 
 2.15428105e-02  5.00000000e+00  2.09313948e+00  9.52793944e-01 
 2.15528105e-02  5.00000000e+00  2.12206346e+00  9.65039650e-01 
 2.15628105e-02  5.00000000e+00  2.15069965e+00  9.77248305e-01 
 2.15728105e-02  5.00000000e+00  2.17905090e+00  9.89420020e-01 
 2.15828105e-02  5.00000000e+00  2.20712004e+00  1.00155491e+00 
 2.15928105e-02  5.00000000e+00  2.23490989e+00  1.01365308e+00 
 2.16028105e-02  5.00000000e+00  2.26242323e+00  1.02571464e+00 
 2.16128105e-02  5.00000000e+00  2.28966280e+00  1.03773971e+00 
 2.16228105e-02  5.00000000e+00  2.31663133e+00  1.04972839e+00 
 2.16328105e-02  5.00000000e+00  2.34333151e+00  1.06168080e+00 
 2.16428105e-02  5.00000000e+00  2.36976602e+00  1.07359705e+00 
 2.16528105e-02  5.00000000e+00  2.39593751e+00  1.08547724e+00 
 2.16628105e-02  5.00000000e+00  2.42184858e+00  1.09732148e+00 
 2.16728105e-02  5.00000000e+00  2.44750182e+00  1.10912989e+00 
 2.16828105e-02  5.00000000e+00  2.47289982e+00  1.12090257e+00 
 2.16928105e-02  5.00000000e+00  2.49804509e+00  1.13263963e+00 
 2.17028105e-02  5.00000000e+00  2.52294017e+00  1.14434117e+00 
 2.17128105e-02  5.00000000e+00  2.54758753e+00  1.15600731e+00 
 2.17228105e-02  5.00000000e+00  2.57198964e+00  1.16763815e+00 
 2.17328105e-02  5.00000000e+00  2.59614895e+00  1.17923380e+00 
 2.17428105e-02  5.00000000e+00  2.62006786e+00  1.19079436e+00 
 2.17528105e-02  5.00000000e+00  2.64374878e+00  1.20231995e+00 
 2.17628105e-02  5.00000000e+00  2.66719407e+00  1.21381066e+00 
 2.17728105e-02  5.00000000e+00  2.69040607e+00  1.22526660e+00 
 2.17828105e-02  5.00000000e+00  2.71338710e+00  1.23668788e+00 
 2.17928105e-02  5.00000000e+00  2.73613947e+00  1.24807461e+00 
 2.18028105e-02  5.00000000e+00  2.75866544e+00  1.25942688e+00 
 2.18128105e-02  5.00000000e+00  2.78096728e+00  1.27074480e+00 
 2.18228105e-02  5.00000000e+00  2.80304721e+00  1.28202847e+00 
 2.18328105e-02  5.00000000e+00  2.82490743e+00  1.29327801e+00 
 2.18428105e-02  5.00000000e+00  2.84655015e+00  1.30449351e+00 
 2.18528105e-02  5.00000000e+00  2.86797751e+00  1.31567507e+00 
 2.18628105e-02  5.00000000e+00  2.88919166e+00  1.32682280e+00 
 2.18728105e-02  5.00000000e+00  2.91019473e+00  1.33793680e+00 
 2.18828105e-02  5.00000000e+00  2.93098881e+00  1.34901717e+00 
 2.18928105e-02  5.00000000e+00  2.95157599e+00  1.36006402e+00 
 2.19028105e-02  5.00000000e+00  2.97195832e+00  1.37107744e+00 
 2.19128105e-02  5.00000000e+00  2.99213784e+00  1.38205754e+00 
 2.19228105e-02  5.00000000e+00  3.01211656e+00  1.39300442e+00 
 2.19328105e-02  5.00000000e+00  3.03189650e+00  1.40391817e+00 
 2.19428105e-02  5.00000000e+00  3.05147962e+00  1.41479890e+00 
 2.19528105e-02  5.00000000e+00  3.07086788e+00  1.42564671e+00 
 2.19628105e-02  5.00000000e+00  3.09006322e+00  1.43646170e+00 
 2.19728105e-02  5.00000000e+00  3.10906757e+00  1.44724396e+00 
 2.19828105e-02  5.00000000e+00  3.12788282e+00  1.45799360e+00 
 2.19928105e-02  5.00000000e+00  3.14651085e+00  1.46871072e+00 
 2.20028105e-02  5.00000000e+00  3.16495353e+00  1.47939541e+00 
 2.20128105e-02  5.00000000e+00  3.18321270e+00  1.49004777e+00 
 2.20228105e-02  5.00000000e+00  3.20129018e+00  1.50066789e+00 
 2.20328105e-02  5.00000000e+00  3.21918779e+00  1.51125589e+00 
 2.20428105e-02  5.00000000e+00  3.23690732e+00  1.52181185e+00 
 2.20528105e-02  5.00000000e+00  3.25445053e+00  1.53233586e+00 
 2.20628105e-02  5.00000000e+00  3.27181918e+00  1.54282804e+00 
 2.20728105e-02  5.00000000e+00  3.28901501e+00  1.55328847e+00 
 2.20828105e-02  5.00000000e+00  3.30603973e+00  1.56371725e+00 
 2.20928105e-02  5.00000000e+00  3.32289506e+00  1.57411447e+00 
 2.21028105e-02  5.00000000e+00  3.33958267e+00  1.58448024e+00 
 2.21128105e-02  5.00000000e+00  3.35610424e+00  1.59481464e+00 
 2.21228105e-02  5.00000000e+00  3.37246141e+00  1.60511777e+00 
 2.21328105e-02  5.00000000e+00  3.38865582e+00  1.61538973e+00 
 2.21428105e-02  5.00000000e+00  3.40468910e+00  1.62563061e+00 
 2.21528105e-02  5.00000000e+00  3.42056284e+00  1.63584050e+00 
 2.21628105e-02  5.00000000e+00  3.43627863e+00  1.64601950e+00 
 2.21728105e-02  5.00000000e+00  3.45183805e+00  1.65616770e+00 
 2.21828105e-02  5.00000000e+00  3.46724264e+00  1.66628520e+00 
 2.21928105e-02  5.00000000e+00  3.48249396e+00  1.67637208e+00 
 2.22028105e-02  5.00000000e+00  3.49759352e+00  1.68642844e+00 
 2.22128105e-02  5.00000000e+00  3.51254284e+00  1.69645438e+00 
 2.22228105e-02  5.00000000e+00  3.52734341e+00  1.70644998e+00 
 2.22328105e-02  5.00000000e+00  3.54199671e+00  1.71641534e+00 
 2.22428105e-02  5.00000000e+00  3.55650421e+00  1.72635054e+00 
 2.22528105e-02  5.00000000e+00  3.57086735e+00  1.73625568e+00 
 2.22628105e-02  5.00000000e+00  3.58508757e+00  1.74613085e+00 
 2.22728105e-02  5.00000000e+00  3.59916630e+00  1.75597614e+00 
 2.22828105e-02  5.00000000e+00  3.61310495e+00  1.76579165e+00 
 2.22928105e-02  5.00000000e+00  3.62690490e+00  1.77557745e+00 
 2.23028105e-02  5.00000000e+00  3.64056754e+00  1.78533365e+00 
 2.23128105e-02  5.00000000e+00  3.65409423e+00  1.79506032e+00 
 2.23228105e-02  5.00000000e+00  3.66748632e+00  1.80475757e+00 
 2.23328105e-02  5.00000000e+00  3.68074517e+00  1.81442547e+00 
 2.23428105e-02  5.00000000e+00  3.69387208e+00  1.82406413e+00 
 2.23528105e-02  5.00000000e+00  3.70686838e+00  1.83367361e+00 
 2.23628105e-02  5.00000000e+00  3.71973536e+00  1.84325403e+00 
 2.23728105e-02  5.00000000e+00  3.73247431e+00  1.85280545e+00 
 2.23828105e-02  5.00000000e+00  3.74508651e+00  1.86232798e+00 
 2.23928105e-02  5.00000000e+00  3.75757321e+00  1.87182169e+00 
 2.24028105e-02  5.00000000e+00  3.76993566e+00  1.88128668e+00 
 2.24128105e-02  5.00000000e+00  3.78217511e+00  1.89072303e+00 
 2.24228105e-02  5.00000000e+00  3.79429277e+00  1.90013082e+00 
 2.24328105e-02  5.00000000e+00  3.80628986e+00  1.90951015e+00 
 2.24428105e-02  5.00000000e+00  3.81816757e+00  1.91886111e+00 
 2.24528105e-02  5.00000000e+00  3.82992710e+00  1.92818377e+00 
 2.24628105e-02  5.00000000e+00  3.84156961e+00  1.93747822e+00 
 2.24728105e-02  5.00000000e+00  3.85309628e+00  1.94674455e+00 
 2.24828105e-02  5.00000000e+00  3.86450826e+00  1.95598284e+00 
 2.24928105e-02  5.00000000e+00  3.87580669e+00  1.96519318e+00 
 2.25028105e-02  5.00000000e+00  3.88699269e+00  1.97437565e+00 
 2.25128105e-02  5.00000000e+00  3.89806739e+00  1.98353034e+00 
 2.25228105e-02  5.00000000e+00  3.90903189e+00  1.99265733e+00 
 2.25328105e-02  5.00000000e+00  3.91988730e+00  2.00175670e+00 
 2.25428105e-02  5.00000000e+00  3.93063469e+00  2.01082854e+00 
 2.25528105e-02  5.00000000e+00  3.94127514e+00  2.01987293e+00 
 2.25628105e-02  5.00000000e+00  3.95180971e+00  2.02888996e+00 
 2.25728105e-02  5.00000000e+00  3.96223947e+00  2.03787970e+00 
 2.25828105e-02  5.00000000e+00  3.97256544e+00  2.04684224e+00 
 2.25928105e-02  5.00000000e+00  3.98278867e+00  2.05577767e+00 
 2.26028105e-02  5.00000000e+00  3.99291018e+00  2.06468606e+00 
 2.26128105e-02  5.00000000e+00  4.00293097e+00  2.07356749e+00 
 2.26228105e-02  5.00000000e+00  4.01285206e+00  2.08242205e+00 
 2.26328105e-02  5.00000000e+00  4.02267443e+00  2.09124982e+00 
 2.26428105e-02  5.00000000e+00  4.03239906e+00  2.10005088e+00 
 2.26528105e-02  5.00000000e+00  4.04202693e+00  2.10882531e+00 
 2.26628105e-02  5.00000000e+00  4.05155900e+00  2.11757319e+00 
 2.26728105e-02  5.00000000e+00  4.06099622e+00  2.12629460e+00 
 2.26828105e-02  5.00000000e+00  4.07033954e+00  2.13498963e+00 
 2.26928105e-02  5.00000000e+00  4.07958990e+00  2.14365834e+00 
 2.27028105e-02  5.00000000e+00  4.08874821e+00  2.15230083e+00 
 2.27128105e-02  5.00000000e+00  4.09781539e+00  2.16091717e+00 
 2.27228105e-02  5.00000000e+00  4.10679235e+00  2.16950743e+00 
 2.27328105e-02  5.00000000e+00  4.11567999e+00  2.17807170e+00 
 2.27428105e-02  5.00000000e+00  4.12447919e+00  2.18661007e+00 
 2.27528105e-02  5.00000000e+00  4.13319084e+00  2.19512259e+00 
 2.27628105e-02  5.00000000e+00  4.14181581e+00  2.20360936e+00 
 2.27728105e-02  5.00000000e+00  4.15035495e+00  2.21207045e+00 
 2.27828105e-02  5.00000000e+00  4.15880913e+00  2.22050594e+00 
 2.27928105e-02  5.00000000e+00  4.16717919e+00  2.22891591e+00 
 2.28028105e-02  5.00000000e+00  4.17546597e+00  2.23730043e+00 
 2.28128105e-02  5.00000000e+00  4.18367029e+00  2.24565958e+00 
 2.28228105e-02  5.00000000e+00  4.19179297e+00  2.25399344e+00 
 2.28328105e-02  5.00000000e+00  4.19983483e+00  2.26230208e+00 
 2.28428105e-02  5.00000000e+00  4.20779667e+00  2.27058559e+00 
 2.28528105e-02  5.00000000e+00  4.21567929e+00  2.27884403e+00 
 2.28628105e-02  5.00000000e+00  4.22348348e+00  2.28707748e+00 
 2.28728105e-02  5.00000000e+00  4.23121001e+00  2.29528602e+00 
 2.28828105e-02  5.00000000e+00  4.23885966e+00  2.30346972e+00 
 2.28928105e-02  5.00000000e+00  4.24643320e+00  2.31162867e+00 
 2.29028105e-02  5.00000000e+00  4.25393138e+00  2.31976292e+00 
 2.29128105e-02  5.00000000e+00  4.26135494e+00  2.32787256e+00 
 2.29228105e-02  5.00000000e+00  4.26870465e+00  2.33595767e+00 
 2.29328105e-02  5.00000000e+00  4.27598122e+00  2.34401831e+00 
 2.29428105e-02  5.00000000e+00  4.28318538e+00  2.35205457e+00 
 2.29528105e-02  5.00000000e+00  4.29031787e+00  2.36006650e+00 
 2.29628105e-02  5.00000000e+00  4.29737938e+00  2.36805420e+00 
 2.29728105e-02  5.00000000e+00  4.30437063e+00  2.37601773e+00 
 2.29828105e-02  5.00000000e+00  4.31129232e+00  2.38395716e+00 
 2.29928105e-02  5.00000000e+00  4.31814513e+00  2.39187257e+00 
 2.30028105e-02  5.00000000e+00  4.32492976e+00  2.39976403e+00 
 2.30128105e-02  5.00000000e+00  4.33164687e+00  2.40763161e+00 
 2.30228105e-02  5.00000000e+00  4.33829715e+00  2.41547539e+00 
 2.30328105e-02  5.00000000e+00  4.34488126e+00  2.42329543e+00 
 2.30428105e-02  5.00000000e+00  4.35139985e+00  2.43109181e+00 
 2.30528105e-02  5.00000000e+00  4.35785359e+00  2.43886461e+00 
 2.30628105e-02  5.00000000e+00  4.36424310e+00  2.44661388e+00 
 2.30728105e-02  5.00000000e+00  4.37056904e+00  2.45433971e+00 
 2.30828105e-02  5.00000000e+00  4.37683204e+00  2.46204216e+00 
 2.30928105e-02  5.00000000e+00  4.38303271e+00  2.46972131e+00 
 2.31028105e-02  5.00000000e+00  4.38917169e+00  2.47737722e+00 
 2.31128105e-02  5.00000000e+00  4.39524959e+00  2.48500997e+00 
 2.31228105e-02  5.00000000e+00  4.40126700e+00  2.49261962e+00 
 2.31328105e-02  5.00000000e+00  4.40722454e+00  2.50020625e+00 
 2.31428105e-02  5.00000000e+00  4.41312281e+00  2.50776992e+00 
 2.31528105e-02  5.00000000e+00  4.41896238e+00  2.51531071e+00 
 2.31628105e-02  5.00000000e+00  4.42474385e+00  2.52282868e+00 
 2.31728105e-02  5.00000000e+00  4.43046779e+00  2.53032390e+00 
 2.31828105e-02  5.00000000e+00  4.43613478e+00  2.53779644e+00 
 2.31928105e-02  5.00000000e+00  4.44174538e+00  2.54524638e+00 
 2.32028105e-02  5.00000000e+00  4.44730015e+00  2.55267377e+00 
 2.32128105e-02  5.00000000e+00  4.45279965e+00  2.56007869e+00 
 2.32228105e-02  5.00000000e+00  4.45824443e+00  2.56746121e+00 
 2.32328105e-02  5.00000000e+00  4.46363503e+00  2.57482139e+00 
 2.32428105e-02  5.00000000e+00  4.46897200e+00  2.58215930e+00 
 2.32528105e-02  5.00000000e+00  4.47425586e+00  2.58947500e+00 
 2.32628105e-02  5.00000000e+00  4.47948714e+00  2.59676857e+00 
 2.32728105e-02  5.00000000e+00  4.48466638e+00  2.60404007e+00 
 2.32828105e-02  5.00000000e+00  4.48979408e+00  2.61128957e+00 
 2.32928105e-02  5.00000000e+00  4.49487075e+00  2.61851714e+00 
 2.33028105e-02  5.00000000e+00  4.49989691e+00  2.62572284e+00 
 2.33128105e-02  5.00000000e+00  4.50487306e+00  2.63290673e+00 
 2.33228105e-02  5.00000000e+00  4.50979970e+00  2.64006889e+00 
 2.33328105e-02  5.00000000e+00  4.51467731e+00  2.64720938e+00 
 2.33428105e-02  5.00000000e+00  4.51950640e+00  2.65432826e+00 
 2.33528105e-02  5.00000000e+00  4.52428743e+00  2.66142560e+00 
 2.33628105e-02  5.00000000e+00  4.52902088e+00  2.66850147e+00 
 2.33728105e-02  5.00000000e+00  4.53370724e+00  2.67555593e+00 
 2.33828105e-02  5.00000000e+00  4.53834697e+00  2.68258904e+00 
 2.33928105e-02  5.00000000e+00  4.54294054e+00  2.68960088e+00 
 2.34028105e-02  5.00000000e+00  4.54748839e+00  2.69659149e+00 
 2.34128105e-02  5.00000000e+00  4.55199099e+00  2.70356096e+00 
 2.34228105e-02  5.00000000e+00  4.55644879e+00  2.71050934e+00 
 2.34328105e-02  5.00000000e+00  4.56086224e+00  2.71743669e+00 
 2.34428105e-02  5.00000000e+00  4.56523177e+00  2.72434309e+00 
 2.34528105e-02  5.00000000e+00  4.56955782e+00  2.73122858e+00 
 2.34628105e-02  5.00000000e+00  4.57384083e+00  2.73809325e+00 
 2.34728105e-02  5.00000000e+00  4.57808122e+00  2.74493714e+00 
 2.34828105e-02  5.00000000e+00  4.58227942e+00  2.75176033e+00 
 2.34928105e-02  5.00000000e+00  4.58643584e+00  2.75856287e+00 
 2.35028105e-02  5.00000000e+00  4.59055091e+00  2.76534483e+00 
 2.35128105e-02  5.00000000e+00  4.59462503e+00  2.77210626e+00 
 2.35228105e-02  5.00000000e+00  4.59865861e+00  2.77884724e+00 
 2.35328105e-02  5.00000000e+00  4.60265205e+00  2.78556783e+00 
 2.35428105e-02  5.00000000e+00  4.60660576e+00  2.79226807e+00 
 2.35528105e-02  5.00000000e+00  4.61052014e+00  2.79894805e+00 
 2.35628105e-02  5.00000000e+00  4.61439556e+00  2.80560781e+00 
 2.35728105e-02  5.00000000e+00  4.61823242e+00  2.81224743e+00 
 2.35828105e-02  5.00000000e+00  4.62203110e+00  2.81886695e+00 
 2.35928105e-02  5.00000000e+00  4.62579198e+00  2.82546645e+00 
 2.36028105e-02  5.00000000e+00  4.62951545e+00  2.83204597e+00 
 2.36128105e-02  5.00000000e+00  4.63320186e+00  2.83860559e+00 
 2.36228105e-02  5.00000000e+00  4.63685159e+00  2.84514536e+00 
 2.36328105e-02  5.00000000e+00  4.64046501e+00  2.85166535e+00 
 2.36428105e-02  5.00000000e+00  4.64404247e+00  2.85816560e+00 
 2.36528105e-02  5.00000000e+00  4.64758434e+00  2.86464619e+00 
 2.36628105e-02  5.00000000e+00  4.65109096e+00  2.87110717e+00 
 2.36728105e-02  5.00000000e+00  4.65456269e+00  2.87754860e+00 
 2.36828105e-02  5.00000000e+00  4.65799988e+00  2.88397054e+00 
 2.36928105e-02  5.00000000e+00  4.66140287e+00  2.89037305e+00 
 2.37028105e-02  5.00000000e+00  4.66477199e+00  2.89675619e+00 
 2.37128105e-02  5.00000000e+00  4.66810759e+00  2.90312001e+00 
 2.37228105e-02  5.00000000e+00  4.67141001e+00  2.90946458e+00 
 2.37328105e-02  5.00000000e+00  4.67467956e+00  2.91578995e+00 
 2.37428105e-02  5.00000000e+00  4.67791658e+00  2.92209619e+00 
 2.37528105e-02  5.00000000e+00  4.68112139e+00  2.92838334e+00 
 2.37628105e-02  5.00000000e+00  4.68429431e+00  2.93465147e+00 
 2.37728105e-02  5.00000000e+00  4.68743566e+00  2.94090063e+00 
 2.37828105e-02  5.00000000e+00  4.69054575e+00  2.94713089e+00 
 2.37928105e-02  5.00000000e+00  4.69362490e+00  2.95334229e+00 
 2.38028105e-02  5.00000000e+00  4.69667341e+00  2.95953490e+00 
 2.38128105e-02  5.00000000e+00  4.69969158e+00  2.96570877e+00 
 2.38228105e-02  5.00000000e+00  4.70267973e+00  2.97186397e+00 
 2.38328105e-02  5.00000000e+00  4.70563814e+00  2.97800054e+00 
 2.38428105e-02  5.00000000e+00  4.70856711e+00  2.98411854e+00 
 2.38528105e-02  5.00000000e+00  4.71146694e+00  2.99021803e+00 
 2.38628105e-02  5.00000000e+00  4.71433792e+00  2.99629906e+00 
 2.38728105e-02  5.00000000e+00  4.71718033e+00  3.00236170e+00 
 2.38828105e-02  5.00000000e+00  4.71999445e+00  3.00840599e+00 
 2.38928105e-02  5.00000000e+00  4.72278058e+00  3.01443199e+00 
 2.39028105e-02  5.00000000e+00  4.72553898e+00  3.02043976e+00 
 2.39128105e-02  5.00000000e+00  4.72826993e+00  3.02642935e+00 
 2.39228105e-02  5.00000000e+00  4.73097372e+00  3.03240082e+00 
 2.39328105e-02  5.00000000e+00  4.73365059e+00  3.03835423e+00 
 2.39428105e-02  5.00000000e+00  4.73630084e+00  3.04428961e+00 
 2.39528105e-02  5.00000000e+00  4.73892471e+00  3.05020704e+00 
 2.39628105e-02  5.00000000e+00  4.74152247e+00  3.05610657e+00 
 2.39728105e-02  5.00000000e+00  4.74409439e+00  3.06198824e+00 
 2.39828105e-02  5.00000000e+00  4.74664071e+00  3.06785212e+00 
 2.39928105e-02  5.00000000e+00  4.74916170e+00  3.07369826e+00 
 2.40028105e-02  5.00000000e+00  4.75165761e+00  3.07952670e+00 
 2.40128105e-02  5.00000000e+00  4.75412867e+00  3.08533751e+00 
 2.40228105e-02  5.00000000e+00  4.75657515e+00  3.09113074e+00 
 2.40328105e-02  5.00000000e+00  4.75899729e+00  3.09690645e+00 
 2.40428105e-02  5.00000000e+00  4.76139533e+00  3.10266467e+00 
 2.40528105e-02  5.00000000e+00  4.76376951e+00  3.10840547e+00 
 2.40628105e-02  5.00000000e+00  4.76612006e+00  3.11412891e+00 
 2.40728105e-02  5.00000000e+00  4.76844722e+00  3.11983502e+00 
 2.40828105e-02  5.00000000e+00  4.77075123e+00  3.12552387e+00 
 2.40928105e-02  5.00000000e+00  4.77303231e+00  3.13119551e+00 
 2.41028105e-02  5.00000000e+00  4.77529070e+00  3.13684999e+00 
 2.41128105e-02  5.00000000e+00  4.77752661e+00  3.14248735e+00 
 2.41228105e-02  5.00000000e+00  4.77974027e+00  3.14810766e+00 
 2.41328105e-02  5.00000000e+00  4.78193191e+00  3.15371097e+00 
 2.41428105e-02  5.00000000e+00  4.78410175e+00  3.15929732e+00 
 2.41528105e-02  5.00000000e+00  4.78624999e+00  3.16486677e+00 
 2.41628105e-02  5.00000000e+00  4.78837685e+00  3.17041937e+00 
 2.41728105e-02  5.00000000e+00  4.79048256e+00  3.17595516e+00 
 2.41828105e-02  5.00000000e+00  4.79256731e+00  3.18147421e+00 
 2.41928105e-02  5.00000000e+00  4.79463131e+00  3.18697656e+00 
 2.42028105e-02  5.00000000e+00  4.79667478e+00  3.19246225e+00 
 2.42128105e-02  5.00000000e+00  4.79869792e+00  3.19793136e+00 
 2.42228105e-02  5.00000000e+00  4.80070093e+00  3.20338391e+00 
 2.42328105e-02  5.00000000e+00  4.80268400e+00  3.20881996e+00 
 2.42428105e-02  5.00000000e+00  4.80464734e+00  3.21423957e+00 
 2.42528105e-02  5.00000000e+00  4.80659115e+00  3.21964278e+00 
 2.42628105e-02  5.00000000e+00  4.80851562e+00  3.22502964e+00 
 2.42728105e-02  5.00000000e+00  4.81042093e+00  3.23040020e+00 
 2.42828105e-02  5.00000000e+00  4.81230729e+00  3.23575451e+00 
 2.42928105e-02  5.00000000e+00  4.81417488e+00  3.24109262e+00 
 2.43028105e-02  5.00000000e+00  4.81602389e+00  3.24641458e+00 
 2.43128105e-02  5.00000000e+00  4.81785450e+00  3.25172043e+00 
 2.43228105e-02  5.00000000e+00  4.81966689e+00  3.25701024e+00 
 2.43328105e-02  5.00000000e+00  4.82146125e+00  3.26228403e+00 
 2.43428105e-02  5.00000000e+00  4.82323775e+00  3.26754187e+00 
 2.43528105e-02  5.00000000e+00  4.82499658e+00  3.27278380e+00 
 2.43628105e-02  5.00000000e+00  4.82673791e+00  3.27800987e+00 
 2.43728105e-02  5.00000000e+00  4.82846191e+00  3.28322013e+00 
 2.43828105e-02  5.00000000e+00  4.83016876e+00  3.28841462e+00 
 2.43928105e-02  5.00000000e+00  4.83185862e+00  3.29359340e+00 
 2.44028105e-02  5.00000000e+00  4.83353167e+00  3.29875651e+00 
 2.44128105e-02  5.00000000e+00  4.83518807e+00  3.30390399e+00 
 2.44228105e-02  5.00000000e+00  4.83682799e+00  3.30903590e+00 
 2.44328105e-02  5.00000000e+00  4.83845159e+00  3.31415228e+00 
 2.44428105e-02  5.00000000e+00  4.84005904e+00  3.31925318e+00 
 2.44528105e-02  5.00000000e+00  4.84165049e+00  3.32433865e+00 
 2.44628105e-02  5.00000000e+00  4.84322611e+00  3.32940873e+00 
 2.44728105e-02  5.00000000e+00  4.84478605e+00  3.33446347e+00 
 2.44828105e-02  5.00000000e+00  4.84633047e+00  3.33950291e+00 
 2.44928105e-02  5.00000000e+00  4.84785952e+00  3.34452711e+00 
 2.45028105e-02  5.00000000e+00  4.84937335e+00  3.34953610e+00 
 2.45128105e-02  5.00000000e+00  4.85087212e+00  3.35452994e+00 
 2.45228105e-02  5.00000000e+00  4.85235598e+00  3.35950867e+00 
 2.45328105e-02  5.00000000e+00  4.85382508e+00  3.36447234e+00 
 2.45428105e-02  5.00000000e+00  4.85527955e+00  3.36942099e+00 
 2.45528105e-02  5.00000000e+00  4.85671956e+00  3.37435466e+00 
 2.45628105e-02  5.00000000e+00  4.85814524e+00  3.37927340e+00 
 2.45728105e-02  5.00000000e+00  4.85955673e+00  3.38417727e+00 
 2.45828105e-02  5.00000000e+00  4.86095417e+00  3.38906629e+00 
 2.45928105e-02  5.00000000e+00  4.86233771e+00  3.39394052e+00 
 2.46028105e-02  5.00000000e+00  4.86370749e+00  3.39880001e+00 
 2.46128105e-02  5.00000000e+00  4.86506363e+00  3.40364479e+00 
 2.46228105e-02  5.00000000e+00  4.86640628e+00  3.40847491e+00 
 2.46328105e-02  5.00000000e+00  4.86773557e+00  3.41329042e+00 
 2.46428105e-02  5.00000000e+00  4.86905164e+00  3.41809135e+00 
 2.46528105e-02  5.00000000e+00  4.87035460e+00  3.42287776e+00 
 2.46628105e-02  5.00000000e+00  4.87164461e+00  3.42764969e+00 
 2.46728105e-02  5.00000000e+00  4.87292178e+00  3.43240718e+00 
 2.46828105e-02  5.00000000e+00  4.87418624e+00  3.43715028e+00 
 2.46928105e-02  5.00000000e+00  4.87543811e+00  3.44187902e+00 
 2.47028105e-02  5.00000000e+00  4.87667754e+00  3.44659346e+00 
 2.47128105e-02  5.00000000e+00  4.87790462e+00  3.45129363e+00 
 2.47228105e-02  5.00000000e+00  4.87911950e+00  3.45597958e+00 
 2.47328105e-02  5.00000000e+00  4.88032230e+00  3.46065135e+00 
 2.47428105e-02  5.00000000e+00  4.88151312e+00  3.46530898e+00 
 2.47528105e-02  5.00000000e+00  4.88269209e+00  3.46995253e+00 
 2.47628105e-02  5.00000000e+00  4.88385934e+00  3.47458202e+00 
 2.47728105e-02  5.00000000e+00  4.88501496e+00  3.47919751e+00 
 2.47828105e-02  5.00000000e+00  4.88615909e+00  3.48379903e+00 
 2.47928105e-02  5.00000000e+00  4.88729184e+00  3.48838662e+00 
 2.48028105e-02  5.00000000e+00  4.88841331e+00  3.49296034e+00 
 2.48128105e-02  5.00000000e+00  4.88952363e+00  3.49752022e+00 
 2.48228105e-02  5.00000000e+00  4.89062290e+00  3.50206630e+00 
 2.48328105e-02  5.00000000e+00  4.89171122e+00  3.50659862e+00 
 2.48428105e-02  5.00000000e+00  4.89278873e+00  3.51111724e+00 
 2.48528105e-02  5.00000000e+00  4.89385550e+00  3.51562218e+00 
 2.48628105e-02  5.00000000e+00  4.89491167e+00  3.52011349e+00 
 2.48728105e-02  5.00000000e+00  4.89595732e+00  3.52459121e+00 
 2.48828105e-02  5.00000000e+00  4.89699257e+00  3.52905538e+00 
 2.48928105e-02  5.00000000e+00  4.89801752e+00  3.53350604e+00 
 2.49028105e-02  5.00000000e+00  4.89903227e+00  3.53794324e+00 
 2.49128105e-02  5.00000000e+00  4.90003693e+00  3.54236701e+00 
 2.49228105e-02  5.00000000e+00  4.90103159e+00  3.54677740e+00 
 2.49328105e-02  5.00000000e+00  4.90201635e+00  3.55117444e+00 
 2.49428105e-02  5.00000000e+00  4.90299131e+00  3.55555818e+00 
 2.49528105e-02  5.00000000e+00  4.90395657e+00  3.55992866e+00 
 2.49628105e-02  5.00000000e+00  4.90491222e+00  3.56428591e+00 
 2.49728105e-02  5.00000000e+00  4.90585837e+00  3.56862997e+00 
 2.49828105e-02  5.00000000e+00  4.90679510e+00  3.57296090e+00 
 2.49928105e-02  5.00000000e+00  4.90772252e+00  3.57727872e+00 
 2.50028105e-02  5.00000000e+00  4.90864070e+00  3.58158347e+00 
 2.50128105e-02  5.00000000e+00  4.90954975e+00  3.58587520e+00 
 2.50228105e-02  5.00000000e+00  4.91044975e+00  3.59015394e+00 
 2.50328105e-02  5.00000000e+00  4.91134080e+00  3.59441974e+00 
 2.50428105e-02  5.00000000e+00  4.91222298e+00  3.59867263e+00 
 2.50528105e-02  5.00000000e+00  4.91309638e+00  3.60291265e+00 
 2.50628105e-02  5.00000000e+00  4.91396109e+00  3.60713985e+00 
 2.50728105e-02  5.00000000e+00  4.91481720e+00  3.61135425e+00 
 2.50828105e-02  5.00000000e+00  4.91566479e+00  3.61555590e+00 
 2.50928105e-02  5.00000000e+00  4.91650395e+00  3.61974484e+00 
 2.51028105e-02  5.00000000e+00  4.91733476e+00  3.62392110e+00 
 2.51128105e-02  5.00000000e+00  4.91815730e+00  3.62808473e+00 
 2.51228105e-02  5.00000000e+00  4.91897165e+00  3.63223576e+00 
 2.51328105e-02  5.00000000e+00  4.91977790e+00  3.63637423e+00 
 2.51428105e-02  5.00000000e+00  4.92057613e+00  3.64050018e+00 
 2.51528105e-02  5.00000000e+00  4.92136642e+00  3.64461364e+00 
 2.51628105e-02  5.00000000e+00  4.92214884e+00  3.64871466e+00 
 2.51728105e-02  5.00000000e+00  4.92292348e+00  3.65280327e+00 
 2.51828105e-02  5.00000000e+00  4.92369041e+00  3.65687951e+00 
 2.51928105e-02  5.00000000e+00  4.92444971e+00  3.66094341e+00 
 2.52028105e-02  5.00000000e+00  4.92520146e+00  3.66499502e+00 
 2.52128105e-02  5.00000000e+00  4.92594572e+00  3.66903437e+00 
 2.52228105e-02  5.00000000e+00  4.92668258e+00  3.67306150e+00 
 2.52328105e-02  5.00000000e+00  4.92741211e+00  3.67707644e+00 
 2.52428105e-02  5.00000000e+00  4.92813437e+00  3.68107923e+00 
 2.52528105e-02  5.00000000e+00  4.92884945e+00  3.68506992e+00 
 2.52628105e-02  5.00000000e+00  4.92955742e+00  3.68904852e+00 
 2.52728105e-02  5.00000000e+00  4.93025834e+00  3.69301510e+00 
 2.52828105e-02  5.00000000e+00  4.93095229e+00  3.69696966e+00 
 2.52928105e-02  5.00000000e+00  4.93163933e+00  3.70091227e+00 
 2.53028105e-02  5.00000000e+00  4.93231954e+00  3.70484294e+00 
 2.53128105e-02  5.00000000e+00  4.93299297e+00  3.70876172e+00 
 2.53228105e-02  5.00000000e+00  4.93365971e+00  3.71266865e+00 
 2.53328105e-02  5.00000000e+00  4.93431981e+00  3.71656375e+00 
 2.53428105e-02  5.00000000e+00  4.93497335e+00  3.72044706e+00 
 2.53528105e-02  5.00000000e+00  4.93562038e+00  3.72431863e+00 
 2.53628105e-02  5.00000000e+00  4.93626097e+00  3.72817848e+00 
 2.53728105e-02  5.00000000e+00  4.93689519e+00  3.73202666e+00 
 2.53828105e-02  5.00000000e+00  4.93752310e+00  3.73586319e+00 
 2.53928105e-02  5.00000000e+00  4.93814476e+00  3.73968811e+00 
 2.54028105e-02  5.00000000e+00  4.93876023e+00  3.74350146e+00 
 2.54128105e-02  5.00000000e+00  4.93936958e+00  3.74730327e+00 
 2.54228105e-02  5.00000000e+00  4.93997287e+00  3.75109358e+00 
 2.54328105e-02  5.00000000e+00  4.94057016e+00  3.75487242e+00 
 2.54428105e-02  5.00000000e+00  4.94116150e+00  3.75863982e+00 
 2.54528105e-02  5.00000000e+00  4.94174696e+00  3.76239583e+00 
 2.54628105e-02  5.00000000e+00  4.94232659e+00  3.76614047e+00 
 2.54728105e-02  5.00000000e+00  4.94290045e+00  3.76987378e+00 
 2.54828105e-02  5.00000000e+00  4.94346861e+00  3.77359580e+00 
 2.54928105e-02  5.00000000e+00  4.94403111e+00  3.77730655e+00 
 2.55028105e-02  5.00000000e+00  4.94458801e+00  3.78100608e+00 
 2.55128105e-02  5.00000000e+00  4.94513938e+00  3.78469441e+00 
 2.55228105e-02  5.00000000e+00  4.94568525e+00  3.78837159e+00 
 2.55328105e-02  5.00000000e+00  4.94622570e+00  3.79203763e+00 
 2.55428105e-02  5.00000000e+00  4.94676077e+00  3.79569259e+00 
 2.55528105e-02  5.00000000e+00  4.94729051e+00  3.79933648e+00 
 2.55628105e-02  5.00000000e+00  4.94781498e+00  3.80296935e+00 
 2.55728105e-02  5.00000000e+00  4.94833424e+00  3.80659123e+00 
 2.55828105e-02  5.00000000e+00  4.94884832e+00  3.81020215e+00 
 2.55928105e-02  5.00000000e+00  4.94935730e+00  3.81380214e+00 
 2.56028105e-02  5.00000000e+00  4.94986120e+00  3.81739124e+00 
 2.56128105e-02  5.00000000e+00  4.95036010e+00  3.82096949e+00 
 2.56228105e-02  5.00000000e+00  4.95085403e+00  3.82453690e+00 
 2.56328105e-02  5.00000000e+00  4.95134304e+00  3.82809352e+00 
 2.56428105e-02  5.00000000e+00  4.95182719e+00  3.83163938e+00 
 2.56528105e-02  5.00000000e+00  4.95230652e+00  3.83517451e+00 
 2.56628105e-02  5.00000000e+00  4.95278108e+00  3.83869894e+00 
 2.56728105e-02  5.00000000e+00  4.95325092e+00  3.84221271e+00 
 2.56828105e-02  5.00000000e+00  4.95371609e+00  3.84571585e+00 
 2.56928105e-02  5.00000000e+00  4.95417662e+00  3.84920839e+00 
 2.57028105e-02  5.00000000e+00  4.95463258e+00  3.85269036e+00 
 2.57128105e-02  5.00000000e+00  4.95508400e+00  3.85616180e+00 
 2.57228105e-02  5.00000000e+00  4.95553092e+00  3.85962273e+00 
 2.57328105e-02  5.00000000e+00  4.95597340e+00  3.86307319e+00 
 2.57428105e-02  5.00000000e+00  4.95641148e+00  3.86651321e+00 
 2.57528105e-02  5.00000000e+00  4.95684519e+00  3.86994283e+00 
 2.57628105e-02  5.00000000e+00  4.95727459e+00  3.87336206e+00 
 2.57728105e-02  5.00000000e+00  4.95769972e+00  3.87677095e+00 
 2.57828105e-02  5.00000000e+00  4.95812062e+00  3.88016952e+00 
 2.57928105e-02  5.00000000e+00  4.95853733e+00  3.88355782e+00 
 2.58028105e-02  5.00000000e+00  4.95894989e+00  3.88693586e+00 
 2.58128105e-02  5.00000000e+00  4.95935835e+00  3.89030368e+00 
 2.58228105e-02  5.00000000e+00  4.95976275e+00  3.89366130e+00 
 2.58328105e-02  5.00000000e+00  4.96016312e+00  3.89700877e+00 
 2.58428105e-02  5.00000000e+00  4.96055950e+00  3.90034612e+00 
 2.58528105e-02  5.00000000e+00  4.96095195e+00  3.90367336e+00 
 2.58628105e-02  5.00000000e+00  4.96134049e+00  3.90699053e+00 
 2.58728105e-02  5.00000000e+00  4.96172516e+00  3.91029767e+00 
 2.58828105e-02  5.00000000e+00  4.96210600e+00  3.91359481e+00 
 2.58928105e-02  5.00000000e+00  4.96248306e+00  3.91688196e+00 
 2.59028105e-02  5.00000000e+00  4.96285636e+00  3.92015917e+00 
 2.59128105e-02  5.00000000e+00  4.96322595e+00  3.92342647e+00 
 2.59228105e-02  5.00000000e+00  4.96359186e+00  3.92668388e+00 
 2.59328105e-02  5.00000000e+00  4.96395413e+00  3.92993143e+00 
 2.59428105e-02  5.00000000e+00  4.96431279e+00  3.93316915e+00 
 2.59528105e-02  5.00000000e+00  4.96466789e+00  3.93639708e+00 
 2.59628105e-02  5.00000000e+00  4.96501945e+00  3.93961525e+00 
 2.59728105e-02  5.00000000e+00  4.96536752e+00  3.94282367e+00 
 2.59828105e-02  5.00000000e+00  4.96571212e+00  3.94602239e+00 
 2.59928105e-02  5.00000000e+00  4.96605329e+00  3.94921143e+00 
 2.60028105e-02  5.00000000e+00  4.96639107e+00  3.95239082e+00 
 2.60128105e-02  5.00000000e+00  4.96672549e+00  3.95556059e+00 
 2.60228105e-02  5.00000000e+00  4.96705658e+00  3.95872077e+00 
 2.60328105e-02  5.00000000e+00  4.96738437e+00  3.96187139e+00 
 2.60428105e-02  5.00000000e+00  4.96770891e+00  3.96501248e+00 
 2.60528105e-02  5.00000000e+00  4.96803021e+00  3.96814406e+00 
 2.60628105e-02  5.00000000e+00  4.96834832e+00  3.97126616e+00 
 2.60728105e-02  5.00000000e+00  4.96866326e+00  3.97437882e+00 
 2.60828105e-02  5.00000000e+00  4.96897507e+00  3.97748206e+00 
 2.60928105e-02  5.00000000e+00  4.96928378e+00  3.98057591e+00 
 2.61028105e-02  5.00000000e+00  4.96958941e+00  3.98366040e+00 
 2.61128105e-02  5.00000000e+00  4.96989200e+00  3.98673556e+00 
 2.61228105e-02  5.00000000e+00  4.97019158e+00  3.98980141e+00 
 2.61328105e-02  5.00000000e+00  4.97048819e+00  3.99285799e+00 
 2.61428105e-02  5.00000000e+00  4.97078184e+00  3.99590532e+00 
 2.61528105e-02  5.00000000e+00  4.97107256e+00  3.99894343e+00 
 2.61628105e-02  5.00000000e+00  4.97136040e+00  4.00197234e+00 
 2.61728105e-02  5.00000000e+00  4.97164537e+00  4.00499209e+00 
 2.61828105e-02  5.00000000e+00  4.97192751e+00  4.00800271e+00 
 2.61928105e-02  5.00000000e+00  4.97220683e+00  4.01100421e+00 
 2.62028105e-02  5.00000000e+00  4.97248338e+00  4.01399664e+00 
 2.62128105e-02  5.00000000e+00  4.97275718e+00  4.01698000e+00 
 2.62228105e-02  5.00000000e+00  4.97302825e+00  4.01995435e+00 
 2.62328105e-02  5.00000000e+00  4.97329663e+00  4.02291969e+00 
 2.62428105e-02  5.00000000e+00  4.97356233e+00  4.02587606e+00 
 2.62528105e-02  5.00000000e+00  4.97382539e+00  4.02882348e+00 
 2.62628105e-02  5.00000000e+00  4.97408584e+00  4.03176199e+00 
 2.62728105e-02  5.00000000e+00  4.97434369e+00  4.03469161e+00 
 2.62828105e-02  5.00000000e+00  4.97459898e+00  4.03761236e+00 
 2.62928105e-02  5.00000000e+00  4.97485172e+00  4.04052427e+00 
 2.63028105e-02  5.00000000e+00  4.97510196e+00  4.04342738e+00 
 2.63128105e-02  5.00000000e+00  4.97534970e+00  4.04632170e+00 
 2.63228105e-02  5.00000000e+00  4.97559497e+00  4.04920726e+00 
 2.63328105e-02  5.00000000e+00  4.97583781e+00  4.05208409e+00 
 2.63428105e-02  5.00000000e+00  4.97607823e+00  4.05495222e+00 
 2.63528105e-02  5.00000000e+00  4.97631626e+00  4.05781166e+00 
 2.63628105e-02  5.00000000e+00  4.97655192e+00  4.06066246e+00 
 2.63728105e-02  5.00000000e+00  4.97678523e+00  4.06350463e+00 
 2.63828105e-02  5.00000000e+00  4.97701622e+00  4.06633820e+00 
 2.63928105e-02  5.00000000e+00  4.97724492e+00  4.06916320e+00 
 2.64028105e-02  5.00000000e+00  4.97747134e+00  4.07197965e+00 
 2.64128105e-02  5.00000000e+00  4.97769550e+00  4.07478758e+00 
 2.64228105e-02  5.00000000e+00  4.97791744e+00  4.07758701e+00 
 2.64328105e-02  5.00000000e+00  4.97813716e+00  4.08037797e+00 
 2.64428105e-02  5.00000000e+00  4.97835471e+00  4.08316049e+00 
 2.64528105e-02  5.00000000e+00  4.97857008e+00  4.08593459e+00 
 2.64628105e-02  5.00000000e+00  4.97878331e+00  4.08870030e+00 
 2.64728105e-02  5.00000000e+00  4.97899443e+00  4.09145763e+00 
 2.64828105e-02  5.00000000e+00  4.97920344e+00  4.09420663e+00 
 2.64928105e-02  5.00000000e+00  4.97941037e+00  4.09694730e+00 
 2.65028105e-02  5.00000000e+00  4.97961524e+00  4.09967968e+00 
 2.65128105e-02  5.00000000e+00  4.97981807e+00  4.10240380e+00 
 2.65228105e-02  5.00000000e+00  4.98001889e+00  4.10511967e+00 
 2.65328105e-02  5.00000000e+00  4.98021771e+00  4.10782733e+00 
 2.65428105e-02  5.00000000e+00  4.98041454e+00  4.11052679e+00 
 2.65528105e-02  5.00000000e+00  4.98060942e+00  4.11321809e+00 
 2.65628105e-02  5.00000000e+00  4.98080237e+00  4.11590124e+00 
 2.65728105e-02  5.00000000e+00  4.98099339e+00  4.11857628e+00 
 2.65828105e-02  5.00000000e+00  4.98118251e+00  4.12124322e+00 
 2.65928105e-02  5.00000000e+00  4.98136975e+00  4.12390209e+00 
 2.66028105e-02  5.00000000e+00  4.98155512e+00  4.12655291e+00 
 2.66128105e-02  5.00000000e+00  4.98173865e+00  4.12919572e+00 
 2.66228105e-02  5.00000000e+00  4.98192036e+00  4.13183053e+00 
 2.66328105e-02  5.00000000e+00  4.98210025e+00  4.13445736e+00 
 2.66428105e-02  5.00000000e+00  4.98227836e+00  4.13707625e+00 
 2.66528105e-02  5.00000000e+00  4.98245470e+00  4.13968722e+00 
 2.66628105e-02  5.00000000e+00  4.98262928e+00  4.14229028e+00 
 2.66728105e-02  5.00000000e+00  4.98280212e+00  4.14488547e+00 
 2.66828105e-02  5.00000000e+00  4.98297324e+00  4.14747280e+00 
 2.66928105e-02  5.00000000e+00  4.98314266e+00  4.15005231e+00 
 2.67028105e-02  5.00000000e+00  4.98331040e+00  4.15262401e+00 
 2.67128105e-02  5.00000000e+00  4.98347646e+00  4.15518794e+00 
 2.67228105e-02  5.00000000e+00  4.98364088e+00  4.15774410e+00 
 2.67328105e-02  5.00000000e+00  4.98380365e+00  4.16029253e+00 
 2.67428105e-02  5.00000000e+00  4.98396481e+00  4.16283325e+00 
 2.67528105e-02  5.00000000e+00  4.98412437e+00  4.16536628e+00 
 2.67628105e-02  5.00000000e+00  4.98428233e+00  4.16789164e+00 
 2.67728105e-02  5.00000000e+00  4.98443873e+00  4.17040937e+00 
 2.67828105e-02  5.00000000e+00  4.98459357e+00  4.17291948e+00 
 2.67928105e-02  5.00000000e+00  4.98474686e+00  4.17542199e+00 
 2.68028105e-02  5.00000000e+00  4.98489864e+00  4.17791693e+00 
 2.68128105e-02  5.00000000e+00  4.98504890e+00  4.18040432e+00 
 2.68228105e-02  5.00000000e+00  4.98519767e+00  4.18288419e+00 
 2.68328105e-02  5.00000000e+00  4.98534495e+00  4.18535655e+00 
 2.68428105e-02  5.00000000e+00  4.98549077e+00  4.18782143e+00 
 2.68528105e-02  5.00000000e+00  4.98563514e+00  4.19027886e+00 
 2.68628105e-02  5.00000000e+00  4.98577808e+00  4.19272885e+00 
 2.68728105e-02  5.00000000e+00  4.98591959e+00  4.19517142e+00 
 2.68828105e-02  5.00000000e+00  4.98605969e+00  4.19760661e+00 
 2.68928105e-02  5.00000000e+00  4.98619840e+00  4.20003442e+00 
 2.69028105e-02  5.00000000e+00  4.98633573e+00  4.20245489e+00 
 2.69128105e-02  5.00000000e+00  4.98647169e+00  4.20486804e+00 
 2.69228105e-02  5.00000000e+00  4.98660630e+00  4.20727389e+00 
 2.69328105e-02  5.00000000e+00  4.98673958e+00  4.20967245e+00 
 2.69428105e-02  5.00000000e+00  4.98687152e+00  4.21206376e+00 
 2.69528105e-02  5.00000000e+00  4.98700215e+00  4.21444783e+00 
 2.69628105e-02  5.00000000e+00  4.98713148e+00  4.21682469e+00 
 2.69728105e-02  5.00000000e+00  4.98725953e+00  4.21919436e+00 
 2.69828105e-02  5.00000000e+00  4.98738630e+00  4.22155686e+00 
 2.69928105e-02  5.00000000e+00  4.98751181e+00  4.22391221e+00 
 2.70028105e-02  5.00000000e+00  4.98763607e+00  4.22626043e+00 
 2.70128105e-02  5.00000000e+00  4.98775909e+00  4.22860155e+00 
 2.70228105e-02  5.00000000e+00  4.98788089e+00  4.23093559e+00 
 2.70328105e-02  5.00000000e+00  4.98800148e+00  4.23326256e+00 
 2.70428105e-02  5.00000000e+00  4.98812087e+00  4.23558249e+00 
 2.70528105e-02  5.00000000e+00  4.98823907e+00  4.23789540e+00 
 2.70628105e-02  5.00000000e+00  4.98835609e+00  4.24020132e+00 
 2.70728105e-02  5.00000000e+00  4.98847195e+00  4.24250025e+00 
 2.70828105e-02  5.00000000e+00  4.98858666e+00  4.24479224e+00 
 2.70928105e-02  5.00000000e+00  4.98870023e+00  4.24707728e+00 
 2.71028105e-02  5.00000000e+00  4.98881266e+00  4.24935541e+00 
 2.71128105e-02  5.00000000e+00  4.98892398e+00  4.25162665e+00 
 2.71228105e-02  5.00000000e+00  4.98903419e+00  4.25389102e+00 
 2.71328105e-02  5.00000000e+00  4.98914330e+00  4.25614854e+00 
 2.71428105e-02  5.00000000e+00  4.98925133e+00  4.25839922e+00 
 2.71528105e-02  5.00000000e+00  4.98935828e+00  4.26064310e+00 
 2.71628105e-02  5.00000000e+00  4.98946417e+00  4.26288018e+00 
 2.71728105e-02  5.00000000e+00  4.98956900e+00  4.26511050e+00 
 2.71828105e-02  5.00000000e+00  4.98967279e+00  4.26733407e+00 
 2.71928105e-02  5.00000000e+00  4.98977555e+00  4.26955091e+00 
 2.72028105e-02  5.00000000e+00  4.98987729e+00  4.27176104e+00 
 2.72128105e-02  5.00000000e+00  4.98997801e+00  4.27396449e+00 
 2.72228105e-02  5.00000000e+00  4.99007773e+00  4.27616127e+00 
 2.72328105e-02  5.00000000e+00  4.99017646e+00  4.27835140e+00 
 2.72428105e-02  5.00000000e+00  4.99027421e+00  4.28053491e+00 
 2.72528105e-02  5.00000000e+00  4.99037098e+00  4.28271181e+00 
 2.72628105e-02  5.00000000e+00  4.99046679e+00  4.28488212e+00 
 2.72728105e-02  5.00000000e+00  4.99056165e+00  4.28704586e+00 
 2.72828105e-02  5.00000000e+00  4.99065556e+00  4.28920306e+00 
 2.72928105e-02  5.00000000e+00  4.99074854e+00  4.29135373e+00 
 2.73028105e-02  5.00000000e+00  4.99084060e+00  4.29349790e+00 
 2.73128105e-02  5.00000000e+00  4.99093174e+00  4.29563557e+00 
 2.73228105e-02  5.00000000e+00  4.99102197e+00  4.29776678e+00 
 2.73328105e-02  5.00000000e+00  4.99111130e+00  4.29989154e+00 
 2.73428105e-02  5.00000000e+00  4.99119975e+00  4.30200987e+00 
 2.73528105e-02  5.00000000e+00  4.99128731e+00  4.30412180e+00 
 2.73628105e-02  5.00000000e+00  4.99137400e+00  4.30622733e+00 
 2.73728105e-02  5.00000000e+00  4.99145983e+00  4.30832649e+00 
 2.73828105e-02  5.00000000e+00  4.99154481e+00  4.31041930e+00 
 2.73928105e-02  5.00000000e+00  4.99162894e+00  4.31250577e+00 
 2.74028105e-02  5.00000000e+00  4.99171224e+00  4.31458594e+00 
 2.74128105e-02  5.00000000e+00  4.99179470e+00  4.31665981e+00 
 2.74228105e-02  5.00000000e+00  4.99187635e+00  4.31872740e+00 
 2.74328105e-02  5.00000000e+00  4.99195718e+00  4.32078874e+00 
 2.74428105e-02  5.00000000e+00  4.99203721e+00  4.32284385e+00 
 2.74528105e-02  5.00000000e+00  4.99211644e+00  4.32489273e+00 
 2.74628105e-02  5.00000000e+00  4.99219488e+00  4.32693541e+00 
 2.74728105e-02  5.00000000e+00  4.99227255e+00  4.32897192e+00 
 2.74828105e-02  5.00000000e+00  4.99234944e+00  4.33100226e+00 
 2.74928105e-02  5.00000000e+00  4.99242556e+00  4.33302646e+00 
 2.75028105e-02  5.00000000e+00  4.99250093e+00  4.33504453e+00 
 2.75128105e-02  5.00000000e+00  4.99257555e+00  4.33705650e+00 
 2.75228105e-02  5.00000000e+00  4.99264942e+00  4.33906238e+00 
 2.75328105e-02  5.00000000e+00  4.99272256e+00  4.34106219e+00 
 2.75428105e-02  5.00000000e+00  4.99279497e+00  4.34305595e+00 
 2.75528105e-02  5.00000000e+00  4.99286667e+00  4.34504368e+00 
 2.75628105e-02  5.00000000e+00  4.99293764e+00  4.34702539e+00 
 2.75728105e-02  5.00000000e+00  4.99300792e+00  4.34900111e+00 
 2.75828105e-02  5.00000000e+00  4.99307749e+00  4.35097085e+00 
 2.75928105e-02  5.00000000e+00  4.99314637e+00  4.35293463e+00 
 2.76028105e-02  5.00000000e+00  4.99321456e+00  4.35489247e+00 
 2.76128105e-02  5.00000000e+00  4.99328208e+00  4.35684438e+00 
 2.76228105e-02  5.00000000e+00  4.99334893e+00  4.35879039e+00 
 2.76328105e-02  5.00000000e+00  4.99341511e+00  4.36073051e+00 
 2.76428105e-02  5.00000000e+00  4.99348063e+00  4.36266476e+00 
 2.76528105e-02  5.00000000e+00  4.99354550e+00  4.36459316e+00 
 2.76628105e-02  5.00000000e+00  4.99360972e+00  4.36651572e+00 
 2.76728105e-02  5.00000000e+00  4.99367331e+00  4.36843246e+00 
 2.76828105e-02  5.00000000e+00  4.99373626e+00  4.37034341e+00 
 2.76928105e-02  5.00000000e+00  4.99379858e+00  4.37224857e+00 
 2.77028105e-02  5.00000000e+00  4.99386029e+00  4.37414797e+00 
 2.77128105e-02  5.00000000e+00  4.99392138e+00  4.37604163e+00 
 2.77228105e-02  5.00000000e+00  4.99398186e+00  4.37792955e+00 
 2.77328105e-02  5.00000000e+00  4.99404175e+00  4.37981176e+00 
 2.77428105e-02  5.00000000e+00  4.99410103e+00  4.38168827e+00 
 2.77528105e-02  5.00000000e+00  4.99415973e+00  4.38355911e+00 
 2.77628105e-02  5.00000000e+00  4.99421784e+00  4.38542429e+00 
 2.77728105e-02  5.00000000e+00  4.99427538e+00  4.38728382e+00 
 2.77828105e-02  5.00000000e+00  4.99433234e+00  4.38913773e+00 
 2.77928105e-02  5.00000000e+00  4.99438873e+00  4.39098602e+00 
 2.78028105e-02  5.00000000e+00  4.99444456e+00  4.39282873e+00 
 2.78128105e-02  5.00000000e+00  4.99449984e+00  4.39466586e+00 
 2.78228105e-02  5.00000000e+00  4.99455457e+00  4.39649743e+00 
 2.78328105e-02  5.00000000e+00  4.99460875e+00  4.39832346e+00 
 2.78428105e-02  5.00000000e+00  4.99466240e+00  4.40014396e+00 
 2.78528105e-02  5.00000000e+00  4.99471551e+00  4.40195896e+00 
 2.78628105e-02  5.00000000e+00  4.99476809e+00  4.40376846e+00 
 2.78728105e-02  5.00000000e+00  4.99482015e+00  4.40557249e+00 
 2.78828105e-02  5.00000000e+00  4.99487169e+00  4.40737106e+00 
 2.78928105e-02  5.00000000e+00  4.99492272e+00  4.40916419e+00 
 2.79028105e-02  5.00000000e+00  4.99497324e+00  4.41095189e+00 
 2.79128105e-02  5.00000000e+00  4.99502326e+00  4.41273419e+00 
 2.79228105e-02  5.00000000e+00  4.99507278e+00  4.41451109e+00 
 2.79328105e-02  5.00000000e+00  4.99512180e+00  4.41628261e+00 
 2.79428105e-02  5.00000000e+00  4.99517034e+00  4.41804878e+00 
 2.79528105e-02  5.00000000e+00  4.99521840e+00  4.41980960e+00 
 2.79628105e-02  5.00000000e+00  4.99526598e+00  4.42156509e+00 
 2.79728105e-02  5.00000000e+00  4.99531308e+00  4.42331527e+00 
 2.79828105e-02  5.00000000e+00  4.99535972e+00  4.42506016e+00 
 2.79928105e-02  5.00000000e+00  4.99540589e+00  4.42679976e+00 
 2.80028105e-02  5.00000000e+00  4.99545160e+00  4.42853411e+00 
 2.80128105e-02  5.00000000e+00  4.99549686e+00  4.43026320e+00 
 2.80228105e-02  5.00000000e+00  4.99554167e+00  4.43198706e+00 
 2.80328105e-02  5.00000000e+00  4.99558603e+00  4.43370571e+00 
 2.80428105e-02  5.00000000e+00  4.99562995e+00  4.43541916e+00 
 2.80528105e-02  5.00000000e+00  4.99567343e+00  4.43712742e+00 
 2.80628105e-02  5.00000000e+00  4.99571648e+00  4.43883052e+00 
 2.80728105e-02  5.00000000e+00  4.99575910e+00  4.44052846e+00 
 2.80828105e-02  5.00000000e+00  4.99580130e+00  4.44222126e+00 
 2.80928105e-02  5.00000000e+00  4.99584308e+00  4.44390894e+00 
 2.81028105e-02  5.00000000e+00  4.99588444e+00  4.44559152e+00 
 2.81128105e-02  5.00000000e+00  4.99592539e+00  4.44726900e+00 
 2.81228105e-02  5.00000000e+00  4.99596594e+00  4.44894141e+00 
 2.81328105e-02  5.00000000e+00  4.99600608e+00  4.45060876e+00 
 2.81428105e-02  5.00000000e+00  4.99604582e+00  4.45227106e+00 
 2.81528105e-02  5.00000000e+00  4.99608516e+00  4.45392833e+00 
 2.81628105e-02  5.00000000e+00  4.99612412e+00  4.45558059e+00 
 2.81728105e-02  5.00000000e+00  4.99616268e+00  4.45722785e+00 
 2.81828105e-02  5.00000000e+00  4.99620086e+00  4.45887013e+00 
 2.81928105e-02  5.00000000e+00  4.99623867e+00  4.46050744e+00 
 2.82028105e-02  5.00000000e+00  4.99627609e+00  4.46213979e+00 
 2.82128105e-02  5.00000000e+00  4.99631315e+00  4.46376720e+00 
 2.82228105e-02  5.00000000e+00  4.99634983e+00  4.46538969e+00 
 2.82328105e-02  5.00000000e+00  4.99638615e+00  4.46700727e+00 
 2.82428105e-02  5.00000000e+00  4.99642211e+00  4.46861996e+00 
 2.82528105e-02  5.00000000e+00  4.99645771e+00  4.47022776e+00 
 2.82628105e-02  5.00000000e+00  4.99649296e+00  4.47183071e+00 
 2.82728105e-02  5.00000000e+00  4.99652785e+00  4.47342880e+00 
 2.82828105e-02  5.00000000e+00  4.99656240e+00  4.47502205e+00 
 2.82928105e-02  5.00000000e+00  4.99659661e+00  4.47661049e+00 
 2.83028105e-02  5.00000000e+00  4.99663047e+00  4.47819412e+00 
 2.83128105e-02  5.00000000e+00  4.99666400e+00  4.47977296e+00 
 2.83228105e-02  5.00000000e+00  4.99669719e+00  4.48134702e+00 
 2.83328105e-02  5.00000000e+00  4.99673006e+00  4.48291632e+00 
 2.83428105e-02  5.00000000e+00  4.99676259e+00  4.48448087e+00 
 2.83528105e-02  5.00000000e+00  4.99679481e+00  4.48604068e+00 
 2.83628105e-02  5.00000000e+00  4.99682670e+00  4.48759578e+00 
 2.83728105e-02  5.00000000e+00  4.99685828e+00  4.48914617e+00 
 2.83828105e-02  5.00000000e+00  4.99688954e+00  4.49069187e+00 
 2.83928105e-02  5.00000000e+00  4.99692049e+00  4.49223289e+00 
 2.84028105e-02  5.00000000e+00  4.99695113e+00  4.49376925e+00 
 2.84128105e-02  5.00000000e+00  4.99698146e+00  4.49530096e+00 
 2.84228105e-02  5.00000000e+00  4.99701150e+00  4.49682804e+00 
 2.84328105e-02  5.00000000e+00  4.99704124e+00  4.49835050e+00 
 2.84428105e-02  5.00000000e+00  4.99707068e+00  4.49986835e+00 
 2.84528105e-02  5.00000000e+00  4.99709982e+00  4.50138161e+00 
 2.84628105e-02  5.00000000e+00  4.99712868e+00  4.50289028e+00 
 2.84728105e-02  5.00000000e+00  4.99715725e+00  4.50439440e+00 
 2.84828105e-02  5.00000000e+00  4.99718554e+00  4.50589396e+00 
 2.84928105e-02  5.00000000e+00  4.99721354e+00  4.50738899e+00 
 2.85028105e-02  5.00000000e+00  4.99724127e+00  4.50887949e+00 
 2.85128105e-02  5.00000000e+00  4.99726872e+00  4.51036548e+00 
 2.85228105e-02  5.00000000e+00  4.99729590e+00  4.51184698e+00 
 2.85328105e-02  5.00000000e+00  4.99732280e+00  4.51332399e+00 
 2.85428105e-02  5.00000000e+00  4.99734944e+00  4.51479654e+00 
 2.85528105e-02  5.00000000e+00  4.99737581e+00  4.51626463e+00 
 2.85628105e-02  5.00000000e+00  4.99740193e+00  4.51772827e+00 
 2.85728105e-02  5.00000000e+00  4.99742778e+00  4.51918749e+00 
 2.85828105e-02  5.00000000e+00  4.99745337e+00  4.52064229e+00 
 2.85928105e-02  5.00000000e+00  4.99747871e+00  4.52209270e+00 
 2.86028105e-02  5.00000000e+00  4.99750380e+00  4.52353871e+00 
 2.86128105e-02  5.00000000e+00  4.99752864e+00  4.52498035e+00 
 2.86228105e-02  5.00000000e+00  4.99755323e+00  4.52641762e+00 
 2.86328105e-02  5.00000000e+00  4.99757757e+00  4.52785055e+00 
 2.86428105e-02  5.00000000e+00  4.99760168e+00  4.52927914e+00 
 2.86528105e-02  5.00000000e+00  4.99762554e+00  4.53070341e+00 
 2.86628105e-02  5.00000000e+00  4.99764917e+00  4.53212337e+00 
 2.86728105e-02  5.00000000e+00  4.99767256e+00  4.53353903e+00 
 2.86828105e-02  5.00000000e+00  4.99769572e+00  4.53495041e+00 
 2.86928105e-02  5.00000000e+00  4.99771865e+00  4.53635752e+00 
 2.87028105e-02  5.00000000e+00  4.99774135e+00  4.53776037e+00 
 2.87128105e-02  5.00000000e+00  4.99776382e+00  4.53915898e+00 
 2.87228105e-02  5.00000000e+00  4.99778607e+00  4.54055336e+00 
 2.87328105e-02  5.00000000e+00  4.99780810e+00  4.54194351e+00 
 2.87428105e-02  5.00000000e+00  4.99782991e+00  4.54332946e+00 
 2.87528105e-02  5.00000000e+00  4.99785150e+00  4.54471122e+00 
 2.87628105e-02  5.00000000e+00  4.99787288e+00  4.54608879e+00 
 2.87728105e-02  5.00000000e+00  4.99789405e+00  4.54746220e+00 
 2.87828105e-02  5.00000000e+00  4.99791500e+00  4.54883145e+00 
 2.87928105e-02  5.00000000e+00  4.99793575e+00  4.55019656e+00 
 2.88028105e-02  5.00000000e+00  4.99795629e+00  4.55155754e+00 
 2.88128105e-02  5.00000000e+00  4.99797662e+00  4.55291440e+00 
 2.88228105e-02  5.00000000e+00  4.99799676e+00  4.55426716e+00 
 2.88328105e-02  5.00000000e+00  4.99801669e+00  4.55561582e+00 
 2.88428105e-02  5.00000000e+00  4.99803642e+00  4.55696040e+00 
 2.88528105e-02  5.00000000e+00  4.99805596e+00  4.55830091e+00 
 2.88628105e-02  5.00000000e+00  4.99807530e+00  4.55963737e+00 
 2.88728105e-02  5.00000000e+00  4.99809446e+00  4.56096978e+00 
 2.88828105e-02  5.00000000e+00  4.99811342e+00  4.56229817e+00 
 2.88928105e-02  5.00000000e+00  4.99813219e+00  4.56362253e+00 
 2.89028105e-02  5.00000000e+00  4.99815077e+00  4.56494288e+00 
 2.89128105e-02  5.00000000e+00  4.99816917e+00  4.56625924e+00 
 2.89228105e-02  5.00000000e+00  4.99818739e+00  4.56757162e+00 
 2.89328105e-02  5.00000000e+00  4.99820543e+00  4.56888003e+00 
 2.89428105e-02  5.00000000e+00  4.99822328e+00  4.57018448e+00 
 2.89528105e-02  5.00000000e+00  4.99824096e+00  4.57148498e+00 
 2.89628105e-02  5.00000000e+00  4.99825846e+00  4.57278154e+00 
 2.89728105e-02  5.00000000e+00  4.99827579e+00  4.57407419e+00 
 2.89828105e-02  5.00000000e+00  4.99829295e+00  4.57536292e+00 
 2.89928105e-02  5.00000000e+00  4.99830994e+00  4.57664775e+00 
 2.90028105e-02  5.00000000e+00  4.99832675e+00  4.57792870e+00 
 2.90128105e-02  5.00000000e+00  4.99834340e+00  4.57920576e+00 
 2.90228105e-02  5.00000000e+00  4.99835988e+00  4.58047897e+00 
 2.90328105e-02  5.00000000e+00  4.99837620e+00  4.58174832e+00 
 2.90428105e-02  5.00000000e+00  4.99839236e+00  4.58301383e+00 
 2.90528105e-02  5.00000000e+00  4.99840836e+00  4.58427552e+00 
 2.90628105e-02  5.00000000e+00  4.99842420e+00  4.58553338e+00 
 2.90728105e-02  5.00000000e+00  4.99843987e+00  4.58678744e+00 
 2.90828105e-02  5.00000000e+00  4.99845540e+00  4.58803771e+00 
 2.90928105e-02  5.00000000e+00  4.99847077e+00  4.58928419e+00 
 2.91028105e-02  5.00000000e+00  4.99848598e+00  4.59052690e+00 
 2.91128105e-02  5.00000000e+00  4.99850105e+00  4.59176585e+00 
 2.91228105e-02  5.00000000e+00  4.99851596e+00  4.59300105e+00 
 2.91328105e-02  5.00000000e+00  4.99853073e+00  4.59423251e+00 
 2.91428105e-02  5.00000000e+00  4.99854535e+00  4.59546025e+00 
 2.91528105e-02  5.00000000e+00  4.99855982e+00  4.59668428e+00 
 2.91628105e-02  5.00000000e+00  4.99857415e+00  4.59790460e+00 
 2.91728105e-02  5.00000000e+00  4.99858834e+00  4.59912122e+00 
 2.91828105e-02  5.00000000e+00  4.99860239e+00  4.60033417e+00 
 2.91928105e-02  5.00000000e+00  4.99861629e+00  4.60154345e+00 
 2.92028105e-02  5.00000000e+00  4.99863006e+00  4.60274906e+00 
 2.92128105e-02  5.00000000e+00  4.99864369e+00  4.60395103e+00 
 2.92228105e-02  5.00000000e+00  4.99865719e+00  4.60514937e+00 
 2.92328105e-02  5.00000000e+00  4.99867055e+00  4.60634407e+00 
 2.92428105e-02  5.00000000e+00  4.99868378e+00  4.60753517e+00 
 2.92528105e-02  5.00000000e+00  4.99869688e+00  4.60872265e+00 
 2.92628105e-02  5.00000000e+00  4.99870984e+00  4.60990655e+00 
 2.92728105e-02  5.00000000e+00  4.99872268e+00  4.61108686e+00 
 2.92828105e-02  5.00000000e+00  4.99873539e+00  4.61226360e+00 
 2.92928105e-02  5.00000000e+00  4.99874797e+00  4.61343678e+00 
 2.93028105e-02  5.00000000e+00  4.99876043e+00  4.61460642e+00 
 2.93128105e-02  5.00000000e+00  4.99877276e+00  4.61577251e+00 
 2.93228105e-02  5.00000000e+00  4.99878498e+00  4.61693507e+00 
 2.93328105e-02  5.00000000e+00  4.99879707e+00  4.61809412e+00 
 2.93428105e-02  5.00000000e+00  4.99880903e+00  4.61924966e+00 
 2.93528105e-02  5.00000000e+00  4.99882089e+00  4.62040170e+00 
 2.93628105e-02  5.00000000e+00  4.99883262e+00  4.62155026e+00 
 2.93728105e-02  5.00000000e+00  4.99884423e+00  4.62269534e+00 
 2.93828105e-02  5.00000000e+00  4.99885573e+00  4.62383696e+00 
 2.93928105e-02  5.00000000e+00  4.99886712e+00  4.62497512e+00 
 2.94028105e-02  5.00000000e+00  4.99887839e+00  4.62610984e+00 
 2.94128105e-02  5.00000000e+00  4.99888955e+00  4.62724113e+00 
 2.94228105e-02  5.00000000e+00  4.99890060e+00  4.62836899e+00 
 2.94328105e-02  5.00000000e+00  4.99891154e+00  4.62949344e+00 
 2.94428105e-02  5.00000000e+00  4.99892237e+00  4.63061449e+00 
 2.94528105e-02  5.00000000e+00  4.99893309e+00  4.63173215e+00 
 2.94628105e-02  5.00000000e+00  4.99894371e+00  4.63284642e+00 
 2.94728105e-02  5.00000000e+00  4.99895422e+00  4.63395733e+00 
 2.94828105e-02  5.00000000e+00  4.99896463e+00  4.63506487e+00 
 2.94928105e-02  5.00000000e+00  4.99897493e+00  4.63616906e+00 
 2.95028105e-02  5.00000000e+00  4.99898513e+00  4.63726991e+00 
 2.95128105e-02  5.00000000e+00  4.99899523e+00  4.63836743e+00 
 2.95228105e-02  5.00000000e+00  4.99900522e+00  4.63946163e+00 
 2.95328105e-02  5.00000000e+00  4.99901512e+00  4.64055252e+00 
 2.95428105e-02  5.00000000e+00  4.99902492e+00  4.64164010e+00 
 2.95528105e-02  5.00000000e+00  4.99903462e+00  4.64272440e+00 
 2.95628105e-02  5.00000000e+00  4.99904423e+00  4.64380541e+00 
 2.95728105e-02  5.00000000e+00  4.99905374e+00  4.64488316e+00 
 2.95828105e-02  5.00000000e+00  4.99906316e+00  4.64595764e+00 
 2.95928105e-02  5.00000000e+00  4.99907248e+00  4.64702888e+00 
 2.96028105e-02  5.00000000e+00  4.99908171e+00  4.64809687e+00 
 2.96128105e-02  5.00000000e+00  4.99909084e+00  4.64916163e+00 
 2.96228105e-02  5.00000000e+00  4.99909989e+00  4.65022316e+00 
 2.96328105e-02  5.00000000e+00  4.99910885e+00  4.65128149e+00 
 2.96428105e-02  5.00000000e+00  4.99911771e+00  4.65233662e+00 
 2.96528105e-02  5.00000000e+00  4.99912649e+00  4.65338855e+00 
 2.96628105e-02  5.00000000e+00  4.99913518e+00  4.65443730e+00 
 2.96728105e-02  5.00000000e+00  4.99914379e+00  4.65548287e+00 
 2.96828105e-02  5.00000000e+00  4.99915231e+00  4.65652528e+00 
 2.96928105e-02  5.00000000e+00  4.99916074e+00  4.65756454e+00 
 2.97028105e-02  5.00000000e+00  4.99916909e+00  4.65860065e+00 
 2.97128105e-02  5.00000000e+00  4.99917736e+00  4.65963363e+00 
 2.97228105e-02  5.00000000e+00  4.99918555e+00  4.66066349e+00 
 2.97328105e-02  5.00000000e+00  4.99919365e+00  4.66169022e+00 
 2.97428105e-02  5.00000000e+00  4.99920167e+00  4.66271385e+00 
 2.97528105e-02  5.00000000e+00  4.99920962e+00  4.66373439e+00 
 2.97628105e-02  5.00000000e+00  4.99921748e+00  4.66475183e+00 
 2.97728105e-02  5.00000000e+00  4.99922527e+00  4.66576620e+00 
 2.97828105e-02  5.00000000e+00  4.99923298e+00  4.66677749e+00 
 2.97928105e-02  5.00000000e+00  4.99924061e+00  4.66778573e+00 
 2.98028105e-02  5.00000000e+00  4.99924817e+00  4.66879092e+00 
 2.98128105e-02  5.00000000e+00  4.99925565e+00  4.66979306e+00 
 2.98228105e-02  5.00000000e+00  4.99926305e+00  4.67079218e+00 
 2.98328105e-02  5.00000000e+00  4.99927039e+00  4.67178827e+00 
 2.98428105e-02  5.00000000e+00  4.99927765e+00  4.67278134e+00 
 2.98528105e-02  5.00000000e+00  4.99928483e+00  4.67377142e+00 
 2.98628105e-02  5.00000000e+00  4.99929195e+00  4.67475849e+00 
 2.98728105e-02  5.00000000e+00  4.99929900e+00  4.67574258e+00 
 2.98828105e-02  5.00000000e+00  4.99930597e+00  4.67672369e+00 
 2.98928105e-02  5.00000000e+00  4.99931288e+00  4.67770184e+00 
 2.99028105e-02  5.00000000e+00  4.99931971e+00  4.67867702e+00 
 2.99128105e-02  5.00000000e+00  4.99932648e+00  4.67964925e+00 
 2.99228105e-02  5.00000000e+00  4.99933318e+00  4.68061854e+00 
 2.99328105e-02  5.00000000e+00  4.99933982e+00  4.68158490e+00 
 2.99428105e-02  5.00000000e+00  4.99934639e+00  4.68254834e+00 
 2.99528105e-02  5.00000000e+00  4.99935289e+00  4.68350886e+00 
 2.99628105e-02  5.00000000e+00  4.99935933e+00  4.68446647e+00 
 2.99728105e-02  5.00000000e+00  4.99936571e+00  4.68542118e+00 
 2.99828105e-02  5.00000000e+00  4.99937202e+00  4.68637301e+00 
 2.99928105e-02  5.00000000e+00  4.99937827e+00  4.68732196e+00 
 3.00028105e-02  5.00000000e+00  4.99938445e+00  4.68826803e+00 
 3.00128105e-02  5.00000000e+00  4.99939058e+00  4.68921125e+00 
 3.00228105e-02  5.00000000e+00  4.99939664e+00  4.69015161e+00 
 3.00328105e-02  5.00000000e+00  4.99940264e+00  4.69108912e+00 
 3.00428105e-02  5.00000000e+00  4.99940859e+00  4.69202380e+00 
 3.00528105e-02  5.00000000e+00  4.99941447e+00  4.69295565e+00 
 3.00628105e-02  5.00000000e+00  4.99942030e+00  4.69388468e+00 
 3.00728105e-02  5.00000000e+00  4.99942607e+00  4.69481090e+00 
 3.00828105e-02  5.00000000e+00  4.99943178e+00  4.69573431e+00 
 3.00928105e-02  5.00000000e+00  4.99943743e+00  4.69665494e+00 
 3.01028105e-02  5.00000000e+00  4.99944303e+00  4.69757277e+00 
 3.01128105e-02  5.00000000e+00  4.99944857e+00  4.69848783e+00 
 3.01228105e-02  5.00000000e+00  4.99945406e+00  4.69940012e+00 
 3.01328105e-02  5.00000000e+00  4.99945949e+00  4.70030965e+00 
 3.01428105e-02  5.00000000e+00  4.99946487e+00  4.70121643e+00 
 3.01528105e-02  5.00000000e+00  4.99947019e+00  4.70212047e+00 
 3.01628105e-02  5.00000000e+00  4.99947546e+00  4.70302177e+00 
 3.01728105e-02  5.00000000e+00  4.99948068e+00  4.70392034e+00 
 3.01828105e-02  5.00000000e+00  4.99948585e+00  4.70481619e+00 
 3.01928105e-02  5.00000000e+00  4.99949097e+00  4.70570934e+00 
 3.02028105e-02  5.00000000e+00  4.99949603e+00  4.70659978e+00 
 3.02128105e-02  5.00000000e+00  4.99950105e+00  4.70748752e+00 
 3.02228105e-02  5.00000000e+00  4.99950601e+00  4.70837258e+00 
 3.02328105e-02  5.00000000e+00  4.99951093e+00  4.70925497e+00 
 3.02428105e-02  5.00000000e+00  4.99951579e+00  4.71013468e+00 
 3.02528105e-02  5.00000000e+00  4.99952061e+00  4.71101173e+00 
 3.02628105e-02  5.00000000e+00  4.99952538e+00  4.71188613e+00 
 3.02728105e-02  5.00000000e+00  4.99953010e+00  4.71275788e+00 
 3.02828105e-02  5.00000000e+00  4.99953478e+00  4.71362699e+00 
 3.02928105e-02  5.00000000e+00  4.99953941e+00  4.71449348e+00 
 3.03028105e-02  5.00000000e+00  4.99954399e+00  4.71535734e+00 
 3.03128105e-02  5.00000000e+00  4.99954853e+00  4.71621859e+00 
 3.03228105e-02  5.00000000e+00  4.99955302e+00  4.71707723e+00 
 3.03328105e-02  5.00000000e+00  4.99955747e+00  4.71793327e+00 
 3.03428105e-02  5.00000000e+00  4.99956187e+00  4.71878673e+00 
 3.03528105e-02  5.00000000e+00  4.99956623e+00  4.71963760e+00 
 3.03628105e-02  5.00000000e+00  4.99957055e+00  4.72048590e+00 
 3.03728105e-02  5.00000000e+00  4.99957482e+00  4.72133163e+00 
 3.03828105e-02  5.00000000e+00  4.99957905e+00  4.72217480e+00 
 3.03928105e-02  5.00000000e+00  4.99958324e+00  4.72301542e+00 
 3.04028105e-02  5.00000000e+00  4.99958739e+00  4.72385350e+00 
 3.04128105e-02  5.00000000e+00  4.99959149e+00  4.72468904e+00 
 3.04228105e-02  5.00000000e+00  4.99959556e+00  4.72552206e+00 
 3.04328105e-02  5.00000000e+00  4.99959958e+00  4.72635255e+00 
 3.04428105e-02  5.00000000e+00  4.99960357e+00  4.72718053e+00 
 3.04528105e-02  5.00000000e+00  4.99960751e+00  4.72800600e+00 
 3.04628105e-02  5.00000000e+00  4.99961142e+00  4.72882898e+00 
 3.04728105e-02  5.00000000e+00  4.99961528e+00  4.72964947e+00 
 3.04828105e-02  5.00000000e+00  4.99961911e+00  4.73046747e+00 
 3.04928105e-02  5.00000000e+00  4.99962290e+00  4.73128300e+00 
 3.05028105e-02  5.00000000e+00  4.99962665e+00  4.73209606e+00 
 3.05128105e-02  5.00000000e+00  4.99963037e+00  4.73290667e+00 
 3.05228105e-02  5.00000000e+00  4.99963405e+00  4.73371482e+00 
 3.05328105e-02  5.00000000e+00  4.99963769e+00  4.73452052e+00 
 3.05428105e-02  5.00000000e+00  4.99964129e+00  4.73532379e+00 
 3.05528105e-02  5.00000000e+00  4.99964486e+00  4.73612462e+00 
 3.05628105e-02  5.00000000e+00  4.99964839e+00  4.73692303e+00 
 3.05728105e-02  5.00000000e+00  4.99965189e+00  4.73771903e+00 
 3.05828105e-02  5.00000000e+00  4.99965536e+00  4.73851262e+00 
 3.05928105e-02  5.00000000e+00  4.99965879e+00  4.73930381e+00 
 3.06028105e-02  5.00000000e+00  4.99966218e+00  4.74009260e+00 
 3.06128105e-02  5.00000000e+00  4.99966554e+00  4.74087901e+00 
 3.06228105e-02  5.00000000e+00  4.99966887e+00  4.74166303e+00 
 3.06328105e-02  5.00000000e+00  4.99967217e+00  4.74244469e+00 
 3.06428105e-02  5.00000000e+00  4.99967543e+00  4.74322398e+00 
 3.06528105e-02  5.00000000e+00  4.99967866e+00  4.74400091e+00 
 3.06628105e-02  5.00000000e+00  4.99968185e+00  4.74477549e+00 
 3.06728105e-02  5.00000000e+00  4.99968502e+00  4.74554773e+00 
 3.06828105e-02  5.00000000e+00  4.99968815e+00  4.74631763e+00 
 3.06928105e-02  5.00000000e+00  4.99969126e+00  4.74708520e+00 
 3.07028105e-02  5.00000000e+00  4.99969433e+00  4.74785045e+00 
 3.07128105e-02  5.00000000e+00  4.99969737e+00  4.74861338e+00 
 3.07228105e-02  5.00000000e+00  4.99970038e+00  4.74937401e+00 
 3.07328105e-02  5.00000000e+00  4.99970336e+00  4.75013233e+00 
 3.07428105e-02  5.00000000e+00  4.99970632e+00  4.75088836e+00 
 3.07528105e-02  5.00000000e+00  4.99970924e+00  4.75164210e+00 
 3.07628105e-02  5.00000000e+00  4.99971213e+00  4.75239357e+00 
 3.07728105e-02  5.00000000e+00  4.99971499e+00  4.75314275e+00 
 3.07828105e-02  5.00000000e+00  4.99971783e+00  4.75388967e+00 
 3.07928105e-02  5.00000000e+00  4.99972064e+00  4.75463433e+00 
 3.08028105e-02  5.00000000e+00  4.99972342e+00  4.75537674e+00 
 3.08128105e-02  5.00000000e+00  4.99972617e+00  4.75611690e+00 
 3.08228105e-02  5.00000000e+00  4.99972889e+00  4.75685482e+00 
 3.08328105e-02  5.00000000e+00  4.99973159e+00  4.75759051e+00 
 3.08428105e-02  5.00000000e+00  4.99973426e+00  4.75832398e+00 
 3.08528105e-02  5.00000000e+00  4.99973691e+00  4.75905522e+00 
 3.08628105e-02  5.00000000e+00  4.99973953e+00  4.75978425e+00 
 3.08728105e-02  5.00000000e+00  4.99974212e+00  4.76051108e+00 
 3.08828105e-02  5.00000000e+00  4.99974468e+00  4.76123570e+00 
 3.08928105e-02  5.00000000e+00  4.99974722e+00  4.76195814e+00 
 3.09028105e-02  5.00000000e+00  4.99974974e+00  4.76267838e+00 
 3.09128105e-02  5.00000000e+00  4.99975223e+00  4.76339645e+00 
 3.09228105e-02  5.00000000e+00  4.99975469e+00  4.76411235e+00 
 3.09328105e-02  5.00000000e+00  4.99975713e+00  4.76482608e+00 
 3.09428105e-02  5.00000000e+00  4.99975955e+00  4.76553765e+00 
 3.09528105e-02  5.00000000e+00  4.99976194e+00  4.76624706e+00 
 3.09628105e-02  5.00000000e+00  4.99976431e+00  4.76695434e+00 
 3.09728105e-02  5.00000000e+00  4.99976666e+00  4.76765947e+00 
 3.09828105e-02  5.00000000e+00  4.99976898e+00  4.76836246e+00 
 3.09919052e-02  5.00000000e+00  4.99977107e+00  4.76899997e+00 
 3.10010000e-02  5.00000000e+00  4.99977314e+00  4.76963573e+00 
 3.10011000e-02  4.50000000e+00  4.99972317e+00  4.76962756e+00 
 3.10013000e-02  3.50000000e+00  4.99952325e+00  4.76958092e+00 
 3.10016500e-02  1.75000000e+00  4.99869231e+00  4.76935347e+00 
 3.10020000e-02  0.00000000e+00  4.99724927e+00  4.76894046e+00 
 3.10020700e-02  0.00000000e+00  4.99689949e+00  4.76883930e+00 
 3.10022100e-02  0.00000000e+00  4.99619997e+00  4.76863699e+00 
 3.10024900e-02  0.00000000e+00  4.99480123e+00  4.76823240e+00 
 3.10030500e-02  0.00000000e+00  4.99200492e+00  4.76742331e+00 
 3.10041700e-02  0.00000000e+00  4.98641701e+00  4.76580555e+00 
 3.10064100e-02  0.00000000e+00  4.97525993e+00  4.76257168e+00 
 3.10108900e-02  0.00000000e+00  4.95302058e+00  4.75611051e+00 
 3.10198500e-02  0.00000000e+00  4.90883945e+00  4.74321446e+00 
 3.10298500e-02  0.00000000e+00  4.85999527e+00  4.72886283e+00 
 3.10398500e-02  0.00000000e+00  4.81163711e+00  4.71455462e+00 
 3.10498500e-02  0.00000000e+00  4.76376013e+00  4.70028970e+00 
 3.10598500e-02  0.00000000e+00  4.71635953e+00  4.68606795e+00 
 3.10698500e-02  0.00000000e+00  4.66943058e+00  4.67188922e+00 
 3.10798500e-02  0.00000000e+00  4.62296858e+00  4.65775340e+00 
 3.10898500e-02  0.00000000e+00  4.57696889e+00  4.64366035e+00 
 3.10998500e-02  0.00000000e+00  4.53142692e+00  4.62960994e+00 
 3.11098500e-02  0.00000000e+00  4.48633809e+00  4.61560204e+00 
 3.11198500e-02  0.00000000e+00  4.44169791e+00  4.60163653e+00 
 3.11298500e-02  0.00000000e+00  4.39750191e+00  4.58771327e+00 
 3.11398500e-02  0.00000000e+00  4.35374567e+00  4.57383215e+00 
 3.11498500e-02  0.00000000e+00  4.31042482e+00  4.55999302e+00 
 3.11598500e-02  0.00000000e+00  4.26753502e+00  4.54619576e+00 
 3.11698500e-02  0.00000000e+00  4.22507199e+00  4.53244025e+00 
 3.11798500e-02  0.00000000e+00  4.18303147e+00  4.51872636e+00 
 3.11898500e-02  0.00000000e+00  4.14140927e+00  4.50505397e+00 
 3.11998500e-02  0.00000000e+00  4.10020121e+00  4.49142294e+00 
 3.12098500e-02  0.00000000e+00  4.05940319e+00  4.47783316e+00 
 3.12198500e-02  0.00000000e+00  4.01901112e+00  4.46428450e+00 
 3.12298500e-02  0.00000000e+00  3.97902096e+00  4.45077683e+00 
 3.12398500e-02  0.00000000e+00  3.93942871e+00  4.43731003e+00 
 3.12498500e-02  0.00000000e+00  3.90023042e+00  4.42388398e+00 
 3.12598500e-02  0.00000000e+00  3.86142215e+00  4.41049855e+00 
 3.12698500e-02  0.00000000e+00  3.82300004e+00  4.39715362e+00 
 3.12798500e-02  0.00000000e+00  3.78496024e+00  4.38384907e+00 
 3.12898500e-02  0.00000000e+00  3.74729894e+00  4.37058478e+00 
 3.12998500e-02  0.00000000e+00  3.71001239e+00  4.35736062e+00 
 3.13098500e-02  0.00000000e+00  3.67309684e+00  4.34417647e+00 
 3.13198500e-02  0.00000000e+00  3.63654861e+00  4.33103222e+00 
 3.13298500e-02  0.00000000e+00  3.60036405e+00  4.31792773e+00 
 3.13398500e-02  0.00000000e+00  3.56453953e+00  4.30486290e+00 
 3.13498500e-02  0.00000000e+00  3.52907148e+00  4.29183759e+00 
 3.13598500e-02  0.00000000e+00  3.49395634e+00  4.27885170e+00 
 3.13698500e-02  0.00000000e+00  3.45919060e+00  4.26590510e+00 
 3.13798500e-02  0.00000000e+00  3.42477080e+00  4.25299767e+00 
 3.13898500e-02  0.00000000e+00  3.39069348e+00  4.24012930e+00 
 3.13998500e-02  0.00000000e+00  3.35695523e+00  4.22729986e+00 
 3.14098500e-02  0.00000000e+00  3.32355269e+00  4.21450924e+00 
 3.14198500e-02  0.00000000e+00  3.29048252e+00  4.20175732e+00 
 3.14298500e-02  0.00000000e+00  3.25774140e+00  4.18904399e+00 
 3.14398500e-02  0.00000000e+00  3.22532606e+00  4.17636912e+00 
 3.14498500e-02  0.00000000e+00  3.19323326e+00  4.16373260e+00 
 3.14598500e-02  0.00000000e+00  3.16145980e+00  4.15113432e+00 
 3.14698500e-02  0.00000000e+00  3.13000249e+00  4.13857415e+00 
 3.14798500e-02  0.00000000e+00  3.09885818e+00  4.12605199e+00 
 3.14898500e-02  0.00000000e+00  3.06802377e+00  4.11356772e+00 
 3.14998500e-02  0.00000000e+00  3.03749617e+00  4.10112122e+00 
 3.15098500e-02  0.00000000e+00  3.00727233e+00  4.08871238e+00 
 3.15198500e-02  0.00000000e+00  2.97734922e+00  4.07634109e+00 
 3.15298500e-02  0.00000000e+00  2.94772386e+00  4.06400723e+00 
 3.15398500e-02  0.00000000e+00  2.91839327e+00  4.05171069e+00 
 3.15498500e-02  0.00000000e+00  2.88935453e+00  4.03945135e+00 
 3.15598500e-02  0.00000000e+00  2.86060474e+00  4.02722911e+00 
 3.15698500e-02  0.00000000e+00  2.83214101e+00  4.01504384e+00 
 3.15798500e-02  0.00000000e+00  2.80396050e+00  4.00289545e+00 
 3.15898500e-02  0.00000000e+00  2.77606040e+00  3.99078382e+00 
 3.15998500e-02  0.00000000e+00  2.74843790e+00  3.97870883e+00 
 3.16098500e-02  0.00000000e+00  2.72109026e+00  3.96667037e+00 
 3.16198500e-02  0.00000000e+00  2.69401474e+00  3.95466835e+00 
 3.16298500e-02  0.00000000e+00  2.66720862e+00  3.94270263e+00 
 3.16398500e-02  0.00000000e+00  2.64066923e+00  3.93077312e+00 
 3.16498500e-02  0.00000000e+00  2.61439392e+00  3.91887971e+00 
 3.16598500e-02  0.00000000e+00  2.58838005e+00  3.90702228e+00 
 3.16698500e-02  0.00000000e+00  2.56262502e+00  3.89520073e+00 
 3.16798500e-02  0.00000000e+00  2.53712627e+00  3.88341495e+00 
 3.16898500e-02  0.00000000e+00  2.51188123e+00  3.87166483e+00 
 3.16998500e-02  0.00000000e+00  2.48688738e+00  3.85995026e+00 
 3.17098500e-02  0.00000000e+00  2.46214224e+00  3.84827114e+00 
 3.17198500e-02  0.00000000e+00  2.43764331e+00  3.83662735e+00 
 3.17298500e-02  0.00000000e+00  2.41338815e+00  3.82501880e+00 
 3.17398500e-02  0.00000000e+00  2.38937434e+00  3.81344537e+00 
 3.17498500e-02  0.00000000e+00  2.36559947e+00  3.80190695e+00 
 3.17598500e-02  0.00000000e+00  2.34206117e+00  3.79040345e+00 
 3.17698500e-02  0.00000000e+00  2.31875708e+00  3.77893476e+00 
 3.17798500e-02  0.00000000e+00  2.29568487e+00  3.76750077e+00 
 3.17898500e-02  0.00000000e+00  2.27284223e+00  3.75610137e+00 
 3.17998500e-02  0.00000000e+00  2.25022688e+00  3.74473646e+00 
 3.18098500e-02  0.00000000e+00  2.22783657e+00  3.73340594e+00 
 3.18198500e-02  0.00000000e+00  2.20566904e+00  3.72210971e+00 
 3.18298500e-02  0.00000000e+00  2.18372208e+00  3.71084765e+00 
 3.18398500e-02  0.00000000e+00  2.16199351e+00  3.69961967e+00 
 3.18498500e-02  0.00000000e+00  2.14048113e+00  3.68842566e+00 
 3.18598500e-02  0.00000000e+00  2.11918281e+00  3.67726553e+00 
 3.18698500e-02  0.00000000e+00  2.09809642e+00  3.66613915e+00 
 3.18798500e-02  0.00000000e+00  2.07721984e+00  3.65504645e+00 
 3.18898500e-02  0.00000000e+00  2.05655098e+00  3.64398731e+00 
 3.18998500e-02  0.00000000e+00  2.03608779e+00  3.63296163e+00 
 3.19098500e-02  0.00000000e+00  2.01582821e+00  3.62196931e+00 
 3.19198500e-02  0.00000000e+00  1.99577022e+00  3.61101025e+00 
 3.19298500e-02  0.00000000e+00  1.97591181e+00  3.60008435e+00 
 3.19398500e-02  0.00000000e+00  1.95625099e+00  3.58919150e+00 
 3.19498500e-02  0.00000000e+00  1.93678581e+00  3.57833162e+00 
 3.19598500e-02  0.00000000e+00  1.91751431e+00  3.56750460e+00 
 3.19698500e-02  0.00000000e+00  1.89843456e+00  3.55671033e+00 
 3.19798500e-02  0.00000000e+00  1.87954467e+00  3.54594873e+00 
 3.19898500e-02  0.00000000e+00  1.86084273e+00  3.53521968e+00 
 3.19998500e-02  0.00000000e+00  1.84232688e+00  3.52452310e+00 
 3.20098500e-02  0.00000000e+00  1.82399527e+00  3.51385889e+00 
 3.20198500e-02  0.00000000e+00  1.80584606e+00  3.50322694e+00 
 3.20298500e-02  0.00000000e+00  1.78787745e+00  3.49262716e+00 
 3.20398500e-02  0.00000000e+00  1.77008762e+00  3.48205945e+00 
 3.20498500e-02  0.00000000e+00  1.75247481e+00  3.47152372e+00 
 3.20598500e-02  0.00000000e+00  1.73503725e+00  3.46101987e+00 
 3.20698500e-02  0.00000000e+00  1.71777320e+00  3.45054780e+00 
 3.20798500e-02  0.00000000e+00  1.70068093e+00  3.44010741e+00 
 3.20898500e-02  0.00000000e+00  1.68375873e+00  3.42969861e+00 
 3.20998500e-02  0.00000000e+00  1.66700491e+00  3.41932131e+00 
 3.21098500e-02  0.00000000e+00  1.65041780e+00  3.40897541e+00 
 3.21198500e-02  0.00000000e+00  1.63399573e+00  3.39866080e+00 
 3.21298500e-02  0.00000000e+00  1.61773706e+00  3.38837741e+00 
 3.21398500e-02  0.00000000e+00  1.60164018e+00  3.37812514e+00 
 3.21498500e-02  0.00000000e+00  1.58570346e+00  3.36790388e+00 
 3.21598500e-02  0.00000000e+00  1.56992532e+00  3.35771355e+00 
 3.21698500e-02  0.00000000e+00  1.55430417e+00  3.34755406e+00 
 3.21798500e-02  0.00000000e+00  1.53883846e+00  3.33742530e+00 
 3.21898500e-02  0.00000000e+00  1.52352663e+00  3.32732719e+00 
 3.21998500e-02  0.00000000e+00  1.50836716e+00  3.31725963e+00 
 3.22098500e-02  0.00000000e+00  1.49335853e+00  3.30722254e+00 
 3.22198500e-02  0.00000000e+00  1.47849924e+00  3.29721581e+00 
 3.22298500e-02  0.00000000e+00  1.46378781e+00  3.28723937e+00 
 3.22398500e-02  0.00000000e+00  1.44922276e+00  3.27729311e+00 
 3.22498500e-02  0.00000000e+00  1.43480263e+00  3.26737694e+00 
 3.22598500e-02  0.00000000e+00  1.42052599e+00  3.25749078e+00 
 3.22698500e-02  0.00000000e+00  1.40639140e+00  3.24763453e+00 
 3.22798500e-02  0.00000000e+00  1.39239745e+00  3.23780810e+00 
 3.22898500e-02  0.00000000e+00  1.37854275e+00  3.22801140e+00 
 3.22998500e-02  0.00000000e+00  1.36482591e+00  3.21824435e+00 
 3.23098500e-02  0.00000000e+00  1.35124555e+00  3.20850684e+00 
 3.23198500e-02  0.00000000e+00  1.33780032e+00  3.19879881e+00 
 3.23298500e-02  0.00000000e+00  1.32448888e+00  3.18912014e+00 
 3.23398500e-02  0.00000000e+00  1.31130988e+00  3.17947076e+00 
 3.23498500e-02  0.00000000e+00  1.29826202e+00  3.16985058e+00 
 3.23598500e-02  0.00000000e+00  1.28534399e+00  3.16025950e+00 
 3.23698500e-02  0.00000000e+00  1.27255450e+00  3.15069744e+00 
 3.23798500e-02  0.00000000e+00  1.25989227e+00  3.14116432e+00 
 3.23898500e-02  0.00000000e+00  1.24735603e+00  3.13166004e+00 
 3.23998500e-02  0.00000000e+00  1.23494452e+00  3.12218452e+00 
 3.24098500e-02  0.00000000e+00  1.22265652e+00  3.11273767e+00 
 3.24198500e-02  0.00000000e+00  1.21049078e+00  3.10331940e+00 
 3.24298500e-02  0.00000000e+00  1.19844610e+00  3.09392963e+00 
 3.24398500e-02  0.00000000e+00  1.18652126e+00  3.08456827e+00 
 3.24498500e-02  0.00000000e+00  1.17471508e+00  3.07523523e+00 
 3.24598500e-02  0.00000000e+00  1.16302637e+00  3.06593044e+00 
 3.24698500e-02  0.00000000e+00  1.15145397e+00  3.05665379e+00 
 3.24798500e-02  0.00000000e+00  1.13999672e+00  3.04740522e+00 
 3.24898500e-02  0.00000000e+00  1.12865347e+00  3.03818463e+00 
 3.24998500e-02  0.00000000e+00  1.11742308e+00  3.02899194e+00 
 3.25098500e-02  0.00000000e+00  1.10630445e+00  3.01982706e+00 
 3.25198500e-02  0.00000000e+00  1.09529644e+00  3.01068991e+00 
 3.25298500e-02  0.00000000e+00  1.08439797e+00  3.00158041e+00 
 3.25398500e-02  0.00000000e+00  1.07360794e+00  2.99249847e+00 
 3.25498500e-02  0.00000000e+00  1.06292527e+00  2.98344402e+00 
 3.25598500e-02  0.00000000e+00  1.05234890e+00  2.97441695e+00 
 3.25698500e-02  0.00000000e+00  1.04187777e+00  2.96541720e+00 
 3.25798500e-02  0.00000000e+00  1.03151083e+00  2.95644469e+00 
 3.25898500e-02  0.00000000e+00  1.02124704e+00  2.94749932e+00 
 3.25998500e-02  0.00000000e+00  1.01108537e+00  2.93858101e+00 
 3.26098500e-02  0.00000000e+00  1.00102482e+00  2.92968969e+00 
 3.26198500e-02  0.00000000e+00  9.91064377e-01  2.92082528e+00 
 3.26298500e-02  0.00000000e+00  9.81203040e-01  2.91198768e+00 
 3.26398500e-02  0.00000000e+00  9.71439826e-01  2.90317683e+00 
 3.26498500e-02  0.00000000e+00  9.61773758e-01  2.89439263e+00 
 3.26598500e-02  0.00000000e+00  9.52203870e-01  2.88563501e+00 
 3.26698500e-02  0.00000000e+00  9.42729205e-01  2.87690389e+00 
 3.26798500e-02  0.00000000e+00  9.33348814e-01  2.86819919e+00 
 3.26898500e-02  0.00000000e+00  9.24061762e-01  2.85952083e+00 
 3.26998500e-02  0.00000000e+00  9.14867117e-01  2.85086872e+00 
 3.27098500e-02  0.00000000e+00  9.05763962e-01  2.84224280e+00 
 3.27198500e-02  0.00000000e+00  8.96751385e-01  2.83364297e+00 
 3.27298500e-02  0.00000000e+00  8.87828486e-01  2.82506916e+00 
 3.27398500e-02  0.00000000e+00  8.78994371e-01  2.81652130e+00 
 3.27498500e-02  0.00000000e+00  8.70248159e-01  2.80799930e+00 
 3.27598500e-02  0.00000000e+00  8.61588973e-01  2.79950308e+00 
 3.27698500e-02  0.00000000e+00  8.53015949e-01  2.79103257e+00 
 3.27798500e-02  0.00000000e+00  8.44528228e-01  2.78258769e+00 
 3.27898500e-02  0.00000000e+00  8.36124962e-01  2.77416837e+00 
 3.27998500e-02  0.00000000e+00  8.27805310e-01  2.76577451e+00 
 3.28098500e-02  0.00000000e+00  8.19568442e-01  2.75740606e+00 
 3.28198500e-02  0.00000000e+00  8.11413532e-01  2.74906292e+00 
 3.28298500e-02  0.00000000e+00  8.03339765e-01  2.74074503e+00 
 3.28398500e-02  0.00000000e+00  7.95346335e-01  2.73245231e+00 
 3.28498500e-02  0.00000000e+00  7.87432441e-01  2.72418468e+00 
 3.28598500e-02  0.00000000e+00  7.79597292e-01  2.71594206e+00 
 3.28698500e-02  0.00000000e+00  7.71840105e-01  2.70772439e+00 
 3.28798500e-02  0.00000000e+00  7.64160104e-01  2.69953157e+00 
 3.28898500e-02  0.00000000e+00  7.56556521e-01  2.69136355e+00 
 3.28998500e-02  0.00000000e+00  7.49028595e-01  2.68322024e+00 
 3.29098500e-02  0.00000000e+00  7.41575575e-01  2.67510157e+00 
 3.29198500e-02  0.00000000e+00  7.34196713e-01  2.66700747e+00 
 3.29298500e-02  0.00000000e+00  7.26891273e-01  2.65893785e+00 
 3.29398500e-02  0.00000000e+00  7.19658524e-01  2.65089266e+00 
 3.29498500e-02  0.00000000e+00  7.12497743e-01  2.64287180e+00 
 3.29598500e-02  0.00000000e+00  7.05408213e-01  2.63487521e+00 
 3.29698500e-02  0.00000000e+00  6.98389226e-01  2.62690282e+00 
 3.29798500e-02  0.00000000e+00  6.91440079e-01  2.61895455e+00 
 3.29898500e-02  0.00000000e+00  6.84560079e-01  2.61103033e+00 
 3.29998500e-02  0.00000000e+00  6.77748536e-01  2.60313009e+00 
 3.30098500e-02  0.00000000e+00  6.71004769e-01  2.59525375e+00 
 3.30198500e-02  0.00000000e+00  6.64328105e-01  2.58740125e+00 
 3.30298500e-02  0.00000000e+00  6.57717875e-01  2.57957250e+00 
 3.30398500e-02  0.00000000e+00  6.51173418e-01  2.57176744e+00 
 3.30498500e-02  0.00000000e+00  6.44694081e-01  2.56398599e+00 
 3.30598500e-02  0.00000000e+00  6.38279214e-01  2.55622809e+00 
 3.30698500e-02  0.00000000e+00  6.31928177e-01  2.54849366e+00 
 3.30798500e-02  0.00000000e+00  6.25640335e-01  2.54078264e+00 
 3.30898500e-02  0.00000000e+00  6.19415058e-01  2.53309495e+00 
 3.30998500e-02  0.00000000e+00  6.13251724e-01  2.52543051e+00 
 3.31098500e-02  0.00000000e+00  6.07149717e-01  2.51778927e+00 
 3.31198500e-02  0.00000000e+00  6.01108426e-01  2.51017115e+00 
 3.31298500e-02  0.00000000e+00  5.95127248e-01  2.50257608e+00 
 3.31398500e-02  0.00000000e+00  5.89205583e-01  2.49500399e+00 
 3.31498500e-02  0.00000000e+00  5.83342841e-01  2.48745481e+00 
 3.31598500e-02  0.00000000e+00  5.77538435e-01  2.47992847e+00 
 3.31698500e-02  0.00000000e+00  5.71791784e-01  2.47242490e+00 
 3.31798500e-02  0.00000000e+00  5.66102313e-01  2.46494404e+00 
 3.31898500e-02  0.00000000e+00  5.60469455e-01  2.45748581e+00 
 3.31998500e-02  0.00000000e+00  5.54892644e-01  2.45005015e+00 
 3.32098500e-02  0.00000000e+00  5.49371324e-01  2.44263699e+00 
 3.32198500e-02  0.00000000e+00  5.43904943e-01  2.43524626e+00 
 3.32298500e-02  0.00000000e+00  5.38492953e-01  2.42787789e+00 
 3.32398500e-02  0.00000000e+00  5.33134815e-01  2.42053181e+00 
 3.32498500e-02  0.00000000e+00  5.27829991e-01  2.41320797e+00 
 3.32598500e-02  0.00000000e+00  5.22577951e-01  2.40590628e+00 
 3.32698500e-02  0.00000000e+00  5.17378170e-01  2.39862668e+00 
 3.32798500e-02  0.00000000e+00  5.12230129e-01  2.39136911e+00 
 3.32898500e-02  0.00000000e+00  5.07133312e-01  2.38413350e+00 
 3.32998500e-02  0.00000000e+00  5.02087209e-01  2.37691979e+00 
 3.33098500e-02  0.00000000e+00  4.97091316e-01  2.36972790e+00 
 3.33198500e-02  0.00000000e+00  4.92145134e-01  2.36255777e+00 
 3.33298500e-02  0.00000000e+00  4.87248168e-01  2.35540933e+00 
 3.33398500e-02  0.00000000e+00  4.82399927e-01  2.34828252e+00 
 3.33498500e-02  0.00000000e+00  4.77599928e-01  2.34117728e+00 
 3.33598500e-02  0.00000000e+00  4.72847690e-01  2.33409354e+00 
 3.33698500e-02  0.00000000e+00  4.68142738e-01  2.32703123e+00 
 3.33798500e-02  0.00000000e+00  4.63484601e-01  2.31999029e+00 
 3.33898500e-02  0.00000000e+00  4.58872814e-01  2.31297065e+00 
 3.33998500e-02  0.00000000e+00  4.54306915e-01  2.30597225e+00 
 3.34098500e-02  0.00000000e+00  4.49786448e-01  2.29899503e+00 
 3.34198500e-02  0.00000000e+00  4.45310961e-01  2.29203892e+00 
 3.34298500e-02  0.00000000e+00  4.40880006e-01  2.28510385e+00 
 3.34398500e-02  0.00000000e+00  4.36493141e-01  2.27818977e+00 
 3.34498500e-02  0.00000000e+00  4.32149925e-01  2.27129661e+00 
 3.34598500e-02  0.00000000e+00  4.27849926e-01  2.26442430e+00 
 3.34698500e-02  0.00000000e+00  4.23592713e-01  2.25757279e+00 
 3.34798500e-02  0.00000000e+00  4.19377860e-01  2.25074201e+00 
 3.34898500e-02  0.00000000e+00  4.15204946e-01  2.24393190e+00 
 3.34998500e-02  0.00000000e+00  4.11073554e-01  2.23714240e+00 
 3.35098500e-02  0.00000000e+00  4.06983269e-01  2.23037343e+00 
 3.35198500e-02  0.00000000e+00  4.02933685e-01  2.22362495e+00 
 3.35298500e-02  0.00000000e+00  3.98924394e-01  2.21689689e+00 
 3.35398500e-02  0.00000000e+00  3.94954997e-01  2.21018918e+00 
 3.35498500e-02  0.00000000e+00  3.91025097e-01  2.20350177e+00 
 3.35598500e-02  0.00000000e+00  3.87134300e-01  2.19683459e+00 
 3.35698500e-02  0.00000000e+00  3.83282217e-01  2.19018759e+00 
 3.35798500e-02  0.00000000e+00  3.79468464e-01  2.18356070e+00 
 3.35898500e-02  0.00000000e+00  3.75692658e-01  2.17695386e+00 
 3.35998500e-02  0.00000000e+00  3.71954423e-01  2.17036701e+00 
 3.36098500e-02  0.00000000e+00  3.68253384e-01  2.16380009e+00 
 3.36198500e-02  0.00000000e+00  3.64589171e-01  2.15725304e+00 
 3.36298500e-02  0.00000000e+00  3.60961418e-01  2.15072580e+00 
 3.36398500e-02  0.00000000e+00  3.57369762e-01  2.14421831e+00 
 3.36498500e-02  0.00000000e+00  3.53813844e-01  2.13773051e+00 
 3.36598500e-02  0.00000000e+00  3.50293308e-01  2.13126233e+00 
 3.36698500e-02  0.00000000e+00  3.46807803e-01  2.12481373e+00 
 3.36798500e-02  0.00000000e+00  3.43356979e-01  2.11838465e+00 
 3.36898500e-02  0.00000000e+00  3.39940492e-01  2.11197501e+00 
 3.36998500e-02  0.00000000e+00  3.36557999e-01  2.10558477e+00 
 3.37098500e-02  0.00000000e+00  3.33209163e-01  2.09921386e+00 
 3.37198500e-02  0.00000000e+00  3.29893649e-01  2.09286223e+00 
 3.37298500e-02  0.00000000e+00  3.26611125e-01  2.08652982e+00 
 3.37398500e-02  0.00000000e+00  3.23361263e-01  2.08021657e+00 
 3.37498500e-02  0.00000000e+00  3.20143738e-01  2.07392242e+00 
 3.37598500e-02  0.00000000e+00  3.16958229e-01  2.06764731e+00 
 3.37698500e-02  0.00000000e+00  3.13804415e-01  2.06139119e+00 
 3.37798500e-02  0.00000000e+00  3.10681983e-01  2.05515400e+00 
 3.37898500e-02  0.00000000e+00  3.07590620e-01  2.04893568e+00 
 3.37998500e-02  0.00000000e+00  3.04530017e-01  2.04273618e+00 
 3.38098500e-02  0.00000000e+00  3.01499868e-01  2.03655544e+00 
 3.38198500e-02  0.00000000e+00  2.98499869e-01  2.03039339e+00 
 3.38298500e-02  0.00000000e+00  2.95529721e-01  2.02424999e+00 
 3.38398500e-02  0.00000000e+00  2.92589127e-01  2.01812518e+00 
 3.38498500e-02  0.00000000e+00  2.89677792e-01  2.01201890e+00 
 3.38598500e-02  0.00000000e+00  2.86795426e-01  2.00593110e+00 
 3.38698500e-02  0.00000000e+00  2.83941740e-01  1.99986172e+00 
 3.38798500e-02  0.00000000e+00  2.81116449e-01  1.99381070e+00 
 3.38898500e-02  0.00000000e+00  2.78319271e-01  1.98777799e+00 
 3.38998500e-02  0.00000000e+00  2.75549925e-01  1.98176353e+00 
 3.39098500e-02  0.00000000e+00  2.72808135e-01  1.97576727e+00 
 3.39198500e-02  0.00000000e+00  2.70093626e-01  1.96978916e+00 
 3.39298500e-02  0.00000000e+00  2.67406127e-01  1.96382913e+00 
 3.39398500e-02  0.00000000e+00  2.64745369e-01  1.95788714e+00 
 3.39498500e-02  0.00000000e+00  2.62111087e-01  1.95196312e+00 
 3.39598500e-02  0.00000000e+00  2.59503017e-01  1.94605703e+00 
 3.39698500e-02  0.00000000e+00  2.56920897e-01  1.94016881e+00 
 3.39798500e-02  0.00000000e+00  2.54364470e-01  1.93429840e+00 
 3.39898500e-02  0.00000000e+00  2.51833481e-01  1.92844576e+00 
 3.39998500e-02  0.00000000e+00  2.49327675e-01  1.92261083e+00 
 3.40098500e-02  0.00000000e+00  2.46846802e-01  1.91679355e+00 
 3.40198500e-02  0.00000000e+00  2.44390615e-01  1.91099387e+00 
 3.40298500e-02  0.00000000e+00  2.41958868e-01  1.90521174e+00 
 3.40398500e-02  0.00000000e+00  2.39551317e-01  1.89944710e+00 
 3.40498500e-02  0.00000000e+00  2.37167722e-01  1.89369991e+00 
 3.40598500e-02  0.00000000e+00  2.34807844e-01  1.88797011e+00 
 3.40698500e-02  0.00000000e+00  2.32471447e-01  1.88225764e+00 
 3.40798500e-02  0.00000000e+00  2.30158299e-01  1.87656246e+00 
 3.40898500e-02  0.00000000e+00  2.27868166e-01  1.87088451e+00 
 3.40998500e-02  0.00000000e+00  2.25600821e-01  1.86522374e+00 
 3.41098500e-02  0.00000000e+00  2.23356037e-01  1.85958010e+00 
 3.41198500e-02  0.00000000e+00  2.21133589e-01  1.85395353e+00 
 3.41298500e-02  0.00000000e+00  2.18933255e-01  1.84834399e+00 
 3.41398500e-02  0.00000000e+00  2.16754814e-01  1.84275142e+00 
 3.41498500e-02  0.00000000e+00  2.14598050e-01  1.83717577e+00 
 3.41598500e-02  0.00000000e+00  2.12462746e-01  1.83161700e+00 
 3.41698500e-02  0.00000000e+00  2.10348689e-01  1.82607504e+00 
 3.41798500e-02  0.00000000e+00  2.08255667e-01  1.82054985e+00 
 3.41898500e-02  0.00000000e+00  2.06183472e-01  1.81504138e+00 
 3.41998500e-02  0.00000000e+00  2.04131895e-01  1.80954957e+00 
 3.42098500e-02  0.00000000e+00  2.02100732e-01  1.80407439e+00 
 3.42198500e-02  0.00000000e+00  2.00089779e-01  1.79861577e+00 
 3.42298500e-02  0.00000000e+00  1.98098836e-01  1.79317366e+00 
 3.42398500e-02  0.00000000e+00  1.96127703e-01  1.78774802e+00 
 3.42498500e-02  0.00000000e+00  1.94176184e-01  1.78233880e+00 
 3.42598500e-02  0.00000000e+00  1.92244082e-01  1.77694594e+00 
 3.42698500e-02  0.00000000e+00  1.90331206e-01  1.77156940e+00 
 3.42798500e-02  0.00000000e+00  1.88437363e-01  1.76620913e+00 
 3.42898500e-02  0.00000000e+00  1.86562365e-01  1.76086508e+00 
 3.42998500e-02  0.00000000e+00  1.84706023e-01  1.75553720e+00 
 3.43098500e-02  0.00000000e+00  1.82868152e-01  1.75022544e+00 
 3.43198500e-02  0.00000000e+00  1.81048568e-01  1.74492975e+00 
 3.43298500e-02  0.00000000e+00  1.79247090e-01  1.73965008e+00 
 3.43398500e-02  0.00000000e+00  1.77463537e-01  1.73438639e+00 
 3.43498500e-02  0.00000000e+00  1.75697730e-01  1.72913863e+00 
 3.43598500e-02  0.00000000e+00  1.73949494e-01  1.72390674e+00 
 3.43698500e-02  0.00000000e+00  1.72218654e-01  1.71869068e+00 
 3.43798500e-02  0.00000000e+00  1.70505035e-01  1.71349041e+00 
 3.43898500e-02  0.00000000e+00  1.68808468e-01  1.70830587e+00 
 3.43998500e-02  0.00000000e+00  1.67128781e-01  1.70313701e+00 
 3.44098500e-02  0.00000000e+00  1.65465808e-01  1.69798380e+00 
 3.44198500e-02  0.00000000e+00  1.63819382e-01  1.69284618e+00 
 3.44298500e-02  0.00000000e+00  1.62189339e-01  1.68772410e+00 
 3.44398500e-02  0.00000000e+00  1.60575515e-01  1.68261753e+00 
 3.44498500e-02  0.00000000e+00  1.58977748e-01  1.67752640e+00 
 3.44598500e-02  0.00000000e+00  1.57395880e-01  1.67245068e+00 
 3.44698500e-02  0.00000000e+00  1.55829752e-01  1.66739031e+00 
 3.44798500e-02  0.00000000e+00  1.54279207e-01  1.66234526e+00 
 3.44898500e-02  0.00000000e+00  1.52744091e-01  1.65731547e+00 
 3.44998500e-02  0.00000000e+00  1.51224249e-01  1.65230090e+00 
 3.45098500e-02  0.00000000e+00  1.49719530e-01  1.64730150e+00 
 3.45198500e-02  0.00000000e+00  1.48229783e-01  1.64231723e+00 
 3.45298500e-02  0.00000000e+00  1.46754860e-01  1.63734804e+00 
 3.45398500e-02  0.00000000e+00  1.45294613e-01  1.63239389e+00 
 3.45498500e-02  0.00000000e+00  1.43848895e-01  1.62745472e+00 
 3.45598500e-02  0.00000000e+00  1.42417563e-01  1.62253050e+00 
 3.45698500e-02  0.00000000e+00  1.41000473e-01  1.61762118e+00 
 3.45798500e-02  0.00000000e+00  1.39597483e-01  1.61272671e+00 
 3.45898500e-02  0.00000000e+00  1.38208453e-01  1.60784706e+00 
 3.45998500e-02  0.00000000e+00  1.36833245e-01  1.60298216e+00 
 3.46098500e-02  0.00000000e+00  1.35471720e-01  1.59813199e+00 
 3.46198500e-02  0.00000000e+00  1.34123743e-01  1.59329649e+00 
 3.46298500e-02  0.00000000e+00  1.32789178e-01  1.58847563e+00 
 3.46398500e-02  0.00000000e+00  1.31467893e-01  1.58366935e+00 
 3.46498500e-02  0.00000000e+00  1.30159755e-01  1.57887761e+00 
 3.46598500e-02  0.00000000e+00  1.28864633e-01  1.57410037e+00 
 3.46698500e-02  0.00000000e+00  1.27582397e-01  1.56933758e+00 
 3.46798500e-02  0.00000000e+00  1.26312921e-01  1.56458921e+00 
 3.46898500e-02  0.00000000e+00  1.25056076e-01  1.55985520e+00 
 3.46998500e-02  0.00000000e+00  1.23811737e-01  1.55513552e+00 
 3.47098500e-02  0.00000000e+00  1.22579779e-01  1.55043012e+00 
 3.47198500e-02  0.00000000e+00  1.21360080e-01  1.54573895e+00 
 3.47298500e-02  0.00000000e+00  1.20152517e-01  1.54106198e+00 
 3.47398500e-02  0.00000000e+00  1.18956970e-01  1.53639916e+00 
 3.47498500e-02  0.00000000e+00  1.17773318e-01  1.53175045e+00 
 3.47598500e-02  0.00000000e+00  1.16601444e-01  1.52711580e+00 
 3.47698500e-02  0.00000000e+00  1.15441231e-01  1.52249518e+00 
 3.47798500e-02  0.00000000e+00  1.14292562e-01  1.51788854e+00 
 3.47898500e-02  0.00000000e+00  1.13155323e-01  1.51329584e+00 
 3.47998500e-02  0.00000000e+00  1.12029399e-01  1.50871703e+00 
 3.48098500e-02  0.00000000e+00  1.10914679e-01  1.50415208e+00 
 3.48198500e-02  0.00000000e+00  1.09811050e-01  1.49960093e+00 
 3.48298500e-02  0.00000000e+00  1.08718403e-01  1.49506356e+00 
 3.48398500e-02  0.00000000e+00  1.07636627e-01  1.49053992e+00 
 3.48498500e-02  0.00000000e+00  1.06565616e-01  1.48602997e+00 
 3.48598500e-02  0.00000000e+00  1.05505262e-01  1.48153366e+00 
 3.48698500e-02  0.00000000e+00  1.04455458e-01  1.47705096e+00 
 3.48798500e-02  0.00000000e+00  1.03416100e-01  1.47258181e+00 
 3.48898500e-02  0.00000000e+00  1.02387085e-01  1.46812620e+00 
 3.48998500e-02  0.00000000e+00  1.01368308e-01  1.46368406e+00 
 3.49098500e-02  0.00000000e+00  1.00359668e-01  1.45925536e+00 
 3.49198500e-02  0.00000000e+00  9.93610641e-02  1.45484007e+00 
 3.49298500e-02  0.00000000e+00  9.83723968e-02  1.45043813e+00 
 3.49398500e-02  0.00000000e+00  9.73935669e-02  1.44604951e+00 
 3.49498500e-02  0.00000000e+00  9.64244767e-02  1.44167417e+00 
 3.49598500e-02  0.00000000e+00  9.54650292e-02  1.43731207e+00 
 3.49698500e-02  0.00000000e+00  9.45151284e-02  1.43296317e+00 
 3.49798500e-02  0.00000000e+00  9.35746794e-02  1.42862743e+00 
 3.49898500e-02  0.00000000e+00  9.26435880e-02  1.42430480e+00 
 3.49998500e-02  0.00000000e+00  9.17217613e-02  1.41999526e+00 
 3.50098500e-02  0.00000000e+00  9.08091069e-02  1.41569875e+00 
 3.50198500e-02  0.00000000e+00  8.99055337e-02  1.41141525e+00 
 3.50298500e-02  0.00000000e+00  8.90109513e-02  1.40714470e+00 
 3.50398500e-02  0.00000000e+00  8.81252702e-02  1.40288708e+00 
 3.50498500e-02  0.00000000e+00  8.72484019e-02  1.39864234e+00 
 3.50598500e-02  0.00000000e+00  8.63802585e-02  1.39441044e+00 
 3.50698500e-02  0.00000000e+00  8.55207535e-02  1.39019134e+00 
 3.50798500e-02  0.00000000e+00  8.46698007e-02  1.38598502e+00 
 3.50898500e-02  0.00000000e+00  8.38273151e-02  1.38179142e+00 
 3.50998500e-02  0.00000000e+00  8.29932125e-02  1.37761050e+00 
 3.51098500e-02  0.00000000e+00  8.21674094e-02  1.37344224e+00 
 3.51198500e-02  0.00000000e+00  8.13498232e-02  1.36928659e+00 
 3.51298500e-02  0.00000000e+00  8.05403723e-02  1.36514352e+00 
 3.51398500e-02  0.00000000e+00  7.97389755e-02  1.36101298e+00 
 3.51498500e-02  0.00000000e+00  7.89455529e-02  1.35689493e+00 
 3.51598500e-02  0.00000000e+00  7.81600250e-02  1.35278935e+00 
 3.51698500e-02  0.00000000e+00  7.73823133e-02  1.34869619e+00 
 3.51798500e-02  0.00000000e+00  7.66123400e-02  1.34461542e+00 
 3.51898500e-02  0.00000000e+00  7.58500282e-02  1.34054699e+00 
 3.51998500e-02  0.00000000e+00  7.50953015e-02  1.33649087e+00 
 3.52098500e-02  0.00000000e+00  7.43480846e-02  1.33244703e+00 
 3.52198500e-02  0.00000000e+00  7.36083027e-02  1.32841542e+00 
 3.52298500e-02  0.00000000e+00  7.28758817e-02  1.32439600e+00 
 3.52398500e-02  0.00000000e+00  7.21507486e-02  1.32038875e+00 
 3.52498500e-02  0.00000000e+00  7.14328307e-02  1.31639363e+00 
 3.52598500e-02  0.00000000e+00  7.07220563e-02  1.31241059e+00 
 3.52698500e-02  0.00000000e+00  7.00183542e-02  1.30843961e+00 
 3.52798500e-02  0.00000000e+00  6.93216542e-02  1.30448064e+00 
 3.52898500e-02  0.00000000e+00  6.86318865e-02  1.30053365e+00 
 3.52998500e-02  0.00000000e+00  6.79489821e-02  1.29659860e+00 
 3.53098500e-02  0.00000000e+00  6.72728728e-02  1.29267545e+00 
 3.53198500e-02  0.00000000e+00  6.66034910e-02  1.28876418e+00 
 3.53298500e-02  0.00000000e+00  6.59407697e-02  1.28486475e+00 
 3.53398500e-02  0.00000000e+00  6.52846427e-02  1.28097711e+00 
 3.53498500e-02  0.00000000e+00  6.46350442e-02  1.27710123e+00 
 3.53598500e-02  0.00000000e+00  6.39919095e-02  1.27323708e+00 
 3.53698500e-02  0.00000000e+00  6.33551740e-02  1.26938462e+00 
 3.53798500e-02  0.00000000e+00  6.27247743e-02  1.26554382e+00 
 3.53898500e-02  0.00000000e+00  6.21006472e-02  1.26171464e+00 
 3.53998500e-02  0.00000000e+00  6.14827303e-02  1.25789705e+00 
 3.54098500e-02  0.00000000e+00  6.08709618e-02  1.25409101e+00 
 3.54198500e-02  0.00000000e+00  6.02652806e-02  1.25029648e+00 
 3.54298500e-02  0.00000000e+00  5.96656261e-02  1.24651344e+00 
 3.54398500e-02  0.00000000e+00  5.90719383e-02  1.24274184e+00 
 3.54498500e-02  0.00000000e+00  5.84841578e-02  1.23898165e+00 
 3.54598500e-02  0.00000000e+00  5.79022259e-02  1.23523284e+00 
 3.54698500e-02  0.00000000e+00  5.73260843e-02  1.23149537e+00 
 3.54798500e-02  0.00000000e+00  5.67556755e-02  1.22776921e+00 
 3.54898500e-02  0.00000000e+00  5.61909424e-02  1.22405433e+00 
 3.54998500e-02  0.00000000e+00  5.56318286e-02  1.22035069e+00 
 3.55098500e-02  0.00000000e+00  5.50782780e-02  1.21665825e+00 
 3.55198500e-02  0.00000000e+00  5.45302355e-02  1.21297698e+00 
 3.55298500e-02  0.00000000e+00  5.39876461e-02  1.20930686e+00 
 3.55398500e-02  0.00000000e+00  5.34504556e-02  1.20564783e+00 
 3.55498500e-02  0.00000000e+00  5.29186102e-02  1.20199988e+00 
 3.55598500e-02  0.00000000e+00  5.23920569e-02  1.19836297e+00 
 3.55698500e-02  0.00000000e+00  5.18707429e-02  1.19473706e+00 
 3.55798500e-02  0.00000000e+00  5.13546161e-02  1.19112212e+00 
 3.55898500e-02  0.00000000e+00  5.08436249e-02  1.18751812e+00 
 3.55998500e-02  0.00000000e+00  5.03377182e-02  1.18392503e+00 
 3.56098500e-02  0.00000000e+00  4.98368454e-02  1.18034280e+00 
 3.56198500e-02  0.00000000e+00  4.93409564e-02  1.17677142e+00 
 3.56298500e-02  0.00000000e+00  4.88500016e-02  1.17321084e+00 
 3.56398500e-02  0.00000000e+00  4.83639319e-02  1.16966103e+00 
 3.56498500e-02  0.00000000e+00  4.78826987e-02  1.16612197e+00 
 3.56598500e-02  0.00000000e+00  4.74062540e-02  1.16259361e+00 
 3.56698500e-02  0.00000000e+00  4.69345500e-02  1.15907593e+00 
 3.56798500e-02  0.00000000e+00  4.64675395e-02  1.15556889e+00 
 3.56898500e-02  0.00000000e+00  4.60051759e-02  1.15207246e+00 
 3.56998500e-02  0.00000000e+00  4.55474130e-02  1.14858662e+00 
 3.57098500e-02  0.00000000e+00  4.50942049e-02  1.14511132e+00 
 3.57198500e-02  0.00000000e+00  4.46455064e-02  1.14164653e+00 
 3.57298500e-02  0.00000000e+00  4.42012725e-02  1.13819223e+00 
 3.57398500e-02  0.00000000e+00  4.37614588e-02  1.13474838e+00 
 3.57498500e-02  0.00000000e+00  4.33260214e-02  1.13131495e+00 
 3.57598500e-02  0.00000000e+00  4.28949167e-02  1.12789191e+00 
 3.57698500e-02  0.00000000e+00  4.24681016e-02  1.12447923e+00 
 3.57798500e-02  0.00000000e+00  4.20455334e-02  1.12107687e+00 
 3.57898500e-02  0.00000000e+00  4.16271699e-02  1.11768481e+00 
 3.57998500e-02  0.00000000e+00  4.12129692e-02  1.11430301e+00 
 3.58098500e-02  0.00000000e+00  4.08028899e-02  1.11093144e+00 
 3.58198500e-02  0.00000000e+00  4.03968910e-02  1.10757007e+00 
 3.58298500e-02  0.00000000e+00  3.99949319e-02  1.10421888e+00 
 3.58398500e-02  0.00000000e+00  3.95969724e-02  1.10087782e+00 
 3.58498500e-02  0.00000000e+00  3.92029727e-02  1.09754688e+00 
 3.58598500e-02  0.00000000e+00  3.88128933e-02  1.09422601e+00 
 3.58698500e-02  0.00000000e+00  3.84266954e-02  1.09091519e+00 
 3.58798500e-02  0.00000000e+00  3.80443402e-02  1.08761439e+00 
 3.58898500e-02  0.00000000e+00  3.76657896e-02  1.08432357e+00 
 3.58998500e-02  0.00000000e+00  3.72910056e-02  1.08104271e+00 
 3.59098500e-02  0.00000000e+00  3.69199508e-02  1.07777178e+00 
 3.59198500e-02  0.00000000e+00  3.65525881e-02  1.07451075e+00 
 3.59298500e-02  0.00000000e+00  3.61888808e-02  1.07125958e+00 
 3.59398500e-02  0.00000000e+00  3.58287924e-02  1.06801825e+00 
 3.59498500e-02  0.00000000e+00  3.54722870e-02  1.06478673e+00 
 3.59598500e-02  0.00000000e+00  3.51193289e-02  1.06156498e+00 
 3.59698500e-02  0.00000000e+00  3.47698829e-02  1.05835299e+00 
 3.59798500e-02  0.00000000e+00  3.44239139e-02  1.05515071e+00 
 3.59898500e-02  0.00000000e+00  3.40813874e-02  1.05195812e+00 
 3.59998500e-02  0.00000000e+00  3.37422691e-02  1.04877519e+00 
 3.60098500e-02  0.00000000e+00  3.34065251e-02  1.04560189e+00 
 3.60198500e-02  0.00000000e+00  3.30741219e-02  1.04243819e+00 
 3.60298500e-02  0.00000000e+00  3.27450261e-02  1.03928407e+00 
 3.60398500e-02  0.00000000e+00  3.24192050e-02  1.03613949e+00 
 3.60498500e-02  0.00000000e+00  3.20966258e-02  1.03300442e+00 
 3.60598500e-02  0.00000000e+00  3.17772564e-02  1.02987884e+00 
 3.60698500e-02  0.00000000e+00  3.14610648e-02  1.02676272e+00 
 3.60798500e-02  0.00000000e+00  3.11480194e-02  1.02365602e+00 
 3.60898500e-02  0.00000000e+00  3.08380889e-02  1.02055873e+00 
 3.60998500e-02  0.00000000e+00  3.05312422e-02  1.01747080e+00 
 3.61098500e-02  0.00000000e+00  3.02274487e-02  1.01439222e+00 
 3.61198500e-02  0.00000000e+00  2.99266781e-02  1.01132296e+00 
 3.61298500e-02  0.00000000e+00  2.96289002e-02  1.00826298e+00 
 3.61398500e-02  0.00000000e+00  2.93340853e-02  1.00521226e+00 
 3.61498500e-02  0.00000000e+00  2.90422038e-02  1.00217077e+00 
 3.61598500e-02  0.00000000e+00  2.87532267e-02  9.99138483e-01 
 3.61698500e-02  0.00000000e+00  2.84671249e-02  9.96115371e-01 
 3.61798500e-02  0.00000000e+00  2.81838700e-02  9.93101407e-01 
 3.61898500e-02  0.00000000e+00  2.79034334e-02  9.90096561e-01 
 3.61998500e-02  0.00000000e+00  2.76257873e-02  9.87100808e-01 
 3.62098500e-02  0.00000000e+00  2.73509039e-02  9.84114118e-01 
 3.62198500e-02  0.00000000e+00  2.70787556e-02  9.81136466e-01 
 3.62298500e-02  0.00000000e+00  2.68093152e-02  9.78167823e-01 
 3.62398500e-02  0.00000000e+00  2.65425559e-02  9.75208163e-01 
 3.62498500e-02  0.00000000e+00  2.62784508e-02  9.72257457e-01 
 3.62598500e-02  0.00000000e+00  2.60169737e-02  9.69315680e-01 
 3.62698500e-02  0.00000000e+00  2.57580984e-02  9.66382803e-01 
 3.62798500e-02  0.00000000e+00  2.55017989e-02  9.63458801e-01 
 3.62898500e-02  0.00000000e+00  2.52480496e-02  9.60543645e-01 
 3.62998500e-02  0.00000000e+00  2.49968253e-02  9.57637311e-01 
 3.63098500e-02  0.00000000e+00  2.47481006e-02  9.54739770e-01 
 3.63198500e-02  0.00000000e+00  2.45018509e-02  9.51850996e-01 
 3.63298500e-02  0.00000000e+00  2.42580514e-02  9.48970962e-01 
 3.63398500e-02  0.00000000e+00  2.40166777e-02  9.46099643e-01 
 3.63498500e-02  0.00000000e+00  2.37777058e-02  9.43237012e-01 
 3.63598500e-02  0.00000000e+00  2.35411117e-02  9.40383042e-01 
 3.63698500e-02  0.00000000e+00  2.33068718e-02  9.37537708e-01 
 3.63798500e-02  0.00000000e+00  2.30749626e-02  9.34700983e-01 
 3.63898500e-02  0.00000000e+00  2.28453610e-02  9.31872840e-01 
 3.63998500e-02  0.00000000e+00  2.26180440e-02  9.29053255e-01 
 3.64098500e-02  0.00000000e+00  2.23929888e-02  9.26242202e-01 
 3.64198500e-02  0.00000000e+00  2.21701730e-02  9.23439653e-01 
 3.64298500e-02  0.00000000e+00  2.19495743e-02  9.20645585e-01 
 3.64398500e-02  0.00000000e+00  2.17311705e-02  9.17859970e-01 
 3.64498500e-02  0.00000000e+00  2.15149400e-02  9.15082784e-01 
 3.64598500e-02  0.00000000e+00  2.13008610e-02  9.12314001e-01 
 3.64698500e-02  0.00000000e+00  2.10889121e-02  9.09553596e-01 
 3.64798500e-02  0.00000000e+00  2.08790722e-02  9.06801543e-01 
 3.64898500e-02  0.00000000e+00  2.06713202e-02  9.04057816e-01 
 3.64998500e-02  0.00000000e+00  2.04656355e-02  9.01322392e-01 
 3.65098500e-02  0.00000000e+00  2.02619973e-02  8.98595244e-01 
 3.65198500e-02  0.00000000e+00  2.00603854e-02  8.95876348e-01 
 3.65298500e-02  0.00000000e+00  1.98607796e-02  8.93165678e-01 
 3.65398500e-02  0.00000000e+00  1.96631599e-02  8.90463210e-01 
 3.65498500e-02  0.00000000e+00  1.94675065e-02  8.87768919e-01 
 3.65598500e-02  0.00000000e+00  1.92738000e-02  8.85082780e-01 
 3.65698500e-02  0.00000000e+00  1.90820209e-02  8.82404768e-01 
 3.65798500e-02  0.00000000e+00  1.88921500e-02  8.79734860e-01 
 3.65898500e-02  0.00000000e+00  1.87041684e-02  8.77073030e-01 
 3.65998500e-02  0.00000000e+00  1.85180573e-02  8.74419253e-01 
 3.66098500e-02  0.00000000e+00  1.83337980e-02  8.71773507e-01 
 3.66198500e-02  0.00000000e+00  1.81513722e-02  8.69135766e-01 
 3.66298500e-02  0.00000000e+00  1.79707615e-02  8.66506005e-01 
 3.66398500e-02  0.00000000e+00  1.77919480e-02  8.63884202e-01 
 3.66498500e-02  0.00000000e+00  1.76149137e-02  8.61270331e-01 
 3.66598500e-02  0.00000000e+00  1.74396409e-02  8.58664370e-01 
 3.66698500e-02  0.00000000e+00  1.72661121e-02  8.56066293e-01 
 3.66798500e-02  0.00000000e+00  1.70943100e-02  8.53476077e-01 
 3.66898500e-02  0.00000000e+00  1.69242174e-02  8.50893699e-01 
 3.66998500e-02  0.00000000e+00  1.67558172e-02  8.48319134e-01 
 3.67098500e-02  0.00000000e+00  1.65890927e-02  8.45752359e-01 
 3.67198500e-02  0.00000000e+00  1.64240271e-02  8.43193350e-01 
 3.67298500e-02  0.00000000e+00  1.62606039e-02  8.40642084e-01 
 3.67398500e-02  0.00000000e+00  1.60988068e-02  8.38098538e-01 
 3.67498500e-02  0.00000000e+00  1.59386197e-02  8.35562688e-01 
 3.67598500e-02  0.00000000e+00  1.57800265e-02  8.33034510e-01 
 3.67698500e-02  0.00000000e+00  1.56230113e-02  8.30513982e-01 
 3.67798500e-02  0.00000000e+00  1.54675584e-02  8.28001081e-01 
 3.67898500e-02  0.00000000e+00  1.53136524e-02  8.25495782e-01 
 3.67998500e-02  0.00000000e+00  1.51612777e-02  8.22998064e-01 
 3.68098500e-02  0.00000000e+00  1.50104193e-02  8.20507904e-01 
 3.68198500e-02  0.00000000e+00  1.48610619e-02  8.18025278e-01 
 3.68298500e-02  0.00000000e+00  1.47131906e-02  8.15550163e-01 
 3.68398500e-02  0.00000000e+00  1.45667907e-02  8.13082538e-01 
 3.68498500e-02  0.00000000e+00  1.44218475e-02  8.10622379e-01 
 3.68598500e-02  0.00000000e+00  1.42783465e-02  8.08169664e-01 
 3.68698500e-02  0.00000000e+00  1.41362734e-02  8.05724370e-01 
 3.68798500e-02  0.00000000e+00  1.39956140e-02  8.03286475e-01 
 3.68898500e-02  0.00000000e+00  1.38563541e-02  8.00855956e-01 
 3.68998500e-02  0.00000000e+00  1.37184800e-02  7.98432791e-01 
 3.69098500e-02  0.00000000e+00  1.35819777e-02  7.96016958e-01 
 3.69198500e-02  0.00000000e+00  1.34468336e-02  7.93608435e-01 
 3.69298500e-02  0.00000000e+00  1.33130343e-02  7.91207199e-01 
 3.69398500e-02  0.00000000e+00  1.31805663e-02  7.88813229e-01 
 3.69498500e-02  0.00000000e+00  1.30494164e-02  7.86426502e-01 
 3.69598500e-02  0.00000000e+00  1.29195714e-02  7.84046997e-01 
 3.69698500e-02  0.00000000e+00  1.27910185e-02  7.81674691e-01 
 3.69798500e-02  0.00000000e+00  1.26637447e-02  7.79309563e-01 
 3.69898500e-02  0.00000000e+00  1.25377373e-02  7.76951592e-01 
 3.69998500e-02  0.00000000e+00  1.24129837e-02  7.74600755e-01 
 3.70098500e-02  0.00000000e+00  1.22894714e-02  7.72257031e-01 
 3.70198500e-02  0.00000000e+00  1.21671881e-02  7.69920399e-01 
 3.70298500e-02  0.00000000e+00  1.20461215e-02  7.67590836e-01 
 3.70398500e-02  0.00000000e+00  1.19262596e-02  7.65268322e-01 
 3.70498500e-02  0.00000000e+00  1.18075904e-02  7.62952836e-01 
 3.70598500e-02  0.00000000e+00  1.16901019e-02  7.60644355e-01 
 3.70698500e-02  0.00000000e+00  1.15737825e-02  7.58342859e-01 
 3.70798500e-02  0.00000000e+00  1.14586205e-02  7.56048327e-01 
 3.70898500e-02  0.00000000e+00  1.13446044e-02  7.53760738e-01 
 3.70998500e-02  0.00000000e+00  1.12317227e-02  7.51480070e-01 
 3.71098500e-02  0.00000000e+00  1.11199643e-02  7.49206303e-01 
 3.71198500e-02  0.00000000e+00  1.10093179e-02  7.46939415e-01 
 3.71298500e-02  0.00000000e+00  1.08997724e-02  7.44679387e-01 
 3.71398500e-02  0.00000000e+00  1.07913170e-02  7.42426196e-01 
 3.71498500e-02  0.00000000e+00  1.06839407e-02  7.40179824e-01 
 3.71598500e-02  0.00000000e+00  1.05776328e-02  7.37940248e-01 
 3.71698500e-02  0.00000000e+00  1.04723827e-02  7.35707448e-01 
 3.71798500e-02  0.00000000e+00  1.03681799e-02  7.33481404e-01 
 3.71898500e-02  0.00000000e+00  1.02650140e-02  7.31262096e-01 
 3.71998500e-02  0.00000000e+00  1.01628745e-02  7.29049503e-01 
 3.72098500e-02  0.00000000e+00  1.00617514e-02  7.26843604e-01 
 3.72198500e-02  0.00000000e+00  9.96163446e-03  7.24644380e-01 
 3.72298500e-02  0.00000000e+00  9.86251372e-03  7.22451810e-01 
 3.72398500e-02  0.00000000e+00  9.76437925e-03  7.20265874e-01 
 3.72498500e-02  0.00000000e+00  9.66722125e-03  7.18086552e-01 
 3.72598500e-02  0.00000000e+00  9.57102999e-03  7.15913824e-01 
 3.72698500e-02  0.00000000e+00  9.47579586e-03  7.13747671e-01 
 3.72798500e-02  0.00000000e+00  9.38150934e-03  7.11588071e-01 
 3.72898500e-02  0.00000000e+00  9.28816099e-03  7.09435006e-01 
 3.72998500e-02  0.00000000e+00  9.19574148e-03  7.07288455e-01 
 3.73098500e-02  0.00000000e+00  9.10424156e-03  7.05148399e-01 
 3.73198500e-02  0.00000000e+00  9.01365209e-03  7.03014818e-01 
 3.73298500e-02  0.00000000e+00  8.92396401e-03  7.00887693e-01 
 3.73398500e-02  0.00000000e+00  8.83516835e-03  6.98767005e-01 
 3.73498500e-02  0.00000000e+00  8.74725623e-03  6.96652732e-01 
 3.73598500e-02  0.00000000e+00  8.66021885e-03  6.94544857e-01 
 3.73698500e-02  0.00000000e+00  8.57404752e-03  6.92443360e-01 
 3.73798500e-02  0.00000000e+00  8.48873361e-03  6.90348221e-01 
 3.73898500e-02  0.00000000e+00  8.40426860e-03  6.88259422e-01 
 3.73998500e-02  0.00000000e+00  8.32064404e-03  6.86176942e-01 
 3.74098500e-02  0.00000000e+00  8.23785156e-03  6.84100764e-01 
 3.74198500e-02  0.00000000e+00  8.15588289e-03  6.82030867e-01 
 3.74298500e-02  0.00000000e+00  8.07472983e-03  6.79967234e-01 
 3.74398500e-02  0.00000000e+00  7.99438425e-03  6.77909844e-01 
 3.74498500e-02  0.00000000e+00  7.91483814e-03  6.75858680e-01 
 3.74598500e-02  0.00000000e+00  7.83608353e-03  6.73813722e-01 
 3.74698500e-02  0.00000000e+00  7.75811255e-03  6.71774951e-01 
 3.74798500e-02  0.00000000e+00  7.68091740e-03  6.69742349e-01 
 3.74898500e-02  0.00000000e+00  7.60449037e-03  6.67715897e-01 
 3.74998500e-02  0.00000000e+00  7.52882379e-03  6.65695577e-01 
 3.75098500e-02  0.00000000e+00  7.45391013e-03  6.63681369e-01 
 3.75198500e-02  0.00000000e+00  7.37974187e-03  6.61673256e-01 
 3.75298500e-02  0.00000000e+00  7.30631160e-03  6.59671219e-01 
 3.75398500e-02  0.00000000e+00  7.23361198e-03  6.57675240e-01 
 3.75498500e-02  0.00000000e+00  7.16163574e-03  6.55685300e-01 
 3.75598500e-02  0.00000000e+00  7.09037568e-03  6.53701380e-01 
 3.75698500e-02  0.00000000e+00  7.01982468e-03  6.51723464e-01 
 3.75798500e-02  0.00000000e+00  6.94997568e-03  6.49751532e-01 
 3.75898500e-02  0.00000000e+00  6.88082169e-03  6.47785567e-01 
 3.75998500e-02  0.00000000e+00  6.81235581e-03  6.45825550e-01 
 3.76098500e-02  0.00000000e+00  6.74457117e-03  6.43871464e-01 
 3.76198500e-02  0.00000000e+00  6.67746101e-03  6.41923290e-01 
 3.76298500e-02  0.00000000e+00  6.61101861e-03  6.39981010e-01 
 3.76398500e-02  0.00000000e+00  6.54523733e-03  6.38044608e-01 
 3.76498500e-02  0.00000000e+00  6.48011059e-03  6.36114065e-01 
 3.76598500e-02  0.00000000e+00  6.41563188e-03  6.34189362e-01 
 3.76698500e-02  0.00000000e+00  6.35179475e-03  6.32270484e-01 
 3.76798500e-02  0.00000000e+00  6.28859281e-03  6.30357411e-01 
 3.76898500e-02  0.00000000e+00  6.22601975e-03  6.28450127e-01 
 3.76998500e-02  0.00000000e+00  6.16406930e-03  6.26548614e-01 
 3.77098500e-02  0.00000000e+00  6.10273528e-03  6.24652854e-01 
 3.77198500e-02  0.00000000e+00  6.04201154e-03  6.22762830e-01 
 3.77298500e-02  0.00000000e+00  5.98189203e-03  6.20878525e-01 
 3.77398500e-02  0.00000000e+00  5.92237071e-03  6.18999921e-01 
 3.77498500e-02  0.00000000e+00  5.86344165e-03  6.17127002e-01 
 3.77598500e-02  0.00000000e+00  5.80509895e-03  6.15259749e-01 
 3.77698500e-02  0.00000000e+00  5.74733677e-03  6.13398146e-01 
 3.77798500e-02  0.00000000e+00  5.69014934e-03  6.11542176e-01 
 3.77898500e-02  0.00000000e+00  5.63353094e-03  6.09691822e-01 
 3.77998500e-02  0.00000000e+00  5.57747590e-03  6.07847066e-01 
 3.78098500e-02  0.00000000e+00  5.52197863e-03  6.06007892e-01 
 3.78198500e-02  0.00000000e+00  5.46703357e-03  6.04174282e-01 
 3.78298500e-02  0.00000000e+00  5.41263523e-03  6.02346221e-01 
 3.78398500e-02  0.00000000e+00  5.35877816e-03  6.00523691e-01 
 3.78498500e-02  0.00000000e+00  5.30545698e-03  5.98706675e-01 
 3.78598500e-02  0.00000000e+00  5.25266637e-03  5.96895157e-01 
 3.78698500e-02  0.00000000e+00  5.20040103e-03  5.95089120e-01 
 3.78798500e-02  0.00000000e+00  5.14865575e-03  5.93288548e-01 
 3.78898500e-02  0.00000000e+00  5.09742534e-03  5.91493424e-01 
 3.78998500e-02  0.00000000e+00  5.04670469e-03  5.89703731e-01 
 3.79098500e-02  0.00000000e+00  4.99648872e-03  5.87919454e-01 
 3.79198500e-02  0.00000000e+00  4.94677242e-03  5.86140575e-01 
 3.79298500e-02  0.00000000e+00  4.89755080e-03  5.84367078e-01 
 3.79398500e-02  0.00000000e+00  4.84881895e-03  5.82598948e-01 
 3.79498500e-02  0.00000000e+00  4.80057200e-03  5.80836168e-01 
 3.79598500e-02  0.00000000e+00  4.75280511e-03  5.79078721e-01 
 3.79698500e-02  0.00000000e+00  4.70551352e-03  5.77326591e-01 
 3.79798500e-02  0.00000000e+00  4.65869249e-03  5.75579764e-01 
 3.79898500e-02  0.00000000e+00  4.61233734e-03  5.73838221e-01 
 3.79998500e-02  0.00000000e+00  4.56644344e-03  5.72101948e-01 
 3.80098500e-02  0.00000000e+00  4.52100619e-03  5.70370929e-01 
 3.80198500e-02  0.00000000e+00  4.47602105e-03  5.68645147e-01 
 3.80298500e-02  0.00000000e+00  4.43148353e-03  5.66924587e-01 
 3.80398500e-02  0.00000000e+00  4.38738917e-03  5.65209232e-01 
 3.80498500e-02  0.00000000e+00  4.34373355e-03  5.63499068e-01 
 3.80598500e-02  0.00000000e+00  4.30051232e-03  5.61794079e-01 
 3.80698500e-02  0.00000000e+00  4.25772115e-03  5.60094248e-01 
 3.80798500e-02  0.00000000e+00  4.21535577e-03  5.58399560e-01 
 3.80898500e-02  0.00000000e+00  4.17341193e-03  5.56710000e-01 
 3.80998500e-02  0.00000000e+00  4.13188544e-03  5.55025553e-01 
 3.81098500e-02  0.00000000e+00  4.09077216e-03  5.53346201e-01 
 3.81198500e-02  0.00000000e+00  4.05006796e-03  5.51671931e-01 
 3.81298500e-02  0.00000000e+00  4.00976877e-03  5.50002727e-01 
 3.81398500e-02  0.00000000e+00  3.96987058e-03  5.48338574e-01 
 3.81498500e-02  0.00000000e+00  3.93036938e-03  5.46679456e-01 
 3.81598500e-02  0.00000000e+00  3.89126122e-03  5.45025358e-01 
 3.81698500e-02  0.00000000e+00  3.85254221e-03  5.43376264e-01 
 3.81798500e-02  0.00000000e+00  3.81420845e-03  5.41732161e-01 
 3.81898500e-02  0.00000000e+00  3.77625613e-03  5.40093031e-01 
 3.81998500e-02  0.00000000e+00  3.73868144e-03  5.38458862e-01 
 3.82098500e-02  0.00000000e+00  3.70148063e-03  5.36829637e-01 
 3.82198500e-02  0.00000000e+00  3.66464998e-03  5.35205341e-01 
 3.82298500e-02  0.00000000e+00  3.62818580e-03  5.33585961e-01 
 3.82398500e-02  0.00000000e+00  3.59208445e-03  5.31971480e-01 
 3.82498500e-02  0.00000000e+00  3.55634231e-03  5.30361884e-01 
 3.82598500e-02  0.00000000e+00  3.52095582e-03  5.28757158e-01 
 3.82698500e-02  0.00000000e+00  3.48592144e-03  5.27157288e-01 
 3.82798500e-02  0.00000000e+00  3.45123565e-03  5.25562258e-01 
 3.82898500e-02  0.00000000e+00  3.41689500e-03  5.23972054e-01 
 3.82998500e-02  0.00000000e+00  3.38289604e-03  5.22386662e-01 
 3.83098500e-02  0.00000000e+00  3.34923539e-03  5.20806067e-01 
 3.83198500e-02  0.00000000e+00  3.31590966e-03  5.19230255e-01 
 3.83298500e-02  0.00000000e+00  3.28291554e-03  5.17659210e-01 
 3.83398500e-02  0.00000000e+00  3.25024971e-03  5.16092919e-01 
 3.83498500e-02  0.00000000e+00  3.21790892e-03  5.14531367e-01 
 3.83598500e-02  0.00000000e+00  3.18588992e-03  5.12974540e-01 
 3.83698500e-02  0.00000000e+00  3.15418952e-03  5.11422423e-01 
 3.83798500e-02  0.00000000e+00  3.12280455e-03  5.09875003e-01 
 3.83898500e-02  0.00000000e+00  3.09173187e-03  5.08332265e-01 
 3.83998500e-02  0.00000000e+00  3.06096837e-03  5.06794194e-01 
 3.84098500e-02  0.00000000e+00  3.03051097e-03  5.05260778e-01 
 3.84198500e-02  0.00000000e+00  3.00035664e-03  5.03732001e-01 
 3.84298500e-02  0.00000000e+00  2.97050234e-03  5.02207849e-01 
 3.84398500e-02  0.00000000e+00  2.94094510e-03  5.00688310e-01 
 3.84498500e-02  0.00000000e+00  2.91168197e-03  4.99173368e-01 
 3.84598500e-02  0.00000000e+00  2.88271001e-03  4.97663010e-01 
 3.84698500e-02  0.00000000e+00  2.85402633e-03  4.96157222e-01 
 3.84798500e-02  0.00000000e+00  2.82562806e-03  4.94655989e-01 
 3.84898500e-02  0.00000000e+00  2.79751235e-03  4.93159300e-01 
 3.84998500e-02  0.00000000e+00  2.76967641e-03  4.91667138e-01 
 3.85098500e-02  0.00000000e+00  2.74211744e-03  4.90179492e-01 
 3.85198500e-02  0.00000000e+00  2.71483269e-03  4.88696347e-01 
 3.85298500e-02  0.00000000e+00  2.68781943e-03  4.87217689e-01 
 3.85398500e-02  0.00000000e+00  2.66107496e-03  4.85743505e-01 
 3.85498500e-02  0.00000000e+00  2.63459660e-03  4.84273782e-01 
 3.85598500e-02  0.00000000e+00  2.60838171e-03  4.82808506e-01 
 3.85698500e-02  0.00000000e+00  2.58242766e-03  4.81347663e-01 
 3.85798500e-02  0.00000000e+00  2.55673186e-03  4.79891241e-01 
 3.85898500e-02  0.00000000e+00  2.53129174e-03  4.78439225e-01 
 3.85998500e-02  0.00000000e+00  2.50610476e-03  4.76991602e-01 
 3.86098500e-02  0.00000000e+00  2.48116840e-03  4.75548360e-01 
 3.86198500e-02  0.00000000e+00  2.45648015e-03  4.74109485e-01 
 3.86298500e-02  0.00000000e+00  2.43203757e-03  4.72674963e-01 
 3.86398500e-02  0.00000000e+00  2.40783819e-03  4.71244781e-01 
 3.86498500e-02  0.00000000e+00  2.38387960e-03  4.69818927e-01 
 3.86598500e-02  0.00000000e+00  2.36015940e-03  4.68397387e-01 
 3.86698500e-02  0.00000000e+00  2.33667523e-03  4.66980149e-01 
 3.86798500e-02  0.00000000e+00  2.31342473e-03  4.65567198e-01 
 3.86898500e-02  0.00000000e+00  2.29040558e-03  4.64158523e-01 
 3.86998500e-02  0.00000000e+00  2.26761547e-03  4.62754110e-01 
 3.87098500e-02  0.00000000e+00  2.24505213e-03  4.61353946e-01 
 3.87198500e-02  0.00000000e+00  2.22271331e-03  4.59958019e-01 
 3.87298500e-02  0.00000000e+00  2.20059676e-03  4.58566315e-01 
 3.87398500e-02  0.00000000e+00  2.17870027e-03  4.57178823e-01 
 3.87498500e-02  0.00000000e+00  2.15702166e-03  4.55795528e-01 
 3.87598500e-02  0.00000000e+00  2.13555876e-03  4.54416419e-01 
 3.87698500e-02  0.00000000e+00  2.11430942e-03  4.53041483e-01 
 3.87798500e-02  0.00000000e+00  2.09327151e-03  4.51670707e-01 
 3.87898500e-02  0.00000000e+00  2.07244294e-03  4.50304078e-01 
 3.87998500e-02  0.00000000e+00  2.05182162e-03  4.48941585e-01 
 3.88098500e-02  0.00000000e+00  2.03140548e-03  4.47583214e-01 
 3.88198500e-02  0.00000000e+00  2.01119249e-03  4.46228953e-01 
 3.88298500e-02  0.00000000e+00  1.99118063e-03  4.44878790e-01 
 3.88398500e-02  0.00000000e+00  1.97136789e-03  4.43532712e-01 
 3.88498500e-02  0.00000000e+00  1.95175229e-03  4.42190707e-01 
 3.88598500e-02  0.00000000e+00  1.93233186e-03  4.40852762e-01 
 3.88698500e-02  0.00000000e+00  1.91310468e-03  4.39518866e-01 
 3.88798500e-02  0.00000000e+00  1.89406881e-03  4.38189005e-01 
 3.88898500e-02  0.00000000e+00  1.87522236e-03  4.36863169e-01 
 3.88998500e-02  0.00000000e+00  1.85656343e-03  4.35541344e-01 
 3.89098500e-02  0.00000000e+00  1.83809016e-03  4.34223518e-01 
 3.89198500e-02  0.00000000e+00  1.81980071e-03  4.32909680e-01 
 3.89298500e-02  0.00000000e+00  1.80169324e-03  4.31599817e-01 
 3.89398500e-02  0.00000000e+00  1.78376594e-03  4.30293917e-01 
 3.89498500e-02  0.00000000e+00  1.76601703e-03  4.28991969e-01 
 3.89598500e-02  0.00000000e+00  1.74844472e-03  4.27693960e-01 
 3.89698500e-02  0.00000000e+00  1.73104726e-03  4.26399879e-01 
 3.89798500e-02  0.00000000e+00  1.71382291e-03  4.25109712e-01 
 3.89898500e-02  0.00000000e+00  1.69676994e-03  4.23823450e-01 
 3.89998500e-02  0.00000000e+00  1.67988666e-03  4.22541080e-01 
 3.90098500e-02  0.00000000e+00  1.66317137e-03  4.21262589e-01 
 3.90198500e-02  0.00000000e+00  1.64662240e-03  4.19987967e-01 
 3.90298500e-02  0.00000000e+00  1.63023810e-03  4.18717202e-01 
 3.90398500e-02  0.00000000e+00  1.61401682e-03  4.17450281e-01 
 3.90498500e-02  0.00000000e+00  1.59795696e-03  4.16187194e-01 
 3.90598500e-02  0.00000000e+00  1.58205689e-03  4.14927929e-01 
 3.90698500e-02  0.00000000e+00  1.56631503e-03  4.13672474e-01 
 3.90798500e-02  0.00000000e+00  1.55072980e-03  4.12420817e-01 
 3.90898500e-02  0.00000000e+00  1.53529965e-03  4.11172948e-01 
 3.90998500e-02  0.00000000e+00  1.52002304e-03  4.09928854e-01 
 3.91098500e-02  0.00000000e+00  1.50489843e-03  4.08688525e-01 
 3.91198500e-02  0.00000000e+00  1.48992432e-03  4.07451948e-01 
 3.91298500e-02  0.00000000e+00  1.47509920e-03  4.06219113e-01 
 3.91398500e-02  0.00000000e+00  1.46042160e-03  4.04990009e-01 
 3.91498500e-02  0.00000000e+00  1.44589004e-03  4.03764623e-01 
 3.91598500e-02  0.00000000e+00  1.43150307e-03  4.02542945e-01 
 3.91698500e-02  0.00000000e+00  1.41725926e-03  4.01324963e-01 
 3.91798500e-02  0.00000000e+00  1.40315718e-03  4.00110667e-01 
 3.91898500e-02  0.00000000e+00  1.38919542e-03  3.98900044e-01 
 3.91998500e-02  0.00000000e+00  1.37537258e-03  3.97693085e-01 
 3.92098500e-02  0.00000000e+00  1.36168728e-03  3.96489778e-01 
 3.92198500e-02  0.00000000e+00  1.34813815e-03  3.95290111e-01 
 3.92298500e-02  0.00000000e+00  1.33472384e-03  3.94094075e-01 
 3.92398500e-02  0.00000000e+00  1.32144301e-03  3.92901657e-01 
 3.92498500e-02  0.00000000e+00  1.30829432e-03  3.91712847e-01 
 3.92598500e-02  0.00000000e+00  1.29527647e-03  3.90527634e-01 
 3.92698500e-02  0.00000000e+00  1.28238814e-03  3.89346007e-01 
 3.92798500e-02  0.00000000e+00  1.26962806e-03  3.88167956e-01 
 3.92898500e-02  0.00000000e+00  1.25699495e-03  3.86993469e-01 
 3.92998500e-02  0.00000000e+00  1.24448754e-03  3.85822536e-01 
 3.93098500e-02  0.00000000e+00  1.23210457e-03  3.84655145e-01 
 3.93198500e-02  0.00000000e+00  1.21984483e-03  3.83491287e-01 
 3.93298500e-02  0.00000000e+00  1.20770707e-03  3.82330950e-01 
 3.93398500e-02  0.00000000e+00  1.19569008e-03  3.81174124e-01 
 3.93498500e-02  0.00000000e+00  1.18379267e-03  3.80020799e-01 
 3.93598500e-02  0.00000000e+00  1.17201364e-03  3.78870963e-01 
 3.93698500e-02  0.00000000e+00  1.16035181e-03  3.77724606e-01 
 3.93798500e-02  0.00000000e+00  1.14880602e-03  3.76581717e-01 
 3.93898500e-02  0.00000000e+00  1.13737512e-03  3.75442287e-01 
 3.93998500e-02  0.00000000e+00  1.12605795e-03  3.74306304e-01 
 3.94098500e-02  0.00000000e+00  1.11485339e-03  3.73173759e-01 
 3.94198500e-02  0.00000000e+00  1.10376032e-03  3.72044640e-01 
 3.94298500e-02  0.00000000e+00  1.09277763e-03  3.70918938e-01 
 3.94398500e-02  0.00000000e+00  1.08190423e-03  3.69796641e-01 
 3.94498500e-02  0.00000000e+00  1.07113901e-03  3.68677741e-01 
 3.94598500e-02  0.00000000e+00  1.06048091e-03  3.67562226e-01 
 3.94698500e-02  0.00000000e+00  1.04992886e-03  3.66450086e-01 
 3.94798500e-02  0.00000000e+00  1.03948181e-03  3.65341311e-01 
 3.94898500e-02  0.00000000e+00  1.02913870e-03  3.64235891e-01 
 3.94998500e-02  0.00000000e+00  1.01889852e-03  3.63133816e-01 
 3.95098500e-02  0.00000000e+00  1.00876022e-03  3.62035075e-01 
 3.95198500e-02  0.00000000e+00  9.98722810e-04  3.60939659e-01 
 3.95298500e-02  0.00000000e+00  9.88785269e-04  3.59847557e-01 
 3.95398500e-02  0.00000000e+00  9.78946610e-04  3.58758759e-01 
 3.95498500e-02  0.00000000e+00  9.69205848e-04  3.57673256e-01 
 3.95598500e-02  0.00000000e+00  9.59562008e-04  3.56591038e-01 
 3.95698500e-02  0.00000000e+00  9.50014128e-04  3.55512094e-01 
 3.95798500e-02  0.00000000e+00  9.40561251e-04  3.54436414e-01 
 3.95898500e-02  0.00000000e+00  9.31202432e-04  3.53363989e-01 
 3.95998500e-02  0.00000000e+00  9.21936737e-04  3.52294809e-01 
 3.96098500e-02  0.00000000e+00  9.12763237e-04  3.51228864e-01 
 3.96198500e-02  0.00000000e+00  9.03681015e-04  3.50166144e-01 
 3.96298500e-02  0.00000000e+00  8.94689165e-04  3.49106640e-01 
 3.96398500e-02  0.00000000e+00  8.85786785e-04  3.48050342e-01 
 3.96498500e-02  0.00000000e+00  8.76972986e-04  3.46997239e-01 
 3.96598500e-02  0.00000000e+00  8.68246887e-04  3.45947323e-01 
 3.96698500e-02  0.00000000e+00  8.59607614e-04  3.44900584e-01 
 3.96798500e-02  0.00000000e+00  8.51054304e-04  3.43857012e-01 
 3.96898500e-02  0.00000000e+00  8.42586102e-04  3.42816597e-01 
 3.96998500e-02  0.00000000e+00  8.34202161e-04  3.41779331e-01 
 3.97098500e-02  0.00000000e+00  8.25901642e-04  3.40745203e-01 
 3.97198500e-02  0.00000000e+00  8.17683715e-04  3.39714204e-01 
 3.97298500e-02  0.00000000e+00  8.09547559e-04  3.38686324e-01 
 3.97398500e-02  0.00000000e+00  8.01492359e-04  3.37661555e-01 
 3.97498500e-02  0.00000000e+00  7.93517311e-04  3.36639886e-01 
 3.97598500e-02  0.00000000e+00  7.85621616e-04  3.35621308e-01 
 3.97698500e-02  0.00000000e+00  7.77804486e-04  3.34605813e-01 
 3.97798500e-02  0.00000000e+00  7.70065138e-04  3.33593389e-01 
 3.97898500e-02  0.00000000e+00  7.62402798e-04  3.32584030e-01 
 3.97998500e-02  0.00000000e+00  7.54816701e-04  3.31577724e-01 
 3.98098500e-02  0.00000000e+00  7.47306087e-04  3.30574463e-01 
 3.98198500e-02  0.00000000e+00  7.39870205e-04  3.29574238e-01 
 3.98298500e-02  0.00000000e+00  7.32508313e-04  3.28577039e-01 
 3.98398500e-02  0.00000000e+00  7.25219673e-04  3.27582857e-01 
 3.98498500e-02  0.00000000e+00  7.18003557e-04  3.26591684e-01 
 3.98598500e-02  0.00000000e+00  7.10859243e-04  3.25603509e-01 
 3.98698500e-02  0.00000000e+00  7.03786016e-04  3.24618325e-01 
 3.98798500e-02  0.00000000e+00  6.96783170e-04  3.23636121e-01 
 3.98898500e-02  0.00000000e+00  6.89850004e-04  3.22656889e-01 
 3.98998500e-02  0.00000000e+00  6.82985825e-04  3.21680620e-01 
 3.99098500e-02  0.00000000e+00  6.76189946e-04  3.20707305e-01 
 3.99198500e-02  0.00000000e+00  6.69461688e-04  3.19736935e-01 
 3.99298500e-02  0.00000000e+00  6.62800378e-04  3.18769501e-01 
 3.99398500e-02  0.00000000e+00  6.56205349e-04  3.17804994e-01 
 3.99498500e-02  0.00000000e+00  6.49675943e-04  3.16843406e-01 
 3.99598500e-02  0.00000000e+00  6.43211506e-04  3.15884727e-01 
 3.99698500e-02  0.00000000e+00  6.36811391e-04  3.14928948e-01 
 3.99798500e-02  0.00000000e+00  6.30474959e-04  3.13976062e-01 
 3.99898500e-02  0.00000000e+00  6.24201577e-04  3.13026059e-01 
 3.99998500e-02  0.00000000e+00  6.17990616e-04  3.12078930e-01 
 4.00098500e-02  0.00000000e+00  6.11841455e-04  3.11134667e-01 
 4.00198500e-02  0.00000000e+00  6.05753481e-04  3.10193261e-01 
 4.00298500e-02  0.00000000e+00  5.99726083e-04  3.09254704e-01 
 4.00398500e-02  0.00000000e+00  5.93758659e-04  3.08318986e-01 
 4.00498500e-02  0.00000000e+00  5.87850613e-04  3.07386099e-01 
 4.00598500e-02  0.00000000e+00  5.82001353e-04  3.06456036e-01 
 4.00698500e-02  0.00000000e+00  5.76210295e-04  3.05528786e-01 
 4.00798500e-02  0.00000000e+00  5.70476859e-04  3.04604342e-01 
 4.00898500e-02  0.00000000e+00  5.64800472e-04  3.03682695e-01 
 4.00998500e-02  0.00000000e+00  5.59180567e-04  3.02763836e-01 
 4.01098500e-02  0.00000000e+00  5.53616581e-04  3.01847758e-01 
 4.01198500e-02  0.00000000e+00  5.48107959e-04  3.00934452e-01 
 4.01298500e-02  0.00000000e+00  5.42654148e-04  3.00023909e-01 
 4.01398500e-02  0.00000000e+00  5.37254604e-04  2.99116121e-01 
 4.01498500e-02  0.00000000e+00  5.31908787e-04  2.98211080e-01 
 4.01598500e-02  0.00000000e+00  5.26616163e-04  2.97308777e-01 
 4.01698500e-02  0.00000000e+00  5.21376201e-04  2.96409204e-01 
 4.01798500e-02  0.00000000e+00  5.16188378e-04  2.95512353e-01 
 4.01898500e-02  0.00000000e+00  5.11052175e-04  2.94618216e-01 
 4.01998500e-02  0.00000000e+00  5.05967079e-04  2.93726784e-01 
 4.02098500e-02  0.00000000e+00  5.00932581e-04  2.92838050e-01 
 4.02198500e-02  0.00000000e+00  4.95948177e-04  2.91952004e-01 
 4.02298500e-02  0.00000000e+00  4.91013369e-04  2.91068639e-01 
 4.02398500e-02  0.00000000e+00  4.86127664e-04  2.90187948e-01 
 4.02498500e-02  0.00000000e+00  4.81290573e-04  2.89309921e-01 
 4.02598500e-02  0.00000000e+00  4.76501612e-04  2.88434550e-01 
 4.02698500e-02  0.00000000e+00  4.71760302e-04  2.87561828e-01 
 4.02798500e-02  0.00000000e+00  4.67066170e-04  2.86691747e-01 
 4.02898500e-02  0.00000000e+00  4.62418745e-04  2.85824299e-01 
 4.02998500e-02  0.00000000e+00  4.57817564e-04  2.84959475e-01 
 4.03098500e-02  0.00000000e+00  4.53262165e-04  2.84097268e-01 
 4.03198500e-02  0.00000000e+00  4.48752094e-04  2.83237669e-01 
 4.03298500e-02  0.00000000e+00  4.44286899e-04  2.82380672e-01 
 4.03398500e-02  0.00000000e+00  4.39866134e-04  2.81526267e-01 
 4.03498500e-02  0.00000000e+00  4.35489356e-04  2.80674448e-01 
 4.03598500e-02  0.00000000e+00  4.31156129e-04  2.79825206e-01 
 4.03698500e-02  0.00000000e+00  4.26866018e-04  2.78978534e-01 
 4.03798500e-02  0.00000000e+00  4.22618595e-04  2.78134423e-01 
 4.03898500e-02  0.00000000e+00  4.18413435e-04  2.77292867e-01 
 4.03998500e-02  0.00000000e+00  4.14250117e-04  2.76453857e-01 
 4.04098500e-02  0.00000000e+00  4.10128225e-04  2.75617385e-01 
 4.04198500e-02  0.00000000e+00  4.06047348e-04  2.74783444e-01 
 4.04298500e-02  0.00000000e+00  4.02007075e-04  2.73952027e-01 
 4.04398500e-02  0.00000000e+00  3.98007005e-04  2.73123125e-01 
 4.04498500e-02  0.00000000e+00  3.94046736e-04  2.72296731e-01 
 4.04598500e-02  0.00000000e+00  3.90125873e-04  2.71472838e-01 
 4.04698500e-02  0.00000000e+00  3.86244024e-04  2.70651438e-01 
 4.04798500e-02  0.00000000e+00  3.82400800e-04  2.69832523e-01 
 4.04898500e-02  0.00000000e+00  3.78595817e-04  2.69016085e-01 
 4.04998500e-02  0.00000000e+00  3.74828694e-04  2.68202118e-01 
 4.05098500e-02  0.00000000e+00  3.71099055e-04  2.67390614e-01 
 4.05198500e-02  0.00000000e+00  3.67406527e-04  2.66581566e-01 
 4.05298500e-02  0.00000000e+00  3.63750741e-04  2.65774965e-01 
 4.05398500e-02  0.00000000e+00  3.60131331e-04  2.64970804e-01 
 4.05498500e-02  0.00000000e+00  3.56547934e-04  2.64169077e-01 
 4.05598500e-02  0.00000000e+00  3.53000194e-04  2.63369776e-01 
 4.05698500e-02  0.00000000e+00  3.49487754e-04  2.62572893e-01 
 4.05798500e-02  0.00000000e+00  3.46010264e-04  2.61778422e-01 
 4.05898500e-02  0.00000000e+00  3.42567376e-04  2.60986354e-01 
 4.05998500e-02  0.00000000e+00  3.39158745e-04  2.60196682e-01 
 4.06098500e-02  0.00000000e+00  3.35784031e-04  2.59409401e-01 
 4.06198500e-02  0.00000000e+00  3.32442897e-04  2.58624501e-01 
 4.06298500e-02  0.00000000e+00  3.29135007e-04  2.57841976e-01 
 4.06398500e-02  0.00000000e+00  3.25860032e-04  2.57061818e-01 
 4.06498500e-02  0.00000000e+00  3.22617643e-04  2.56284022e-01 
 4.06598500e-02  0.00000000e+00  3.19407518e-04  2.55508578e-01 
 4.06698500e-02  0.00000000e+00  3.16229333e-04  2.54735481e-01 
 4.06798500e-02  0.00000000e+00  3.13082773e-04  2.53964723e-01 
 4.06898500e-02  0.00000000e+00  3.09967521e-04  2.53196298e-01 
 4.06998500e-02  0.00000000e+00  3.06883267e-04  2.52430197e-01 
 4.07098500e-02  0.00000000e+00  3.03829703e-04  2.51666414e-01 
 4.07198500e-02  0.00000000e+00  3.00806521e-04  2.50904942e-01 
 4.07298500e-02  0.00000000e+00  2.97813422e-04  2.50145775e-01 
 4.07398500e-02  0.00000000e+00  2.94850104e-04  2.49388904e-01 
 4.07498500e-02  0.00000000e+00  2.91916272e-04  2.48634323e-01 
 4.07598500e-02  0.00000000e+00  2.89011633e-04  2.47882026e-01 
 4.07698500e-02  0.00000000e+00  2.86135895e-04  2.47132005e-01 
 4.07798500e-02  0.00000000e+00  2.83288772e-04  2.46384253e-01 
 4.07898500e-02  0.00000000e+00  2.80469978e-04  2.45638763e-01 
 4.07998500e-02  0.00000000e+00  2.77679232e-04  2.44895529e-01 
 4.08098500e-02  0.00000000e+00  2.74916255e-04  2.44154544e-01 
 4.08198500e-02  0.00000000e+00  2.72180769e-04  2.43415801e-01 
 4.08298500e-02  0.00000000e+00  2.69472503e-04  2.42679294e-01 
 4.08398500e-02  0.00000000e+00  2.66791185e-04  2.41945015e-01 
 4.08498500e-02  0.00000000e+00  2.64136546e-04  2.41212957e-01 
 4.08598500e-02  0.00000000e+00  2.61508322e-04  2.40483114e-01 
 4.08698500e-02  0.00000000e+00  2.58906249e-04  2.39755480e-01 
 4.08798500e-02  0.00000000e+00  2.56330067e-04  2.39030048e-01 
 4.08898500e-02  0.00000000e+00  2.53779519e-04  2.38306810e-01 
 4.08998500e-02  0.00000000e+00  2.51254350e-04  2.37585761e-01 
 4.09098500e-02  0.00000000e+00  2.48754307e-04  2.36866893e-01 
 4.09198500e-02  0.00000000e+00  2.46279139e-04  2.36150200e-01 
 4.09298500e-02  0.00000000e+00  2.43828601e-04  2.35435676e-01 
 4.09398500e-02  0.00000000e+00  2.41402445e-04  2.34723314e-01 
 4.09498500e-02  0.00000000e+00  2.39000431e-04  2.34013108e-01 
 4.09598500e-02  0.00000000e+00  2.36622317e-04  2.33305050e-01 
 4.09698500e-02  0.00000000e+00  2.34267866e-04  2.32599134e-01 
 4.09798500e-02  0.00000000e+00  2.31936843e-04  2.31895355e-01 
 4.09898500e-02  0.00000000e+00  2.29629014e-04  2.31193705e-01 
 4.09949250e-02  0.00000000e+00  2.28466596e-04  2.30838430e-01 
 4.10000000e-02  0.00000000e+00  2.27310063e-04  2.30483701e-01 
 4.10001000e-02  5.00000000e-01  2.77282334e-04  2.30491868e-01 
 4.10003000e-02  1.50000000e+00  4.77206886e-04  2.30538504e-01 
 4.10006500e-02  3.25000000e+00  1.30814445e-03  2.30765934e-01 
 4.10010000e-02  5.00000000e+00  2.75118407e-03  2.31178937e-01 
 4.10010495e-02  5.00000000e+00  2.99855444e-03  2.31250474e-01 
 4.10011485e-02  5.00000000e+00  3.49327069e-03  2.31393545e-01 
 4.10013465e-02  5.00000000e+00  4.48255626e-03  2.31679675e-01 
 4.10017426e-02  5.00000000e+00  6.46053984e-03  2.32251882e-01 
 4.10025346e-02  5.00000000e+00  1.04141579e-02  2.33396092e-01 
 4.10041187e-02  5.00000000e+00  1.83120070e-02  2.35683686e-01 
 4.10072870e-02  5.00000000e+00  3.40702310e-02  2.40255583e-01 
 4.10136235e-02  5.00000000e+00  6.54373746e-02  2.49386221e-01 
 4.10236235e-02  5.00000000e+00  1.14537500e-01  2.63760241e-01 
 4.10336235e-02  5.00000000e+00  1.63149067e-01  2.78090770e-01 
 4.10436235e-02  5.00000000e+00  2.11276937e-01  2.92377938e-01 
 4.10536235e-02  5.00000000e+00  2.58925923e-01  3.06621878e-01 
 4.10636235e-02  5.00000000e+00  3.06100789e-01  3.20822720e-01 
 4.10736235e-02  5.00000000e+00  3.52806254e-01  3.34980593e-01 
 4.10836235e-02  5.00000000e+00  3.99046988e-01  3.49095629e-01 
 4.10936235e-02  5.00000000e+00  4.44827615e-01  3.63167957e-01 
 4.11036235e-02  5.00000000e+00  4.90152713e-01  3.77197706e-01 
 4.11136235e-02  5.00000000e+00  5.35026816e-01  3.91185005e-01 
 4.11236235e-02  5.00000000e+00  5.79454410e-01  4.05129983e-01 
 4.11336235e-02  5.00000000e+00  6.23439938e-01  4.19032766e-01 
 4.11436235e-02  5.00000000e+00  6.66987799e-01  4.32893484e-01 
 4.11536235e-02  5.00000000e+00  7.10102348e-01  4.46712263e-01 
 4.11636235e-02  5.00000000e+00  7.52787897e-01  4.60489231e-01 
 4.11736235e-02  5.00000000e+00  7.95048714e-01  4.74224513e-01 
 4.11836235e-02  5.00000000e+00  8.36889025e-01  4.87918236e-01 
 4.11936235e-02  5.00000000e+00  8.78313015e-01  5.01570526e-01 
 4.12036235e-02  5.00000000e+00  9.19324826e-01  5.15181507e-01 
 4.12136235e-02  5.00000000e+00  9.59928559e-01  5.28751306e-01 
 4.12236235e-02  5.00000000e+00  1.00012827e+00  5.42280047e-01 
 4.12336235e-02  5.00000000e+00  1.03992799e+00  5.55767853e-01 
 4.12436235e-02  5.00000000e+00  1.07933170e+00  5.69214849e-01 
 4.12536235e-02  5.00000000e+00  1.11834332e+00  5.82621158e-01 
 4.12636235e-02  5.00000000e+00  1.15696677e+00  5.95986903e-01 
 4.12736235e-02  5.00000000e+00  1.19520591e+00  6.09312208e-01 
 4.12836235e-02  5.00000000e+00  1.23306455e+00  6.22597193e-01 
 4.12936235e-02  5.00000000e+00  1.27054650e+00  6.35841982e-01 
 4.13036235e-02  5.00000000e+00  1.30765549e+00  6.49046697e-01 
 4.13136235e-02  5.00000000e+00  1.34439524e+00  6.62211457e-01 
 4.13236235e-02  5.00000000e+00  1.38076941e+00  6.75336384e-01 
 4.13336235e-02  5.00000000e+00  1.41678166e+00  6.88421600e-01 
 4.13436235e-02  5.00000000e+00  1.45243557e+00  7.01467223e-01 
 4.13536235e-02  5.00000000e+00  1.48773472e+00  7.14473373e-01 
 4.13636235e-02  5.00000000e+00  1.52268263e+00  7.27440171e-01 
 4.13736235e-02  5.00000000e+00  1.55728281e+00  7.40367735e-01 
 4.13836235e-02  5.00000000e+00  1.59153870e+00  7.53256183e-01 
 4.13936235e-02  5.00000000e+00  1.62545374e+00  7.66105635e-01 
 4.14036235e-02  5.00000000e+00  1.65903131e+00  7.78916208e-01 
 4.14136235e-02  5.00000000e+00  1.69227478e+00  7.91688020e-01 
 4.14236235e-02  5.00000000e+00  1.72518747e+00  8.04421188e-01 
 4.14336235e-02  5.00000000e+00  1.75777267e+00  8.17115829e-01 
 4.14436235e-02  5.00000000e+00  1.79003364e+00  8.29772059e-01 
 4.14536235e-02  5.00000000e+00  1.82197360e+00  8.42389995e-01 
 4.14636235e-02  5.00000000e+00  1.85359575e+00  8.54969753e-01 
 4.14736235e-02  5.00000000e+00  1.88490326e+00  8.67511448e-01 
 4.14836235e-02  5.00000000e+00  1.91589925e+00  8.80015196e-01 
 4.14936235e-02  5.00000000e+00  1.94658682e+00  8.92481111e-01 
 4.15036235e-02  5.00000000e+00  1.97696904e+00  9.04909307e-01 
 4.15136235e-02  5.00000000e+00  2.00704895e+00  9.17299899e-01 
 4.15236235e-02  5.00000000e+00  2.03682955e+00  9.29653001e-01 
 4.15336235e-02  5.00000000e+00  2.06631384e+00  9.41968725e-01 
 4.15436235e-02  5.00000000e+00  2.09550474e+00  9.54247186e-01 
 4.15536235e-02  5.00000000e+00  2.12440519e+00  9.66488496e-01 
 4.15636235e-02  5.00000000e+00  2.15301808e+00  9.78692767e-01 
 4.15736235e-02  5.00000000e+00  2.18134626e+00  9.90860111e-01 
 4.15836235e-02  5.00000000e+00  2.20939256e+00  1.00299064e+00 
 4.15936235e-02  5.00000000e+00  2.23715980e+00  1.01508447e+00 
 4.16036235e-02  5.00000000e+00  2.26465075e+00  1.02714170e+00 
 4.16136235e-02  5.00000000e+00  2.29186815e+00  1.03916245e+00 
 4.16236235e-02  5.00000000e+00  2.31881474e+00  1.05114683e+00 
 4.16336235e-02  5.00000000e+00  2.34549320e+00  1.06309495e+00 
 4.16436235e-02  5.00000000e+00  2.37190620e+00  1.07500692e+00 
 4.16536235e-02  5.00000000e+00  2.39805639e+00  1.08688284e+00 
 4.16636235e-02  5.00000000e+00  2.42394638e+00  1.09872283e+00 
 4.16736235e-02  5.00000000e+00  2.44957875e+00  1.11052700e+00 
 4.16836235e-02  5.00000000e+00  2.47495608e+00  1.12229545e+00 
 4.16936235e-02  5.00000000e+00  2.50008089e+00  1.13402829e+00 
 4.17036235e-02  5.00000000e+00  2.52495571e+00  1.14572563e+00 
 4.17136235e-02  5.00000000e+00  2.54958301e+00  1.15738758e+00 
 4.17236235e-02  5.00000000e+00  2.57396527e+00  1.16901425e+00 
 4.17336235e-02  5.00000000e+00  2.59810492e+00  1.18060573e+00 
 4.17436235e-02  5.00000000e+00  2.62200438e+00  1.19216214e+00 
 4.17536235e-02  5.00000000e+00  2.64566602e+00  1.20368359e+00 
 4.17636235e-02  5.00000000e+00  2.66909223e+00  1.21517018e+00 
 4.17736235e-02  5.00000000e+00  2.69228534e+00  1.22662201e+00 
 4.17836235e-02  5.00000000e+00  2.71524768e+00  1.23803919e+00 
 4.17936235e-02  5.00000000e+00  2.73798153e+00  1.24942182e+00 
 4.18036235e-02  5.00000000e+00  2.76048918e+00  1.26077002e+00 
 4.18136235e-02  5.00000000e+00  2.78277287e+00  1.27208387e+00 
 4.18236235e-02  5.00000000e+00  2.80483483e+00  1.28336350e+00 
 4.18336235e-02  5.00000000e+00  2.82667727e+00  1.29460899e+00 
 4.18436235e-02  5.00000000e+00  2.84830237e+00  1.30582046e+00 
 4.18536235e-02  5.00000000e+00  2.86971230e+00  1.31699801e+00 
 4.18636235e-02  5.00000000e+00  2.89090919e+00  1.32814174e+00 
 4.18736235e-02  5.00000000e+00  2.91189517e+00  1.33925175e+00 
 4.18836235e-02  5.00000000e+00  2.93267233e+00  1.35032814e+00 
 4.18936235e-02  5.00000000e+00  2.95324276e+00  1.36137102e+00 
 4.19036235e-02  5.00000000e+00  2.97360850e+00  1.37238049e+00 
 4.19136235e-02  5.00000000e+00  2.99377160e+00  1.38335665e+00 
 4.19236235e-02  5.00000000e+00  3.01373407e+00  1.39429959e+00 
 4.19336235e-02  5.00000000e+00  3.03349791e+00  1.40520943e+00 
 4.19436235e-02  5.00000000e+00  3.05306510e+00  1.41608625e+00 
 4.19536235e-02  5.00000000e+00  3.07243758e+00  1.42693017e+00 
 4.19636235e-02  5.00000000e+00  3.09161731e+00  1.43774127e+00 
 4.19736235e-02  5.00000000e+00  3.11060619e+00  1.44851966e+00 
 4.19836235e-02  5.00000000e+00  3.12940613e+00  1.45926544e+00 
 4.19936235e-02  5.00000000e+00  3.14801900e+00  1.46997871e+00 
 4.20036235e-02  5.00000000e+00  3.16644668e+00  1.48065956e+00 
 4.20136235e-02  5.00000000e+00  3.18469099e+00  1.49130809e+00 
 4.20236235e-02  5.00000000e+00  3.20275376e+00  1.50192441e+00 
 4.20336235e-02  5.00000000e+00  3.22063681e+00  1.51250860e+00 
 4.20436235e-02  5.00000000e+00  3.23834192e+00  1.52306077e+00 
 4.20536235e-02  5.00000000e+00  3.25587085e+00  1.53358101e+00 
 4.20636235e-02  5.00000000e+00  3.27322537e+00  1.54406942e+00 
 4.20736235e-02  5.00000000e+00  3.29040721e+00  1.55452609e+00 
 4.20836235e-02  5.00000000e+00  3.30741808e+00  1.56495113e+00 
 4.20936235e-02  5.00000000e+00  3.32425969e+00  1.57534462e+00 
 4.21036235e-02  5.00000000e+00  3.34093373e+00  1.58570666e+00 
 4.21136235e-02  5.00000000e+00  3.35744185e+00  1.59603735e+00 
 4.21236235e-02  5.00000000e+00  3.37378571e+00  1.60633678e+00 
 4.21336235e-02  5.00000000e+00  3.38996695e+00  1.61660505e+00 
 4.21436235e-02  5.00000000e+00  3.40598718e+00  1.62684225e+00 
 4.21536235e-02  5.00000000e+00  3.42184800e+00  1.63704848e+00 
 4.21636235e-02  5.00000000e+00  3.43755101e+00  1.64722383e+00 
 4.21736235e-02  5.00000000e+00  3.45309776e+00  1.65736838e+00 
 4.21836235e-02  5.00000000e+00  3.46848982e+00  1.66748225e+00 
 4.21936235e-02  5.00000000e+00  3.48372873e+00  1.67756551e+00 
 4.22036235e-02  5.00000000e+00  3.49881601e+00  1.68761826e+00 
 4.22136235e-02  5.00000000e+00  3.51375316e+00  1.69764059e+00 
 4.22236235e-02  5.00000000e+00  3.52854169e+00  1.70763260e+00 
 4.22336235e-02  5.00000000e+00  3.54318306e+00  1.71759438e+00 
 4.22436235e-02  5.00000000e+00  3.55767875e+00  1.72752602e+00 
 4.22536235e-02  5.00000000e+00  3.57203021e+00  1.73742760e+00 
 4.22636235e-02  5.00000000e+00  3.58623886e+00  1.74729923e+00 
 4.22736235e-02  5.00000000e+00  3.60030614e+00  1.75714099e+00 
 4.22836235e-02  5.00000000e+00  3.61423344e+00  1.76695296e+00 
 4.22936235e-02  5.00000000e+00  3.62802216e+00  1.77673526e+00 
 4.23036235e-02  5.00000000e+00  3.64167368e+00  1.78648795e+00 
 4.23136235e-02  5.00000000e+00  3.65518937e+00  1.79621113e+00 
 4.23236235e-02  5.00000000e+00  3.66857057e+00  1.80590489e+00 
 4.23336235e-02  5.00000000e+00  3.68181862e+00  1.81556933e+00 
 4.23436235e-02  5.00000000e+00  3.69493486e+00  1.82520452e+00 
 4.23536235e-02  5.00000000e+00  3.70792058e+00  1.83481056e+00 
 4.23636235e-02  5.00000000e+00  3.72077709e+00  1.84438753e+00 
 4.23736235e-02  5.00000000e+00  3.73350568e+00  1.85393552e+00 
 4.23836235e-02  5.00000000e+00  3.74610761e+00  1.86345463e+00 
 4.23936235e-02  5.00000000e+00  3.75858415e+00  1.87294493e+00 
 4.24036235e-02  5.00000000e+00  3.77093655e+00  1.88240652e+00 
 4.24136235e-02  5.00000000e+00  3.78316603e+00  1.89183948e+00 
 4.24236235e-02  5.00000000e+00  3.79527384e+00  1.90124390e+00 
 4.24336235e-02  5.00000000e+00  3.80726116e+00  1.91061987e+00 
 4.24436235e-02  5.00000000e+00  3.81912921e+00  1.91996746e+00 
 4.24536235e-02  5.00000000e+00  3.83087917e+00  1.92928677e+00 
 4.24636235e-02  5.00000000e+00  3.84251221e+00  1.93857789e+00 
 4.24736235e-02  5.00000000e+00  3.85402950e+00  1.94784089e+00 
 4.24836235e-02  5.00000000e+00  3.86543219e+00  1.95707586e+00 
 4.24936235e-02  5.00000000e+00  3.87672142e+00  1.96628290e+00 
 4.25036235e-02  5.00000000e+00  3.88789833e+00  1.97546207e+00 
 4.25136235e-02  5.00000000e+00  3.89896401e+00  1.98461347e+00 
 4.25236235e-02  5.00000000e+00  3.90991960e+00  1.99373718e+00 
 4.25336235e-02  5.00000000e+00  3.92076617e+00  2.00283329e+00 
 4.25436235e-02  5.00000000e+00  3.93150481e+00  2.01190187e+00 
 4.25536235e-02  5.00000000e+00  3.94213661e+00  2.02094301e+00 
 4.25636235e-02  5.00000000e+00  3.95266261e+00  2.02995680e+00 
 4.25736235e-02  5.00000000e+00  3.96308388e+00  2.03894332e+00 
 4.25836235e-02  5.00000000e+00  3.97340145e+00  2.04790264e+00 
 4.25936235e-02  5.00000000e+00  3.98361636e+00  2.05683486e+00 
 4.26036235e-02  5.00000000e+00  3.99372963e+00  2.06574005e+00 
 4.26136235e-02  5.00000000e+00  4.00374227e+00  2.07461829e+00 
 4.26236235e-02  5.00000000e+00  4.01365528e+00  2.08346967e+00 
 4.26336235e-02  5.00000000e+00  4.02346966e+00  2.09229427e+00 
 4.26436235e-02  5.00000000e+00  4.03318638e+00  2.10109217e+00 
 4.26536235e-02  5.00000000e+00  4.04280642e+00  2.10986345e+00 
 4.26636235e-02  5.00000000e+00  4.05233073e+00  2.11860819e+00 
 4.26736235e-02  5.00000000e+00  4.06176027e+00  2.12732647e+00 
 4.26836235e-02  5.00000000e+00  4.07109599e+00  2.13601838e+00 
 4.26936235e-02  5.00000000e+00  4.08033882e+00  2.14468398e+00 
 4.27036235e-02  5.00000000e+00  4.08948968e+00  2.15332336e+00 
 4.27136235e-02  5.00000000e+00  4.09854948e+00  2.16193660e+00 
 4.27236235e-02  5.00000000e+00  4.10751914e+00  2.17052378e+00 
 4.27336235e-02  5.00000000e+00  4.11639954e+00  2.17908498e+00 
 4.27436235e-02  5.00000000e+00  4.12519159e+00  2.18762028e+00 
 4.27536235e-02  5.00000000e+00  4.13389615e+00  2.19612975e+00 
 4.27636235e-02  5.00000000e+00  4.14251410e+00  2.20461347e+00 
 4.27736235e-02  5.00000000e+00  4.15104630e+00  2.21307152e+00 
 4.27836235e-02  5.00000000e+00  4.15949360e+00  2.22150398e+00 
 4.27936235e-02  5.00000000e+00  4.16785684e+00  2.22991093e+00 
 4.28036235e-02  5.00000000e+00  4.17613688e+00  2.23829244e+00 
 4.28136235e-02  5.00000000e+00  4.18433452e+00  2.24664859e+00 
 4.28236235e-02  5.00000000e+00  4.19245059e+00  2.25497946e+00 
 4.28336235e-02  5.00000000e+00  4.20048591e+00  2.26328512e+00 
 4.28436235e-02  5.00000000e+00  4.20844128e+00  2.27156565e+00 
 4.28536235e-02  5.00000000e+00  4.21631748e+00  2.27982112e+00 
 4.28636235e-02  5.00000000e+00  4.22411532e+00  2.28805162e+00 
 4.28736235e-02  5.00000000e+00  4.23183556e+00  2.29625721e+00 
 4.28836235e-02  5.00000000e+00  4.23947899e+00  2.30443798e+00 
 4.28936235e-02  5.00000000e+00  4.24704636e+00  2.31259399e+00 
 4.29036235e-02  5.00000000e+00  4.25453844e+00  2.32072532e+00 
 4.29136235e-02  5.00000000e+00  4.26195597e+00  2.32883205e+00 
 4.29236235e-02  5.00000000e+00  4.26929969e+00  2.33691426e+00 
 4.29336235e-02  5.00000000e+00  4.27657034e+00  2.34497200e+00 
 4.29436235e-02  5.00000000e+00  4.28376864e+00  2.35300537e+00 
 4.29536235e-02  5.00000000e+00  4.29089532e+00  2.36101443e+00 
 4.29636235e-02  5.00000000e+00  4.29795109e+00  2.36899926e+00 
 4.29736235e-02  5.00000000e+00  4.30493665e+00  2.37695993e+00 
 4.29836235e-02  5.00000000e+00  4.31185271e+00  2.38489651e+00 
 4.29936235e-02  5.00000000e+00  4.31869994e+00  2.39280908e+00 
 4.30036235e-02  5.00000000e+00  4.32547905e+00  2.40069770e+00 
 4.30136235e-02  5.00000000e+00  4.33219070e+00  2.40856246e+00 
 4.30236235e-02  5.00000000e+00  4.33883557e+00  2.41640342e+00 
 4.30336235e-02  5.00000000e+00  4.34541432e+00  2.42422066e+00 
 4.30436235e-02  5.00000000e+00  4.35192761e+00  2.43201424e+00 
 4.30536235e-02  5.00000000e+00  4.35837609e+00  2.43978424e+00 
 4.30636235e-02  5.00000000e+00  4.36476041e+00  2.44753073e+00 
 4.30736235e-02  5.00000000e+00  4.37108120e+00  2.45525379e+00 
 4.30836235e-02  5.00000000e+00  4.37733910e+00  2.46295347e+00 
 4.30936235e-02  5.00000000e+00  4.38353473e+00  2.47062986e+00 
 4.31036235e-02  5.00000000e+00  4.38966871e+00  2.47828303e+00 
 4.31136235e-02  5.00000000e+00  4.39574166e+00  2.48591303e+00 
 4.31236235e-02  5.00000000e+00  4.40175418e+00  2.49351995e+00 
 4.31336235e-02  5.00000000e+00  4.40770688e+00  2.50110385e+00 
 4.31436235e-02  5.00000000e+00  4.41360034e+00  2.50866481e+00 
 4.31536235e-02  5.00000000e+00  4.41943516e+00  2.51620289e+00 
 4.31636235e-02  5.00000000e+00  4.42521193e+00  2.52371816e+00 
 4.31736235e-02  5.00000000e+00  4.43093121e+00  2.53121069e+00 
 4.31836235e-02  5.00000000e+00  4.43659359e+00  2.53868056e+00 
 4.31936235e-02  5.00000000e+00  4.44219962e+00  2.54612782e+00 
 4.32036235e-02  5.00000000e+00  4.44774987e+00  2.55355254e+00 
 4.32136235e-02  5.00000000e+00  4.45324490e+00  2.56095480e+00 
 4.32236235e-02  5.00000000e+00  4.45868525e+00  2.56833467e+00 
 4.32336235e-02  5.00000000e+00  4.46407147e+00  2.57569220e+00 
 4.32436235e-02  5.00000000e+00  4.46940409e+00  2.58302748e+00 
 4.32536235e-02  5.00000000e+00  4.47468365e+00  2.59034056e+00 
 4.32636235e-02  5.00000000e+00  4.47991068e+00  2.59763151e+00 
 4.32736235e-02  5.00000000e+00  4.48508570e+00  2.60490040e+00 
 4.32836235e-02  5.00000000e+00  4.49020922e+00  2.61214730e+00 
 4.32936235e-02  5.00000000e+00  4.49528177e+00  2.61937227e+00 
 4.33036235e-02  5.00000000e+00  4.50030384e+00  2.62657538e+00 
 4.33136235e-02  5.00000000e+00  4.50527594e+00  2.63375669e+00 
 4.33236235e-02  5.00000000e+00  4.51019857e+00  2.64091628e+00 
 4.33336235e-02  5.00000000e+00  4.51507221e+00  2.64805420e+00 
 4.33436235e-02  5.00000000e+00  4.51989737e+00  2.65517053e+00 
 4.33536235e-02  5.00000000e+00  4.52467451e+00  2.66226532e+00 
 4.33636235e-02  5.00000000e+00  4.52940411e+00  2.66933865e+00 
 4.33736235e-02  5.00000000e+00  4.53408666e+00  2.67639057e+00 
 4.33836235e-02  5.00000000e+00  4.53872261e+00  2.68342116e+00 
 4.33936235e-02  5.00000000e+00  4.54331244e+00  2.69043048e+00 
 4.34036235e-02  5.00000000e+00  4.54785659e+00  2.69741858e+00 
 4.34136235e-02  5.00000000e+00  4.55235553e+00  2.70438555e+00 
 4.34236235e-02  5.00000000e+00  4.55680971e+00  2.71133143e+00 
 4.34336235e-02  5.00000000e+00  4.56121956e+00  2.71825630e+00 
 4.34436235e-02  5.00000000e+00  4.56558553e+00  2.72516021e+00 
 4.34536235e-02  5.00000000e+00  4.56990807e+00  2.73204324e+00 
 4.34636235e-02  5.00000000e+00  4.57418759e+00  2.73890544e+00 
 4.34736235e-02  5.00000000e+00  4.57842453e+00  2.74574687e+00 
 4.34836235e-02  5.00000000e+00  4.58261931e+00  2.75256761e+00 
 4.34936235e-02  5.00000000e+00  4.58677235e+00  2.75936771e+00 
 4.35036235e-02  5.00000000e+00  4.59088407e+00  2.76614723e+00 
 4.35136235e-02  5.00000000e+00  4.59495487e+00  2.77290624e+00 
 4.35236235e-02  5.00000000e+00  4.59898517e+00  2.77964480e+00 
 4.35336235e-02  5.00000000e+00  4.60297537e+00  2.78636297e+00 
 4.35436235e-02  5.00000000e+00  4.60692586e+00  2.79306081e+00 
 4.35536235e-02  5.00000000e+00  4.61083705e+00  2.79973839e+00 
 4.35636235e-02  5.00000000e+00  4.61470932e+00  2.80639576e+00 
 4.35736235e-02  5.00000000e+00  4.61854305e+00  2.81303299e+00 
 4.35836235e-02  5.00000000e+00  4.62233865e+00  2.81965014e+00 
 4.35936235e-02  5.00000000e+00  4.62609647e+00  2.82624726e+00 
 4.36036235e-02  5.00000000e+00  4.62981690e+00  2.83282443e+00 
 4.36136235e-02  5.00000000e+00  4.63350032e+00  2.83938169e+00 
 4.36236235e-02  5.00000000e+00  4.63714708e+00  2.84591911e+00 
 4.36336235e-02  5.00000000e+00  4.64075756e+00  2.85243676e+00 
 4.36436235e-02  5.00000000e+00  4.64433211e+00  2.85893468e+00 
 4.36536235e-02  5.00000000e+00  4.64787109e+00  2.86541294e+00 
 4.36636235e-02  5.00000000e+00  4.65137486e+00  2.87187160e+00 
 4.36736235e-02  5.00000000e+00  4.65484377e+00  2.87831072e+00 
 4.36836235e-02  5.00000000e+00  4.65827816e+00  2.88473035e+00 
 4.36936235e-02  5.00000000e+00  4.66167838e+00  2.89113056e+00 
 4.37036235e-02  5.00000000e+00  4.66504476e+00  2.89751141e+00 
 4.37136235e-02  5.00000000e+00  4.66837765e+00  2.90387295e+00 
 4.37236235e-02  5.00000000e+00  4.67167738e+00  2.91021524e+00 
 4.37336235e-02  5.00000000e+00  4.67494427e+00  2.91653834e+00 
 4.37436235e-02  5.00000000e+00  4.67817865e+00  2.92284231e+00 
 4.37536235e-02  5.00000000e+00  4.68138085e+00  2.92912720e+00 
 4.37636235e-02  5.00000000e+00  4.68455119e+00  2.93539308e+00 
 4.37736235e-02  5.00000000e+00  4.68768999e+00  2.94164000e+00 
 4.37836235e-02  5.00000000e+00  4.69079755e+00  2.94786802e+00 
 4.37936235e-02  5.00000000e+00  4.69387419e+00  2.95407719e+00 
 4.38036235e-02  5.00000000e+00  4.69692022e+00  2.96026758e+00 
 4.38136235e-02  5.00000000e+00  4.69993594e+00  2.96643923e+00 
 4.38236235e-02  5.00000000e+00  4.70292165e+00  2.97259222e+00 
 4.38336235e-02  5.00000000e+00  4.70587765e+00  2.97872658e+00 
 4.38436235e-02  5.00000000e+00  4.70880425e+00  2.98484239e+00 
 4.38536235e-02  5.00000000e+00  4.71170172e+00  2.99093969e+00 
 4.38636235e-02  5.00000000e+00  4.71457036e+00  2.99701854e+00 
 4.38736235e-02  5.00000000e+00  4.71741045e+00  3.00307900e+00 
 4.38836235e-02  5.00000000e+00  4.72022229e+00  3.00912112e+00 
 4.38936235e-02  5.00000000e+00  4.72300615e+00  3.01514496e+00 
 4.39036235e-02  5.00000000e+00  4.72576230e+00  3.02115057e+00 
 4.39136235e-02  5.00000000e+00  4.72849104e+00  3.02713801e+00 
 4.39236235e-02  5.00000000e+00  4.73119262e+00  3.03310734e+00 
 4.39336235e-02  5.00000000e+00  4.73386732e+00  3.03905860e+00 
 4.39436235e-02  5.00000000e+00  4.73651540e+00  3.04499186e+00 
 4.39536235e-02  5.00000000e+00  4.73913714e+00  3.05090716e+00 
 4.39636235e-02  5.00000000e+00  4.74173279e+00  3.05680457e+00 
 4.39736235e-02  5.00000000e+00  4.74430262e+00  3.06268413e+00 
 4.39836235e-02  5.00000000e+00  4.74684687e+00  3.06854590e+00 
 4.39936235e-02  5.00000000e+00  4.74936580e+00  3.07438994e+00 
 4.40036235e-02  5.00000000e+00  4.75185968e+00  3.08021629e+00 
 4.40136235e-02  5.00000000e+00  4.75432874e+00  3.08602502e+00 
 4.40236235e-02  5.00000000e+00  4.75677323e+00  3.09181617e+00 
 4.40336235e-02  5.00000000e+00  4.75919339e+00  3.09758980e+00 
 4.40436235e-02  5.00000000e+00  4.76158948e+00  3.10334595e+00 
 4.40536235e-02  5.00000000e+00  4.76396172e+00  3.10908469e+00 
 4.40636235e-02  5.00000000e+00  4.76631036e+00  3.11480607e+00 
 4.40736235e-02  5.00000000e+00  4.76863563e+00  3.12051014e+00 
 4.40836235e-02  5.00000000e+00  4.77093776e+00  3.12619695e+00 
 4.40936235e-02  5.00000000e+00  4.77321699e+00  3.13186655e+00 
 4.41036235e-02  5.00000000e+00  4.77547354e+00  3.13751899e+00 
 4.41136235e-02  5.00000000e+00  4.77770763e+00  3.14315434e+00 
 4.41236235e-02  5.00000000e+00  4.77991950e+00  3.14877263e+00 
 4.41336235e-02  5.00000000e+00  4.78210935e+00  3.15437392e+00 
 4.41436235e-02  5.00000000e+00  4.78427742e+00  3.15995827e+00 
 4.41536235e-02  5.00000000e+00  4.78642391e+00  3.16552572e+00 
 4.41636235e-02  5.00000000e+00  4.78854905e+00  3.17107632e+00 
 4.41736235e-02  5.00000000e+00  4.79065304e+00  3.17661013e+00 
 4.41836235e-02  5.00000000e+00  4.79273609e+00  3.18212719e+00 
 4.41936235e-02  5.00000000e+00  4.79479842e+00  3.18762756e+00 
 4.42036235e-02  5.00000000e+00  4.79684023e+00  3.19311129e+00 
 4.42136235e-02  5.00000000e+00  4.79886172e+00  3.19857843e+00 
 4.42236235e-02  5.00000000e+00  4.80086309e+00  3.20402902e+00 
 4.42336235e-02  5.00000000e+00  4.80284455e+00  3.20946313e+00 
 4.42436235e-02  5.00000000e+00  4.80480630e+00  3.21488079e+00 
 4.42536235e-02  5.00000000e+00  4.80674852e+00  3.22028206e+00 
 4.42636235e-02  5.00000000e+00  4.80867143e+00  3.22566698e+00 
 4.42736235e-02  5.00000000e+00  4.81057519e+00  3.23103561e+00 
 4.42836235e-02  5.00000000e+00  4.81246002e+00  3.23638800e+00 
 4.42936235e-02  5.00000000e+00  4.81432609e+00  3.24172420e+00 
 4.43036235e-02  5.00000000e+00  4.81617359e+00  3.24704424e+00 
 4.43136235e-02  5.00000000e+00  4.81800271e+00  3.25234819e+00 
 4.43236235e-02  5.00000000e+00  4.81981362e+00  3.25763610e+00 
 4.43336235e-02  5.00000000e+00  4.82160652e+00  3.26290800e+00 
 4.43436235e-02  5.00000000e+00  4.82338158e+00  3.26816395e+00 
 4.43536235e-02  5.00000000e+00  4.82513898e+00  3.27340400e+00 
 4.43636235e-02  5.00000000e+00  4.82687889e+00  3.27862819e+00 
 4.43736235e-02  5.00000000e+00  4.82860149e+00  3.28383658e+00 
 4.43836235e-02  5.00000000e+00  4.83030695e+00  3.28902921e+00 
 4.43936235e-02  5.00000000e+00  4.83199543e+00  3.29420612e+00 
 4.44036235e-02  5.00000000e+00  4.83366712e+00  3.29936738e+00 
 4.44136235e-02  5.00000000e+00  4.83532218e+00  3.30451301e+00 
 4.44236235e-02  5.00000000e+00  4.83696076e+00  3.30964308e+00 
 4.44336235e-02  5.00000000e+00  4.83858304e+00  3.31475762e+00 
 4.44436235e-02  5.00000000e+00  4.84018918e+00  3.31985669e+00 
 4.44536235e-02  5.00000000e+00  4.84177934e+00  3.32494033e+00 
 4.44636235e-02  5.00000000e+00  4.84335367e+00  3.33000859e+00 
 4.44736235e-02  5.00000000e+00  4.84491234e+00  3.33506152e+00 
 4.44836235e-02  5.00000000e+00  4.84645550e+00  3.34009915e+00 
 4.44936235e-02  5.00000000e+00  4.84798331e+00  3.34512155e+00 
 4.45036235e-02  5.00000000e+00  4.84949591e+00  3.35012874e+00 
 4.45136235e-02  5.00000000e+00  4.85099347e+00  3.35512079e+00 
 4.45236235e-02  5.00000000e+00  4.85247612e+00  3.36009773e+00 
 4.45336235e-02  5.00000000e+00  4.85394402e+00  3.36505961e+00 
 4.45436235e-02  5.00000000e+00  4.85539731e+00  3.37000648e+00 
 4.45536235e-02  5.00000000e+00  4.85683614e+00  3.37493838e+00 
 4.45636235e-02  5.00000000e+00  4.85826066e+00  3.37985536e+00 
 4.45736235e-02  5.00000000e+00  4.85967100e+00  3.38475746e+00 
 4.45836235e-02  5.00000000e+00  4.86106731e+00  3.38964473e+00 
 4.45936235e-02  5.00000000e+00  4.86244972e+00  3.39451722e+00 
 4.46036235e-02  5.00000000e+00  4.86381838e+00  3.39937496e+00 
 4.46136235e-02  5.00000000e+00  4.86517343e+00  3.40421800e+00 
 4.46236235e-02  5.00000000e+00  4.86651498e+00  3.40904638e+00 
 4.46336235e-02  5.00000000e+00  4.86784319e+00  3.41386016e+00 
 4.46436235e-02  5.00000000e+00  4.86915819e+00  3.41865937e+00 
 4.46536235e-02  5.00000000e+00  4.87046009e+00  3.42344407e+00 
 4.46636235e-02  5.00000000e+00  4.87174905e+00  3.42821428e+00 
 4.46736235e-02  5.00000000e+00  4.87302518e+00  3.43297006e+00 
 4.46836235e-02  5.00000000e+00  4.87428861e+00  3.43771145e+00 
 4.46936235e-02  5.00000000e+00  4.87553947e+00  3.44243850e+00 
 4.47036235e-02  5.00000000e+00  4.87677788e+00  3.44715124e+00 
 4.47136235e-02  5.00000000e+00  4.87800397e+00  3.45184973e+00 
 4.47236235e-02  5.00000000e+00  4.87921786e+00  3.45653399e+00 
 4.47336235e-02  5.00000000e+00  4.88041968e+00  3.46120409e+00 
 4.47436235e-02  5.00000000e+00  4.88160953e+00  3.46586005e+00 
 4.47536235e-02  5.00000000e+00  4.88278754e+00  3.47050193e+00 
 4.47636235e-02  5.00000000e+00  4.88395384e+00  3.47512976e+00 
 4.47736235e-02  5.00000000e+00  4.88510853e+00  3.47974358e+00 
 4.47836235e-02  5.00000000e+00  4.88625172e+00  3.48434345e+00 
 4.47936235e-02  5.00000000e+00  4.88738355e+00  3.48892940e+00 
 4.48036235e-02  5.00000000e+00  4.88850411e+00  3.49350148e+00 
 4.48136235e-02  5.00000000e+00  4.88961352e+00  3.49805972e+00 
 4.48236235e-02  5.00000000e+00  4.89071189e+00  3.50260417e+00 
 4.48336235e-02  5.00000000e+00  4.89179934e+00  3.50713486e+00 
 4.48436235e-02  5.00000000e+00  4.89287596e+00  3.51165185e+00 
 4.48536235e-02  5.00000000e+00  4.89394187e+00  3.51615518e+00 
 4.48636235e-02  5.00000000e+00  4.89499718e+00  3.52064487e+00 
 4.48736235e-02  5.00000000e+00  4.89604198e+00  3.52512099e+00 
 4.48836235e-02  5.00000000e+00  4.89707639e+00  3.52958356e+00 
 4.48936235e-02  5.00000000e+00  4.89810050e+00  3.53403262e+00 
 4.49036235e-02  5.00000000e+00  4.89911443e+00  3.53846823e+00 
 4.49136235e-02  5.00000000e+00  4.90011827e+00  3.54289041e+00 
 4.49236235e-02  5.00000000e+00  4.90111211e+00  3.54729921e+00 
 4.49336235e-02  5.00000000e+00  4.90209607e+00  3.55169468e+00 
 4.49436235e-02  5.00000000e+00  4.90307024e+00  3.55607684e+00 
 4.49536235e-02  5.00000000e+00  4.90403472e+00  3.56044575e+00 
 4.49636235e-02  5.00000000e+00  4.90498960e+00  3.56480143e+00 
 4.49736235e-02  5.00000000e+00  4.90593497e+00  3.56914394e+00 
 4.49836235e-02  5.00000000e+00  4.90687094e+00  3.57347331e+00 
 4.49918117e-02  5.00000000e+00  4.90763040e+00  3.57700855e+00 
 4.50000000e-02  5.00000000e+00  4.90838366e+00  3.58053504e+00 
